============================================================
Step1. Federated Learning Settings 
 We use dataset: cifar10 for our Federated Unlearning experiment.

We are going to forget  2 client
============================================================
Step2. Client data loaded, testing data loaded!!!
       Initial Model loaded!!!
Files already downloaded and verified
Files already downloaded and verified
User 0 has 2 batches in train_loader.
User 1 has 2 batches in train_loader.
User 2 has 2 batches in train_loader.
User 3 has 2 batches in train_loader.
User 4 has 2 batches in train_loader.
User 5 has 2 batches in train_loader.
User 6 has 2 batches in train_loader.
User 7 has 2 batches in train_loader.
User 8 has 2 batches in train_loader.
User 9 has 2 batches in train_loader.
User_test_loader 10 <class 'dict'> <class 'torch.utils.data.dataloader.DataLoader'>
init_global_model [{'local': CNNCifar(
  (conv1): Conv2d(3, 6, kernel_size=(5, 5), stride=(1, 1))
  (pool): MaxPool2d(kernel_size=2, stride=2, padding=0, dilation=1, ceil_mode=False)
  (conv2): Conv2d(6, 16, kernel_size=(5, 5), stride=(1, 1))
  (conv2_drop): Dropout2d(p=0.5, inplace=False)
  (fc1): Linear(in_features=400, out_features=120, bias=True)
  (dropout): Dropout(p=0.5, inplace=False)
  (fc2): Linear(in_features=120, out_features=84, bias=True)
  (fc3): Linear(in_features=84, out_features=10, bias=True)
  (activation): LogSoftmax(dim=1)
), 'global': CNNCifar(
  (conv1): Conv2d(3, 6, kernel_size=(5, 5), stride=(1, 1))
  (pool): MaxPool2d(kernel_size=2, stride=2, padding=0, dilation=1, ceil_mode=False)
  (conv2): Conv2d(6, 16, kernel_size=(5, 5), stride=(1, 1))
  (conv2_drop): Dropout2d(p=0.5, inplace=False)
  (fc1): Linear(in_features=400, out_features=120, bias=True)
  (dropout): Dropout(p=0.5, inplace=False)
  (fc2): Linear(in_features=120, out_features=84, bias=True)
  (fc3): Linear(in_features=84, out_features=10, bias=True)
  (activation): LogSoftmax(dim=1)
), 'gate': GateCNN(
  (conv1): Conv2d(3, 6, kernel_size=(5, 5), stride=(1, 1))
  (pool): MaxPool2d(kernel_size=2, stride=2, padding=0, dilation=1, ceil_mode=False)
  (conv2): Conv2d(6, 16, kernel_size=(5, 5), stride=(1, 1))
  (conv2_drop): Dropout2d(p=0.5, inplace=False)
  (fc1): Linear(in_features=400, out_features=120, bias=True)
  (dropout): Dropout(p=0.5, inplace=False)
  (fc2): Linear(in_features=120, out_features=84, bias=True)
  (fc3): Linear(in_features=84, out_features=10, bias=True)
  (activation): LogSoftmax(dim=1)
)}] <class 'list'>
opt in [0, 1, 2, 3, 4, 5, 6, 7, 8, 9]
client_loaders len 10
============================================================
Step3. Fedearated Learning and Unlearning Training...
len of selected client loader, 10
Round   0
FedAvg client 0
FedAvg client 1
FedAvg client 2
FedAvg client 3
FedAvg client 4
FedAvg client 5
FedAvg client 6
FedAvg client 7
FedAvg client 8
FedAvg client 9
Round   1
FedAvg client 0
FedAvg client 1
FedAvg client 2
FedAvg client 3
FedAvg client 4
FedAvg client 5
FedAvg client 6
FedAvg client 7
FedAvg client 8
FedAvg client 9
Round   2
FedAvg client 0
FedAvg client 1
FedAvg client 2
FedAvg client 3
FedAvg client 4
FedAvg client 5
FedAvg client 6
FedAvg client 7
FedAvg client 8
FedAvg client 9
Round   3
FedAvg client 0
FedAvg client 1
FedAvg client 2
FedAvg client 3
FedAvg client 4
FedAvg client 5
FedAvg client 6
FedAvg client 7
FedAvg client 8
FedAvg client 9
Round   4
FedAvg client 0
FedAvg client 1
FedAvg client 2
FedAvg client 3
FedAvg client 4
FedAvg client 5
FedAvg client 6
FedAvg client 7
FedAvg client 8
FedAvg client 9
Round   5
FedAvg client 0
FedAvg client 1
FedAvg client 2
FedAvg client 3
FedAvg client 4
FedAvg client 5
FedAvg client 6
FedAvg client 7
FedAvg client 8
FedAvg client 9
Round   6
FedAvg client 0
FedAvg client 1
FedAvg client 2
FedAvg client 3
FedAvg client 4
FedAvg client 5
FedAvg client 6
FedAvg client 7
FedAvg client 8
FedAvg client 9
Round   7
FedAvg client 0
FedAvg client 1
FedAvg client 2
FedAvg client 3
FedAvg client 4
FedAvg client 5
FedAvg client 6
FedAvg client 7
FedAvg client 8
FedAvg client 9
Round   8
FedAvg client 0
FedAvg client 1
FedAvg client 2
FedAvg client 3
FedAvg client 4
FedAvg client 5
FedAvg client 6
FedAvg client 7
FedAvg client 8
FedAvg client 9
Round   9
FedAvg client 0
FedAvg client 1
FedAvg client 2
FedAvg client 3
FedAvg client 4
FedAvg client 5
FedAvg client 6
FedAvg client 7
FedAvg client 8
FedAvg client 9
Round  10
FedAvg client 0
FedAvg client 1
FedAvg client 2
FedAvg client 3
FedAvg client 4
FedAvg client 5
FedAvg client 6
FedAvg client 7
FedAvg client 8
FedAvg client 9
Round  11
FedAvg client 0
FedAvg client 1
FedAvg client 2
FedAvg client 3
FedAvg client 4
FedAvg client 5
FedAvg client 6
FedAvg client 7
FedAvg client 8
FedAvg client 9
Round  12
FedAvg client 0
FedAvg client 1
FedAvg client 2
FedAvg client 3
FedAvg client 4
FedAvg client 5
FedAvg client 6
FedAvg client 7
FedAvg client 8
FedAvg client 9
Round  13
FedAvg client 0
FedAvg client 1
FedAvg client 2
FedAvg client 3
FedAvg client 4
FedAvg client 5
FedAvg client 6
FedAvg client 7
FedAvg client 8
FedAvg client 9
Round  14
FedAvg client 0
FedAvg client 1
FedAvg client 2
FedAvg client 3
FedAvg client 4
FedAvg client 5
FedAvg client 6
FedAvg client 7
FedAvg client 8
FedAvg client 9
Round  15
FedAvg client 0
FedAvg client 1
FedAvg client 2
FedAvg client 3
FedAvg client 4
FedAvg client 5
FedAvg client 6
FedAvg client 7
FedAvg client 8
FedAvg client 9
Round  16
FedAvg client 0
FedAvg client 1
FedAvg client 2
FedAvg client 3
FedAvg client 4
FedAvg client 5
FedAvg client 6
FedAvg client 7
FedAvg client 8
FedAvg client 9
Round  17
FedAvg client 0
FedAvg client 1
FedAvg client 2
FedAvg client 3
FedAvg client 4
FedAvg client 5
FedAvg client 6
FedAvg client 7
FedAvg client 8
FedAvg client 9
Round  18
FedAvg client 0
FedAvg client 1
FedAvg client 2
FedAvg client 3
FedAvg client 4
FedAvg client 5
FedAvg client 6
FedAvg client 7
FedAvg client 8
FedAvg client 9
Round  19
FedAvg client 0
FedAvg client 1
FedAvg client 2
FedAvg client 3
FedAvg client 4
FedAvg client 5
FedAvg client 6
FedAvg client 7
FedAvg client 8
FedAvg client 9
Round  20
FedAvg client 0
FedAvg client 1
FedAvg client 2
FedAvg client 3
FedAvg client 4
FedAvg client 5
FedAvg client 6
FedAvg client 7
FedAvg client 8
FedAvg client 9
Round  21
FedAvg client 0
FedAvg client 1
FedAvg client 2
FedAvg client 3
FedAvg client 4
FedAvg client 5
FedAvg client 6
FedAvg client 7
FedAvg client 8
FedAvg client 9
Round  22
FedAvg client 0
FedAvg client 1
FedAvg client 2
FedAvg client 3
FedAvg client 4
FedAvg client 5
FedAvg client 6
FedAvg client 7
FedAvg client 8
FedAvg client 9
Round  23
FedAvg client 0
FedAvg client 1
FedAvg client 2
FedAvg client 3
FedAvg client 4
FedAvg client 5
FedAvg client 6
FedAvg client 7
FedAvg client 8
FedAvg client 9
Round  24
FedAvg client 0
FedAvg client 1
FedAvg client 2
FedAvg client 3
FedAvg client 4
FedAvg client 5
FedAvg client 6
FedAvg client 7
FedAvg client 8
FedAvg client 9
Round  25
FedAvg client 0
FedAvg client 1
FedAvg client 2
FedAvg client 3
FedAvg client 4
FedAvg client 5
FedAvg client 6
FedAvg client 7
FedAvg client 8
FedAvg client 9
Round  26
FedAvg client 0
FedAvg client 1
FedAvg client 2
FedAvg client 3
FedAvg client 4
FedAvg client 5
FedAvg client 6
FedAvg client 7
FedAvg client 8
FedAvg client 9
Round  27
FedAvg client 0
FedAvg client 1
FedAvg client 2
FedAvg client 3
FedAvg client 4
FedAvg client 5
FedAvg client 6
FedAvg client 7
FedAvg client 8
FedAvg client 9
Round  28
FedAvg client 0
FedAvg client 1
FedAvg client 2
FedAvg client 3
FedAvg client 4
FedAvg client 5
FedAvg client 6
FedAvg client 7
FedAvg client 8
FedAvg client 9
Round  29
FedAvg client 0
FedAvg client 1
FedAvg client 2
FedAvg client 3
FedAvg client 4
FedAvg client 5
FedAvg client 6
FedAvg client 7
FedAvg client 8
FedAvg client 9
Round  30
FedAvg client 0
FedAvg client 1
FedAvg client 2
FedAvg client 3
FedAvg client 4
FedAvg client 5
FedAvg client 6
FedAvg client 7
FedAvg client 8
FedAvg client 9
Round  31
FedAvg client 0
FedAvg client 1
FedAvg client 2
FedAvg client 3
FedAvg client 4
FedAvg client 5
FedAvg client 6
FedAvg client 7
FedAvg client 8
FedAvg client 9
Round  32
FedAvg client 0
FedAvg client 1
FedAvg client 2
FedAvg client 3
FedAvg client 4
FedAvg client 5
FedAvg client 6
FedAvg client 7
FedAvg client 8
FedAvg client 9
Round  33
FedAvg client 0
FedAvg client 1
FedAvg client 2
FedAvg client 3
FedAvg client 4
FedAvg client 5
FedAvg client 6
FedAvg client 7
FedAvg client 8
FedAvg client 9
Round  34
FedAvg client 0
FedAvg client 1
FedAvg client 2
FedAvg client 3
FedAvg client 4
FedAvg client 5
FedAvg client 6
FedAvg client 7
FedAvg client 8
FedAvg client 9
Round  35
FedAvg client 0
FedAvg client 1
FedAvg client 2
FedAvg client 3
FedAvg client 4
FedAvg client 5
FedAvg client 6
FedAvg client 7
FedAvg client 8
FedAvg client 9
Round  36
FedAvg client 0
FedAvg client 1
FedAvg client 2
FedAvg client 3
FedAvg client 4
FedAvg client 5
FedAvg client 6
FedAvg client 7
FedAvg client 8
FedAvg client 9
Round  37
FedAvg client 0
FedAvg client 1
FedAvg client 2
FedAvg client 3
FedAvg client 4
FedAvg client 5
FedAvg client 6
FedAvg client 7
FedAvg client 8
FedAvg client 9
Round  38
FedAvg client 0
FedAvg client 1
FedAvg client 2
FedAvg client 3
FedAvg client 4
FedAvg client 5
FedAvg client 6
FedAvg client 7
FedAvg client 8
FedAvg client 9
Round  39
FedAvg client 0
FedAvg client 1
FedAvg client 2
FedAvg client 3
FedAvg client 4
FedAvg client 5
FedAvg client 6
FedAvg client 7
FedAvg client 8
FedAvg client 9
Round  40
FedAvg client 0
FedAvg client 1
FedAvg client 2
FedAvg client 3
FedAvg client 4
FedAvg client 5
FedAvg client 6
FedAvg client 7
FedAvg client 8
FedAvg client 9
Round  41
FedAvg client 0
FedAvg client 1
FedAvg client 2
FedAvg client 3
FedAvg client 4
FedAvg client 5
FedAvg client 6
FedAvg client 7
FedAvg client 8
FedAvg client 9
Round  42
FedAvg client 0
FedAvg client 1
FedAvg client 2
FedAvg client 3
FedAvg client 4
FedAvg client 5
FedAvg client 6
FedAvg client 7
FedAvg client 8
FedAvg client 9
Round  43
FedAvg client 0
FedAvg client 1
FedAvg client 2
FedAvg client 3
FedAvg client 4
FedAvg client 5
FedAvg client 6
FedAvg client 7
FedAvg client 8
FedAvg client 9
Round  44
FedAvg client 0
FedAvg client 1
FedAvg client 2
FedAvg client 3
FedAvg client 4
FedAvg client 5
FedAvg client 6
FedAvg client 7
FedAvg client 8
FedAvg client 9
Round  45
FedAvg client 0
FedAvg client 1
FedAvg client 2
FedAvg client 3
FedAvg client 4
FedAvg client 5
FedAvg client 6
FedAvg client 7
FedAvg client 8
FedAvg client 9
Round  46
FedAvg client 0
FedAvg client 1
FedAvg client 2
FedAvg client 3
FedAvg client 4
FedAvg client 5
FedAvg client 6
FedAvg client 7
FedAvg client 8
FedAvg client 9
Round  47
FedAvg client 0
FedAvg client 1
FedAvg client 2
FedAvg client 3
FedAvg client 4
FedAvg client 5
FedAvg client 6
FedAvg client 7
FedAvg client 8
FedAvg client 9
Round  48
FedAvg client 0
FedAvg client 1
FedAvg client 2
FedAvg client 3
FedAvg client 4
FedAvg client 5
FedAvg client 6
FedAvg client 7
FedAvg client 8
FedAvg client 9
Round  49
FedAvg client 0
FedAvg client 1
FedAvg client 2
FedAvg client 3
FedAvg client 4
FedAvg client 5
FedAvg client 6
FedAvg client 7
FedAvg client 8
FedAvg client 9
Round  50
FedAvg client 0
FedAvg client 1
FedAvg client 2
FedAvg client 3
FedAvg client 4
FedAvg client 5
FedAvg client 6
FedAvg client 7
FedAvg client 8
FedAvg client 9
Round  51
FedAvg client 0
FedAvg client 1
FedAvg client 2
FedAvg client 3
FedAvg client 4
FedAvg client 5
FedAvg client 6
FedAvg client 7
FedAvg client 8
FedAvg client 9
Round  52
FedAvg client 0
FedAvg client 1
FedAvg client 2
FedAvg client 3
FedAvg client 4
FedAvg client 5
FedAvg client 6
FedAvg client 7
FedAvg client 8
FedAvg client 9
Round  53
FedAvg client 0
FedAvg client 1
FedAvg client 2
FedAvg client 3
FedAvg client 4
FedAvg client 5
FedAvg client 6
FedAvg client 7
FedAvg client 8
FedAvg client 9
Round  54
FedAvg client 0
FedAvg client 1
FedAvg client 2
FedAvg client 3
FedAvg client 4
FedAvg client 5
FedAvg client 6
FedAvg client 7
FedAvg client 8
FedAvg client 9
Round  55
FedAvg client 0
FedAvg client 1
FedAvg client 2
FedAvg client 3
FedAvg client 4
FedAvg client 5
FedAvg client 6
FedAvg client 7
FedAvg client 8
FedAvg client 9
Round  56
FedAvg client 0
FedAvg client 1
FedAvg client 2
FedAvg client 3
FedAvg client 4
FedAvg client 5
FedAvg client 6
FedAvg client 7
FedAvg client 8
FedAvg client 9
Round  57
FedAvg client 0
FedAvg client 1
FedAvg client 2
FedAvg client 3
FedAvg client 4
FedAvg client 5
FedAvg client 6
FedAvg client 7
FedAvg client 8
FedAvg client 9
Round  58
FedAvg client 0
FedAvg client 1
FedAvg client 2
FedAvg client 3
FedAvg client 4
FedAvg client 5
FedAvg client 6
FedAvg client 7
FedAvg client 8
FedAvg client 9
Round  59
FedAvg client 0
FedAvg client 1
FedAvg client 2
FedAvg client 3
FedAvg client 4
FedAvg client 5
FedAvg client 6
FedAvg client 7
FedAvg client 8
FedAvg client 9
Round  60
FedAvg client 0
FedAvg client 1
FedAvg client 2
FedAvg client 3
FedAvg client 4
FedAvg client 5
FedAvg client 6
FedAvg client 7
FedAvg client 8
FedAvg client 9
Round  61
FedAvg client 0
FedAvg client 1
FedAvg client 2
FedAvg client 3
FedAvg client 4
FedAvg client 5
FedAvg client 6
FedAvg client 7
FedAvg client 8
FedAvg client 9
Round  62
FedAvg client 0
FedAvg client 1
FedAvg client 2
FedAvg client 3
FedAvg client 4
FedAvg client 5
FedAvg client 6
FedAvg client 7
FedAvg client 8
FedAvg client 9
Round  63
FedAvg client 0
FedAvg client 1
FedAvg client 2
FedAvg client 3
FedAvg client 4
FedAvg client 5
FedAvg client 6
FedAvg client 7
FedAvg client 8
FedAvg client 9
Round  64
FedAvg client 0
FedAvg client 1
FedAvg client 2
FedAvg client 3
FedAvg client 4
FedAvg client 5
FedAvg client 6
FedAvg client 7
FedAvg client 8
FedAvg client 9
Round  65
FedAvg client 0
FedAvg client 1
FedAvg client 2
FedAvg client 3
FedAvg client 4
FedAvg client 5
FedAvg client 6
FedAvg client 7
FedAvg client 8
FedAvg client 9
Round  66
FedAvg client 0
FedAvg client 1
FedAvg client 2
FedAvg client 3
FedAvg client 4
FedAvg client 5
FedAvg client 6
FedAvg client 7
FedAvg client 8
FedAvg client 9
Round  67
FedAvg client 0
FedAvg client 1
FedAvg client 2
FedAvg client 3
FedAvg client 4
FedAvg client 5
FedAvg client 6
FedAvg client 7
FedAvg client 8
FedAvg client 9
Round  68
FedAvg client 0
FedAvg client 1
FedAvg client 2
FedAvg client 3
FedAvg client 4
FedAvg client 5
FedAvg client 6
FedAvg client 7
FedAvg client 8
FedAvg client 9
Round  69
FedAvg client 0
FedAvg client 1
FedAvg client 2
FedAvg client 3
FedAvg client 4
FedAvg client 5
FedAvg client 6
FedAvg client 7
FedAvg client 8
FedAvg client 9
Round  70
FedAvg client 0
FedAvg client 1
FedAvg client 2
FedAvg client 3
FedAvg client 4
FedAvg client 5
FedAvg client 6
FedAvg client 7
FedAvg client 8
FedAvg client 9
Round  71
FedAvg client 0
FedAvg client 1
FedAvg client 2
FedAvg client 3
FedAvg client 4
FedAvg client 5
FedAvg client 6
FedAvg client 7
FedAvg client 8
FedAvg client 9
Round  72
FedAvg client 0
FedAvg client 1
FedAvg client 2
FedAvg client 3
FedAvg client 4
FedAvg client 5
FedAvg client 6
FedAvg client 7
FedAvg client 8
FedAvg client 9
Round  73
FedAvg client 0
FedAvg client 1
FedAvg client 2
FedAvg client 3
FedAvg client 4
FedAvg client 5
FedAvg client 6
FedAvg client 7
FedAvg client 8
FedAvg client 9
Round  74
FedAvg client 0
FedAvg client 1
FedAvg client 2
FedAvg client 3
FedAvg client 4
FedAvg client 5
FedAvg client 6
FedAvg client 7
FedAvg client 8
FedAvg client 9
Round  75
FedAvg client 0
FedAvg client 1
FedAvg client 2
FedAvg client 3
FedAvg client 4
FedAvg client 5
FedAvg client 6
FedAvg client 7
FedAvg client 8
FedAvg client 9
Round  76
FedAvg client 0
FedAvg client 1
FedAvg client 2
FedAvg client 3
FedAvg client 4
FedAvg client 5
FedAvg client 6
FedAvg client 7
FedAvg client 8
FedAvg client 9
Round  77
FedAvg client 0
FedAvg client 1
FedAvg client 2
FedAvg client 3
FedAvg client 4
FedAvg client 5
FedAvg client 6
FedAvg client 7
FedAvg client 8
FedAvg client 9
Round  78
FedAvg client 0
FedAvg client 1
FedAvg client 2
FedAvg client 3
FedAvg client 4
FedAvg client 5
FedAvg client 6
FedAvg client 7
FedAvg client 8
FedAvg client 9
Round  79
FedAvg client 0
FedAvg client 1
FedAvg client 2
FedAvg client 3
FedAvg client 4
FedAvg client 5
FedAvg client 6
FedAvg client 7
FedAvg client 8
FedAvg client 9
Round  80
FedAvg client 0
FedAvg client 1
FedAvg client 2
FedAvg client 3
FedAvg client 4
FedAvg client 5
FedAvg client 6
FedAvg client 7
FedAvg client 8
FedAvg client 9
Round  81
FedAvg client 0
FedAvg client 1
FedAvg client 2
FedAvg client 3
FedAvg client 4
FedAvg client 5
FedAvg client 6
FedAvg client 7
FedAvg client 8
FedAvg client 9
Round  82
FedAvg client 0
FedAvg client 1
FedAvg client 2
FedAvg client 3
FedAvg client 4
FedAvg client 5
FedAvg client 6
FedAvg client 7
FedAvg client 8
FedAvg client 9
Round  83
FedAvg client 0
FedAvg client 1
FedAvg client 2
FedAvg client 3
FedAvg client 4
FedAvg client 5
FedAvg client 6
FedAvg client 7
FedAvg client 8
FedAvg client 9
Round  84
FedAvg client 0
FedAvg client 1
FedAvg client 2
FedAvg client 3
FedAvg client 4
FedAvg client 5
FedAvg client 6
FedAvg client 7
FedAvg client 8
FedAvg client 9
Round  85
FedAvg client 0
FedAvg client 1
FedAvg client 2
FedAvg client 3
FedAvg client 4
FedAvg client 5
FedAvg client 6
FedAvg client 7
FedAvg client 8
FedAvg client 9
Round  86
FedAvg client 0
FedAvg client 1
FedAvg client 2
FedAvg client 3
FedAvg client 4
FedAvg client 5
FedAvg client 6
FedAvg client 7
FedAvg client 8
FedAvg client 9
Round  87
FedAvg client 0
FedAvg client 1
FedAvg client 2
FedAvg client 3
FedAvg client 4
FedAvg client 5
FedAvg client 6
FedAvg client 7
FedAvg client 8
FedAvg client 9
Round  88
FedAvg client 0
FedAvg client 1
FedAvg client 2
FedAvg client 3
FedAvg client 4
FedAvg client 5
FedAvg client 6
FedAvg client 7
FedAvg client 8
FedAvg client 9
Round  89
FedAvg client 0
FedAvg client 1
FedAvg client 2
FedAvg client 3
FedAvg client 4
FedAvg client 5
FedAvg client 6
FedAvg client 7
FedAvg client 8
FedAvg client 9
Round  90
FedAvg client 0
FedAvg client 1
FedAvg client 2
FedAvg client 3
FedAvg client 4
FedAvg client 5
FedAvg client 6
FedAvg client 7
FedAvg client 8
FedAvg client 9
Round  91
FedAvg client 0
FedAvg client 1
FedAvg client 2
FedAvg client 3
FedAvg client 4
FedAvg client 5
FedAvg client 6
FedAvg client 7
FedAvg client 8
FedAvg client 9
Round  92
FedAvg client 0
FedAvg client 1
FedAvg client 2
FedAvg client 3
FedAvg client 4
FedAvg client 5
FedAvg client 6
FedAvg client 7
FedAvg client 8
FedAvg client 9
Round  93
FedAvg client 0
FedAvg client 1
FedAvg client 2
FedAvg client 3
FedAvg client 4
FedAvg client 5
FedAvg client 6
FedAvg client 7
FedAvg client 8
FedAvg client 9
Round  94
FedAvg client 0
FedAvg client 1
FedAvg client 2
FedAvg client 3
FedAvg client 4
FedAvg client 5
FedAvg client 6
FedAvg client 7
FedAvg client 8
FedAvg client 9
Round  95
FedAvg client 0
FedAvg client 1
FedAvg client 2
FedAvg client 3
FedAvg client 4
FedAvg client 5
FedAvg client 6
FedAvg client 7
FedAvg client 8
FedAvg client 9
Round  96
FedAvg client 0
FedAvg client 1
FedAvg client 2
FedAvg client 3
FedAvg client 4
FedAvg client 5
FedAvg client 6
FedAvg client 7
FedAvg client 8
FedAvg client 9
Round  97
FedAvg client 0
FedAvg client 1
FedAvg client 2
FedAvg client 3
FedAvg client 4
FedAvg client 5
FedAvg client 6
FedAvg client 7
FedAvg client 8
FedAvg client 9
Round  98
FedAvg client 0
FedAvg client 1
FedAvg client 2
FedAvg client 3
FedAvg client 4
FedAvg client 5
FedAvg client 6
FedAvg client 7
FedAvg client 8
FedAvg client 9
Round  99
FedAvg client 0
FedAvg client 1
FedAvg client 2
FedAvg client 3
FedAvg client 4
FedAvg client 5
FedAvg client 6
FedAvg client 7
FedAvg client 8
FedAvg client 9
Round 100
FedAvg client 0
FedAvg client 1
FedAvg client 2
FedAvg client 3
FedAvg client 4
FedAvg client 5
FedAvg client 6
FedAvg client 7
FedAvg client 8
FedAvg client 9
Round 101
FedAvg client 0
FedAvg client 1
FedAvg client 2
FedAvg client 3
FedAvg client 4
FedAvg client 5
FedAvg client 6
FedAvg client 7
FedAvg client 8
FedAvg client 9
Round 102
FedAvg client 0
FedAvg client 1
FedAvg client 2
FedAvg client 3
FedAvg client 4
FedAvg client 5
FedAvg client 6
FedAvg client 7
FedAvg client 8
FedAvg client 9
Round 103
FedAvg client 0
FedAvg client 1
FedAvg client 2
FedAvg client 3
FedAvg client 4
FedAvg client 5
FedAvg client 6
FedAvg client 7
FedAvg client 8
FedAvg client 9
Round 104
FedAvg client 0
FedAvg client 1
FedAvg client 2
FedAvg client 3
FedAvg client 4
FedAvg client 5
FedAvg client 6
FedAvg client 7
FedAvg client 8
FedAvg client 9
Round 105
FedAvg client 0
FedAvg client 1
FedAvg client 2
FedAvg client 3
FedAvg client 4
FedAvg client 5
FedAvg client 6
FedAvg client 7
FedAvg client 8
FedAvg client 9
Round 106
FedAvg client 0
FedAvg client 1
FedAvg client 2
FedAvg client 3
FedAvg client 4
FedAvg client 5
FedAvg client 6
FedAvg client 7
FedAvg client 8
FedAvg client 9
Round 107
FedAvg client 0
FedAvg client 1
FedAvg client 2
FedAvg client 3
FedAvg client 4
FedAvg client 5
FedAvg client 6
FedAvg client 7
FedAvg client 8
FedAvg client 9
Round 108
FedAvg client 0
FedAvg client 1
FedAvg client 2
FedAvg client 3
FedAvg client 4
FedAvg client 5
FedAvg client 6
FedAvg client 7
FedAvg client 8
FedAvg client 9
Round 109
FedAvg client 0
FedAvg client 1
FedAvg client 2
FedAvg client 3
FedAvg client 4
FedAvg client 5
FedAvg client 6
FedAvg client 7
FedAvg client 8
FedAvg client 9
Round 110
FedAvg client 0
FedAvg client 1
FedAvg client 2
FedAvg client 3
FedAvg client 4
FedAvg client 5
FedAvg client 6
FedAvg client 7
FedAvg client 8
FedAvg client 9
Round 111
FedAvg client 0
FedAvg client 1
FedAvg client 2
FedAvg client 3
FedAvg client 4
FedAvg client 5
FedAvg client 6
FedAvg client 7
FedAvg client 8
FedAvg client 9
Round 112
FedAvg client 0
FedAvg client 1
FedAvg client 2
FedAvg client 3
FedAvg client 4
FedAvg client 5
FedAvg client 6
FedAvg client 7
FedAvg client 8
FedAvg client 9
Round 113
FedAvg client 0
FedAvg client 1
FedAvg client 2
FedAvg client 3
FedAvg client 4
FedAvg client 5
FedAvg client 6
FedAvg client 7
FedAvg client 8
FedAvg client 9
Round 114
FedAvg client 0
FedAvg client 1
FedAvg client 2
FedAvg client 3
FedAvg client 4
FedAvg client 5
FedAvg client 6
FedAvg client 7
FedAvg client 8
FedAvg client 9
Round 115
FedAvg client 0
FedAvg client 1
FedAvg client 2
FedAvg client 3
FedAvg client 4
FedAvg client 5
FedAvg client 6
FedAvg client 7
FedAvg client 8
FedAvg client 9
Round 116
FedAvg client 0
FedAvg client 1
FedAvg client 2
FedAvg client 3
FedAvg client 4
FedAvg client 5
FedAvg client 6
FedAvg client 7
FedAvg client 8
FedAvg client 9
Round 117
FedAvg client 0
FedAvg client 1
FedAvg client 2
FedAvg client 3
FedAvg client 4
FedAvg client 5
FedAvg client 6
FedAvg client 7
FedAvg client 8
FedAvg client 9
Round 118
FedAvg client 0
FedAvg client 1
FedAvg client 2
FedAvg client 3
FedAvg client 4
FedAvg client 5
FedAvg client 6
FedAvg client 7
FedAvg client 8
FedAvg client 9
Round 119
FedAvg client 0
FedAvg client 1
FedAvg client 2
FedAvg client 3
FedAvg client 4
FedAvg client 5
FedAvg client 6
FedAvg client 7
FedAvg client 8
FedAvg client 9
Round 120
FedAvg client 0
FedAvg client 1
FedAvg client 2
FedAvg client 3
FedAvg client 4
FedAvg client 5
FedAvg client 6
FedAvg client 7
FedAvg client 8
FedAvg client 9
Round 121
FedAvg client 0
FedAvg client 1
FedAvg client 2
FedAvg client 3
FedAvg client 4
FedAvg client 5
FedAvg client 6
FedAvg client 7
FedAvg client 8
FedAvg client 9
Round 122
FedAvg client 0
FedAvg client 1
FedAvg client 2
FedAvg client 3
FedAvg client 4
FedAvg client 5
FedAvg client 6
FedAvg client 7
FedAvg client 8
FedAvg client 9
Round 123
FedAvg client 0
FedAvg client 1
FedAvg client 2
FedAvg client 3
FedAvg client 4
FedAvg client 5
FedAvg client 6
FedAvg client 7
FedAvg client 8
FedAvg client 9
Round 124
FedAvg client 0
FedAvg client 1
FedAvg client 2
FedAvg client 3
FedAvg client 4
FedAvg client 5
FedAvg client 6
FedAvg client 7
FedAvg client 8
FedAvg client 9
Round 125
FedAvg client 0
FedAvg client 1
FedAvg client 2
FedAvg client 3
FedAvg client 4
FedAvg client 5
FedAvg client 6
FedAvg client 7
FedAvg client 8
FedAvg client 9
Round 126
FedAvg client 0
FedAvg client 1
FedAvg client 2
FedAvg client 3
FedAvg client 4
FedAvg client 5
FedAvg client 6
FedAvg client 7
FedAvg client 8
FedAvg client 9
Round 127
FedAvg client 0
FedAvg client 1
FedAvg client 2
FedAvg client 3
FedAvg client 4
FedAvg client 5
FedAvg client 6
FedAvg client 7
FedAvg client 8
FedAvg client 9
Round 128
FedAvg client 0
FedAvg client 1
FedAvg client 2
FedAvg client 3
FedAvg client 4
FedAvg client 5
FedAvg client 6
FedAvg client 7
FedAvg client 8
FedAvg client 9
Round 129
FedAvg client 0
FedAvg client 1
FedAvg client 2
FedAvg client 3
FedAvg client 4
FedAvg client 5
FedAvg client 6
FedAvg client 7
FedAvg client 8
FedAvg client 9
Round 130
FedAvg client 0
FedAvg client 1
FedAvg client 2
FedAvg client 3
FedAvg client 4
FedAvg client 5
FedAvg client 6
FedAvg client 7
FedAvg client 8
FedAvg client 9
Round 131
FedAvg client 0
FedAvg client 1
FedAvg client 2
FedAvg client 3
FedAvg client 4
FedAvg client 5
FedAvg client 6
FedAvg client 7
FedAvg client 8
FedAvg client 9
Round 132
FedAvg client 0
FedAvg client 1
FedAvg client 2
FedAvg client 3
FedAvg client 4
FedAvg client 5
FedAvg client 6
FedAvg client 7
FedAvg client 8
FedAvg client 9
Round 133
FedAvg client 0
FedAvg client 1
FedAvg client 2
FedAvg client 3
FedAvg client 4
FedAvg client 5
FedAvg client 6
FedAvg client 7
FedAvg client 8
FedAvg client 9
Round 134
FedAvg client 0
FedAvg client 1
FedAvg client 2
FedAvg client 3
FedAvg client 4
FedAvg client 5
FedAvg client 6
FedAvg client 7
FedAvg client 8
FedAvg client 9
Round 135
FedAvg client 0
FedAvg client 1
FedAvg client 2
FedAvg client 3
FedAvg client 4
FedAvg client 5
FedAvg client 6
FedAvg client 7
FedAvg client 8
FedAvg client 9
Round 136
FedAvg client 0
FedAvg client 1
FedAvg client 2
FedAvg client 3
FedAvg client 4
FedAvg client 5
FedAvg client 6
FedAvg client 7
FedAvg client 8
FedAvg client 9
Round 137
FedAvg client 0
FedAvg client 1
FedAvg client 2
FedAvg client 3
FedAvg client 4
FedAvg client 5
FedAvg client 6
FedAvg client 7
FedAvg client 8
FedAvg client 9
Round 138
FedAvg client 0
FedAvg client 1
FedAvg client 2
FedAvg client 3
FedAvg client 4
FedAvg client 5
FedAvg client 6
FedAvg client 7
FedAvg client 8
FedAvg client 9
Round 139
FedAvg client 0
FedAvg client 1
FedAvg client 2
FedAvg client 3
FedAvg client 4
FedAvg client 5
FedAvg client 6
FedAvg client 7
FedAvg client 8
FedAvg client 9
Round 140
FedAvg client 0
FedAvg client 1
FedAvg client 2
FedAvg client 3
FedAvg client 4
FedAvg client 5
FedAvg client 6
FedAvg client 7
FedAvg client 8
FedAvg client 9
Round 141
FedAvg client 0
FedAvg client 1
FedAvg client 2
FedAvg client 3
FedAvg client 4
FedAvg client 5
FedAvg client 6
FedAvg client 7
FedAvg client 8
FedAvg client 9
Round 142
FedAvg client 0
FedAvg client 1
FedAvg client 2
FedAvg client 3
FedAvg client 4
FedAvg client 5
FedAvg client 6
FedAvg client 7
FedAvg client 8
FedAvg client 9
Round 143
FedAvg client 0
FedAvg client 1
FedAvg client 2
FedAvg client 3
FedAvg client 4
FedAvg client 5
FedAvg client 6
FedAvg client 7
FedAvg client 8
FedAvg client 9
Round 144
FedAvg client 0
FedAvg client 1
FedAvg client 2
FedAvg client 3
FedAvg client 4
FedAvg client 5
FedAvg client 6
FedAvg client 7
FedAvg client 8
FedAvg client 9
Round 145
FedAvg client 0
FedAvg client 1
FedAvg client 2
FedAvg client 3
FedAvg client 4
FedAvg client 5
FedAvg client 6
FedAvg client 7
FedAvg client 8
FedAvg client 9
Round 146
FedAvg client 0
FedAvg client 1
FedAvg client 2
FedAvg client 3
FedAvg client 4
FedAvg client 5
FedAvg client 6
FedAvg client 7
FedAvg client 8
FedAvg client 9
Round 147
FedAvg client 0
FedAvg client 1
FedAvg client 2
FedAvg client 3
FedAvg client 4
FedAvg client 5
FedAvg client 6
FedAvg client 7
FedAvg client 8
FedAvg client 9
Round 148
FedAvg client 0
FedAvg client 1
FedAvg client 2
FedAvg client 3
FedAvg client 4
FedAvg client 5
FedAvg client 6
FedAvg client 7
FedAvg client 8
FedAvg client 9
Round 149
FedAvg client 0
FedAvg client 1
FedAvg client 2
FedAvg client 3
FedAvg client 4
FedAvg client 5
FedAvg client 6
FedAvg client 7
FedAvg client 8
FedAvg client 9
Round 150
FedAvg client 0
FedAvg client 1
FedAvg client 2
FedAvg client 3
FedAvg client 4
FedAvg client 5
FedAvg client 6
FedAvg client 7
FedAvg client 8
FedAvg client 9
Round 151
FedAvg client 0
FedAvg client 1
FedAvg client 2
FedAvg client 3
FedAvg client 4
FedAvg client 5
FedAvg client 6
FedAvg client 7
FedAvg client 8
FedAvg client 9
Round 152
FedAvg client 0
FedAvg client 1
FedAvg client 2
FedAvg client 3
FedAvg client 4
FedAvg client 5
FedAvg client 6
FedAvg client 7
FedAvg client 8
FedAvg client 9
Round 153
FedAvg client 0
FedAvg client 1
FedAvg client 2
FedAvg client 3
FedAvg client 4
FedAvg client 5
FedAvg client 6
FedAvg client 7
FedAvg client 8
FedAvg client 9
Round 154
FedAvg client 0
FedAvg client 1
FedAvg client 2
FedAvg client 3
FedAvg client 4
FedAvg client 5
FedAvg client 6
FedAvg client 7
FedAvg client 8
FedAvg client 9
Round 155
FedAvg client 0
FedAvg client 1
FedAvg client 2
FedAvg client 3
FedAvg client 4
FedAvg client 5
FedAvg client 6
FedAvg client 7
FedAvg client 8
FedAvg client 9
Round 156
FedAvg client 0
FedAvg client 1
FedAvg client 2
FedAvg client 3
FedAvg client 4
FedAvg client 5
FedAvg client 6
FedAvg client 7
FedAvg client 8
FedAvg client 9
Round 157
FedAvg client 0
FedAvg client 1
FedAvg client 2
FedAvg client 3
FedAvg client 4
FedAvg client 5
FedAvg client 6
FedAvg client 7
FedAvg client 8
FedAvg client 9
Round 158
FedAvg client 0
FedAvg client 1
FedAvg client 2
FedAvg client 3
FedAvg client 4
FedAvg client 5
FedAvg client 6
FedAvg client 7
FedAvg client 8
FedAvg client 9
Round 159
FedAvg client 0
FedAvg client 1
FedAvg client 2
FedAvg client 3
FedAvg client 4
FedAvg client 5
FedAvg client 6
FedAvg client 7
FedAvg client 8
FedAvg client 9
Round 160
FedAvg client 0
FedAvg client 1
FedAvg client 2
FedAvg client 3
FedAvg client 4
FedAvg client 5
FedAvg client 6
FedAvg client 7
FedAvg client 8
FedAvg client 9
Round 161
FedAvg client 0
FedAvg client 1
FedAvg client 2
FedAvg client 3
FedAvg client 4
FedAvg client 5
FedAvg client 6
FedAvg client 7
FedAvg client 8
FedAvg client 9
Round 162
FedAvg client 0
FedAvg client 1
FedAvg client 2
FedAvg client 3
FedAvg client 4
FedAvg client 5
FedAvg client 6
FedAvg client 7
FedAvg client 8
FedAvg client 9
Round 163
FedAvg client 0
FedAvg client 1
FedAvg client 2
FedAvg client 3
FedAvg client 4
FedAvg client 5
FedAvg client 6
FedAvg client 7
FedAvg client 8
FedAvg client 9
Round 164
FedAvg client 0
FedAvg client 1
FedAvg client 2
FedAvg client 3
FedAvg client 4
FedAvg client 5
FedAvg client 6
FedAvg client 7
FedAvg client 8
FedAvg client 9
Round 165
FedAvg client 0
FedAvg client 1
FedAvg client 2
FedAvg client 3
FedAvg client 4
FedAvg client 5
FedAvg client 6
FedAvg client 7
FedAvg client 8
FedAvg client 9
Round 166
FedAvg client 0
FedAvg client 1
FedAvg client 2
FedAvg client 3
FedAvg client 4
FedAvg client 5
FedAvg client 6
FedAvg client 7
FedAvg client 8
FedAvg client 9
Round 167
FedAvg client 0
FedAvg client 1
FedAvg client 2
FedAvg client 3
FedAvg client 4
FedAvg client 5
FedAvg client 6
FedAvg client 7
FedAvg client 8
FedAvg client 9
Round 168
FedAvg client 0
FedAvg client 1
FedAvg client 2
FedAvg client 3
FedAvg client 4
FedAvg client 5
FedAvg client 6
FedAvg client 7
FedAvg client 8
FedAvg client 9
Round 169
FedAvg client 0
FedAvg client 1
FedAvg client 2
FedAvg client 3
FedAvg client 4
FedAvg client 5
FedAvg client 6
FedAvg client 7
FedAvg client 8
FedAvg client 9
Round 170
FedAvg client 0
FedAvg client 1
FedAvg client 2
FedAvg client 3
FedAvg client 4
FedAvg client 5
FedAvg client 6
FedAvg client 7
FedAvg client 8
FedAvg client 9
Round 171
FedAvg client 0
FedAvg client 1
FedAvg client 2
FedAvg client 3
FedAvg client 4
FedAvg client 5
FedAvg client 6
FedAvg client 7
FedAvg client 8
FedAvg client 9
Round 172
FedAvg client 0
FedAvg client 1
FedAvg client 2
FedAvg client 3
FedAvg client 4
FedAvg client 5
FedAvg client 6
FedAvg client 7
FedAvg client 8
FedAvg client 9
Round 173
FedAvg client 0
FedAvg client 1
FedAvg client 2
FedAvg client 3
FedAvg client 4
FedAvg client 5
FedAvg client 6
FedAvg client 7
FedAvg client 8
FedAvg client 9
Round 174
FedAvg client 0
FedAvg client 1
FedAvg client 2
FedAvg client 3
FedAvg client 4
FedAvg client 5
FedAvg client 6
FedAvg client 7
FedAvg client 8
FedAvg client 9
Round 175
FedAvg client 0
FedAvg client 1
FedAvg client 2
FedAvg client 3
FedAvg client 4
FedAvg client 5
FedAvg client 6
FedAvg client 7
FedAvg client 8
FedAvg client 9
Round 176
FedAvg client 0
FedAvg client 1
FedAvg client 2
FedAvg client 3
FedAvg client 4
FedAvg client 5
FedAvg client 6
FedAvg client 7
FedAvg client 8
FedAvg client 9
Round 177
FedAvg client 0
FedAvg client 1
FedAvg client 2
FedAvg client 3
FedAvg client 4
FedAvg client 5
FedAvg client 6
FedAvg client 7
FedAvg client 8
FedAvg client 9
Round 178
FedAvg client 0
FedAvg client 1
FedAvg client 2
FedAvg client 3
FedAvg client 4
FedAvg client 5
FedAvg client 6
FedAvg client 7
FedAvg client 8
FedAvg client 9
Round 179
FedAvg client 0
FedAvg client 1
FedAvg client 2
FedAvg client 3
FedAvg client 4
FedAvg client 5
FedAvg client 6
FedAvg client 7
FedAvg client 8
FedAvg client 9
Round 180
FedAvg client 0
FedAvg client 1
FedAvg client 2
FedAvg client 3
FedAvg client 4
FedAvg client 5
FedAvg client 6
FedAvg client 7
FedAvg client 8
FedAvg client 9
Round 181
FedAvg client 0
FedAvg client 1
FedAvg client 2
FedAvg client 3
FedAvg client 4
FedAvg client 5
FedAvg client 6
FedAvg client 7
FedAvg client 8
FedAvg client 9
Round 182
FedAvg client 0
FedAvg client 1
FedAvg client 2
FedAvg client 3
FedAvg client 4
FedAvg client 5
FedAvg client 6
FedAvg client 7
FedAvg client 8
FedAvg client 9
Round 183
FedAvg client 0
FedAvg client 1
FedAvg client 2
FedAvg client 3
FedAvg client 4
FedAvg client 5
FedAvg client 6
FedAvg client 7
FedAvg client 8
FedAvg client 9
Round 184
FedAvg client 0
FedAvg client 1
FedAvg client 2
FedAvg client 3
FedAvg client 4
FedAvg client 5
FedAvg client 6
FedAvg client 7
FedAvg client 8
FedAvg client 9
Round 185
FedAvg client 0
FedAvg client 1
FedAvg client 2
FedAvg client 3
FedAvg client 4
FedAvg client 5
FedAvg client 6
FedAvg client 7
FedAvg client 8
FedAvg client 9
Round 186
FedAvg client 0
FedAvg client 1
FedAvg client 2
FedAvg client 3
FedAvg client 4
FedAvg client 5
FedAvg client 6
FedAvg client 7
FedAvg client 8
FedAvg client 9
Round 187
FedAvg client 0
FedAvg client 1
FedAvg client 2
FedAvg client 3
FedAvg client 4
FedAvg client 5
FedAvg client 6
FedAvg client 7
FedAvg client 8
FedAvg client 9
Round 188
FedAvg client 0
FedAvg client 1
FedAvg client 2
FedAvg client 3
FedAvg client 4
FedAvg client 5
FedAvg client 6
FedAvg client 7
FedAvg client 8
FedAvg client 9
Round 189
FedAvg client 0
FedAvg client 1
FedAvg client 2
FedAvg client 3
FedAvg client 4
FedAvg client 5
FedAvg client 6
FedAvg client 7
FedAvg client 8
FedAvg client 9
Round 190
FedAvg client 0
FedAvg client 1
FedAvg client 2
FedAvg client 3
FedAvg client 4
FedAvg client 5
FedAvg client 6
FedAvg client 7
FedAvg client 8
FedAvg client 9
Round 191
FedAvg client 0
FedAvg client 1
FedAvg client 2
FedAvg client 3
FedAvg client 4
FedAvg client 5
FedAvg client 6
FedAvg client 7
FedAvg client 8
FedAvg client 9
Round 192
FedAvg client 0
FedAvg client 1
FedAvg client 2
FedAvg client 3
FedAvg client 4
FedAvg client 5
FedAvg client 6
FedAvg client 7
FedAvg client 8
FedAvg client 9
Round 193
FedAvg client 0
FedAvg client 1
FedAvg client 2
FedAvg client 3
FedAvg client 4
FedAvg client 5
FedAvg client 6
FedAvg client 7
FedAvg client 8
FedAvg client 9
Round 194
FedAvg client 0
FedAvg client 1
FedAvg client 2
FedAvg client 3
FedAvg client 4
FedAvg client 5
FedAvg client 6
FedAvg client 7
FedAvg client 8
FedAvg client 9
Round 195
FedAvg client 0
FedAvg client 1
FedAvg client 2
FedAvg client 3
FedAvg client 4
FedAvg client 5
FedAvg client 6
FedAvg client 7
FedAvg client 8
FedAvg client 9
Round 196
FedAvg client 0
FedAvg client 1
FedAvg client 2
FedAvg client 3
FedAvg client 4
FedAvg client 5
FedAvg client 6
FedAvg client 7
FedAvg client 8
FedAvg client 9
Round 197
FedAvg client 0
FedAvg client 1
FedAvg client 2
FedAvg client 3
FedAvg client 4
FedAvg client 5
FedAvg client 6
FedAvg client 7
FedAvg client 8
FedAvg client 9
Round 198
FedAvg client 0
FedAvg client 1
FedAvg client 2
FedAvg client 3
FedAvg client 4
FedAvg client 5
FedAvg client 6
FedAvg client 7
FedAvg client 8
FedAvg client 9
Round 199
FedAvg client 0
FedAvg client 1
FedAvg client 2
FedAvg client 3
FedAvg client 4
FedAvg client 5
FedAvg client 6
FedAvg client 7
FedAvg client 8
FedAvg client 9
Round 200
FedAvg client 0
FedAvg client 1
FedAvg client 2
FedAvg client 3
FedAvg client 4
FedAvg client 5
FedAvg client 6
FedAvg client 7
FedAvg client 8
FedAvg client 9
Round 201
FedAvg client 0
FedAvg client 1
FedAvg client 2
FedAvg client 3
FedAvg client 4
FedAvg client 5
FedAvg client 6
FedAvg client 7
FedAvg client 8
FedAvg client 9
Round 202
FedAvg client 0
FedAvg client 1
FedAvg client 2
FedAvg client 3
FedAvg client 4
FedAvg client 5
FedAvg client 6
FedAvg client 7
FedAvg client 8
FedAvg client 9
Round 203
FedAvg client 0
FedAvg client 1
FedAvg client 2
FedAvg client 3
FedAvg client 4
FedAvg client 5
FedAvg client 6
FedAvg client 7
FedAvg client 8
FedAvg client 9
Round 204
FedAvg client 0
FedAvg client 1
FedAvg client 2
FedAvg client 3
FedAvg client 4
FedAvg client 5
FedAvg client 6
FedAvg client 7
FedAvg client 8
FedAvg client 9
Round 205
FedAvg client 0
FedAvg client 1
FedAvg client 2
FedAvg client 3
FedAvg client 4
FedAvg client 5
FedAvg client 6
FedAvg client 7
FedAvg client 8
FedAvg client 9
Round 206
FedAvg client 0
FedAvg client 1
FedAvg client 2
FedAvg client 3
FedAvg client 4
FedAvg client 5
FedAvg client 6
FedAvg client 7
FedAvg client 8
FedAvg client 9
Round 207
FedAvg client 0
FedAvg client 1
FedAvg client 2
FedAvg client 3
FedAvg client 4
FedAvg client 5
FedAvg client 6
FedAvg client 7
FedAvg client 8
FedAvg client 9
Round 208
FedAvg client 0
FedAvg client 1
FedAvg client 2
FedAvg client 3
FedAvg client 4
FedAvg client 5
FedAvg client 6
FedAvg client 7
FedAvg client 8
FedAvg client 9
Round 209
FedAvg client 0
FedAvg client 1
FedAvg client 2
FedAvg client 3
FedAvg client 4
FedAvg client 5
FedAvg client 6
FedAvg client 7
FedAvg client 8
FedAvg client 9
Round 210
FedAvg client 0
FedAvg client 1
FedAvg client 2
FedAvg client 3
FedAvg client 4
FedAvg client 5
FedAvg client 6
FedAvg client 7
FedAvg client 8
FedAvg client 9
Round 211
FedAvg client 0
FedAvg client 1
FedAvg client 2
FedAvg client 3
FedAvg client 4
FedAvg client 5
FedAvg client 6
FedAvg client 7
FedAvg client 8
FedAvg client 9
Round 212
FedAvg client 0
FedAvg client 1
FedAvg client 2
FedAvg client 3
FedAvg client 4
FedAvg client 5
FedAvg client 6
FedAvg client 7
FedAvg client 8
FedAvg client 9
Round 213
FedAvg client 0
FedAvg client 1
FedAvg client 2
FedAvg client 3
FedAvg client 4
FedAvg client 5
FedAvg client 6
FedAvg client 7
FedAvg client 8
FedAvg client 9
Round 214
FedAvg client 0
FedAvg client 1
FedAvg client 2
FedAvg client 3
FedAvg client 4
FedAvg client 5
FedAvg client 6
FedAvg client 7
FedAvg client 8
FedAvg client 9
Round 215
FedAvg client 0
FedAvg client 1
FedAvg client 2
FedAvg client 3
FedAvg client 4
FedAvg client 5
FedAvg client 6
FedAvg client 7
FedAvg client 8
FedAvg client 9
Round 216
FedAvg client 0
FedAvg client 1
FedAvg client 2
FedAvg client 3
FedAvg client 4
FedAvg client 5
FedAvg client 6
FedAvg client 7
FedAvg client 8
FedAvg client 9
Round 217
FedAvg client 0
FedAvg client 1
FedAvg client 2
FedAvg client 3
FedAvg client 4
FedAvg client 5
FedAvg client 6
FedAvg client 7
FedAvg client 8
FedAvg client 9
Round 218
FedAvg client 0
FedAvg client 1
FedAvg client 2
FedAvg client 3
FedAvg client 4
FedAvg client 5
FedAvg client 6
FedAvg client 7
FedAvg client 8
FedAvg client 9
Round 219
FedAvg client 0
FedAvg client 1
FedAvg client 2
FedAvg client 3
FedAvg client 4
FedAvg client 5
FedAvg client 6
FedAvg client 7
FedAvg client 8
FedAvg client 9
Round 220
FedAvg client 0
FedAvg client 1
FedAvg client 2
FedAvg client 3
FedAvg client 4
FedAvg client 5
FedAvg client 6
FedAvg client 7
FedAvg client 8
FedAvg client 9
Round 221
FedAvg client 0
FedAvg client 1
FedAvg client 2
FedAvg client 3
FedAvg client 4
FedAvg client 5
FedAvg client 6
FedAvg client 7
FedAvg client 8
FedAvg client 9
Round 222
FedAvg client 0
FedAvg client 1
FedAvg client 2
FedAvg client 3
FedAvg client 4
FedAvg client 5
FedAvg client 6
FedAvg client 7
FedAvg client 8
FedAvg client 9
Round 223
FedAvg client 0
FedAvg client 1
FedAvg client 2
FedAvg client 3
FedAvg client 4
FedAvg client 5
FedAvg client 6
FedAvg client 7
FedAvg client 8
FedAvg client 9
Round 224
FedAvg client 0
FedAvg client 1
FedAvg client 2
FedAvg client 3
FedAvg client 4
FedAvg client 5
FedAvg client 6
FedAvg client 7
FedAvg client 8
FedAvg client 9
Round 225
FedAvg client 0
FedAvg client 1
FedAvg client 2
FedAvg client 3
FedAvg client 4
FedAvg client 5
FedAvg client 6
FedAvg client 7
FedAvg client 8
FedAvg client 9
Round 226
FedAvg client 0
FedAvg client 1
FedAvg client 2
FedAvg client 3
FedAvg client 4
FedAvg client 5
FedAvg client 6
FedAvg client 7
FedAvg client 8
FedAvg client 9
Round 227
FedAvg client 0
FedAvg client 1
FedAvg client 2
FedAvg client 3
FedAvg client 4
FedAvg client 5
FedAvg client 6
FedAvg client 7
FedAvg client 8
FedAvg client 9
Round 228
FedAvg client 0
FedAvg client 1
FedAvg client 2
FedAvg client 3
FedAvg client 4
FedAvg client 5
FedAvg client 6
FedAvg client 7
FedAvg client 8
FedAvg client 9
Round 229
FedAvg client 0
FedAvg client 1
FedAvg client 2
FedAvg client 3
FedAvg client 4
FedAvg client 5
FedAvg client 6
FedAvg client 7
FedAvg client 8
FedAvg client 9
Round 230
FedAvg client 0
FedAvg client 1
FedAvg client 2
FedAvg client 3
FedAvg client 4
FedAvg client 5
FedAvg client 6
FedAvg client 7
FedAvg client 8
FedAvg client 9
Round 231
FedAvg client 0
FedAvg client 1
FedAvg client 2
FedAvg client 3
FedAvg client 4
FedAvg client 5
FedAvg client 6
FedAvg client 7
FedAvg client 8
FedAvg client 9
Round 232
FedAvg client 0
FedAvg client 1
FedAvg client 2
FedAvg client 3
FedAvg client 4
FedAvg client 5
FedAvg client 6
FedAvg client 7
FedAvg client 8
FedAvg client 9
Round 233
FedAvg client 0
FedAvg client 1
FedAvg client 2
FedAvg client 3
FedAvg client 4
FedAvg client 5
FedAvg client 6
FedAvg client 7
FedAvg client 8
FedAvg client 9
Round 234
FedAvg client 0
FedAvg client 1
FedAvg client 2
FedAvg client 3
FedAvg client 4
FedAvg client 5
FedAvg client 6
FedAvg client 7
FedAvg client 8
FedAvg client 9
Round 235
FedAvg client 0
FedAvg client 1
FedAvg client 2
FedAvg client 3
FedAvg client 4
FedAvg client 5
FedAvg client 6
FedAvg client 7
FedAvg client 8
FedAvg client 9
Round 236
FedAvg client 0
FedAvg client 1
FedAvg client 2
FedAvg client 3
FedAvg client 4
FedAvg client 5
FedAvg client 6
FedAvg client 7
FedAvg client 8
FedAvg client 9
Round 237
FedAvg client 0
FedAvg client 1
FedAvg client 2
FedAvg client 3
FedAvg client 4
FedAvg client 5
FedAvg client 6
FedAvg client 7
FedAvg client 8
FedAvg client 9
Round 238
FedAvg client 0
FedAvg client 1
FedAvg client 2
FedAvg client 3
FedAvg client 4
FedAvg client 5
FedAvg client 6
FedAvg client 7
FedAvg client 8
FedAvg client 9
Round 239
FedAvg client 0
FedAvg client 1
FedAvg client 2
FedAvg client 3
FedAvg client 4
FedAvg client 5
FedAvg client 6
FedAvg client 7
FedAvg client 8
FedAvg client 9
Round 240
FedAvg client 0
FedAvg client 1
FedAvg client 2
FedAvg client 3
FedAvg client 4
FedAvg client 5
FedAvg client 6
FedAvg client 7
FedAvg client 8
FedAvg client 9
Round 241
FedAvg client 0
FedAvg client 1
FedAvg client 2
FedAvg client 3
FedAvg client 4
FedAvg client 5
FedAvg client 6
FedAvg client 7
FedAvg client 8
FedAvg client 9
Round 242
FedAvg client 0
FedAvg client 1
FedAvg client 2
FedAvg client 3
FedAvg client 4
FedAvg client 5
FedAvg client 6
FedAvg client 7
FedAvg client 8
FedAvg client 9
Round 243
FedAvg client 0
FedAvg client 1
FedAvg client 2
FedAvg client 3
FedAvg client 4
FedAvg client 5
FedAvg client 6
FedAvg client 7
FedAvg client 8
FedAvg client 9
Round 244
FedAvg client 0
FedAvg client 1
FedAvg client 2
FedAvg client 3
FedAvg client 4
FedAvg client 5
FedAvg client 6
FedAvg client 7
FedAvg client 8
FedAvg client 9
Round 245
FedAvg client 0
FedAvg client 1
FedAvg client 2
FedAvg client 3
FedAvg client 4
FedAvg client 5
FedAvg client 6
FedAvg client 7
FedAvg client 8
FedAvg client 9
Round 246
FedAvg client 0
FedAvg client 1
FedAvg client 2
FedAvg client 3
FedAvg client 4
FedAvg client 5
FedAvg client 6
FedAvg client 7
FedAvg client 8
FedAvg client 9
Round 247
FedAvg client 0
FedAvg client 1
FedAvg client 2
FedAvg client 3
FedAvg client 4
FedAvg client 5
FedAvg client 6
FedAvg client 7
FedAvg client 8
FedAvg client 9
Round 248
FedAvg client 0
FedAvg client 1
FedAvg client 2
FedAvg client 3
FedAvg client 4
FedAvg client 5
FedAvg client 6
FedAvg client 7
FedAvg client 8
FedAvg client 9
Round 249
FedAvg client 0
FedAvg client 1
FedAvg client 2
FedAvg client 3
FedAvg client 4
FedAvg client 5
FedAvg client 6
FedAvg client 7
FedAvg client 8
FedAvg client 9
Round 250
FedAvg client 0
FedAvg client 1
FedAvg client 2
FedAvg client 3
FedAvg client 4
FedAvg client 5
FedAvg client 6
FedAvg client 7
FedAvg client 8
FedAvg client 9
Round 251
FedAvg client 0
FedAvg client 1
FedAvg client 2
FedAvg client 3
FedAvg client 4
FedAvg client 5
FedAvg client 6
FedAvg client 7
FedAvg client 8
FedAvg client 9
Round 252
FedAvg client 0
FedAvg client 1
FedAvg client 2
FedAvg client 3
FedAvg client 4
FedAvg client 5
FedAvg client 6
FedAvg client 7
FedAvg client 8
FedAvg client 9
Round 253
FedAvg client 0
FedAvg client 1
FedAvg client 2
FedAvg client 3
FedAvg client 4
FedAvg client 5
FedAvg client 6
FedAvg client 7
FedAvg client 8
FedAvg client 9
Round 254
FedAvg client 0
FedAvg client 1
FedAvg client 2
FedAvg client 3
FedAvg client 4
FedAvg client 5
FedAvg client 6
FedAvg client 7
FedAvg client 8
FedAvg client 9
Round 255
FedAvg client 0
FedAvg client 1
FedAvg client 2
FedAvg client 3
FedAvg client 4
FedAvg client 5
FedAvg client 6
FedAvg client 7
FedAvg client 8
FedAvg client 9
Round 256
FedAvg client 0
FedAvg client 1
FedAvg client 2
FedAvg client 3
FedAvg client 4
FedAvg client 5
FedAvg client 6
FedAvg client 7
FedAvg client 8
FedAvg client 9
Round 257
FedAvg client 0
FedAvg client 1
FedAvg client 2
FedAvg client 3
FedAvg client 4
FedAvg client 5
FedAvg client 6
FedAvg client 7
FedAvg client 8
FedAvg client 9
Round 258
FedAvg client 0
FedAvg client 1
FedAvg client 2
FedAvg client 3
FedAvg client 4
FedAvg client 5
FedAvg client 6
FedAvg client 7
FedAvg client 8
FedAvg client 9
Round 259
FedAvg client 0
FedAvg client 1
FedAvg client 2
FedAvg client 3
FedAvg client 4
FedAvg client 5
FedAvg client 6
FedAvg client 7
FedAvg client 8
FedAvg client 9
Round 260
FedAvg client 0
FedAvg client 1
FedAvg client 2
FedAvg client 3
FedAvg client 4
FedAvg client 5
FedAvg client 6
FedAvg client 7
FedAvg client 8
FedAvg client 9
Round 261
FedAvg client 0
FedAvg client 1
FedAvg client 2
FedAvg client 3
FedAvg client 4
FedAvg client 5
FedAvg client 6
FedAvg client 7
FedAvg client 8
FedAvg client 9
Round 262
FedAvg client 0
FedAvg client 1
FedAvg client 2
FedAvg client 3
FedAvg client 4
FedAvg client 5
FedAvg client 6
FedAvg client 7
FedAvg client 8
FedAvg client 9
Round 263
FedAvg client 0
FedAvg client 1
FedAvg client 2
FedAvg client 3
FedAvg client 4
FedAvg client 5
FedAvg client 6
FedAvg client 7
FedAvg client 8
FedAvg client 9
Round 264
FedAvg client 0
FedAvg client 1
FedAvg client 2
FedAvg client 3
FedAvg client 4
FedAvg client 5
FedAvg client 6
FedAvg client 7
FedAvg client 8
FedAvg client 9
Round 265
FedAvg client 0
FedAvg client 1
FedAvg client 2
FedAvg client 3
FedAvg client 4
FedAvg client 5
FedAvg client 6
FedAvg client 7
FedAvg client 8
FedAvg client 9
Round 266
FedAvg client 0
FedAvg client 1
FedAvg client 2
FedAvg client 3
FedAvg client 4
FedAvg client 5
FedAvg client 6
FedAvg client 7
FedAvg client 8
FedAvg client 9
Round 267
FedAvg client 0
FedAvg client 1
FedAvg client 2
FedAvg client 3
FedAvg client 4
FedAvg client 5
FedAvg client 6
FedAvg client 7
FedAvg client 8
FedAvg client 9
Round 268
FedAvg client 0
FedAvg client 1
FedAvg client 2
FedAvg client 3
FedAvg client 4
FedAvg client 5
FedAvg client 6
FedAvg client 7
FedAvg client 8
FedAvg client 9
Round 269
FedAvg client 0
FedAvg client 1
FedAvg client 2
FedAvg client 3
FedAvg client 4
FedAvg client 5
FedAvg client 6
FedAvg client 7
FedAvg client 8
FedAvg client 9
Round 270
FedAvg client 0
FedAvg client 1
FedAvg client 2
FedAvg client 3
FedAvg client 4
FedAvg client 5
FedAvg client 6
FedAvg client 7
FedAvg client 8
FedAvg client 9
Round 271
FedAvg client 0
FedAvg client 1
FedAvg client 2
FedAvg client 3
FedAvg client 4
FedAvg client 5
FedAvg client 6
FedAvg client 7
FedAvg client 8
FedAvg client 9
Round 272
FedAvg client 0
FedAvg client 1
FedAvg client 2
FedAvg client 3
FedAvg client 4
FedAvg client 5
FedAvg client 6
FedAvg client 7
FedAvg client 8
FedAvg client 9
Round 273
FedAvg client 0
FedAvg client 1
FedAvg client 2
FedAvg client 3
FedAvg client 4
FedAvg client 5
FedAvg client 6
FedAvg client 7
FedAvg client 8
FedAvg client 9
Round 274
FedAvg client 0
FedAvg client 1
FedAvg client 2
FedAvg client 3
FedAvg client 4
FedAvg client 5
FedAvg client 6
FedAvg client 7
FedAvg client 8
FedAvg client 9
Round 275
FedAvg client 0
FedAvg client 1
FedAvg client 2
FedAvg client 3
FedAvg client 4
FedAvg client 5
FedAvg client 6
FedAvg client 7
FedAvg client 8
FedAvg client 9
Round 276
FedAvg client 0
FedAvg client 1
FedAvg client 2
FedAvg client 3
FedAvg client 4
FedAvg client 5
FedAvg client 6
FedAvg client 7
FedAvg client 8
FedAvg client 9
Round 277
FedAvg client 0
FedAvg client 1
FedAvg client 2
FedAvg client 3
FedAvg client 4
FedAvg client 5
FedAvg client 6
FedAvg client 7
FedAvg client 8
FedAvg client 9
Round 278
FedAvg client 0
FedAvg client 1
FedAvg client 2
FedAvg client 3
FedAvg client 4
FedAvg client 5
FedAvg client 6
FedAvg client 7
FedAvg client 8
FedAvg client 9
Round 279
FedAvg client 0
FedAvg client 1
FedAvg client 2
FedAvg client 3
FedAvg client 4
FedAvg client 5
FedAvg client 6
FedAvg client 7
FedAvg client 8
FedAvg client 9
Round 280
FedAvg client 0
FedAvg client 1
FedAvg client 2
FedAvg client 3
FedAvg client 4
FedAvg client 5
FedAvg client 6
FedAvg client 7
FedAvg client 8
FedAvg client 9
Round 281
FedAvg client 0
FedAvg client 1
FedAvg client 2
FedAvg client 3
FedAvg client 4
FedAvg client 5
FedAvg client 6
FedAvg client 7
FedAvg client 8
FedAvg client 9
Round 282
FedAvg client 0
FedAvg client 1
FedAvg client 2
FedAvg client 3
FedAvg client 4
FedAvg client 5
FedAvg client 6
FedAvg client 7
FedAvg client 8
FedAvg client 9
Round 283
FedAvg client 0
FedAvg client 1
FedAvg client 2
FedAvg client 3
FedAvg client 4
FedAvg client 5
FedAvg client 6
FedAvg client 7
FedAvg client 8
FedAvg client 9
Round 284
FedAvg client 0
FedAvg client 1
FedAvg client 2
FedAvg client 3
FedAvg client 4
FedAvg client 5
FedAvg client 6
FedAvg client 7
FedAvg client 8
FedAvg client 9
Round 285
FedAvg client 0
FedAvg client 1
FedAvg client 2
FedAvg client 3
FedAvg client 4
FedAvg client 5
FedAvg client 6
FedAvg client 7
FedAvg client 8
FedAvg client 9
Round 286
FedAvg client 0
FedAvg client 1
FedAvg client 2
FedAvg client 3
FedAvg client 4
FedAvg client 5
FedAvg client 6
FedAvg client 7
FedAvg client 8
FedAvg client 9
Round 287
FedAvg client 0
FedAvg client 1
FedAvg client 2
FedAvg client 3
FedAvg client 4
FedAvg client 5
FedAvg client 6
FedAvg client 7
FedAvg client 8
FedAvg client 9
Round 288
FedAvg client 0
FedAvg client 1
FedAvg client 2
FedAvg client 3
FedAvg client 4
FedAvg client 5
FedAvg client 6
FedAvg client 7
FedAvg client 8
FedAvg client 9
Round 289
FedAvg client 0
FedAvg client 1
FedAvg client 2
FedAvg client 3
FedAvg client 4
FedAvg client 5
FedAvg client 6
FedAvg client 7
FedAvg client 8
FedAvg client 9
Round 290
FedAvg client 0
FedAvg client 1
FedAvg client 2
FedAvg client 3
FedAvg client 4
FedAvg client 5
FedAvg client 6
FedAvg client 7
FedAvg client 8
FedAvg client 9
Round 291
FedAvg client 0
FedAvg client 1
FedAvg client 2
FedAvg client 3
FedAvg client 4
FedAvg client 5
FedAvg client 6
FedAvg client 7
FedAvg client 8
FedAvg client 9
Round 292
FedAvg client 0
FedAvg client 1
FedAvg client 2
FedAvg client 3
FedAvg client 4
FedAvg client 5
FedAvg client 6
FedAvg client 7
FedAvg client 8
FedAvg client 9
Round 293
FedAvg client 0
FedAvg client 1
FedAvg client 2
FedAvg client 3
FedAvg client 4
FedAvg client 5
FedAvg client 6
FedAvg client 7
FedAvg client 8
FedAvg client 9
Round 294
FedAvg client 0
FedAvg client 1
FedAvg client 2
FedAvg client 3
FedAvg client 4
FedAvg client 5
FedAvg client 6
FedAvg client 7
FedAvg client 8
FedAvg client 9
Round 295
FedAvg client 0
FedAvg client 1
FedAvg client 2
FedAvg client 3
FedAvg client 4
FedAvg client 5
FedAvg client 6
FedAvg client 7
FedAvg client 8
FedAvg client 9
Round 296
FedAvg client 0
FedAvg client 1
FedAvg client 2
FedAvg client 3
FedAvg client 4
FedAvg client 5
FedAvg client 6
FedAvg client 7
FedAvg client 8
FedAvg client 9
Round 297
FedAvg client 0
FedAvg client 1
FedAvg client 2
FedAvg client 3
FedAvg client 4
FedAvg client 5
FedAvg client 6
FedAvg client 7
FedAvg client 8
FedAvg client 9
Round 298
FedAvg client 0
FedAvg client 1
FedAvg client 2
FedAvg client 3
FedAvg client 4
FedAvg client 5
FedAvg client 6
FedAvg client 7
FedAvg client 8
FedAvg client 9
Round 299
FedAvg client 0
FedAvg client 1
FedAvg client 2
FedAvg client 3
FedAvg client 4
FedAvg client 5
FedAvg client 6
FedAvg client 7
FedAvg client 8
FedAvg client 9
Round 300
FedAvg client 0
FedAvg client 1
FedAvg client 2
FedAvg client 3
FedAvg client 4
FedAvg client 5
FedAvg client 6
FedAvg client 7
FedAvg client 8
FedAvg client 9
Round 301
FedAvg client 0
FedAvg client 1
FedAvg client 2
FedAvg client 3
FedAvg client 4
FedAvg client 5
FedAvg client 6
FedAvg client 7
FedAvg client 8
FedAvg client 9
Round 302
FedAvg client 0
FedAvg client 1
FedAvg client 2
FedAvg client 3
FedAvg client 4
FedAvg client 5
FedAvg client 6
FedAvg client 7
FedAvg client 8
FedAvg client 9
Round 303
FedAvg client 0
FedAvg client 1
FedAvg client 2
FedAvg client 3
FedAvg client 4
FedAvg client 5
FedAvg client 6
FedAvg client 7
FedAvg client 8
FedAvg client 9
Round 304
FedAvg client 0
FedAvg client 1
FedAvg client 2
FedAvg client 3
FedAvg client 4
FedAvg client 5
FedAvg client 6
FedAvg client 7
FedAvg client 8
FedAvg client 9
Round 305
FedAvg client 0
FedAvg client 1
FedAvg client 2
FedAvg client 3
FedAvg client 4
FedAvg client 5
FedAvg client 6
FedAvg client 7
FedAvg client 8
FedAvg client 9
Round 306
FedAvg client 0
FedAvg client 1
FedAvg client 2
FedAvg client 3
FedAvg client 4
FedAvg client 5
FedAvg client 6
FedAvg client 7
FedAvg client 8
FedAvg client 9
Round 307
FedAvg client 0
FedAvg client 1
FedAvg client 2
FedAvg client 3
FedAvg client 4
FedAvg client 5
FedAvg client 6
FedAvg client 7
FedAvg client 8
FedAvg client 9
Round 308
FedAvg client 0
FedAvg client 1
FedAvg client 2
FedAvg client 3
FedAvg client 4
FedAvg client 5
FedAvg client 6
FedAvg client 7
FedAvg client 8
FedAvg client 9
Round 309
FedAvg client 0
FedAvg client 1
FedAvg client 2
FedAvg client 3
FedAvg client 4
FedAvg client 5
FedAvg client 6
FedAvg client 7
FedAvg client 8
FedAvg client 9
Round 310
FedAvg client 0
FedAvg client 1
FedAvg client 2
FedAvg client 3
FedAvg client 4
FedAvg client 5
FedAvg client 6
FedAvg client 7
FedAvg client 8
FedAvg client 9
Round 311
FedAvg client 0
FedAvg client 1
FedAvg client 2
FedAvg client 3
FedAvg client 4
FedAvg client 5
FedAvg client 6
FedAvg client 7
FedAvg client 8
FedAvg client 9
Round 312
FedAvg client 0
FedAvg client 1
FedAvg client 2
FedAvg client 3
FedAvg client 4
FedAvg client 5
FedAvg client 6
FedAvg client 7
FedAvg client 8
FedAvg client 9
Round 313
FedAvg client 0
FedAvg client 1
FedAvg client 2
FedAvg client 3
FedAvg client 4
FedAvg client 5
FedAvg client 6
FedAvg client 7
FedAvg client 8
FedAvg client 9
Round 314
FedAvg client 0
FedAvg client 1
FedAvg client 2
FedAvg client 3
FedAvg client 4
FedAvg client 5
FedAvg client 6
FedAvg client 7
FedAvg client 8
FedAvg client 9
Round 315
FedAvg client 0
FedAvg client 1
FedAvg client 2
FedAvg client 3
FedAvg client 4
FedAvg client 5
FedAvg client 6
FedAvg client 7
FedAvg client 8
FedAvg client 9
Round 316
FedAvg client 0
FedAvg client 1
FedAvg client 2
FedAvg client 3
FedAvg client 4
FedAvg client 5
FedAvg client 6
FedAvg client 7
FedAvg client 8
FedAvg client 9
Round 317
FedAvg client 0
FedAvg client 1
FedAvg client 2
FedAvg client 3
FedAvg client 4
FedAvg client 5
FedAvg client 6
FedAvg client 7
FedAvg client 8
FedAvg client 9
Round 318
FedAvg client 0
FedAvg client 1
FedAvg client 2
FedAvg client 3
FedAvg client 4
FedAvg client 5
FedAvg client 6
FedAvg client 7
FedAvg client 8
FedAvg client 9
Round 319
FedAvg client 0
FedAvg client 1
FedAvg client 2
FedAvg client 3
FedAvg client 4
FedAvg client 5
FedAvg client 6
FedAvg client 7
FedAvg client 8
FedAvg client 9
Round 320
FedAvg client 0
FedAvg client 1
FedAvg client 2
FedAvg client 3
FedAvg client 4
FedAvg client 5
FedAvg client 6
FedAvg client 7
FedAvg client 8
FedAvg client 9
Round 321
FedAvg client 0
FedAvg client 1
FedAvg client 2
FedAvg client 3
FedAvg client 4
FedAvg client 5
FedAvg client 6
FedAvg client 7
FedAvg client 8
FedAvg client 9
Round 322
FedAvg client 0
FedAvg client 1
FedAvg client 2
FedAvg client 3
FedAvg client 4
FedAvg client 5
FedAvg client 6
FedAvg client 7
FedAvg client 8
FedAvg client 9
Round 323
FedAvg client 0
FedAvg client 1
FedAvg client 2
FedAvg client 3
FedAvg client 4
FedAvg client 5
FedAvg client 6
FedAvg client 7
FedAvg client 8
FedAvg client 9
Round 324
FedAvg client 0
FedAvg client 1
FedAvg client 2
FedAvg client 3
FedAvg client 4
FedAvg client 5
FedAvg client 6
FedAvg client 7
FedAvg client 8
FedAvg client 9
Round 325
FedAvg client 0
FedAvg client 1
FedAvg client 2
FedAvg client 3
FedAvg client 4
FedAvg client 5
FedAvg client 6
FedAvg client 7
FedAvg client 8
FedAvg client 9
Round 326
FedAvg client 0
FedAvg client 1
FedAvg client 2
FedAvg client 3
FedAvg client 4
FedAvg client 5
FedAvg client 6
FedAvg client 7
FedAvg client 8
FedAvg client 9
Round 327
FedAvg client 0
FedAvg client 1
FedAvg client 2
FedAvg client 3
FedAvg client 4
FedAvg client 5
FedAvg client 6
FedAvg client 7
FedAvg client 8
FedAvg client 9
Round 328
FedAvg client 0
FedAvg client 1
FedAvg client 2
FedAvg client 3
FedAvg client 4
FedAvg client 5
FedAvg client 6
FedAvg client 7
FedAvg client 8
FedAvg client 9
Round 329
FedAvg client 0
FedAvg client 1
FedAvg client 2
FedAvg client 3
FedAvg client 4
FedAvg client 5
FedAvg client 6
FedAvg client 7
FedAvg client 8
FedAvg client 9
Round 330
FedAvg client 0
FedAvg client 1
FedAvg client 2
FedAvg client 3
FedAvg client 4
FedAvg client 5
FedAvg client 6
FedAvg client 7
FedAvg client 8
FedAvg client 9
Round 331
FedAvg client 0
FedAvg client 1
FedAvg client 2
FedAvg client 3
FedAvg client 4
FedAvg client 5
FedAvg client 6
FedAvg client 7
FedAvg client 8
FedAvg client 9
Round 332
FedAvg client 0
FedAvg client 1
FedAvg client 2
FedAvg client 3
FedAvg client 4
FedAvg client 5
FedAvg client 6
FedAvg client 7
FedAvg client 8
FedAvg client 9
Round 333
FedAvg client 0
FedAvg client 1
FedAvg client 2
FedAvg client 3
FedAvg client 4
FedAvg client 5
FedAvg client 6
FedAvg client 7
FedAvg client 8
FedAvg client 9
Round 334
FedAvg client 0
FedAvg client 1
FedAvg client 2
FedAvg client 3
FedAvg client 4
FedAvg client 5
FedAvg client 6
FedAvg client 7
FedAvg client 8
FedAvg client 9
Round 335
FedAvg client 0
FedAvg client 1
FedAvg client 2
FedAvg client 3
FedAvg client 4
FedAvg client 5
FedAvg client 6
FedAvg client 7
FedAvg client 8
FedAvg client 9
Round 336
FedAvg client 0
FedAvg client 1
FedAvg client 2
FedAvg client 3
FedAvg client 4
FedAvg client 5
FedAvg client 6
FedAvg client 7
FedAvg client 8
FedAvg client 9
Round 337
FedAvg client 0
FedAvg client 1
FedAvg client 2
FedAvg client 3
FedAvg client 4
FedAvg client 5
FedAvg client 6
FedAvg client 7
FedAvg client 8
FedAvg client 9
Round 338
FedAvg client 0
FedAvg client 1
FedAvg client 2
FedAvg client 3
FedAvg client 4
FedAvg client 5
FedAvg client 6
FedAvg client 7
FedAvg client 8
FedAvg client 9
Round 339
FedAvg client 0
FedAvg client 1
FedAvg client 2
FedAvg client 3
FedAvg client 4
FedAvg client 5
FedAvg client 6
FedAvg client 7
FedAvg client 8
FedAvg client 9
Round 340
FedAvg client 0
FedAvg client 1
FedAvg client 2
FedAvg client 3
FedAvg client 4
FedAvg client 5
FedAvg client 6
FedAvg client 7
FedAvg client 8
FedAvg client 9
Round 341
FedAvg client 0
FedAvg client 1
FedAvg client 2
FedAvg client 3
FedAvg client 4
FedAvg client 5
FedAvg client 6
FedAvg client 7
FedAvg client 8
FedAvg client 9
Round 342
FedAvg client 0
FedAvg client 1
FedAvg client 2
FedAvg client 3
FedAvg client 4
FedAvg client 5
FedAvg client 6
FedAvg client 7
FedAvg client 8
FedAvg client 9
Round 343
FedAvg client 0
FedAvg client 1
FedAvg client 2
FedAvg client 3
FedAvg client 4
FedAvg client 5
FedAvg client 6
FedAvg client 7
FedAvg client 8
FedAvg client 9
Round 344
FedAvg client 0
FedAvg client 1
FedAvg client 2
FedAvg client 3
FedAvg client 4
FedAvg client 5
FedAvg client 6
FedAvg client 7
FedAvg client 8
FedAvg client 9
Round 345
FedAvg client 0
FedAvg client 1
FedAvg client 2
FedAvg client 3
FedAvg client 4
FedAvg client 5
FedAvg client 6
FedAvg client 7
FedAvg client 8
FedAvg client 9
Round 346
FedAvg client 0
FedAvg client 1
FedAvg client 2
FedAvg client 3
FedAvg client 4
FedAvg client 5
FedAvg client 6
FedAvg client 7
FedAvg client 8
FedAvg client 9
Round 347
FedAvg client 0
FedAvg client 1
FedAvg client 2
FedAvg client 3
FedAvg client 4
FedAvg client 5
FedAvg client 6
FedAvg client 7
FedAvg client 8
FedAvg client 9
Round 348
FedAvg client 0
FedAvg client 1
FedAvg client 2
FedAvg client 3
FedAvg client 4
FedAvg client 5
FedAvg client 6
FedAvg client 7
FedAvg client 8
FedAvg client 9
Round 349
FedAvg client 0
FedAvg client 1
FedAvg client 2
FedAvg client 3
FedAvg client 4
FedAvg client 5
FedAvg client 6
FedAvg client 7
FedAvg client 8
FedAvg client 9
Round 350
FedAvg client 0
FedAvg client 1
FedAvg client 2
FedAvg client 3
FedAvg client 4
FedAvg client 5
FedAvg client 6
FedAvg client 7
FedAvg client 8
FedAvg client 9
Round 351
FedAvg client 0
FedAvg client 1
FedAvg client 2
FedAvg client 3
FedAvg client 4
FedAvg client 5
FedAvg client 6
FedAvg client 7
FedAvg client 8
FedAvg client 9
Round 352
FedAvg client 0
FedAvg client 1
FedAvg client 2
FedAvg client 3
FedAvg client 4
FedAvg client 5
FedAvg client 6
FedAvg client 7
FedAvg client 8
FedAvg client 9
Round 353
FedAvg client 0
FedAvg client 1
FedAvg client 2
FedAvg client 3
FedAvg client 4
FedAvg client 5
FedAvg client 6
FedAvg client 7
FedAvg client 8
FedAvg client 9
Round 354
FedAvg client 0
FedAvg client 1
FedAvg client 2
FedAvg client 3
FedAvg client 4
FedAvg client 5
FedAvg client 6
FedAvg client 7
FedAvg client 8
FedAvg client 9
Round 355
FedAvg client 0
FedAvg client 1
FedAvg client 2
FedAvg client 3
FedAvg client 4
FedAvg client 5
FedAvg client 6
FedAvg client 7
FedAvg client 8
FedAvg client 9
Round 356
FedAvg client 0
FedAvg client 1
FedAvg client 2
FedAvg client 3
FedAvg client 4
FedAvg client 5
FedAvg client 6
FedAvg client 7
FedAvg client 8
FedAvg client 9
Round 357
FedAvg client 0
FedAvg client 1
FedAvg client 2
FedAvg client 3
FedAvg client 4
FedAvg client 5
FedAvg client 6
FedAvg client 7
FedAvg client 8
FedAvg client 9
Round 358
FedAvg client 0
FedAvg client 1
FedAvg client 2
FedAvg client 3
FedAvg client 4
FedAvg client 5
FedAvg client 6
FedAvg client 7
FedAvg client 8
FedAvg client 9
Round 359
FedAvg client 0
FedAvg client 1
FedAvg client 2
FedAvg client 3
FedAvg client 4
FedAvg client 5
FedAvg client 6
FedAvg client 7
FedAvg client 8
FedAvg client 9
Round 360
FedAvg client 0
FedAvg client 1
FedAvg client 2
FedAvg client 3
FedAvg client 4
FedAvg client 5
FedAvg client 6
FedAvg client 7
FedAvg client 8
FedAvg client 9
Round 361
FedAvg client 0
FedAvg client 1
FedAvg client 2
FedAvg client 3
FedAvg client 4
FedAvg client 5
FedAvg client 6
FedAvg client 7
FedAvg client 8
FedAvg client 9
Round 362
FedAvg client 0
FedAvg client 1
FedAvg client 2
FedAvg client 3
FedAvg client 4
FedAvg client 5
FedAvg client 6
FedAvg client 7
FedAvg client 8
FedAvg client 9
Round 363
FedAvg client 0
FedAvg client 1
FedAvg client 2
FedAvg client 3
FedAvg client 4
FedAvg client 5
FedAvg client 6
FedAvg client 7
FedAvg client 8
FedAvg client 9
Round 364
FedAvg client 0
FedAvg client 1
FedAvg client 2
FedAvg client 3
FedAvg client 4
FedAvg client 5
FedAvg client 6
FedAvg client 7
FedAvg client 8
FedAvg client 9
Round 365
FedAvg client 0
FedAvg client 1
FedAvg client 2
FedAvg client 3
FedAvg client 4
FedAvg client 5
FedAvg client 6
FedAvg client 7
FedAvg client 8
FedAvg client 9
Round 366
FedAvg client 0
FedAvg client 1
FedAvg client 2
FedAvg client 3
FedAvg client 4
FedAvg client 5
FedAvg client 6
FedAvg client 7
FedAvg client 8
FedAvg client 9
Round 367
FedAvg client 0
FedAvg client 1
FedAvg client 2
FedAvg client 3
FedAvg client 4
FedAvg client 5
FedAvg client 6
FedAvg client 7
FedAvg client 8
FedAvg client 9
Round 368
FedAvg client 0
FedAvg client 1
FedAvg client 2
FedAvg client 3
FedAvg client 4
FedAvg client 5
FedAvg client 6
FedAvg client 7
FedAvg client 8
FedAvg client 9
Round 369
FedAvg client 0
FedAvg client 1
FedAvg client 2
FedAvg client 3
FedAvg client 4
FedAvg client 5
FedAvg client 6
FedAvg client 7
FedAvg client 8
FedAvg client 9
Round 370
FedAvg client 0
FedAvg client 1
FedAvg client 2
FedAvg client 3
FedAvg client 4
FedAvg client 5
FedAvg client 6
FedAvg client 7
FedAvg client 8
FedAvg client 9
Round 371
FedAvg client 0
FedAvg client 1
FedAvg client 2
FedAvg client 3
FedAvg client 4
FedAvg client 5
FedAvg client 6
FedAvg client 7
FedAvg client 8
FedAvg client 9
Round 372
FedAvg client 0
FedAvg client 1
FedAvg client 2
FedAvg client 3
FedAvg client 4
FedAvg client 5
FedAvg client 6
FedAvg client 7
FedAvg client 8
FedAvg client 9
Round 373
FedAvg client 0
FedAvg client 1
FedAvg client 2
FedAvg client 3
FedAvg client 4
FedAvg client 5
FedAvg client 6
FedAvg client 7
FedAvg client 8
FedAvg client 9
Round 374
FedAvg client 0
FedAvg client 1
FedAvg client 2
FedAvg client 3
FedAvg client 4
FedAvg client 5
FedAvg client 6
FedAvg client 7
FedAvg client 8
FedAvg client 9
Round 375
FedAvg client 0
FedAvg client 1
FedAvg client 2
FedAvg client 3
FedAvg client 4
FedAvg client 5
FedAvg client 6
FedAvg client 7
FedAvg client 8
FedAvg client 9
Round 376
FedAvg client 0
FedAvg client 1
FedAvg client 2
FedAvg client 3
FedAvg client 4
FedAvg client 5
FedAvg client 6
FedAvg client 7
FedAvg client 8
FedAvg client 9
Round 377
FedAvg client 0
FedAvg client 1
FedAvg client 2
FedAvg client 3
FedAvg client 4
FedAvg client 5
FedAvg client 6
FedAvg client 7
FedAvg client 8
FedAvg client 9
Round 378
FedAvg client 0
FedAvg client 1
FedAvg client 2
FedAvg client 3
FedAvg client 4
FedAvg client 5
FedAvg client 6
FedAvg client 7
FedAvg client 8
FedAvg client 9
Round 379
FedAvg client 0
FedAvg client 1
FedAvg client 2
FedAvg client 3
FedAvg client 4
FedAvg client 5
FedAvg client 6
FedAvg client 7
FedAvg client 8
FedAvg client 9
Round 380
FedAvg client 0
FedAvg client 1
FedAvg client 2
FedAvg client 3
FedAvg client 4
FedAvg client 5
FedAvg client 6
FedAvg client 7
FedAvg client 8
FedAvg client 9
Round 381
FedAvg client 0
FedAvg client 1
FedAvg client 2
FedAvg client 3
FedAvg client 4
FedAvg client 5
FedAvg client 6
FedAvg client 7
FedAvg client 8
FedAvg client 9
Round 382
FedAvg client 0
FedAvg client 1
FedAvg client 2
FedAvg client 3
FedAvg client 4
FedAvg client 5
FedAvg client 6
FedAvg client 7
FedAvg client 8
FedAvg client 9
Round 383
FedAvg client 0
FedAvg client 1
FedAvg client 2
FedAvg client 3
FedAvg client 4
FedAvg client 5
FedAvg client 6
FedAvg client 7
FedAvg client 8
FedAvg client 9
Round 384
FedAvg client 0
FedAvg client 1
FedAvg client 2
FedAvg client 3
FedAvg client 4
FedAvg client 5
FedAvg client 6
FedAvg client 7
FedAvg client 8
FedAvg client 9
Round 385
FedAvg client 0
FedAvg client 1
FedAvg client 2
FedAvg client 3
FedAvg client 4
FedAvg client 5
FedAvg client 6
FedAvg client 7
FedAvg client 8
FedAvg client 9
Round 386
FedAvg client 0
FedAvg client 1
FedAvg client 2
FedAvg client 3
FedAvg client 4
FedAvg client 5
FedAvg client 6
FedAvg client 7
FedAvg client 8
FedAvg client 9
Round 387
FedAvg client 0
FedAvg client 1
FedAvg client 2
FedAvg client 3
FedAvg client 4
FedAvg client 5
FedAvg client 6
FedAvg client 7
FedAvg client 8
FedAvg client 9
Round 388
FedAvg client 0
FedAvg client 1
FedAvg client 2
FedAvg client 3
FedAvg client 4
FedAvg client 5
FedAvg client 6
FedAvg client 7
FedAvg client 8
FedAvg client 9
Round 389
FedAvg client 0
FedAvg client 1
FedAvg client 2
FedAvg client 3
FedAvg client 4
FedAvg client 5
FedAvg client 6
FedAvg client 7
FedAvg client 8
FedAvg client 9
Round 390
FedAvg client 0
FedAvg client 1
FedAvg client 2
FedAvg client 3
FedAvg client 4
FedAvg client 5
FedAvg client 6
FedAvg client 7
FedAvg client 8
FedAvg client 9
Round 391
FedAvg client 0
FedAvg client 1
FedAvg client 2
FedAvg client 3
FedAvg client 4
FedAvg client 5
FedAvg client 6
FedAvg client 7
FedAvg client 8
FedAvg client 9
Round 392
FedAvg client 0
FedAvg client 1
FedAvg client 2
FedAvg client 3
FedAvg client 4
FedAvg client 5
FedAvg client 6
FedAvg client 7
FedAvg client 8
FedAvg client 9
Round 393
FedAvg client 0
FedAvg client 1
FedAvg client 2
FedAvg client 3
FedAvg client 4
FedAvg client 5
FedAvg client 6
FedAvg client 7
FedAvg client 8
FedAvg client 9
Round 394
FedAvg client 0
FedAvg client 1
FedAvg client 2
FedAvg client 3
FedAvg client 4
FedAvg client 5
FedAvg client 6
FedAvg client 7
FedAvg client 8
FedAvg client 9
Round 395
FedAvg client 0
FedAvg client 1
FedAvg client 2
FedAvg client 3
FedAvg client 4
FedAvg client 5
FedAvg client 6
FedAvg client 7
FedAvg client 8
FedAvg client 9
Round 396
FedAvg client 0
FedAvg client 1
FedAvg client 2
FedAvg client 3
FedAvg client 4
FedAvg client 5
FedAvg client 6
FedAvg client 7
FedAvg client 8
FedAvg client 9
Round 397
FedAvg client 0
FedAvg client 1
FedAvg client 2
FedAvg client 3
FedAvg client 4
FedAvg client 5
FedAvg client 6
FedAvg client 7
FedAvg client 8
FedAvg client 9
Round 398
FedAvg client 0
FedAvg client 1
FedAvg client 2
FedAvg client 3
FedAvg client 4
FedAvg client 5
FedAvg client 6
FedAvg client 7
FedAvg client 8
FedAvg client 9
Round 399
FedAvg client 0
FedAvg client 1
FedAvg client 2
FedAvg client 3
FedAvg client 4
FedAvg client 5
FedAvg client 6
FedAvg client 7
FedAvg client 8
FedAvg client 9
Round 400
FedAvg client 0
FedAvg client 1
FedAvg client 2
FedAvg client 3
FedAvg client 4
FedAvg client 5
FedAvg client 6
FedAvg client 7
FedAvg client 8
FedAvg client 9
Round 401
FedAvg client 0
FedAvg client 1
FedAvg client 2
FedAvg client 3
FedAvg client 4
FedAvg client 5
FedAvg client 6
FedAvg client 7
FedAvg client 8
FedAvg client 9
Round 402
FedAvg client 0
FedAvg client 1
FedAvg client 2
FedAvg client 3
FedAvg client 4
FedAvg client 5
FedAvg client 6
FedAvg client 7
FedAvg client 8
FedAvg client 9
Round 403
FedAvg client 0
FedAvg client 1
FedAvg client 2
FedAvg client 3
FedAvg client 4
FedAvg client 5
FedAvg client 6
FedAvg client 7
FedAvg client 8
FedAvg client 9
Round 404
FedAvg client 0
FedAvg client 1
FedAvg client 2
FedAvg client 3
FedAvg client 4
FedAvg client 5
FedAvg client 6
FedAvg client 7
FedAvg client 8
FedAvg client 9
Round 405
FedAvg client 0
FedAvg client 1
FedAvg client 2
FedAvg client 3
FedAvg client 4
FedAvg client 5
FedAvg client 6
FedAvg client 7
FedAvg client 8
FedAvg client 9
Round 406
FedAvg client 0
FedAvg client 1
FedAvg client 2
FedAvg client 3
FedAvg client 4
FedAvg client 5
FedAvg client 6
FedAvg client 7
FedAvg client 8
FedAvg client 9
Round 407
FedAvg client 0
FedAvg client 1
FedAvg client 2
FedAvg client 3
FedAvg client 4
FedAvg client 5
FedAvg client 6
FedAvg client 7
FedAvg client 8
FedAvg client 9
Round 408
FedAvg client 0
FedAvg client 1
FedAvg client 2
FedAvg client 3
FedAvg client 4
FedAvg client 5
FedAvg client 6
FedAvg client 7
FedAvg client 8
FedAvg client 9
Round 409
FedAvg client 0
FedAvg client 1
FedAvg client 2
FedAvg client 3
FedAvg client 4
FedAvg client 5
FedAvg client 6
FedAvg client 7
FedAvg client 8
FedAvg client 9
Round 410
FedAvg client 0
FedAvg client 1
FedAvg client 2
FedAvg client 3
FedAvg client 4
FedAvg client 5
FedAvg client 6
FedAvg client 7
FedAvg client 8
FedAvg client 9
Round 411
FedAvg client 0
FedAvg client 1
FedAvg client 2
FedAvg client 3
FedAvg client 4
FedAvg client 5
FedAvg client 6
FedAvg client 7
FedAvg client 8
FedAvg client 9
Round 412
FedAvg client 0
FedAvg client 1
FedAvg client 2
FedAvg client 3
FedAvg client 4
FedAvg client 5
FedAvg client 6
FedAvg client 7
FedAvg client 8
FedAvg client 9
Round 413
FedAvg client 0
FedAvg client 1
FedAvg client 2
FedAvg client 3
FedAvg client 4
FedAvg client 5
FedAvg client 6
FedAvg client 7
FedAvg client 8
FedAvg client 9
Round 414
FedAvg client 0
FedAvg client 1
FedAvg client 2
FedAvg client 3
FedAvg client 4
FedAvg client 5
FedAvg client 6
FedAvg client 7
FedAvg client 8
FedAvg client 9
Round 415
FedAvg client 0
FedAvg client 1
FedAvg client 2
FedAvg client 3
FedAvg client 4
FedAvg client 5
FedAvg client 6
FedAvg client 7
FedAvg client 8
FedAvg client 9
Round 416
FedAvg client 0
FedAvg client 1
FedAvg client 2
FedAvg client 3
FedAvg client 4
FedAvg client 5
FedAvg client 6
FedAvg client 7
FedAvg client 8
FedAvg client 9
Round 417
FedAvg client 0
FedAvg client 1
FedAvg client 2
FedAvg client 3
FedAvg client 4
FedAvg client 5
FedAvg client 6
FedAvg client 7
FedAvg client 8
FedAvg client 9
Round 418
FedAvg client 0
FedAvg client 1
FedAvg client 2
FedAvg client 3
FedAvg client 4
FedAvg client 5
FedAvg client 6
FedAvg client 7
FedAvg client 8
FedAvg client 9
Round 419
FedAvg client 0
FedAvg client 1
FedAvg client 2
FedAvg client 3
FedAvg client 4
FedAvg client 5
FedAvg client 6
FedAvg client 7
FedAvg client 8
FedAvg client 9
Round 420
FedAvg client 0
FedAvg client 1
FedAvg client 2
FedAvg client 3
FedAvg client 4
FedAvg client 5
FedAvg client 6
FedAvg client 7
FedAvg client 8
FedAvg client 9
Round 421
FedAvg client 0
FedAvg client 1
FedAvg client 2
FedAvg client 3
FedAvg client 4
FedAvg client 5
FedAvg client 6
FedAvg client 7
FedAvg client 8
FedAvg client 9
Round 422
FedAvg client 0
FedAvg client 1
FedAvg client 2
FedAvg client 3
FedAvg client 4
FedAvg client 5
FedAvg client 6
FedAvg client 7
FedAvg client 8
FedAvg client 9
Round 423
FedAvg client 0
FedAvg client 1
FedAvg client 2
FedAvg client 3
FedAvg client 4
FedAvg client 5
FedAvg client 6
FedAvg client 7
FedAvg client 8
FedAvg client 9
Round 424
FedAvg client 0
FedAvg client 1
FedAvg client 2
FedAvg client 3
FedAvg client 4
FedAvg client 5
FedAvg client 6
FedAvg client 7
FedAvg client 8
FedAvg client 9
Round 425
FedAvg client 0
FedAvg client 1
FedAvg client 2
FedAvg client 3
FedAvg client 4
FedAvg client 5
FedAvg client 6
FedAvg client 7
FedAvg client 8
FedAvg client 9
Round 426
FedAvg client 0
FedAvg client 1
FedAvg client 2
FedAvg client 3
FedAvg client 4
FedAvg client 5
FedAvg client 6
FedAvg client 7
FedAvg client 8
FedAvg client 9
Round 427
FedAvg client 0
FedAvg client 1
FedAvg client 2
FedAvg client 3
FedAvg client 4
FedAvg client 5
FedAvg client 6
FedAvg client 7
FedAvg client 8
FedAvg client 9
Round 428
FedAvg client 0
FedAvg client 1
FedAvg client 2
FedAvg client 3
FedAvg client 4
FedAvg client 5
FedAvg client 6
FedAvg client 7
FedAvg client 8
FedAvg client 9
Round 429
FedAvg client 0
FedAvg client 1
FedAvg client 2
FedAvg client 3
FedAvg client 4
FedAvg client 5
FedAvg client 6
FedAvg client 7
FedAvg client 8
FedAvg client 9
Round 430
FedAvg client 0
FedAvg client 1
FedAvg client 2
FedAvg client 3
FedAvg client 4
FedAvg client 5
FedAvg client 6
FedAvg client 7
FedAvg client 8
FedAvg client 9
Round 431
FedAvg client 0
FedAvg client 1
FedAvg client 2
FedAvg client 3
FedAvg client 4
FedAvg client 5
FedAvg client 6
FedAvg client 7
FedAvg client 8
FedAvg client 9
Round 432
FedAvg client 0
FedAvg client 1
FedAvg client 2
FedAvg client 3
FedAvg client 4
FedAvg client 5
FedAvg client 6
FedAvg client 7
FedAvg client 8
FedAvg client 9
Round 433
FedAvg client 0
FedAvg client 1
FedAvg client 2
FedAvg client 3
FedAvg client 4
FedAvg client 5
FedAvg client 6
FedAvg client 7
FedAvg client 8
FedAvg client 9
Round 434
FedAvg client 0
FedAvg client 1
FedAvg client 2
FedAvg client 3
FedAvg client 4
FedAvg client 5
FedAvg client 6
FedAvg client 7
FedAvg client 8
FedAvg client 9
Round 435
FedAvg client 0
FedAvg client 1
FedAvg client 2
FedAvg client 3
FedAvg client 4
FedAvg client 5
FedAvg client 6
FedAvg client 7
FedAvg client 8
FedAvg client 9
Round 436
FedAvg client 0
FedAvg client 1
FedAvg client 2
FedAvg client 3
FedAvg client 4
FedAvg client 5
FedAvg client 6
FedAvg client 7
FedAvg client 8
FedAvg client 9
Round 437
FedAvg client 0
FedAvg client 1
FedAvg client 2
FedAvg client 3
FedAvg client 4
FedAvg client 5
FedAvg client 6
FedAvg client 7
FedAvg client 8
FedAvg client 9
Round 438
FedAvg client 0
FedAvg client 1
FedAvg client 2
FedAvg client 3
FedAvg client 4
FedAvg client 5
FedAvg client 6
FedAvg client 7
FedAvg client 8
FedAvg client 9
Round 439
FedAvg client 0
FedAvg client 1
FedAvg client 2
FedAvg client 3
FedAvg client 4
FedAvg client 5
FedAvg client 6
FedAvg client 7
FedAvg client 8
FedAvg client 9
Round 440
FedAvg client 0
FedAvg client 1
FedAvg client 2
FedAvg client 3
FedAvg client 4
FedAvg client 5
FedAvg client 6
FedAvg client 7
FedAvg client 8
FedAvg client 9
Round 441
FedAvg client 0
FedAvg client 1
FedAvg client 2
FedAvg client 3
FedAvg client 4
FedAvg client 5
FedAvg client 6
FedAvg client 7
FedAvg client 8
FedAvg client 9
Round 442
FedAvg client 0
FedAvg client 1
FedAvg client 2
FedAvg client 3
FedAvg client 4
FedAvg client 5
FedAvg client 6
FedAvg client 7
FedAvg client 8
FedAvg client 9
Round 443
FedAvg client 0
FedAvg client 1
FedAvg client 2
FedAvg client 3
FedAvg client 4
FedAvg client 5
FedAvg client 6
FedAvg client 7
FedAvg client 8
FedAvg client 9
Round 444
FedAvg client 0
FedAvg client 1
FedAvg client 2
FedAvg client 3
FedAvg client 4
FedAvg client 5
FedAvg client 6
FedAvg client 7
FedAvg client 8
FedAvg client 9
Round 445
FedAvg client 0
FedAvg client 1
FedAvg client 2
FedAvg client 3
FedAvg client 4
FedAvg client 5
FedAvg client 6
FedAvg client 7
FedAvg client 8
FedAvg client 9
Round 446
FedAvg client 0
FedAvg client 1
FedAvg client 2
FedAvg client 3
FedAvg client 4
FedAvg client 5
FedAvg client 6
FedAvg client 7
FedAvg client 8
FedAvg client 9
Round 447
FedAvg client 0
FedAvg client 1
FedAvg client 2
FedAvg client 3
FedAvg client 4
FedAvg client 5
FedAvg client 6
FedAvg client 7
FedAvg client 8
FedAvg client 9
Round 448
FedAvg client 0
FedAvg client 1
FedAvg client 2
FedAvg client 3
FedAvg client 4
FedAvg client 5
FedAvg client 6
FedAvg client 7
FedAvg client 8
FedAvg client 9
Round 449
FedAvg client 0
FedAvg client 1
FedAvg client 2
FedAvg client 3
FedAvg client 4
FedAvg client 5
FedAvg client 6
FedAvg client 7
FedAvg client 8
FedAvg client 9
Round 450
FedAvg client 0
FedAvg client 1
FedAvg client 2
FedAvg client 3
FedAvg client 4
FedAvg client 5
FedAvg client 6
FedAvg client 7
FedAvg client 8
FedAvg client 9
Round 451
FedAvg client 0
FedAvg client 1
FedAvg client 2
FedAvg client 3
FedAvg client 4
FedAvg client 5
FedAvg client 6
FedAvg client 7
FedAvg client 8
FedAvg client 9
Round 452
FedAvg client 0
FedAvg client 1
FedAvg client 2
FedAvg client 3
FedAvg client 4
FedAvg client 5
FedAvg client 6
FedAvg client 7
FedAvg client 8
FedAvg client 9
Round 453
FedAvg client 0
FedAvg client 1
FedAvg client 2
FedAvg client 3
FedAvg client 4
FedAvg client 5
FedAvg client 6
FedAvg client 7
FedAvg client 8
FedAvg client 9
Round 454
FedAvg client 0
FedAvg client 1
FedAvg client 2
FedAvg client 3
FedAvg client 4
FedAvg client 5
FedAvg client 6
FedAvg client 7
FedAvg client 8
FedAvg client 9
Round 455
FedAvg client 0
FedAvg client 1
FedAvg client 2
FedAvg client 3
FedAvg client 4
FedAvg client 5
FedAvg client 6
FedAvg client 7
FedAvg client 8
FedAvg client 9
Round 456
FedAvg client 0
FedAvg client 1
FedAvg client 2
FedAvg client 3
FedAvg client 4
FedAvg client 5
FedAvg client 6
FedAvg client 7
FedAvg client 8
FedAvg client 9
Round 457
FedAvg client 0
FedAvg client 1
FedAvg client 2
FedAvg client 3
FedAvg client 4
FedAvg client 5
FedAvg client 6
FedAvg client 7
FedAvg client 8
FedAvg client 9
Round 458
FedAvg client 0
FedAvg client 1
FedAvg client 2
FedAvg client 3
FedAvg client 4
FedAvg client 5
FedAvg client 6
FedAvg client 7
FedAvg client 8
FedAvg client 9
Round 459
FedAvg client 0
FedAvg client 1
FedAvg client 2
FedAvg client 3
FedAvg client 4
FedAvg client 5
FedAvg client 6
FedAvg client 7
FedAvg client 8
FedAvg client 9
Round 460
FedAvg client 0
FedAvg client 1
FedAvg client 2
FedAvg client 3
FedAvg client 4
FedAvg client 5
FedAvg client 6
FedAvg client 7
FedAvg client 8
FedAvg client 9
Round 461
FedAvg client 0
FedAvg client 1
FedAvg client 2
FedAvg client 3
FedAvg client 4
FedAvg client 5
FedAvg client 6
FedAvg client 7
FedAvg client 8
FedAvg client 9
Round 462
FedAvg client 0
FedAvg client 1
FedAvg client 2
FedAvg client 3
FedAvg client 4
FedAvg client 5
FedAvg client 6
FedAvg client 7
FedAvg client 8
FedAvg client 9
Round 463
FedAvg client 0
FedAvg client 1
FedAvg client 2
FedAvg client 3
FedAvg client 4
FedAvg client 5
FedAvg client 6
FedAvg client 7
FedAvg client 8
FedAvg client 9
Round 464
FedAvg client 0
FedAvg client 1
FedAvg client 2
FedAvg client 3
FedAvg client 4
FedAvg client 5
FedAvg client 6
FedAvg client 7
FedAvg client 8
FedAvg client 9
Round 465
FedAvg client 0
FedAvg client 1
FedAvg client 2
FedAvg client 3
FedAvg client 4
FedAvg client 5
FedAvg client 6
FedAvg client 7
FedAvg client 8
FedAvg client 9
Round 466
FedAvg client 0
FedAvg client 1
FedAvg client 2
FedAvg client 3
FedAvg client 4
FedAvg client 5
FedAvg client 6
FedAvg client 7
FedAvg client 8
FedAvg client 9
Round 467
FedAvg client 0
FedAvg client 1
FedAvg client 2
FedAvg client 3
FedAvg client 4
FedAvg client 5
FedAvg client 6
FedAvg client 7
FedAvg client 8
FedAvg client 9
Round 468
FedAvg client 0
FedAvg client 1
FedAvg client 2
FedAvg client 3
FedAvg client 4
FedAvg client 5
FedAvg client 6
FedAvg client 7
FedAvg client 8
FedAvg client 9
Round 469
FedAvg client 0
FedAvg client 1
FedAvg client 2
FedAvg client 3
FedAvg client 4
FedAvg client 5
FedAvg client 6
FedAvg client 7
FedAvg client 8
FedAvg client 9
Round 470
FedAvg client 0
FedAvg client 1
FedAvg client 2
FedAvg client 3
FedAvg client 4
FedAvg client 5
FedAvg client 6
FedAvg client 7
FedAvg client 8
FedAvg client 9
Round 471
FedAvg client 0
FedAvg client 1
FedAvg client 2
FedAvg client 3
FedAvg client 4
FedAvg client 5
FedAvg client 6
FedAvg client 7
FedAvg client 8
FedAvg client 9
Round 472
FedAvg client 0
FedAvg client 1
FedAvg client 2
FedAvg client 3
FedAvg client 4
FedAvg client 5
FedAvg client 6
FedAvg client 7
FedAvg client 8
FedAvg client 9
Round 473
FedAvg client 0
FedAvg client 1
FedAvg client 2
FedAvg client 3
FedAvg client 4
FedAvg client 5
FedAvg client 6
FedAvg client 7
FedAvg client 8
FedAvg client 9
Round 474
FedAvg client 0
FedAvg client 1
FedAvg client 2
FedAvg client 3
FedAvg client 4
FedAvg client 5
FedAvg client 6
FedAvg client 7
FedAvg client 8
FedAvg client 9
Round 475
FedAvg client 0
FedAvg client 1
FedAvg client 2
FedAvg client 3
FedAvg client 4
FedAvg client 5
FedAvg client 6
FedAvg client 7
FedAvg client 8
FedAvg client 9
Round 476
FedAvg client 0
FedAvg client 1
FedAvg client 2
FedAvg client 3
FedAvg client 4
FedAvg client 5
FedAvg client 6
FedAvg client 7
FedAvg client 8
FedAvg client 9
Round 477
FedAvg client 0
FedAvg client 1
FedAvg client 2
FedAvg client 3
FedAvg client 4
FedAvg client 5
FedAvg client 6
FedAvg client 7
FedAvg client 8
FedAvg client 9
Round 478
FedAvg client 0
FedAvg client 1
FedAvg client 2
FedAvg client 3
FedAvg client 4
FedAvg client 5
FedAvg client 6
FedAvg client 7
FedAvg client 8
FedAvg client 9
Round 479
FedAvg client 0
FedAvg client 1
FedAvg client 2
FedAvg client 3
FedAvg client 4
FedAvg client 5
FedAvg client 6
FedAvg client 7
FedAvg client 8
FedAvg client 9
Round 480
FedAvg client 0
FedAvg client 1
FedAvg client 2
FedAvg client 3
FedAvg client 4
FedAvg client 5
FedAvg client 6
FedAvg client 7
FedAvg client 8
FedAvg client 9
Round 481
FedAvg client 0
FedAvg client 1
FedAvg client 2
FedAvg client 3
FedAvg client 4
FedAvg client 5
FedAvg client 6
FedAvg client 7
FedAvg client 8
FedAvg client 9
Round 482
FedAvg client 0
FedAvg client 1
FedAvg client 2
FedAvg client 3
FedAvg client 4
FedAvg client 5
FedAvg client 6
FedAvg client 7
FedAvg client 8
FedAvg client 9
Round 483
FedAvg client 0
FedAvg client 1
FedAvg client 2
FedAvg client 3
FedAvg client 4
FedAvg client 5
FedAvg client 6
FedAvg client 7
FedAvg client 8
FedAvg client 9
Round 484
FedAvg client 0
FedAvg client 1
FedAvg client 2
FedAvg client 3
FedAvg client 4
FedAvg client 5
FedAvg client 6
FedAvg client 7
FedAvg client 8
FedAvg client 9
Round 485
FedAvg client 0
FedAvg client 1
FedAvg client 2
FedAvg client 3
FedAvg client 4
FedAvg client 5
FedAvg client 6
FedAvg client 7
FedAvg client 8
FedAvg client 9
Round 486
FedAvg client 0
FedAvg client 1
FedAvg client 2
FedAvg client 3
FedAvg client 4
FedAvg client 5
FedAvg client 6
FedAvg client 7
FedAvg client 8
FedAvg client 9
Round 487
FedAvg client 0
FedAvg client 1
FedAvg client 2
FedAvg client 3
FedAvg client 4
FedAvg client 5
FedAvg client 6
FedAvg client 7
FedAvg client 8
FedAvg client 9
Round 488
FedAvg client 0
FedAvg client 1
FedAvg client 2
FedAvg client 3
FedAvg client 4
FedAvg client 5
FedAvg client 6
FedAvg client 7
FedAvg client 8
FedAvg client 9
Round 489
FedAvg client 0
FedAvg client 1
FedAvg client 2
FedAvg client 3
FedAvg client 4
FedAvg client 5
FedAvg client 6
FedAvg client 7
FedAvg client 8
FedAvg client 9
Round 490
FedAvg client 0
FedAvg client 1
FedAvg client 2
FedAvg client 3
FedAvg client 4
FedAvg client 5
FedAvg client 6
FedAvg client 7
FedAvg client 8
FedAvg client 9
Round 491
FedAvg client 0
FedAvg client 1
FedAvg client 2
FedAvg client 3
FedAvg client 4
FedAvg client 5
FedAvg client 6
FedAvg client 7
FedAvg client 8
FedAvg client 9
Round 492
FedAvg client 0
FedAvg client 1
FedAvg client 2
FedAvg client 3
FedAvg client 4
FedAvg client 5
FedAvg client 6
FedAvg client 7
FedAvg client 8
FedAvg client 9
Round 493
FedAvg client 0
FedAvg client 1
FedAvg client 2
FedAvg client 3
FedAvg client 4
FedAvg client 5
FedAvg client 6
FedAvg client 7
FedAvg client 8
FedAvg client 9
Round 494
FedAvg client 0
FedAvg client 1
FedAvg client 2
FedAvg client 3
FedAvg client 4
FedAvg client 5
FedAvg client 6
FedAvg client 7
FedAvg client 8
FedAvg client 9
Round 495
FedAvg client 0
FedAvg client 1
FedAvg client 2
FedAvg client 3
FedAvg client 4
FedAvg client 5
FedAvg client 6
FedAvg client 7
FedAvg client 8
FedAvg client 9
Round 496
FedAvg client 0
FedAvg client 1
FedAvg client 2
FedAvg client 3
FedAvg client 4
FedAvg client 5
FedAvg client 6
FedAvg client 7
FedAvg client 8
FedAvg client 9
Round 497
FedAvg client 0
FedAvg client 1
FedAvg client 2
FedAvg client 3
FedAvg client 4
FedAvg client 5
FedAvg client 6
FedAvg client 7
FedAvg client 8
FedAvg client 9
Round 498
FedAvg client 0
FedAvg client 1
FedAvg client 2
FedAvg client 3
FedAvg client 4
FedAvg client 5
FedAvg client 6
FedAvg client 7
FedAvg client 8
FedAvg client 9
Round 499
FedAvg client 0
FedAvg client 1
FedAvg client 2
FedAvg client 3
FedAvg client 4
FedAvg client 5
FedAvg client 6
FedAvg client 7
FedAvg client 8
FedAvg client 9
Round 500
FedAvg client 0
FedAvg client 1
FedAvg client 2
FedAvg client 3
FedAvg client 4
FedAvg client 5
FedAvg client 6
FedAvg client 7
FedAvg client 8
FedAvg client 9
Round 501
FedAvg client 0
FedAvg client 1
FedAvg client 2
FedAvg client 3
FedAvg client 4
FedAvg client 5
FedAvg client 6
FedAvg client 7
FedAvg client 8
FedAvg client 9
Round 502
FedAvg client 0
FedAvg client 1
FedAvg client 2
FedAvg client 3
FedAvg client 4
FedAvg client 5
FedAvg client 6
FedAvg client 7
FedAvg client 8
FedAvg client 9
Round 503
FedAvg client 0
FedAvg client 1
FedAvg client 2
FedAvg client 3
FedAvg client 4
FedAvg client 5
FedAvg client 6
FedAvg client 7
FedAvg client 8
FedAvg client 9
Round 504
FedAvg client 0
FedAvg client 1
FedAvg client 2
FedAvg client 3
FedAvg client 4
FedAvg client 5
FedAvg client 6
FedAvg client 7
FedAvg client 8
FedAvg client 9
Round 505
FedAvg client 0
FedAvg client 1
FedAvg client 2
FedAvg client 3
FedAvg client 4
FedAvg client 5
FedAvg client 6
FedAvg client 7
FedAvg client 8
FedAvg client 9
Round 506
FedAvg client 0
FedAvg client 1
FedAvg client 2
FedAvg client 3
FedAvg client 4
FedAvg client 5
FedAvg client 6
FedAvg client 7
FedAvg client 8
FedAvg client 9
Round 507
FedAvg client 0
FedAvg client 1
FedAvg client 2
FedAvg client 3
FedAvg client 4
FedAvg client 5
FedAvg client 6
FedAvg client 7
FedAvg client 8
FedAvg client 9
Round 508
FedAvg client 0
FedAvg client 1
FedAvg client 2
FedAvg client 3
FedAvg client 4
FedAvg client 5
FedAvg client 6
FedAvg client 7
FedAvg client 8
FedAvg client 9
Round 509
FedAvg client 0
FedAvg client 1
FedAvg client 2
FedAvg client 3
FedAvg client 4
FedAvg client 5
FedAvg client 6
FedAvg client 7
FedAvg client 8
FedAvg client 9
Round 510
FedAvg client 0
FedAvg client 1
FedAvg client 2
FedAvg client 3
FedAvg client 4
FedAvg client 5
FedAvg client 6
FedAvg client 7
FedAvg client 8
FedAvg client 9
Round 511
FedAvg client 0
FedAvg client 1
FedAvg client 2
FedAvg client 3
FedAvg client 4
FedAvg client 5
FedAvg client 6
FedAvg client 7
FedAvg client 8
FedAvg client 9
Round 512
FedAvg client 0
FedAvg client 1
FedAvg client 2
FedAvg client 3
FedAvg client 4
FedAvg client 5
FedAvg client 6
FedAvg client 7
FedAvg client 8
FedAvg client 9
Round 513
FedAvg client 0
FedAvg client 1
FedAvg client 2
FedAvg client 3
FedAvg client 4
FedAvg client 5
FedAvg client 6
FedAvg client 7
FedAvg client 8
FedAvg client 9
Round 514
FedAvg client 0
FedAvg client 1
FedAvg client 2
FedAvg client 3
FedAvg client 4
FedAvg client 5
FedAvg client 6
FedAvg client 7
FedAvg client 8
FedAvg client 9
Round 515
FedAvg client 0
FedAvg client 1
FedAvg client 2
FedAvg client 3
FedAvg client 4
FedAvg client 5
FedAvg client 6
FedAvg client 7
FedAvg client 8
FedAvg client 9
Round 516
FedAvg client 0
FedAvg client 1
FedAvg client 2
FedAvg client 3
FedAvg client 4
FedAvg client 5
FedAvg client 6
FedAvg client 7
FedAvg client 8
FedAvg client 9
Round 517
FedAvg client 0
FedAvg client 1
FedAvg client 2
FedAvg client 3
FedAvg client 4
FedAvg client 5
FedAvg client 6
FedAvg client 7
FedAvg client 8
FedAvg client 9
Round 518
FedAvg client 0
FedAvg client 1
FedAvg client 2
FedAvg client 3
FedAvg client 4
FedAvg client 5
FedAvg client 6
FedAvg client 7
FedAvg client 8
FedAvg client 9
Round 519
FedAvg client 0
FedAvg client 1
FedAvg client 2
FedAvg client 3
FedAvg client 4
FedAvg client 5
FedAvg client 6
FedAvg client 7
FedAvg client 8
FedAvg client 9
Round 520
FedAvg client 0
FedAvg client 1
FedAvg client 2
FedAvg client 3
FedAvg client 4
FedAvg client 5
FedAvg client 6
FedAvg client 7
FedAvg client 8
FedAvg client 9
Round 521
FedAvg client 0
FedAvg client 1
FedAvg client 2
FedAvg client 3
FedAvg client 4
FedAvg client 5
FedAvg client 6
FedAvg client 7
FedAvg client 8
FedAvg client 9
Round 522
FedAvg client 0
FedAvg client 1
FedAvg client 2
FedAvg client 3
FedAvg client 4
FedAvg client 5
FedAvg client 6
FedAvg client 7
FedAvg client 8
FedAvg client 9
Round 523
FedAvg client 0
FedAvg client 1
FedAvg client 2
FedAvg client 3
FedAvg client 4
FedAvg client 5
FedAvg client 6
FedAvg client 7
FedAvg client 8
FedAvg client 9
Round 524
FedAvg client 0
FedAvg client 1
FedAvg client 2
FedAvg client 3
FedAvg client 4
FedAvg client 5
FedAvg client 6
FedAvg client 7
FedAvg client 8
FedAvg client 9
Round 525
FedAvg client 0
FedAvg client 1
FedAvg client 2
FedAvg client 3
FedAvg client 4
FedAvg client 5
FedAvg client 6
FedAvg client 7
FedAvg client 8
FedAvg client 9
Round 526
FedAvg client 0
FedAvg client 1
FedAvg client 2
FedAvg client 3
FedAvg client 4
FedAvg client 5
FedAvg client 6
FedAvg client 7
FedAvg client 8
FedAvg client 9
Round 527
FedAvg client 0
FedAvg client 1
FedAvg client 2
FedAvg client 3
FedAvg client 4
FedAvg client 5
FedAvg client 6
FedAvg client 7
FedAvg client 8
FedAvg client 9
Round 528
FedAvg client 0
FedAvg client 1
FedAvg client 2
FedAvg client 3
FedAvg client 4
FedAvg client 5
FedAvg client 6
FedAvg client 7
FedAvg client 8
FedAvg client 9
Round 529
FedAvg client 0
FedAvg client 1
FedAvg client 2
FedAvg client 3
FedAvg client 4
FedAvg client 5
FedAvg client 6
FedAvg client 7
FedAvg client 8
FedAvg client 9
Round 530
FedAvg client 0
FedAvg client 1
FedAvg client 2
FedAvg client 3
FedAvg client 4
FedAvg client 5
FedAvg client 6
FedAvg client 7
FedAvg client 8
FedAvg client 9
Round 531
FedAvg client 0
FedAvg client 1
FedAvg client 2
FedAvg client 3
FedAvg client 4
FedAvg client 5
FedAvg client 6
FedAvg client 7
FedAvg client 8
FedAvg client 9
Round 532
FedAvg client 0
FedAvg client 1
FedAvg client 2
FedAvg client 3
FedAvg client 4
FedAvg client 5
FedAvg client 6
FedAvg client 7
FedAvg client 8
FedAvg client 9
Round 533
FedAvg client 0
FedAvg client 1
FedAvg client 2
FedAvg client 3
FedAvg client 4
FedAvg client 5
FedAvg client 6
FedAvg client 7
FedAvg client 8
FedAvg client 9
Round 534
FedAvg client 0
FedAvg client 1
FedAvg client 2
FedAvg client 3
FedAvg client 4
FedAvg client 5
FedAvg client 6
FedAvg client 7
FedAvg client 8
FedAvg client 9
Round 535
FedAvg client 0
FedAvg client 1
FedAvg client 2
FedAvg client 3
FedAvg client 4
FedAvg client 5
FedAvg client 6
FedAvg client 7
FedAvg client 8
FedAvg client 9
Round 536
FedAvg client 0
FedAvg client 1
FedAvg client 2
FedAvg client 3
FedAvg client 4
FedAvg client 5
FedAvg client 6
FedAvg client 7
FedAvg client 8
FedAvg client 9
Round 537
FedAvg client 0
FedAvg client 1
FedAvg client 2
FedAvg client 3
FedAvg client 4
FedAvg client 5
FedAvg client 6
FedAvg client 7
FedAvg client 8
FedAvg client 9
Round 538
FedAvg client 0
FedAvg client 1
FedAvg client 2
FedAvg client 3
FedAvg client 4
FedAvg client 5
FedAvg client 6
FedAvg client 7
FedAvg client 8
FedAvg client 9
Round 539
FedAvg client 0
FedAvg client 1
FedAvg client 2
FedAvg client 3
FedAvg client 4
FedAvg client 5
FedAvg client 6
FedAvg client 7
FedAvg client 8
FedAvg client 9
Round 540
FedAvg client 0
FedAvg client 1
FedAvg client 2
FedAvg client 3
FedAvg client 4
FedAvg client 5
FedAvg client 6
FedAvg client 7
FedAvg client 8
FedAvg client 9
Round 541
FedAvg client 0
FedAvg client 1
FedAvg client 2
FedAvg client 3
FedAvg client 4
FedAvg client 5
FedAvg client 6
FedAvg client 7
FedAvg client 8
FedAvg client 9
Round 542
FedAvg client 0
FedAvg client 1
FedAvg client 2
FedAvg client 3
FedAvg client 4
FedAvg client 5
FedAvg client 6
FedAvg client 7
FedAvg client 8
FedAvg client 9
Round 543
FedAvg client 0
FedAvg client 1
FedAvg client 2
FedAvg client 3
FedAvg client 4
FedAvg client 5
FedAvg client 6
FedAvg client 7
FedAvg client 8
FedAvg client 9
Round 544
FedAvg client 0
FedAvg client 1
FedAvg client 2
FedAvg client 3
FedAvg client 4
FedAvg client 5
FedAvg client 6
FedAvg client 7
FedAvg client 8
FedAvg client 9
Round 545
FedAvg client 0
FedAvg client 1
FedAvg client 2
FedAvg client 3
FedAvg client 4
FedAvg client 5
FedAvg client 6
FedAvg client 7
FedAvg client 8
FedAvg client 9
Round 546
FedAvg client 0
FedAvg client 1
FedAvg client 2
FedAvg client 3
FedAvg client 4
FedAvg client 5
FedAvg client 6
FedAvg client 7
FedAvg client 8
FedAvg client 9
Round 547
FedAvg client 0
FedAvg client 1
FedAvg client 2
FedAvg client 3
FedAvg client 4
FedAvg client 5
FedAvg client 6
FedAvg client 7
FedAvg client 8
FedAvg client 9
Round 548
FedAvg client 0
FedAvg client 1
FedAvg client 2
FedAvg client 3
FedAvg client 4
FedAvg client 5
FedAvg client 6
FedAvg client 7
FedAvg client 8
FedAvg client 9
Round 549
FedAvg client 0
FedAvg client 1
FedAvg client 2
FedAvg client 3
FedAvg client 4
FedAvg client 5
FedAvg client 6
FedAvg client 7
FedAvg client 8
FedAvg client 9
Round 550
FedAvg client 0
FedAvg client 1
FedAvg client 2
FedAvg client 3
FedAvg client 4
FedAvg client 5
FedAvg client 6
FedAvg client 7
FedAvg client 8
FedAvg client 9
Round 551
FedAvg client 0
FedAvg client 1
FedAvg client 2
FedAvg client 3
FedAvg client 4
FedAvg client 5
FedAvg client 6
FedAvg client 7
FedAvg client 8
FedAvg client 9
Round 552
FedAvg client 0
FedAvg client 1
FedAvg client 2
FedAvg client 3
FedAvg client 4
FedAvg client 5
FedAvg client 6
FedAvg client 7
FedAvg client 8
FedAvg client 9
Round 553
FedAvg client 0
FedAvg client 1
FedAvg client 2
FedAvg client 3
FedAvg client 4
FedAvg client 5
FedAvg client 6
FedAvg client 7
FedAvg client 8
FedAvg client 9
Round 554
FedAvg client 0
FedAvg client 1
FedAvg client 2
FedAvg client 3
FedAvg client 4
FedAvg client 5
FedAvg client 6
FedAvg client 7
FedAvg client 8
FedAvg client 9
Round 555
FedAvg client 0
FedAvg client 1
FedAvg client 2
FedAvg client 3
FedAvg client 4
FedAvg client 5
FedAvg client 6
FedAvg client 7
FedAvg client 8
FedAvg client 9
Round 556
FedAvg client 0
FedAvg client 1
FedAvg client 2
FedAvg client 3
FedAvg client 4
FedAvg client 5
FedAvg client 6
FedAvg client 7
FedAvg client 8
FedAvg client 9
Round 557
FedAvg client 0
FedAvg client 1
FedAvg client 2
FedAvg client 3
FedAvg client 4
FedAvg client 5
FedAvg client 6
FedAvg client 7
FedAvg client 8
FedAvg client 9
Round 558
FedAvg client 0
FedAvg client 1
FedAvg client 2
FedAvg client 3
FedAvg client 4
FedAvg client 5
FedAvg client 6
FedAvg client 7
FedAvg client 8
FedAvg client 9
Round 559
FedAvg client 0
FedAvg client 1
FedAvg client 2
FedAvg client 3
FedAvg client 4
FedAvg client 5
FedAvg client 6
FedAvg client 7
FedAvg client 8
FedAvg client 9
Round 560
FedAvg client 0
FedAvg client 1
FedAvg client 2
FedAvg client 3
FedAvg client 4
FedAvg client 5
FedAvg client 6
FedAvg client 7
FedAvg client 8
FedAvg client 9
Round 561
FedAvg client 0
FedAvg client 1
FedAvg client 2
FedAvg client 3
FedAvg client 4
FedAvg client 5
FedAvg client 6
FedAvg client 7
FedAvg client 8
FedAvg client 9
Round 562
FedAvg client 0
FedAvg client 1
FedAvg client 2
FedAvg client 3
FedAvg client 4
FedAvg client 5
FedAvg client 6
FedAvg client 7
FedAvg client 8
FedAvg client 9
Round 563
FedAvg client 0
FedAvg client 1
FedAvg client 2
FedAvg client 3
FedAvg client 4
FedAvg client 5
FedAvg client 6
FedAvg client 7
FedAvg client 8
FedAvg client 9
Round 564
FedAvg client 0
FedAvg client 1
FedAvg client 2
FedAvg client 3
FedAvg client 4
FedAvg client 5
FedAvg client 6
FedAvg client 7
FedAvg client 8
FedAvg client 9
Round 565
FedAvg client 0
FedAvg client 1
FedAvg client 2
FedAvg client 3
FedAvg client 4
FedAvg client 5
FedAvg client 6
FedAvg client 7
FedAvg client 8
FedAvg client 9
Round 566
FedAvg client 0
FedAvg client 1
FedAvg client 2
FedAvg client 3
FedAvg client 4
FedAvg client 5
FedAvg client 6
FedAvg client 7
FedAvg client 8
FedAvg client 9
Round 567
FedAvg client 0
FedAvg client 1
FedAvg client 2
FedAvg client 3
FedAvg client 4
FedAvg client 5
FedAvg client 6
FedAvg client 7
FedAvg client 8
FedAvg client 9
Round 568
FedAvg client 0
FedAvg client 1
FedAvg client 2
FedAvg client 3
FedAvg client 4
FedAvg client 5
FedAvg client 6
FedAvg client 7
FedAvg client 8
FedAvg client 9
Round 569
FedAvg client 0
FedAvg client 1
FedAvg client 2
FedAvg client 3
FedAvg client 4
FedAvg client 5
FedAvg client 6
FedAvg client 7
FedAvg client 8
FedAvg client 9
Round 570
FedAvg client 0
FedAvg client 1
FedAvg client 2
FedAvg client 3
FedAvg client 4
FedAvg client 5
FedAvg client 6
FedAvg client 7
FedAvg client 8
FedAvg client 9
Round 571
FedAvg client 0
FedAvg client 1
FedAvg client 2
FedAvg client 3
FedAvg client 4
FedAvg client 5
FedAvg client 6
FedAvg client 7
FedAvg client 8
FedAvg client 9
Round 572
FedAvg client 0
FedAvg client 1
FedAvg client 2
FedAvg client 3
FedAvg client 4
FedAvg client 5
FedAvg client 6
FedAvg client 7
FedAvg client 8
FedAvg client 9
Round 573
FedAvg client 0
FedAvg client 1
FedAvg client 2
FedAvg client 3
FedAvg client 4
FedAvg client 5
FedAvg client 6
FedAvg client 7
FedAvg client 8
FedAvg client 9
Round 574
FedAvg client 0
FedAvg client 1
FedAvg client 2
FedAvg client 3
FedAvg client 4
FedAvg client 5
FedAvg client 6
FedAvg client 7
FedAvg client 8
FedAvg client 9
Round 575
FedAvg client 0
FedAvg client 1
FedAvg client 2
FedAvg client 3
FedAvg client 4
FedAvg client 5
FedAvg client 6
FedAvg client 7
FedAvg client 8
FedAvg client 9
Round 576
FedAvg client 0
FedAvg client 1
FedAvg client 2
FedAvg client 3
FedAvg client 4
FedAvg client 5
FedAvg client 6
FedAvg client 7
FedAvg client 8
FedAvg client 9
Round 577
FedAvg client 0
FedAvg client 1
FedAvg client 2
FedAvg client 3
FedAvg client 4
FedAvg client 5
FedAvg client 6
FedAvg client 7
FedAvg client 8
FedAvg client 9
Round 578
FedAvg client 0
FedAvg client 1
FedAvg client 2
FedAvg client 3
FedAvg client 4
FedAvg client 5
FedAvg client 6
FedAvg client 7
FedAvg client 8
FedAvg client 9
Round 579
FedAvg client 0
FedAvg client 1
FedAvg client 2
FedAvg client 3
FedAvg client 4
FedAvg client 5
FedAvg client 6
FedAvg client 7
FedAvg client 8
FedAvg client 9
Round 580
FedAvg client 0
FedAvg client 1
FedAvg client 2
FedAvg client 3
FedAvg client 4
FedAvg client 5
FedAvg client 6
FedAvg client 7
FedAvg client 8
FedAvg client 9
Round 581
FedAvg client 0
FedAvg client 1
FedAvg client 2
FedAvg client 3
FedAvg client 4
FedAvg client 5
FedAvg client 6
FedAvg client 7
FedAvg client 8
FedAvg client 9
Round 582
FedAvg client 0
FedAvg client 1
FedAvg client 2
FedAvg client 3
FedAvg client 4
FedAvg client 5
FedAvg client 6
FedAvg client 7
FedAvg client 8
FedAvg client 9
Round 583
FedAvg client 0
FedAvg client 1
FedAvg client 2
FedAvg client 3
FedAvg client 4
FedAvg client 5
FedAvg client 6
FedAvg client 7
FedAvg client 8
FedAvg client 9
Round 584
FedAvg client 0
FedAvg client 1
FedAvg client 2
FedAvg client 3
FedAvg client 4
FedAvg client 5
FedAvg client 6
FedAvg client 7
FedAvg client 8
FedAvg client 9
Round 585
FedAvg client 0
FedAvg client 1
FedAvg client 2
FedAvg client 3
FedAvg client 4
FedAvg client 5
FedAvg client 6
FedAvg client 7
FedAvg client 8
FedAvg client 9
Round 586
FedAvg client 0
FedAvg client 1
FedAvg client 2
FedAvg client 3
FedAvg client 4
FedAvg client 5
FedAvg client 6
FedAvg client 7
FedAvg client 8
FedAvg client 9
Round 587
FedAvg client 0
FedAvg client 1
FedAvg client 2
FedAvg client 3
FedAvg client 4
FedAvg client 5
FedAvg client 6
FedAvg client 7
FedAvg client 8
FedAvg client 9
Round 588
FedAvg client 0
FedAvg client 1
FedAvg client 2
FedAvg client 3
FedAvg client 4
FedAvg client 5
FedAvg client 6
FedAvg client 7
FedAvg client 8
FedAvg client 9
Round 589
FedAvg client 0
FedAvg client 1
FedAvg client 2
FedAvg client 3
FedAvg client 4
FedAvg client 5
FedAvg client 6
FedAvg client 7
FedAvg client 8
FedAvg client 9
Round 590
FedAvg client 0
FedAvg client 1
FedAvg client 2
FedAvg client 3
FedAvg client 4
FedAvg client 5
FedAvg client 6
FedAvg client 7
FedAvg client 8
FedAvg client 9
Round 591
FedAvg client 0
FedAvg client 1
FedAvg client 2
FedAvg client 3
FedAvg client 4
FedAvg client 5
FedAvg client 6
FedAvg client 7
FedAvg client 8
FedAvg client 9
Round 592
FedAvg client 0
FedAvg client 1
FedAvg client 2
FedAvg client 3
FedAvg client 4
FedAvg client 5
FedAvg client 6
FedAvg client 7
FedAvg client 8
FedAvg client 9
Round 593
FedAvg client 0
FedAvg client 1
FedAvg client 2
FedAvg client 3
FedAvg client 4
FedAvg client 5
FedAvg client 6
FedAvg client 7
FedAvg client 8
FedAvg client 9
Round 594
FedAvg client 0
FedAvg client 1
FedAvg client 2
FedAvg client 3
FedAvg client 4
FedAvg client 5
FedAvg client 6
FedAvg client 7
FedAvg client 8
FedAvg client 9
Round 595
FedAvg client 0
FedAvg client 1
FedAvg client 2
FedAvg client 3
FedAvg client 4
FedAvg client 5
FedAvg client 6
FedAvg client 7
FedAvg client 8
FedAvg client 9
Round 596
FedAvg client 0
FedAvg client 1
FedAvg client 2
FedAvg client 3
FedAvg client 4
FedAvg client 5
FedAvg client 6
FedAvg client 7
FedAvg client 8
FedAvg client 9
Round 597
FedAvg client 0
FedAvg client 1
FedAvg client 2
FedAvg client 3
FedAvg client 4
FedAvg client 5
FedAvg client 6
FedAvg client 7
FedAvg client 8
FedAvg client 9
Round 598
FedAvg client 0
FedAvg client 1
FedAvg client 2
FedAvg client 3
FedAvg client 4
FedAvg client 5
FedAvg client 6
FedAvg client 7
FedAvg client 8
FedAvg client 9
Round 599
FedAvg client 0
FedAvg client 1
FedAvg client 2
FedAvg client 3
FedAvg client 4
FedAvg client 5
FedAvg client 6
FedAvg client 7
FedAvg client 8
FedAvg client 9
Round 600
FedAvg client 0
FedAvg client 1
FedAvg client 2
FedAvg client 3
FedAvg client 4
FedAvg client 5
FedAvg client 6
FedAvg client 7
FedAvg client 8
FedAvg client 9
Round 601
FedAvg client 0
FedAvg client 1
FedAvg client 2
FedAvg client 3
FedAvg client 4
FedAvg client 5
FedAvg client 6
FedAvg client 7
FedAvg client 8
FedAvg client 9
Round 602
FedAvg client 0
FedAvg client 1
FedAvg client 2
FedAvg client 3
FedAvg client 4
FedAvg client 5
FedAvg client 6
FedAvg client 7
FedAvg client 8
FedAvg client 9
Round 603
FedAvg client 0
FedAvg client 1
FedAvg client 2
FedAvg client 3
FedAvg client 4
FedAvg client 5
FedAvg client 6
FedAvg client 7
FedAvg client 8
FedAvg client 9
Round 604
FedAvg client 0
FedAvg client 1
FedAvg client 2
FedAvg client 3
FedAvg client 4
FedAvg client 5
FedAvg client 6
FedAvg client 7
FedAvg client 8
FedAvg client 9
Round 605
FedAvg client 0
FedAvg client 1
FedAvg client 2
FedAvg client 3
FedAvg client 4
FedAvg client 5
FedAvg client 6
FedAvg client 7
FedAvg client 8
FedAvg client 9
Round 606
FedAvg client 0
FedAvg client 1
FedAvg client 2
FedAvg client 3
FedAvg client 4
FedAvg client 5
FedAvg client 6
FedAvg client 7
FedAvg client 8
FedAvg client 9
Round 607
FedAvg client 0
FedAvg client 1
FedAvg client 2
FedAvg client 3
FedAvg client 4
FedAvg client 5
FedAvg client 6
FedAvg client 7
FedAvg client 8
FedAvg client 9
Round 608
FedAvg client 0
FedAvg client 1
FedAvg client 2
FedAvg client 3
FedAvg client 4
FedAvg client 5
FedAvg client 6
FedAvg client 7
FedAvg client 8
FedAvg client 9
Round 609
FedAvg client 0
FedAvg client 1
FedAvg client 2
FedAvg client 3
FedAvg client 4
FedAvg client 5
FedAvg client 6
FedAvg client 7
FedAvg client 8
FedAvg client 9
Round 610
FedAvg client 0
FedAvg client 1
FedAvg client 2
FedAvg client 3
FedAvg client 4
FedAvg client 5
FedAvg client 6
FedAvg client 7
FedAvg client 8
FedAvg client 9
Round 611
FedAvg client 0
FedAvg client 1
FedAvg client 2
FedAvg client 3
FedAvg client 4
FedAvg client 5
FedAvg client 6
FedAvg client 7
FedAvg client 8
FedAvg client 9
Round 612
FedAvg client 0
FedAvg client 1
FedAvg client 2
FedAvg client 3
FedAvg client 4
FedAvg client 5
FedAvg client 6
FedAvg client 7
FedAvg client 8
FedAvg client 9
Round 613
FedAvg client 0
FedAvg client 1
FedAvg client 2
FedAvg client 3
FedAvg client 4
FedAvg client 5
FedAvg client 6
FedAvg client 7
FedAvg client 8
FedAvg client 9
Round 614
FedAvg client 0
FedAvg client 1
FedAvg client 2
FedAvg client 3
FedAvg client 4
FedAvg client 5
FedAvg client 6
FedAvg client 7
FedAvg client 8
FedAvg client 9
Round 615
FedAvg client 0
FedAvg client 1
FedAvg client 2
FedAvg client 3
FedAvg client 4
FedAvg client 5
FedAvg client 6
FedAvg client 7
FedAvg client 8
FedAvg client 9
Round 616
FedAvg client 0
FedAvg client 1
FedAvg client 2
FedAvg client 3
FedAvg client 4
FedAvg client 5
FedAvg client 6
FedAvg client 7
FedAvg client 8
FedAvg client 9
Round 617
FedAvg client 0
FedAvg client 1
FedAvg client 2
FedAvg client 3
FedAvg client 4
FedAvg client 5
FedAvg client 6
FedAvg client 7
FedAvg client 8
FedAvg client 9
Round 618
FedAvg client 0
FedAvg client 1
FedAvg client 2
FedAvg client 3
FedAvg client 4
FedAvg client 5
FedAvg client 6
FedAvg client 7
FedAvg client 8
FedAvg client 9
Round 619
FedAvg client 0
FedAvg client 1
FedAvg client 2
FedAvg client 3
FedAvg client 4
FedAvg client 5
FedAvg client 6
FedAvg client 7
FedAvg client 8
FedAvg client 9
Round 620
FedAvg client 0
FedAvg client 1
FedAvg client 2
FedAvg client 3
FedAvg client 4
FedAvg client 5
FedAvg client 6
FedAvg client 7
FedAvg client 8
FedAvg client 9
Round 621
FedAvg client 0
FedAvg client 1
FedAvg client 2
FedAvg client 3
FedAvg client 4
FedAvg client 5
FedAvg client 6
FedAvg client 7
FedAvg client 8
FedAvg client 9
Round 622
FedAvg client 0
FedAvg client 1
FedAvg client 2
FedAvg client 3
FedAvg client 4
FedAvg client 5
FedAvg client 6
FedAvg client 7
FedAvg client 8
FedAvg client 9
Round 623
FedAvg client 0
FedAvg client 1
FedAvg client 2
FedAvg client 3
FedAvg client 4
FedAvg client 5
FedAvg client 6
FedAvg client 7
FedAvg client 8
FedAvg client 9
Round 624
FedAvg client 0
FedAvg client 1
FedAvg client 2
FedAvg client 3
FedAvg client 4
FedAvg client 5
FedAvg client 6
FedAvg client 7
FedAvg client 8
FedAvg client 9
Round 625
FedAvg client 0
FedAvg client 1
FedAvg client 2
FedAvg client 3
FedAvg client 4
FedAvg client 5
FedAvg client 6
FedAvg client 7
FedAvg client 8
FedAvg client 9
Round 626
FedAvg client 0
FedAvg client 1
FedAvg client 2
FedAvg client 3
FedAvg client 4
FedAvg client 5
FedAvg client 6
FedAvg client 7
FedAvg client 8
FedAvg client 9
Round 627
FedAvg client 0
FedAvg client 1
FedAvg client 2
FedAvg client 3
FedAvg client 4
FedAvg client 5
FedAvg client 6
FedAvg client 7
FedAvg client 8
FedAvg client 9
Round 628
FedAvg client 0
FedAvg client 1
FedAvg client 2
FedAvg client 3
FedAvg client 4
FedAvg client 5
FedAvg client 6
FedAvg client 7
FedAvg client 8
FedAvg client 9
Round 629
FedAvg client 0
FedAvg client 1
FedAvg client 2
FedAvg client 3
FedAvg client 4
FedAvg client 5
FedAvg client 6
FedAvg client 7
FedAvg client 8
FedAvg client 9
Round 630
FedAvg client 0
FedAvg client 1
FedAvg client 2
FedAvg client 3
FedAvg client 4
FedAvg client 5
FedAvg client 6
FedAvg client 7
FedAvg client 8
FedAvg client 9
Round 631
FedAvg client 0
FedAvg client 1
FedAvg client 2
FedAvg client 3
FedAvg client 4
FedAvg client 5
FedAvg client 6
FedAvg client 7
FedAvg client 8
FedAvg client 9
Round 632
FedAvg client 0
FedAvg client 1
FedAvg client 2
FedAvg client 3
FedAvg client 4
FedAvg client 5
FedAvg client 6
FedAvg client 7
FedAvg client 8
FedAvg client 9
Round 633
FedAvg client 0
FedAvg client 1
FedAvg client 2
FedAvg client 3
FedAvg client 4
FedAvg client 5
FedAvg client 6
FedAvg client 7
FedAvg client 8
FedAvg client 9
Round 634
FedAvg client 0
FedAvg client 1
FedAvg client 2
FedAvg client 3
FedAvg client 4
FedAvg client 5
FedAvg client 6
FedAvg client 7
FedAvg client 8
FedAvg client 9
Round 635
FedAvg client 0
FedAvg client 1
FedAvg client 2
FedAvg client 3
FedAvg client 4
FedAvg client 5
FedAvg client 6
FedAvg client 7
FedAvg client 8
FedAvg client 9
Round 636
FedAvg client 0
FedAvg client 1
FedAvg client 2
FedAvg client 3
FedAvg client 4
FedAvg client 5
FedAvg client 6
FedAvg client 7
FedAvg client 8
FedAvg client 9
Round 637
FedAvg client 0
FedAvg client 1
FedAvg client 2
FedAvg client 3
FedAvg client 4
FedAvg client 5
FedAvg client 6
FedAvg client 7
FedAvg client 8
FedAvg client 9
Round 638
FedAvg client 0
FedAvg client 1
FedAvg client 2
FedAvg client 3
FedAvg client 4
FedAvg client 5
FedAvg client 6
FedAvg client 7
FedAvg client 8
FedAvg client 9
Round 639
FedAvg client 0
FedAvg client 1
FedAvg client 2
FedAvg client 3
FedAvg client 4
FedAvg client 5
FedAvg client 6
FedAvg client 7
FedAvg client 8
FedAvg client 9
Round 640
FedAvg client 0
FedAvg client 1
FedAvg client 2
FedAvg client 3
FedAvg client 4
FedAvg client 5
FedAvg client 6
FedAvg client 7
FedAvg client 8
FedAvg client 9
Round 641
FedAvg client 0
FedAvg client 1
FedAvg client 2
FedAvg client 3
FedAvg client 4
FedAvg client 5
FedAvg client 6
FedAvg client 7
FedAvg client 8
FedAvg client 9
Round 642
FedAvg client 0
FedAvg client 1
FedAvg client 2
FedAvg client 3
FedAvg client 4
FedAvg client 5
FedAvg client 6
FedAvg client 7
FedAvg client 8
FedAvg client 9
Round 643
FedAvg client 0
FedAvg client 1
FedAvg client 2
FedAvg client 3
FedAvg client 4
FedAvg client 5
FedAvg client 6
FedAvg client 7
FedAvg client 8
FedAvg client 9
Round 644
FedAvg client 0
FedAvg client 1
FedAvg client 2
FedAvg client 3
FedAvg client 4
FedAvg client 5
FedAvg client 6
FedAvg client 7
FedAvg client 8
FedAvg client 9
Round 645
FedAvg client 0
FedAvg client 1
FedAvg client 2
FedAvg client 3
FedAvg client 4
FedAvg client 5
FedAvg client 6
FedAvg client 7
FedAvg client 8
FedAvg client 9
Round 646
FedAvg client 0
FedAvg client 1
FedAvg client 2
FedAvg client 3
FedAvg client 4
FedAvg client 5
FedAvg client 6
FedAvg client 7
FedAvg client 8
FedAvg client 9
Round 647
FedAvg client 0
FedAvg client 1
FedAvg client 2
FedAvg client 3
FedAvg client 4
FedAvg client 5
FedAvg client 6
FedAvg client 7
FedAvg client 8
FedAvg client 9
Round 648
FedAvg client 0
FedAvg client 1
FedAvg client 2
FedAvg client 3
FedAvg client 4
FedAvg client 5
FedAvg client 6
FedAvg client 7
FedAvg client 8
FedAvg client 9
Round 649
FedAvg client 0
FedAvg client 1
FedAvg client 2
FedAvg client 3
FedAvg client 4
FedAvg client 5
FedAvg client 6
FedAvg client 7
FedAvg client 8
FedAvg client 9
Round 650
FedAvg client 0
FedAvg client 1
FedAvg client 2
FedAvg client 3
FedAvg client 4
FedAvg client 5
FedAvg client 6
FedAvg client 7
FedAvg client 8
FedAvg client 9
Round 651
FedAvg client 0
FedAvg client 1
FedAvg client 2
FedAvg client 3
FedAvg client 4
FedAvg client 5
FedAvg client 6
FedAvg client 7
FedAvg client 8
FedAvg client 9
Round 652
FedAvg client 0
FedAvg client 1
FedAvg client 2
FedAvg client 3
FedAvg client 4
FedAvg client 5
FedAvg client 6
FedAvg client 7
FedAvg client 8
FedAvg client 9
Round 653
FedAvg client 0
FedAvg client 1
FedAvg client 2
FedAvg client 3
FedAvg client 4
FedAvg client 5
FedAvg client 6
FedAvg client 7
FedAvg client 8
FedAvg client 9
Round 654
FedAvg client 0
FedAvg client 1
FedAvg client 2
FedAvg client 3
FedAvg client 4
FedAvg client 5
FedAvg client 6
FedAvg client 7
FedAvg client 8
FedAvg client 9
Round 655
FedAvg client 0
FedAvg client 1
FedAvg client 2
FedAvg client 3
FedAvg client 4
FedAvg client 5
FedAvg client 6
FedAvg client 7
FedAvg client 8
FedAvg client 9
Round 656
FedAvg client 0
FedAvg client 1
FedAvg client 2
FedAvg client 3
FedAvg client 4
FedAvg client 5
FedAvg client 6
FedAvg client 7
FedAvg client 8
FedAvg client 9
Round 657
FedAvg client 0
FedAvg client 1
FedAvg client 2
FedAvg client 3
FedAvg client 4
FedAvg client 5
FedAvg client 6
FedAvg client 7
FedAvg client 8
FedAvg client 9
Round 658
FedAvg client 0
FedAvg client 1
FedAvg client 2
FedAvg client 3
FedAvg client 4
FedAvg client 5
FedAvg client 6
FedAvg client 7
FedAvg client 8
FedAvg client 9
Round 659
FedAvg client 0
FedAvg client 1
FedAvg client 2
FedAvg client 3
FedAvg client 4
FedAvg client 5
FedAvg client 6
FedAvg client 7
FedAvg client 8
FedAvg client 9
Round 660
FedAvg client 0
FedAvg client 1
FedAvg client 2
FedAvg client 3
FedAvg client 4
FedAvg client 5
FedAvg client 6
FedAvg client 7
FedAvg client 8
FedAvg client 9
Round 661
FedAvg client 0
FedAvg client 1
FedAvg client 2
FedAvg client 3
FedAvg client 4
FedAvg client 5
FedAvg client 6
FedAvg client 7
FedAvg client 8
FedAvg client 9
Round 662
FedAvg client 0
FedAvg client 1
FedAvg client 2
FedAvg client 3
FedAvg client 4
FedAvg client 5
FedAvg client 6
FedAvg client 7
FedAvg client 8
FedAvg client 9
Round 663
FedAvg client 0
FedAvg client 1
FedAvg client 2
FedAvg client 3
FedAvg client 4
FedAvg client 5
FedAvg client 6
FedAvg client 7
FedAvg client 8
FedAvg client 9
Round 664
FedAvg client 0
FedAvg client 1
FedAvg client 2
FedAvg client 3
FedAvg client 4
FedAvg client 5
FedAvg client 6
FedAvg client 7
FedAvg client 8
FedAvg client 9
Round 665
FedAvg client 0
FedAvg client 1
FedAvg client 2
FedAvg client 3
FedAvg client 4
FedAvg client 5
FedAvg client 6
FedAvg client 7
FedAvg client 8
FedAvg client 9
Round 666
FedAvg client 0
FedAvg client 1
FedAvg client 2
FedAvg client 3
FedAvg client 4
FedAvg client 5
FedAvg client 6
FedAvg client 7
FedAvg client 8
FedAvg client 9
Round 667
FedAvg client 0
FedAvg client 1
FedAvg client 2
FedAvg client 3
FedAvg client 4
FedAvg client 5
FedAvg client 6
FedAvg client 7
FedAvg client 8
FedAvg client 9
Round 668
FedAvg client 0
FedAvg client 1
FedAvg client 2
FedAvg client 3
FedAvg client 4
FedAvg client 5
FedAvg client 6
FedAvg client 7
FedAvg client 8
FedAvg client 9
Round 669
FedAvg client 0
FedAvg client 1
FedAvg client 2
FedAvg client 3
FedAvg client 4
FedAvg client 5
FedAvg client 6
FedAvg client 7
FedAvg client 8
FedAvg client 9
Round 670
FedAvg client 0
FedAvg client 1
FedAvg client 2
FedAvg client 3
FedAvg client 4
FedAvg client 5
FedAvg client 6
FedAvg client 7
FedAvg client 8
FedAvg client 9
Round 671
FedAvg client 0
FedAvg client 1
FedAvg client 2
FedAvg client 3
FedAvg client 4
FedAvg client 5
FedAvg client 6
FedAvg client 7
FedAvg client 8
FedAvg client 9
Round 672
FedAvg client 0
FedAvg client 1
FedAvg client 2
FedAvg client 3
FedAvg client 4
FedAvg client 5
FedAvg client 6
FedAvg client 7
FedAvg client 8
FedAvg client 9
Round 673
FedAvg client 0
FedAvg client 1
FedAvg client 2
FedAvg client 3
FedAvg client 4
FedAvg client 5
FedAvg client 6
FedAvg client 7
FedAvg client 8
FedAvg client 9
Round 674
FedAvg client 0
FedAvg client 1
FedAvg client 2
FedAvg client 3
FedAvg client 4
FedAvg client 5
FedAvg client 6
FedAvg client 7
FedAvg client 8
FedAvg client 9
Round 675
FedAvg client 0
FedAvg client 1
FedAvg client 2
FedAvg client 3
FedAvg client 4
FedAvg client 5
FedAvg client 6
FedAvg client 7
FedAvg client 8
FedAvg client 9
Round 676
FedAvg client 0
FedAvg client 1
FedAvg client 2
FedAvg client 3
FedAvg client 4
FedAvg client 5
FedAvg client 6
FedAvg client 7
FedAvg client 8
FedAvg client 9
Round 677
FedAvg client 0
FedAvg client 1
FedAvg client 2
FedAvg client 3
FedAvg client 4
FedAvg client 5
FedAvg client 6
FedAvg client 7
FedAvg client 8
FedAvg client 9
Round 678
FedAvg client 0
FedAvg client 1
FedAvg client 2
FedAvg client 3
FedAvg client 4
FedAvg client 5
FedAvg client 6
FedAvg client 7
FedAvg client 8
FedAvg client 9
Round 679
FedAvg client 0
FedAvg client 1
FedAvg client 2
FedAvg client 3
FedAvg client 4
FedAvg client 5
FedAvg client 6
FedAvg client 7
FedAvg client 8
FedAvg client 9
Round 680
FedAvg client 0
FedAvg client 1
FedAvg client 2
FedAvg client 3
FedAvg client 4
FedAvg client 5
FedAvg client 6
FedAvg client 7
FedAvg client 8
FedAvg client 9
Round 681
FedAvg client 0
FedAvg client 1
FedAvg client 2
FedAvg client 3
FedAvg client 4
FedAvg client 5
FedAvg client 6
FedAvg client 7
FedAvg client 8
FedAvg client 9
Round 682
FedAvg client 0
FedAvg client 1
FedAvg client 2
FedAvg client 3
FedAvg client 4
FedAvg client 5
FedAvg client 6
FedAvg client 7
FedAvg client 8
FedAvg client 9
Round 683
FedAvg client 0
FedAvg client 1
FedAvg client 2
FedAvg client 3
FedAvg client 4
FedAvg client 5
FedAvg client 6
FedAvg client 7
FedAvg client 8
FedAvg client 9
Round 684
FedAvg client 0
FedAvg client 1
FedAvg client 2
FedAvg client 3
FedAvg client 4
FedAvg client 5
FedAvg client 6
FedAvg client 7
FedAvg client 8
FedAvg client 9
Round 685
FedAvg client 0
FedAvg client 1
FedAvg client 2
FedAvg client 3
FedAvg client 4
FedAvg client 5
FedAvg client 6
FedAvg client 7
FedAvg client 8
FedAvg client 9
Round 686
FedAvg client 0
FedAvg client 1
FedAvg client 2
FedAvg client 3
FedAvg client 4
FedAvg client 5
FedAvg client 6
FedAvg client 7
FedAvg client 8
FedAvg client 9
Round 687
FedAvg client 0
FedAvg client 1
FedAvg client 2
FedAvg client 3
FedAvg client 4
FedAvg client 5
FedAvg client 6
FedAvg client 7
FedAvg client 8
FedAvg client 9
Round 688
FedAvg client 0
FedAvg client 1
FedAvg client 2
FedAvg client 3
FedAvg client 4
FedAvg client 5
FedAvg client 6
FedAvg client 7
FedAvg client 8
FedAvg client 9
Round 689
FedAvg client 0
FedAvg client 1
FedAvg client 2
FedAvg client 3
FedAvg client 4
FedAvg client 5
FedAvg client 6
FedAvg client 7
FedAvg client 8
FedAvg client 9
Round 690
FedAvg client 0
FedAvg client 1
FedAvg client 2
FedAvg client 3
FedAvg client 4
FedAvg client 5
FedAvg client 6
FedAvg client 7
FedAvg client 8
FedAvg client 9
Round 691
FedAvg client 0
FedAvg client 1
FedAvg client 2
FedAvg client 3
FedAvg client 4
FedAvg client 5
FedAvg client 6
FedAvg client 7
FedAvg client 8
FedAvg client 9
Round 692
FedAvg client 0
FedAvg client 1
FedAvg client 2
FedAvg client 3
FedAvg client 4
FedAvg client 5
FedAvg client 6
FedAvg client 7
FedAvg client 8
FedAvg client 9
Round 693
FedAvg client 0
FedAvg client 1
FedAvg client 2
FedAvg client 3
FedAvg client 4
FedAvg client 5
FedAvg client 6
FedAvg client 7
FedAvg client 8
FedAvg client 9
Round 694
FedAvg client 0
FedAvg client 1
FedAvg client 2
FedAvg client 3
FedAvg client 4
FedAvg client 5
FedAvg client 6
FedAvg client 7
FedAvg client 8
FedAvg client 9
Round 695
FedAvg client 0
FedAvg client 1
FedAvg client 2
FedAvg client 3
FedAvg client 4
FedAvg client 5
FedAvg client 6
FedAvg client 7
FedAvg client 8
FedAvg client 9
Round 696
FedAvg client 0
FedAvg client 1
FedAvg client 2
FedAvg client 3
FedAvg client 4
FedAvg client 5
FedAvg client 6
FedAvg client 7
FedAvg client 8
FedAvg client 9
Round 697
FedAvg client 0
FedAvg client 1
FedAvg client 2
FedAvg client 3
FedAvg client 4
FedAvg client 5
FedAvg client 6
FedAvg client 7
FedAvg client 8
FedAvg client 9
Round 698
FedAvg client 0
FedAvg client 1
FedAvg client 2
FedAvg client 3
FedAvg client 4
FedAvg client 5
FedAvg client 6
FedAvg client 7
FedAvg client 8
FedAvg client 9
Round 699
FedAvg client 0
FedAvg client 1
FedAvg client 2
FedAvg client 3
FedAvg client 4
FedAvg client 5
FedAvg client 6
FedAvg client 7
FedAvg client 8
FedAvg client 9
Round 700
FedAvg client 0
FedAvg client 1
FedAvg client 2
FedAvg client 3
FedAvg client 4
FedAvg client 5
FedAvg client 6
FedAvg client 7
FedAvg client 8
FedAvg client 9
Round 701
FedAvg client 0
FedAvg client 1
FedAvg client 2
FedAvg client 3
FedAvg client 4
FedAvg client 5
FedAvg client 6
FedAvg client 7
FedAvg client 8
FedAvg client 9
Round 702
FedAvg client 0
FedAvg client 1
FedAvg client 2
FedAvg client 3
FedAvg client 4
FedAvg client 5
FedAvg client 6
FedAvg client 7
FedAvg client 8
FedAvg client 9
Round 703
FedAvg client 0
FedAvg client 1
FedAvg client 2
FedAvg client 3
FedAvg client 4
FedAvg client 5
FedAvg client 6
FedAvg client 7
FedAvg client 8
FedAvg client 9
Round 704
FedAvg client 0
FedAvg client 1
FedAvg client 2
FedAvg client 3
FedAvg client 4
FedAvg client 5
FedAvg client 6
FedAvg client 7
FedAvg client 8
FedAvg client 9
Round 705
FedAvg client 0
FedAvg client 1
FedAvg client 2
FedAvg client 3
FedAvg client 4
FedAvg client 5
FedAvg client 6
FedAvg client 7
FedAvg client 8
FedAvg client 9
Round 706
FedAvg client 0
FedAvg client 1
FedAvg client 2
FedAvg client 3
FedAvg client 4
FedAvg client 5
FedAvg client 6
FedAvg client 7
FedAvg client 8
FedAvg client 9
Round 707
FedAvg client 0
FedAvg client 1
FedAvg client 2
FedAvg client 3
FedAvg client 4
FedAvg client 5
FedAvg client 6
FedAvg client 7
FedAvg client 8
FedAvg client 9
Round 708
FedAvg client 0
FedAvg client 1
FedAvg client 2
FedAvg client 3
FedAvg client 4
FedAvg client 5
FedAvg client 6
FedAvg client 7
FedAvg client 8
FedAvg client 9
Round 709
FedAvg client 0
FedAvg client 1
FedAvg client 2
FedAvg client 3
FedAvg client 4
FedAvg client 5
FedAvg client 6
FedAvg client 7
FedAvg client 8
FedAvg client 9
Round 710
FedAvg client 0
FedAvg client 1
FedAvg client 2
FedAvg client 3
FedAvg client 4
FedAvg client 5
FedAvg client 6
FedAvg client 7
FedAvg client 8
FedAvg client 9
Round 711
FedAvg client 0
FedAvg client 1
FedAvg client 2
FedAvg client 3
FedAvg client 4
FedAvg client 5
FedAvg client 6
FedAvg client 7
FedAvg client 8
FedAvg client 9
Round 712
FedAvg client 0
FedAvg client 1
FedAvg client 2
FedAvg client 3
FedAvg client 4
FedAvg client 5
FedAvg client 6
FedAvg client 7
FedAvg client 8
FedAvg client 9
Round 713
FedAvg client 0
FedAvg client 1
FedAvg client 2
FedAvg client 3
FedAvg client 4
FedAvg client 5
FedAvg client 6
FedAvg client 7
FedAvg client 8
FedAvg client 9
Round 714
FedAvg client 0
FedAvg client 1
FedAvg client 2
FedAvg client 3
FedAvg client 4
FedAvg client 5
FedAvg client 6
FedAvg client 7
FedAvg client 8
FedAvg client 9
Round 715
FedAvg client 0
FedAvg client 1
FedAvg client 2
FedAvg client 3
FedAvg client 4
FedAvg client 5
FedAvg client 6
FedAvg client 7
FedAvg client 8
FedAvg client 9
Round 716
FedAvg client 0
FedAvg client 1
FedAvg client 2
FedAvg client 3
FedAvg client 4
FedAvg client 5
FedAvg client 6
FedAvg client 7
FedAvg client 8
FedAvg client 9
Round 717
FedAvg client 0
FedAvg client 1
FedAvg client 2
FedAvg client 3
FedAvg client 4
FedAvg client 5
FedAvg client 6
FedAvg client 7
FedAvg client 8
FedAvg client 9
Round 718
FedAvg client 0
FedAvg client 1
FedAvg client 2
FedAvg client 3
FedAvg client 4
FedAvg client 5
FedAvg client 6
FedAvg client 7
FedAvg client 8
FedAvg client 9
Round 719
FedAvg client 0
FedAvg client 1
FedAvg client 2
FedAvg client 3
FedAvg client 4
FedAvg client 5
FedAvg client 6
FedAvg client 7
FedAvg client 8
FedAvg client 9
Round 720
FedAvg client 0
FedAvg client 1
FedAvg client 2
FedAvg client 3
FedAvg client 4
FedAvg client 5
FedAvg client 6
FedAvg client 7
FedAvg client 8
FedAvg client 9
Round 721
FedAvg client 0
FedAvg client 1
FedAvg client 2
FedAvg client 3
FedAvg client 4
FedAvg client 5
FedAvg client 6
FedAvg client 7
FedAvg client 8
FedAvg client 9
Round 722
FedAvg client 0
FedAvg client 1
FedAvg client 2
FedAvg client 3
FedAvg client 4
FedAvg client 5
FedAvg client 6
FedAvg client 7
FedAvg client 8
FedAvg client 9
Round 723
FedAvg client 0
FedAvg client 1
FedAvg client 2
FedAvg client 3
FedAvg client 4
FedAvg client 5
FedAvg client 6
FedAvg client 7
FedAvg client 8
FedAvg client 9
Round 724
FedAvg client 0
FedAvg client 1
FedAvg client 2
FedAvg client 3
FedAvg client 4
FedAvg client 5
FedAvg client 6
FedAvg client 7
FedAvg client 8
FedAvg client 9
Round 725
FedAvg client 0
FedAvg client 1
FedAvg client 2
FedAvg client 3
FedAvg client 4
FedAvg client 5
FedAvg client 6
FedAvg client 7
FedAvg client 8
FedAvg client 9
Round 726
FedAvg client 0
FedAvg client 1
FedAvg client 2
FedAvg client 3
FedAvg client 4
FedAvg client 5
FedAvg client 6
FedAvg client 7
FedAvg client 8
FedAvg client 9
Round 727
FedAvg client 0
FedAvg client 1
FedAvg client 2
FedAvg client 3
FedAvg client 4
FedAvg client 5
FedAvg client 6
FedAvg client 7
FedAvg client 8
FedAvg client 9
Round 728
FedAvg client 0
FedAvg client 1
FedAvg client 2
FedAvg client 3
FedAvg client 4
FedAvg client 5
FedAvg client 6
FedAvg client 7
FedAvg client 8
FedAvg client 9
Round 729
FedAvg client 0
FedAvg client 1
FedAvg client 2
FedAvg client 3
FedAvg client 4
FedAvg client 5
FedAvg client 6
FedAvg client 7
FedAvg client 8
FedAvg client 9
Round 730
FedAvg client 0
FedAvg client 1
FedAvg client 2
FedAvg client 3
FedAvg client 4
FedAvg client 5
FedAvg client 6
FedAvg client 7
FedAvg client 8
FedAvg client 9
Round 731
FedAvg client 0
FedAvg client 1
FedAvg client 2
FedAvg client 3
FedAvg client 4
FedAvg client 5
FedAvg client 6
FedAvg client 7
FedAvg client 8
FedAvg client 9
Round 732
FedAvg client 0
FedAvg client 1
FedAvg client 2
FedAvg client 3
FedAvg client 4
FedAvg client 5
FedAvg client 6
FedAvg client 7
FedAvg client 8
FedAvg client 9
Round 733
FedAvg client 0
FedAvg client 1
FedAvg client 2
FedAvg client 3
FedAvg client 4
FedAvg client 5
FedAvg client 6
FedAvg client 7
FedAvg client 8
FedAvg client 9
Round 734
FedAvg client 0
FedAvg client 1
FedAvg client 2
FedAvg client 3
FedAvg client 4
FedAvg client 5
FedAvg client 6
FedAvg client 7
FedAvg client 8
FedAvg client 9
Round 735
FedAvg client 0
FedAvg client 1
FedAvg client 2
FedAvg client 3
FedAvg client 4
FedAvg client 5
FedAvg client 6
FedAvg client 7
FedAvg client 8
FedAvg client 9
Round 736
FedAvg client 0
FedAvg client 1
FedAvg client 2
FedAvg client 3
FedAvg client 4
FedAvg client 5
FedAvg client 6
FedAvg client 7
FedAvg client 8
FedAvg client 9
Round 737
FedAvg client 0
FedAvg client 1
FedAvg client 2
FedAvg client 3
FedAvg client 4
FedAvg client 5
FedAvg client 6
FedAvg client 7
FedAvg client 8
FedAvg client 9
Round 738
FedAvg client 0
FedAvg client 1
FedAvg client 2
FedAvg client 3
FedAvg client 4
FedAvg client 5
FedAvg client 6
FedAvg client 7
FedAvg client 8
FedAvg client 9
Round 739
FedAvg client 0
FedAvg client 1
FedAvg client 2
FedAvg client 3
FedAvg client 4
FedAvg client 5
FedAvg client 6
FedAvg client 7
FedAvg client 8
FedAvg client 9
Round 740
FedAvg client 0
FedAvg client 1
FedAvg client 2
FedAvg client 3
FedAvg client 4
FedAvg client 5
FedAvg client 6
FedAvg client 7
FedAvg client 8
FedAvg client 9
Round 741
FedAvg client 0
FedAvg client 1
FedAvg client 2
FedAvg client 3
FedAvg client 4
FedAvg client 5
FedAvg client 6
FedAvg client 7
FedAvg client 8
FedAvg client 9
Round 742
FedAvg client 0
FedAvg client 1
FedAvg client 2
FedAvg client 3
FedAvg client 4
FedAvg client 5
FedAvg client 6
FedAvg client 7
FedAvg client 8
FedAvg client 9
Round 743
FedAvg client 0
FedAvg client 1
FedAvg client 2
FedAvg client 3
FedAvg client 4
FedAvg client 5
FedAvg client 6
FedAvg client 7
FedAvg client 8
FedAvg client 9
Round 744
FedAvg client 0
FedAvg client 1
FedAvg client 2
FedAvg client 3
FedAvg client 4
FedAvg client 5
FedAvg client 6
FedAvg client 7
FedAvg client 8
FedAvg client 9
Round 745
FedAvg client 0
FedAvg client 1
FedAvg client 2
FedAvg client 3
FedAvg client 4
FedAvg client 5
FedAvg client 6
FedAvg client 7
FedAvg client 8
FedAvg client 9
Round 746
FedAvg client 0
FedAvg client 1
FedAvg client 2
FedAvg client 3
FedAvg client 4
FedAvg client 5
FedAvg client 6
FedAvg client 7
FedAvg client 8
FedAvg client 9
Round 747
FedAvg client 0
FedAvg client 1
FedAvg client 2
FedAvg client 3
FedAvg client 4
FedAvg client 5
FedAvg client 6
FedAvg client 7
FedAvg client 8
FedAvg client 9
Round 748
FedAvg client 0
FedAvg client 1
FedAvg client 2
FedAvg client 3
FedAvg client 4
FedAvg client 5
FedAvg client 6
FedAvg client 7
FedAvg client 8
FedAvg client 9
Round 749
FedAvg client 0
FedAvg client 1
FedAvg client 2
FedAvg client 3
FedAvg client 4
FedAvg client 5
FedAvg client 6
FedAvg client 7
FedAvg client 8
FedAvg client 9
Round 750
FedAvg client 0
FedAvg client 1
FedAvg client 2
FedAvg client 3
FedAvg client 4
FedAvg client 5
FedAvg client 6
FedAvg client 7
FedAvg client 8
FedAvg client 9
Round 751
FedAvg client 0
FedAvg client 1
FedAvg client 2
FedAvg client 3
FedAvg client 4
FedAvg client 5
FedAvg client 6
FedAvg client 7
FedAvg client 8
FedAvg client 9
Round 752
FedAvg client 0
FedAvg client 1
FedAvg client 2
FedAvg client 3
FedAvg client 4
FedAvg client 5
FedAvg client 6
FedAvg client 7
FedAvg client 8
FedAvg client 9
Round 753
FedAvg client 0
FedAvg client 1
FedAvg client 2
FedAvg client 3
FedAvg client 4
FedAvg client 5
FedAvg client 6
FedAvg client 7
FedAvg client 8
FedAvg client 9
Round 754
FedAvg client 0
FedAvg client 1
FedAvg client 2
FedAvg client 3
FedAvg client 4
FedAvg client 5
FedAvg client 6
FedAvg client 7
FedAvg client 8
FedAvg client 9
Round 755
FedAvg client 0
FedAvg client 1
FedAvg client 2
FedAvg client 3
FedAvg client 4
FedAvg client 5
FedAvg client 6
FedAvg client 7
FedAvg client 8
FedAvg client 9
Round 756
FedAvg client 0
FedAvg client 1
FedAvg client 2
FedAvg client 3
FedAvg client 4
FedAvg client 5
FedAvg client 6
FedAvg client 7
FedAvg client 8
FedAvg client 9
Round 757
FedAvg client 0
FedAvg client 1
FedAvg client 2
FedAvg client 3
FedAvg client 4
FedAvg client 5
FedAvg client 6
FedAvg client 7
FedAvg client 8
FedAvg client 9
Round 758
FedAvg client 0
FedAvg client 1
FedAvg client 2
FedAvg client 3
FedAvg client 4
FedAvg client 5
FedAvg client 6
FedAvg client 7
FedAvg client 8
FedAvg client 9
Round 759
FedAvg client 0
FedAvg client 1
FedAvg client 2
FedAvg client 3
FedAvg client 4
FedAvg client 5
FedAvg client 6
FedAvg client 7
FedAvg client 8
FedAvg client 9
Round 760
FedAvg client 0
FedAvg client 1
FedAvg client 2
FedAvg client 3
FedAvg client 4
FedAvg client 5
FedAvg client 6
FedAvg client 7
FedAvg client 8
FedAvg client 9
Round 761
FedAvg client 0
FedAvg client 1
FedAvg client 2
FedAvg client 3
FedAvg client 4
FedAvg client 5
FedAvg client 6
FedAvg client 7
FedAvg client 8
FedAvg client 9
Round 762
FedAvg client 0
FedAvg client 1
FedAvg client 2
FedAvg client 3
FedAvg client 4
FedAvg client 5
FedAvg client 6
FedAvg client 7
FedAvg client 8
FedAvg client 9
Round 763
FedAvg client 0
FedAvg client 1
FedAvg client 2
FedAvg client 3
FedAvg client 4
FedAvg client 5
FedAvg client 6
FedAvg client 7
FedAvg client 8
FedAvg client 9
Round 764
FedAvg client 0
FedAvg client 1
FedAvg client 2
FedAvg client 3
FedAvg client 4
FedAvg client 5
FedAvg client 6
FedAvg client 7
FedAvg client 8
FedAvg client 9
Round 765
FedAvg client 0
FedAvg client 1
FedAvg client 2
FedAvg client 3
FedAvg client 4
FedAvg client 5
FedAvg client 6
FedAvg client 7
FedAvg client 8
FedAvg client 9
Round 766
FedAvg client 0
FedAvg client 1
FedAvg client 2
FedAvg client 3
FedAvg client 4
FedAvg client 5
FedAvg client 6
FedAvg client 7
FedAvg client 8
FedAvg client 9
Round 767
FedAvg client 0
FedAvg client 1
FedAvg client 2
FedAvg client 3
FedAvg client 4
FedAvg client 5
FedAvg client 6
FedAvg client 7
FedAvg client 8
FedAvg client 9
Round 768
FedAvg client 0
FedAvg client 1
FedAvg client 2
FedAvg client 3
FedAvg client 4
FedAvg client 5
FedAvg client 6
FedAvg client 7
FedAvg client 8
FedAvg client 9
Round 769
FedAvg client 0
FedAvg client 1
FedAvg client 2
FedAvg client 3
FedAvg client 4
FedAvg client 5
FedAvg client 6
FedAvg client 7
FedAvg client 8
FedAvg client 9
Round 770
FedAvg client 0
FedAvg client 1
FedAvg client 2
FedAvg client 3
FedAvg client 4
FedAvg client 5
FedAvg client 6
FedAvg client 7
FedAvg client 8
FedAvg client 9
Round 771
FedAvg client 0
FedAvg client 1
FedAvg client 2
FedAvg client 3
FedAvg client 4
FedAvg client 5
FedAvg client 6
FedAvg client 7
FedAvg client 8
FedAvg client 9
Round 772
FedAvg client 0
FedAvg client 1
FedAvg client 2
FedAvg client 3
FedAvg client 4
FedAvg client 5
FedAvg client 6
FedAvg client 7
FedAvg client 8
FedAvg client 9
Round 773
FedAvg client 0
FedAvg client 1
FedAvg client 2
FedAvg client 3
FedAvg client 4
FedAvg client 5
FedAvg client 6
FedAvg client 7
FedAvg client 8
FedAvg client 9
Round 774
FedAvg client 0
FedAvg client 1
FedAvg client 2
FedAvg client 3
FedAvg client 4
FedAvg client 5
FedAvg client 6
FedAvg client 7
FedAvg client 8
FedAvg client 9
Round 775
FedAvg client 0
FedAvg client 1
FedAvg client 2
FedAvg client 3
FedAvg client 4
FedAvg client 5
FedAvg client 6
FedAvg client 7
FedAvg client 8
FedAvg client 9
Round 776
FedAvg client 0
FedAvg client 1
FedAvg client 2
FedAvg client 3
FedAvg client 4
FedAvg client 5
FedAvg client 6
FedAvg client 7
FedAvg client 8
FedAvg client 9
Round 777
FedAvg client 0
FedAvg client 1
FedAvg client 2
FedAvg client 3
FedAvg client 4
FedAvg client 5
FedAvg client 6
FedAvg client 7
FedAvg client 8
FedAvg client 9
Round 778
FedAvg client 0
FedAvg client 1
FedAvg client 2
FedAvg client 3
FedAvg client 4
FedAvg client 5
FedAvg client 6
FedAvg client 7
FedAvg client 8
FedAvg client 9
Round 779
FedAvg client 0
FedAvg client 1
FedAvg client 2
FedAvg client 3
FedAvg client 4
FedAvg client 5
FedAvg client 6
FedAvg client 7
FedAvg client 8
FedAvg client 9
Round 780
FedAvg client 0
FedAvg client 1
FedAvg client 2
FedAvg client 3
FedAvg client 4
FedAvg client 5
FedAvg client 6
FedAvg client 7
FedAvg client 8
FedAvg client 9
Round 781
FedAvg client 0
FedAvg client 1
FedAvg client 2
FedAvg client 3
FedAvg client 4
FedAvg client 5
FedAvg client 6
FedAvg client 7
FedAvg client 8
FedAvg client 9
Round 782
FedAvg client 0
FedAvg client 1
FedAvg client 2
FedAvg client 3
FedAvg client 4
FedAvg client 5
FedAvg client 6
FedAvg client 7
FedAvg client 8
FedAvg client 9
Round 783
FedAvg client 0
FedAvg client 1
FedAvg client 2
FedAvg client 3
FedAvg client 4
FedAvg client 5
FedAvg client 6
FedAvg client 7
FedAvg client 8
FedAvg client 9
Round 784
FedAvg client 0
FedAvg client 1
FedAvg client 2
FedAvg client 3
FedAvg client 4
FedAvg client 5
FedAvg client 6
FedAvg client 7
FedAvg client 8
FedAvg client 9
Round 785
FedAvg client 0
FedAvg client 1
FedAvg client 2
FedAvg client 3
FedAvg client 4
FedAvg client 5
FedAvg client 6
FedAvg client 7
FedAvg client 8
FedAvg client 9
Round 786
FedAvg client 0
FedAvg client 1
FedAvg client 2
FedAvg client 3
FedAvg client 4
FedAvg client 5
FedAvg client 6
FedAvg client 7
FedAvg client 8
FedAvg client 9
Round 787
FedAvg client 0
FedAvg client 1
FedAvg client 2
FedAvg client 3
FedAvg client 4
FedAvg client 5
FedAvg client 6
FedAvg client 7
FedAvg client 8
FedAvg client 9
Round 788
FedAvg client 0
FedAvg client 1
FedAvg client 2
FedAvg client 3
FedAvg client 4
FedAvg client 5
FedAvg client 6
FedAvg client 7
FedAvg client 8
FedAvg client 9
Round 789
FedAvg client 0
FedAvg client 1
FedAvg client 2
FedAvg client 3
FedAvg client 4
FedAvg client 5
FedAvg client 6
FedAvg client 7
FedAvg client 8
FedAvg client 9
Round 790
FedAvg client 0
FedAvg client 1
FedAvg client 2
FedAvg client 3
FedAvg client 4
FedAvg client 5
FedAvg client 6
FedAvg client 7
FedAvg client 8
FedAvg client 9
Round 791
FedAvg client 0
FedAvg client 1
FedAvg client 2
FedAvg client 3
FedAvg client 4
FedAvg client 5
FedAvg client 6
FedAvg client 7
FedAvg client 8
FedAvg client 9
Round 792
FedAvg client 0
FedAvg client 1
FedAvg client 2
FedAvg client 3
FedAvg client 4
FedAvg client 5
FedAvg client 6
FedAvg client 7
FedAvg client 8
FedAvg client 9
Round 793
FedAvg client 0
FedAvg client 1
FedAvg client 2
FedAvg client 3
FedAvg client 4
FedAvg client 5
FedAvg client 6
FedAvg client 7
FedAvg client 8
FedAvg client 9
Round 794
FedAvg client 0
FedAvg client 1
FedAvg client 2
FedAvg client 3
FedAvg client 4
FedAvg client 5
FedAvg client 6
FedAvg client 7
FedAvg client 8
FedAvg client 9
Round 795
FedAvg client 0
FedAvg client 1
FedAvg client 2
FedAvg client 3
FedAvg client 4
FedAvg client 5
FedAvg client 6
FedAvg client 7
FedAvg client 8
FedAvg client 9
Round 796
FedAvg client 0
FedAvg client 1
FedAvg client 2
FedAvg client 3
FedAvg client 4
FedAvg client 5
FedAvg client 6
FedAvg client 7
FedAvg client 8
FedAvg client 9
Round 797
FedAvg client 0
FedAvg client 1
FedAvg client 2
FedAvg client 3
FedAvg client 4
FedAvg client 5
FedAvg client 6
FedAvg client 7
FedAvg client 8
FedAvg client 9
Round 798
FedAvg client 0
FedAvg client 1
FedAvg client 2
FedAvg client 3
FedAvg client 4
FedAvg client 5
FedAvg client 6
FedAvg client 7
FedAvg client 8
FedAvg client 9
Round 799
FedAvg client 0
FedAvg client 1
FedAvg client 2
FedAvg client 3
FedAvg client 4
FedAvg client 5
FedAvg client 6
FedAvg client 7
FedAvg client 8
FedAvg client 9
Round 800
FedAvg client 0
FedAvg client 1
FedAvg client 2
FedAvg client 3
FedAvg client 4
FedAvg client 5
FedAvg client 6
FedAvg client 7
FedAvg client 8
FedAvg client 9
Round 801
FedAvg client 0
FedAvg client 1
FedAvg client 2
FedAvg client 3
FedAvg client 4
FedAvg client 5
FedAvg client 6
FedAvg client 7
FedAvg client 8
FedAvg client 9
Round 802
FedAvg client 0
FedAvg client 1
FedAvg client 2
FedAvg client 3
FedAvg client 4
FedAvg client 5
FedAvg client 6
FedAvg client 7
FedAvg client 8
FedAvg client 9
Round 803
FedAvg client 0
FedAvg client 1
FedAvg client 2
FedAvg client 3
FedAvg client 4
FedAvg client 5
FedAvg client 6
FedAvg client 7
FedAvg client 8
FedAvg client 9
Round 804
FedAvg client 0
FedAvg client 1
FedAvg client 2
FedAvg client 3
FedAvg client 4
FedAvg client 5
FedAvg client 6
FedAvg client 7
FedAvg client 8
FedAvg client 9
Round 805
FedAvg client 0
FedAvg client 1
FedAvg client 2
FedAvg client 3
FedAvg client 4
FedAvg client 5
FedAvg client 6
FedAvg client 7
FedAvg client 8
FedAvg client 9
Round 806
FedAvg client 0
FedAvg client 1
FedAvg client 2
FedAvg client 3
FedAvg client 4
FedAvg client 5
FedAvg client 6
FedAvg client 7
FedAvg client 8
FedAvg client 9
Round 807
FedAvg client 0
FedAvg client 1
FedAvg client 2
FedAvg client 3
FedAvg client 4
FedAvg client 5
FedAvg client 6
FedAvg client 7
FedAvg client 8
FedAvg client 9
Round 808
FedAvg client 0
FedAvg client 1
FedAvg client 2
FedAvg client 3
FedAvg client 4
FedAvg client 5
FedAvg client 6
FedAvg client 7
FedAvg client 8
FedAvg client 9
Round 809
FedAvg client 0
FedAvg client 1
FedAvg client 2
FedAvg client 3
FedAvg client 4
FedAvg client 5
FedAvg client 6
FedAvg client 7
FedAvg client 8
FedAvg client 9
Round 810
FedAvg client 0
FedAvg client 1
FedAvg client 2
FedAvg client 3
FedAvg client 4
FedAvg client 5
FedAvg client 6
FedAvg client 7
FedAvg client 8
FedAvg client 9
Round 811
FedAvg client 0
FedAvg client 1
FedAvg client 2
FedAvg client 3
FedAvg client 4
FedAvg client 5
FedAvg client 6
FedAvg client 7
FedAvg client 8
FedAvg client 9
Round 812
FedAvg client 0
FedAvg client 1
FedAvg client 2
FedAvg client 3
FedAvg client 4
FedAvg client 5
FedAvg client 6
FedAvg client 7
FedAvg client 8
FedAvg client 9
Round 813
FedAvg client 0
FedAvg client 1
FedAvg client 2
FedAvg client 3
FedAvg client 4
FedAvg client 5
FedAvg client 6
FedAvg client 7
FedAvg client 8
FedAvg client 9
Round 814
FedAvg client 0
FedAvg client 1
FedAvg client 2
FedAvg client 3
FedAvg client 4
FedAvg client 5
FedAvg client 6
FedAvg client 7
FedAvg client 8
FedAvg client 9
Round 815
FedAvg client 0
FedAvg client 1
FedAvg client 2
FedAvg client 3
FedAvg client 4
FedAvg client 5
FedAvg client 6
FedAvg client 7
FedAvg client 8
FedAvg client 9
Round 816
FedAvg client 0
FedAvg client 1
FedAvg client 2
FedAvg client 3
FedAvg client 4
FedAvg client 5
FedAvg client 6
FedAvg client 7
FedAvg client 8
FedAvg client 9
Round 817
FedAvg client 0
FedAvg client 1
FedAvg client 2
FedAvg client 3
FedAvg client 4
FedAvg client 5
FedAvg client 6
FedAvg client 7
FedAvg client 8
FedAvg client 9
Round 818
FedAvg client 0
FedAvg client 1
FedAvg client 2
FedAvg client 3
FedAvg client 4
FedAvg client 5
FedAvg client 6
FedAvg client 7
FedAvg client 8
FedAvg client 9
Round 819
FedAvg client 0
FedAvg client 1
FedAvg client 2
FedAvg client 3
FedAvg client 4
FedAvg client 5
FedAvg client 6
FedAvg client 7
FedAvg client 8
FedAvg client 9
Round 820
FedAvg client 0
FedAvg client 1
FedAvg client 2
FedAvg client 3
FedAvg client 4
FedAvg client 5
FedAvg client 6
FedAvg client 7
FedAvg client 8
FedAvg client 9
Round 821
FedAvg client 0
FedAvg client 1
FedAvg client 2
FedAvg client 3
FedAvg client 4
FedAvg client 5
FedAvg client 6
FedAvg client 7
FedAvg client 8
FedAvg client 9
Round 822
FedAvg client 0
FedAvg client 1
FedAvg client 2
FedAvg client 3
FedAvg client 4
FedAvg client 5
FedAvg client 6
FedAvg client 7
FedAvg client 8
FedAvg client 9
Round 823
FedAvg client 0
FedAvg client 1
FedAvg client 2
FedAvg client 3
FedAvg client 4
FedAvg client 5
FedAvg client 6
FedAvg client 7
FedAvg client 8
FedAvg client 9
Round 824
FedAvg client 0
FedAvg client 1
FedAvg client 2
FedAvg client 3
FedAvg client 4
FedAvg client 5
FedAvg client 6
FedAvg client 7
FedAvg client 8
FedAvg client 9
Round 825
FedAvg client 0
FedAvg client 1
FedAvg client 2
FedAvg client 3
FedAvg client 4
FedAvg client 5
FedAvg client 6
FedAvg client 7
FedAvg client 8
FedAvg client 9
Round 826
FedAvg client 0
FedAvg client 1
FedAvg client 2
FedAvg client 3
FedAvg client 4
FedAvg client 5
FedAvg client 6
FedAvg client 7
FedAvg client 8
FedAvg client 9
Round 827
FedAvg client 0
FedAvg client 1
FedAvg client 2
FedAvg client 3
FedAvg client 4
FedAvg client 5
FedAvg client 6
FedAvg client 7
FedAvg client 8
FedAvg client 9
Round 828
FedAvg client 0
FedAvg client 1
FedAvg client 2
FedAvg client 3
FedAvg client 4
FedAvg client 5
FedAvg client 6
FedAvg client 7
FedAvg client 8
FedAvg client 9
Round 829
FedAvg client 0
FedAvg client 1
FedAvg client 2
FedAvg client 3
FedAvg client 4
FedAvg client 5
FedAvg client 6
FedAvg client 7
FedAvg client 8
FedAvg client 9
Round 830
FedAvg client 0
FedAvg client 1
FedAvg client 2
FedAvg client 3
FedAvg client 4
FedAvg client 5
FedAvg client 6
FedAvg client 7
FedAvg client 8
FedAvg client 9
Round 831
FedAvg client 0
FedAvg client 1
FedAvg client 2
FedAvg client 3
FedAvg client 4
FedAvg client 5
FedAvg client 6
FedAvg client 7
FedAvg client 8
FedAvg client 9
Round 832
FedAvg client 0
FedAvg client 1
FedAvg client 2
FedAvg client 3
FedAvg client 4
FedAvg client 5
FedAvg client 6
FedAvg client 7
FedAvg client 8
FedAvg client 9
Round 833
FedAvg client 0
FedAvg client 1
FedAvg client 2
FedAvg client 3
FedAvg client 4
FedAvg client 5
FedAvg client 6
FedAvg client 7
FedAvg client 8
FedAvg client 9
Round 834
FedAvg client 0
FedAvg client 1
FedAvg client 2
FedAvg client 3
FedAvg client 4
FedAvg client 5
FedAvg client 6
FedAvg client 7
FedAvg client 8
FedAvg client 9
Round 835
FedAvg client 0
FedAvg client 1
FedAvg client 2
FedAvg client 3
FedAvg client 4
FedAvg client 5
FedAvg client 6
FedAvg client 7
FedAvg client 8
FedAvg client 9
Round 836
FedAvg client 0
FedAvg client 1
FedAvg client 2
FedAvg client 3
FedAvg client 4
FedAvg client 5
FedAvg client 6
FedAvg client 7
FedAvg client 8
FedAvg client 9
Round 837
FedAvg client 0
FedAvg client 1
FedAvg client 2
FedAvg client 3
FedAvg client 4
FedAvg client 5
FedAvg client 6
FedAvg client 7
FedAvg client 8
FedAvg client 9
Round 838
FedAvg client 0
FedAvg client 1
FedAvg client 2
FedAvg client 3
FedAvg client 4
FedAvg client 5
FedAvg client 6
FedAvg client 7
FedAvg client 8
FedAvg client 9
Round 839
FedAvg client 0
FedAvg client 1
FedAvg client 2
FedAvg client 3
FedAvg client 4
FedAvg client 5
FedAvg client 6
FedAvg client 7
FedAvg client 8
FedAvg client 9
Round 840
FedAvg client 0
FedAvg client 1
FedAvg client 2
FedAvg client 3
FedAvg client 4
FedAvg client 5
FedAvg client 6
FedAvg client 7
FedAvg client 8
FedAvg client 9
net_glob_fedAvg CNNCifar(
  (conv1): Conv2d(3, 6, kernel_size=(5, 5), stride=(1, 1))
  (pool): MaxPool2d(kernel_size=2, stride=2, padding=0, dilation=1, ceil_mode=False)
  (conv2): Conv2d(6, 16, kernel_size=(5, 5), stride=(1, 1))
  (conv2_drop): Dropout2d(p=0.5, inplace=False)
  (fc1): Linear(in_features=400, out_features=120, bias=True)
  (dropout): Dropout(p=0.5, inplace=False)
  (fc2): Linear(in_features=120, out_features=84, bias=True)
  (fc3): Linear(in_features=84, out_features=10, bias=True)
  (activation): LogSoftmax(dim=1)
)
idxs_users: [0, 1, 2, 3, 4, 5, 6, 7, 8, 9]
Finetune the client 0
Iter: 0 | Val Acc: 100.0 | Val Loss: 0.423514183195075
Update Train Finetune Iter: 0 | Validation best acc: 100.00
Traceback (most recent call last):
  File "/Users/wangjiayi/Desktop/fededgepruneeraser/fedEdgePruneEraser/FedPruneEraser/Fed_Unlearn_main.py", line 642, in <module>
    Federated_Unlearning()
  File "/Users/wangjiayi/Desktop/fededgepruneeraser/fedEdgePruneEraser/FedPruneEraser/Fed_Unlearn_main.py", line 305, in Federated_Unlearning
    finetuned, locals_nets, val_acc_ft, train_acc_ft, val_acc_locals, train_acc_locals = train_clients(
  File "/Users/wangjiayi/Desktop/fededgepruneeraser/fedEdgePruneEraser/FedPruneEraser/mix_fl.py", line 145, in train_clients
    w_l, _, val_acc_l, train_acc_l = client.train(net=net_local_idx, n_epochs=FL_params.local_epoch, learning_rate=1e-4, val=True)
TypeError: train() got an unexpected keyword argument 'val'
