============================================================
Step1. Federated Learning Settings 
 We use dataset: cifar10 for our Federated Unlearning experiment.

We are going to forget  1 client
============================================================
Step2. Client data loaded, testing data loaded!!!
       Initial Model loaded!!!
Files already downloaded and verified
Files already downloaded and verified
User 0 has 2 batches in train_loader.
User 1 has 2 batches in train_loader.
User 2 has 2 batches in train_loader.
User 3 has 2 batches in train_loader.
User 4 has 2 batches in train_loader.
User 5 has 2 batches in train_loader.
User 6 has 2 batches in train_loader.
User 7 has 2 batches in train_loader.
User 8 has 2 batches in train_loader.
User 9 has 2 batches in train_loader.
User_test_loader 10 <class 'dict'> <class 'torch.utils.data.dataloader.DataLoader'>
init_global_model [{'local': CNNCifar(
  (conv1): Conv2d(3, 6, kernel_size=(5, 5), stride=(1, 1))
  (pool): MaxPool2d(kernel_size=2, stride=2, padding=0, dilation=1, ceil_mode=False)
  (conv2): Conv2d(6, 16, kernel_size=(5, 5), stride=(1, 1))
  (conv2_drop): Dropout2d(p=0.5, inplace=False)
  (fc1): Linear(in_features=400, out_features=120, bias=True)
  (dropout): Dropout(p=0.5, inplace=False)
  (fc2): Linear(in_features=120, out_features=84, bias=True)
  (fc3): Linear(in_features=84, out_features=10, bias=True)
  (activation): LogSoftmax(dim=1)
), 'global': CNNCifar(
  (conv1): Conv2d(3, 6, kernel_size=(5, 5), stride=(1, 1))
  (pool): MaxPool2d(kernel_size=2, stride=2, padding=0, dilation=1, ceil_mode=False)
  (conv2): Conv2d(6, 16, kernel_size=(5, 5), stride=(1, 1))
  (conv2_drop): Dropout2d(p=0.5, inplace=False)
  (fc1): Linear(in_features=400, out_features=120, bias=True)
  (dropout): Dropout(p=0.5, inplace=False)
  (fc2): Linear(in_features=120, out_features=84, bias=True)
  (fc3): Linear(in_features=84, out_features=10, bias=True)
  (activation): LogSoftmax(dim=1)
), 'gate': GateCNN(
  (conv1): Conv2d(3, 6, kernel_size=(5, 5), stride=(1, 1))
  (pool): MaxPool2d(kernel_size=2, stride=2, padding=0, dilation=1, ceil_mode=False)
  (conv2): Conv2d(6, 16, kernel_size=(5, 5), stride=(1, 1))
  (conv2_drop): Dropout2d(p=0.5, inplace=False)
  (fc1): Linear(in_features=400, out_features=120, bias=True)
  (dropout): Dropout(p=0.5, inplace=False)
  (fc2): Linear(in_features=120, out_features=84, bias=True)
  (fc3): Linear(in_features=84, out_features=10, bias=True)
  (activation): LogSoftmax(dim=1)
)}] <class 'list'>
opt in [0, 1, 2, 3, 4, 5, 6, 7, 8, 9]
client_loaders len 10
============================================================
Step3. Fedearated Learning and Unlearning Training...
len of selected client loader, 10
Round   0
FedAvg client 0
FedAvg client 1
FedAvg client 2
FedAvg client 3
FedAvg client 4
FedAvg client 5
FedAvg client 6
FedAvg client 7
FedAvg client 8
FedAvg client 9
Round   1
FedAvg client 0
FedAvg client 1
FedAvg client 2
FedAvg client 3
FedAvg client 4
FedAvg client 5
FedAvg client 6
FedAvg client 7
FedAvg client 8
FedAvg client 9
Round   2
FedAvg client 0
FedAvg client 1
FedAvg client 2
FedAvg client 3
FedAvg client 4
FedAvg client 5
FedAvg client 6
FedAvg client 7
FedAvg client 8
FedAvg client 9
Round   3
FedAvg client 0
FedAvg client 1
FedAvg client 2
FedAvg client 3
FedAvg client 4
FedAvg client 5
FedAvg client 6
FedAvg client 7
FedAvg client 8
FedAvg client 9
Round   4
FedAvg client 0
FedAvg client 1
FedAvg client 2
FedAvg client 3
FedAvg client 4
FedAvg client 5
FedAvg client 6
FedAvg client 7
FedAvg client 8
FedAvg client 9
Round   5
FedAvg client 0
FedAvg client 1
FedAvg client 2
FedAvg client 3
FedAvg client 4
FedAvg client 5
FedAvg client 6
FedAvg client 7
FedAvg client 8
FedAvg client 9
Round   6
FedAvg client 0
FedAvg client 1
FedAvg client 2
FedAvg client 3
FedAvg client 4
FedAvg client 5
FedAvg client 6
FedAvg client 7
FedAvg client 8
FedAvg client 9
Round   7
FedAvg client 0
FedAvg client 1
FedAvg client 2
FedAvg client 3
FedAvg client 4
FedAvg client 5
FedAvg client 6
FedAvg client 7
FedAvg client 8
FedAvg client 9
Round   8
FedAvg client 0
FedAvg client 1
FedAvg client 2
FedAvg client 3
FedAvg client 4
FedAvg client 5
FedAvg client 6
FedAvg client 7
FedAvg client 8
FedAvg client 9
Round   9
FedAvg client 0
FedAvg client 1
FedAvg client 2
FedAvg client 3
FedAvg client 4
FedAvg client 5
FedAvg client 6
FedAvg client 7
FedAvg client 8
FedAvg client 9
Round  10
FedAvg client 0
FedAvg client 1
FedAvg client 2
FedAvg client 3
FedAvg client 4
FedAvg client 5
FedAvg client 6
FedAvg client 7
FedAvg client 8
FedAvg client 9
Round  11
FedAvg client 0
FedAvg client 1
FedAvg client 2
FedAvg client 3
FedAvg client 4
FedAvg client 5
FedAvg client 6
FedAvg client 7
FedAvg client 8
FedAvg client 9
Round  12
FedAvg client 0
FedAvg client 1
FedAvg client 2
FedAvg client 3
FedAvg client 4
FedAvg client 5
FedAvg client 6
FedAvg client 7
FedAvg client 8
FedAvg client 9
Round  13
FedAvg client 0
FedAvg client 1
FedAvg client 2
FedAvg client 3
FedAvg client 4
FedAvg client 5
FedAvg client 6
FedAvg client 7
FedAvg client 8
FedAvg client 9
Round  14
FedAvg client 0
FedAvg client 1
FedAvg client 2
FedAvg client 3
FedAvg client 4
FedAvg client 5
FedAvg client 6
FedAvg client 7
FedAvg client 8
FedAvg client 9
Round  15
FedAvg client 0
FedAvg client 1
FedAvg client 2
FedAvg client 3
FedAvg client 4
FedAvg client 5
FedAvg client 6
FedAvg client 7
FedAvg client 8
FedAvg client 9
Round  16
FedAvg client 0
FedAvg client 1
FedAvg client 2
FedAvg client 3
FedAvg client 4
FedAvg client 5
FedAvg client 6
FedAvg client 7
FedAvg client 8
FedAvg client 9
Round  17
FedAvg client 0
FedAvg client 1
FedAvg client 2
FedAvg client 3
FedAvg client 4
FedAvg client 5
FedAvg client 6
FedAvg client 7
FedAvg client 8
FedAvg client 9
Round  18
FedAvg client 0
FedAvg client 1
FedAvg client 2
FedAvg client 3
FedAvg client 4
FedAvg client 5
FedAvg client 6
FedAvg client 7
FedAvg client 8
FedAvg client 9
Round  19
FedAvg client 0
FedAvg client 1
FedAvg client 2
FedAvg client 3
FedAvg client 4
FedAvg client 5
FedAvg client 6
FedAvg client 7
FedAvg client 8
FedAvg client 9
Round  20
FedAvg client 0
FedAvg client 1
FedAvg client 2
FedAvg client 3
FedAvg client 4
FedAvg client 5
FedAvg client 6
FedAvg client 7
FedAvg client 8
FedAvg client 9
Round  21
FedAvg client 0
FedAvg client 1
FedAvg client 2
FedAvg client 3
FedAvg client 4
FedAvg client 5
FedAvg client 6
FedAvg client 7
FedAvg client 8
FedAvg client 9
Round  22
FedAvg client 0
FedAvg client 1
FedAvg client 2
FedAvg client 3
FedAvg client 4
FedAvg client 5
FedAvg client 6
FedAvg client 7
FedAvg client 8
FedAvg client 9
Round  23
FedAvg client 0
FedAvg client 1
FedAvg client 2
FedAvg client 3
FedAvg client 4
FedAvg client 5
FedAvg client 6
FedAvg client 7
FedAvg client 8
FedAvg client 9
Round  24
FedAvg client 0
FedAvg client 1
FedAvg client 2
FedAvg client 3
FedAvg client 4
FedAvg client 5
FedAvg client 6
FedAvg client 7
FedAvg client 8
FedAvg client 9
Round  25
FedAvg client 0
FedAvg client 1
FedAvg client 2
FedAvg client 3
FedAvg client 4
FedAvg client 5
FedAvg client 6
FedAvg client 7
FedAvg client 8
FedAvg client 9
Round  26
FedAvg client 0
FedAvg client 1
FedAvg client 2
FedAvg client 3
FedAvg client 4
FedAvg client 5
FedAvg client 6
FedAvg client 7
FedAvg client 8
FedAvg client 9
Round  27
FedAvg client 0
FedAvg client 1
FedAvg client 2
FedAvg client 3
FedAvg client 4
FedAvg client 5
FedAvg client 6
FedAvg client 7
FedAvg client 8
FedAvg client 9
Round  28
FedAvg client 0
FedAvg client 1
FedAvg client 2
FedAvg client 3
FedAvg client 4
FedAvg client 5
FedAvg client 6
FedAvg client 7
FedAvg client 8
FedAvg client 9
Round  29
FedAvg client 0
FedAvg client 1
FedAvg client 2
FedAvg client 3
FedAvg client 4
FedAvg client 5
FedAvg client 6
FedAvg client 7
FedAvg client 8
FedAvg client 9
Round  30
FedAvg client 0
FedAvg client 1
FedAvg client 2
FedAvg client 3
FedAvg client 4
FedAvg client 5
FedAvg client 6
FedAvg client 7
FedAvg client 8
FedAvg client 9
Round  31
FedAvg client 0
FedAvg client 1
FedAvg client 2
FedAvg client 3
FedAvg client 4
FedAvg client 5
FedAvg client 6
FedAvg client 7
FedAvg client 8
FedAvg client 9
Round  32
FedAvg client 0
FedAvg client 1
FedAvg client 2
FedAvg client 3
FedAvg client 4
FedAvg client 5
FedAvg client 6
FedAvg client 7
FedAvg client 8
FedAvg client 9
Round  33
FedAvg client 0
FedAvg client 1
FedAvg client 2
FedAvg client 3
FedAvg client 4
FedAvg client 5
FedAvg client 6
FedAvg client 7
FedAvg client 8
FedAvg client 9
Round  34
FedAvg client 0
FedAvg client 1
FedAvg client 2
FedAvg client 3
FedAvg client 4
FedAvg client 5
FedAvg client 6
FedAvg client 7
FedAvg client 8
FedAvg client 9
Round  35
FedAvg client 0
FedAvg client 1
FedAvg client 2
FedAvg client 3
FedAvg client 4
FedAvg client 5
FedAvg client 6
FedAvg client 7
FedAvg client 8
FedAvg client 9
Round  36
FedAvg client 0
FedAvg client 1
FedAvg client 2
FedAvg client 3
FedAvg client 4
FedAvg client 5
FedAvg client 6
FedAvg client 7
FedAvg client 8
FedAvg client 9
Round  37
FedAvg client 0
FedAvg client 1
FedAvg client 2
FedAvg client 3
FedAvg client 4
FedAvg client 5
FedAvg client 6
FedAvg client 7
FedAvg client 8
FedAvg client 9
Round  38
FedAvg client 0
FedAvg client 1
FedAvg client 2
FedAvg client 3
FedAvg client 4
FedAvg client 5
FedAvg client 6
FedAvg client 7
FedAvg client 8
FedAvg client 9
Round  39
FedAvg client 0
FedAvg client 1
FedAvg client 2
FedAvg client 3
FedAvg client 4
FedAvg client 5
FedAvg client 6
FedAvg client 7
FedAvg client 8
FedAvg client 9
Round  40
FedAvg client 0
FedAvg client 1
FedAvg client 2
FedAvg client 3
FedAvg client 4
FedAvg client 5
FedAvg client 6
FedAvg client 7
FedAvg client 8
FedAvg client 9
Round  41
FedAvg client 0
FedAvg client 1
FedAvg client 2
FedAvg client 3
FedAvg client 4
FedAvg client 5
FedAvg client 6
FedAvg client 7
FedAvg client 8
FedAvg client 9
Round  42
FedAvg client 0
FedAvg client 1
FedAvg client 2
FedAvg client 3
FedAvg client 4
FedAvg client 5
FedAvg client 6
FedAvg client 7
FedAvg client 8
FedAvg client 9
Round  43
FedAvg client 0
FedAvg client 1
FedAvg client 2
FedAvg client 3
FedAvg client 4
FedAvg client 5
FedAvg client 6
FedAvg client 7
FedAvg client 8
FedAvg client 9
Round  44
FedAvg client 0
FedAvg client 1
FedAvg client 2
FedAvg client 3
FedAvg client 4
FedAvg client 5
FedAvg client 6
FedAvg client 7
FedAvg client 8
FedAvg client 9
Round  45
FedAvg client 0
FedAvg client 1
FedAvg client 2
FedAvg client 3
FedAvg client 4
FedAvg client 5
FedAvg client 6
FedAvg client 7
FedAvg client 8
FedAvg client 9
Round  46
FedAvg client 0
FedAvg client 1
FedAvg client 2
FedAvg client 3
FedAvg client 4
FedAvg client 5
FedAvg client 6
FedAvg client 7
FedAvg client 8
FedAvg client 9
Round  47
FedAvg client 0
FedAvg client 1
FedAvg client 2
FedAvg client 3
FedAvg client 4
FedAvg client 5
FedAvg client 6
FedAvg client 7
FedAvg client 8
FedAvg client 9
Round  48
FedAvg client 0
FedAvg client 1
FedAvg client 2
FedAvg client 3
FedAvg client 4
FedAvg client 5
FedAvg client 6
FedAvg client 7
FedAvg client 8
FedAvg client 9
Round  49
FedAvg client 0
FedAvg client 1
FedAvg client 2
FedAvg client 3
FedAvg client 4
FedAvg client 5
FedAvg client 6
FedAvg client 7
FedAvg client 8
FedAvg client 9
Round  50
FedAvg client 0
FedAvg client 1
FedAvg client 2
FedAvg client 3
FedAvg client 4
FedAvg client 5
FedAvg client 6
FedAvg client 7
FedAvg client 8
FedAvg client 9
Round  51
FedAvg client 0
FedAvg client 1
FedAvg client 2
FedAvg client 3
FedAvg client 4
FedAvg client 5
FedAvg client 6
FedAvg client 7
FedAvg client 8
FedAvg client 9
Round  52
FedAvg client 0
FedAvg client 1
FedAvg client 2
FedAvg client 3
FedAvg client 4
FedAvg client 5
FedAvg client 6
FedAvg client 7
FedAvg client 8
FedAvg client 9
Round  53
FedAvg client 0
FedAvg client 1
FedAvg client 2
FedAvg client 3
FedAvg client 4
FedAvg client 5
FedAvg client 6
FedAvg client 7
FedAvg client 8
FedAvg client 9
Round  54
FedAvg client 0
FedAvg client 1
FedAvg client 2
FedAvg client 3
FedAvg client 4
FedAvg client 5
FedAvg client 6
FedAvg client 7
FedAvg client 8
FedAvg client 9
Round  55
FedAvg client 0
FedAvg client 1
FedAvg client 2
FedAvg client 3
FedAvg client 4
FedAvg client 5
FedAvg client 6
FedAvg client 7
FedAvg client 8
FedAvg client 9
Round  56
FedAvg client 0
FedAvg client 1
FedAvg client 2
FedAvg client 3
FedAvg client 4
FedAvg client 5
FedAvg client 6
FedAvg client 7
FedAvg client 8
FedAvg client 9
Round  57
FedAvg client 0
FedAvg client 1
FedAvg client 2
FedAvg client 3
FedAvg client 4
FedAvg client 5
FedAvg client 6
FedAvg client 7
FedAvg client 8
FedAvg client 9
Round  58
FedAvg client 0
FedAvg client 1
FedAvg client 2
FedAvg client 3
FedAvg client 4
FedAvg client 5
FedAvg client 6
FedAvg client 7
FedAvg client 8
FedAvg client 9
Round  59
FedAvg client 0
FedAvg client 1
FedAvg client 2
FedAvg client 3
FedAvg client 4
FedAvg client 5
FedAvg client 6
FedAvg client 7
FedAvg client 8
FedAvg client 9
Round  60
FedAvg client 0
FedAvg client 1
FedAvg client 2
FedAvg client 3
FedAvg client 4
FedAvg client 5
FedAvg client 6
FedAvg client 7
FedAvg client 8
FedAvg client 9
Round  61
FedAvg client 0
FedAvg client 1
FedAvg client 2
FedAvg client 3
FedAvg client 4
FedAvg client 5
FedAvg client 6
FedAvg client 7
FedAvg client 8
FedAvg client 9
Round  62
FedAvg client 0
FedAvg client 1
FedAvg client 2
FedAvg client 3
FedAvg client 4
FedAvg client 5
FedAvg client 6
FedAvg client 7
FedAvg client 8
FedAvg client 9
Round  63
FedAvg client 0
FedAvg client 1
FedAvg client 2
FedAvg client 3
FedAvg client 4
FedAvg client 5
FedAvg client 6
FedAvg client 7
FedAvg client 8
FedAvg client 9
Round  64
FedAvg client 0
FedAvg client 1
FedAvg client 2
FedAvg client 3
FedAvg client 4
FedAvg client 5
FedAvg client 6
FedAvg client 7
FedAvg client 8
FedAvg client 9
Round  65
FedAvg client 0
FedAvg client 1
FedAvg client 2
FedAvg client 3
FedAvg client 4
FedAvg client 5
FedAvg client 6
FedAvg client 7
FedAvg client 8
FedAvg client 9
Round  66
FedAvg client 0
FedAvg client 1
FedAvg client 2
FedAvg client 3
FedAvg client 4
FedAvg client 5
FedAvg client 6
FedAvg client 7
FedAvg client 8
FedAvg client 9
Round  67
FedAvg client 0
FedAvg client 1
FedAvg client 2
FedAvg client 3
FedAvg client 4
FedAvg client 5
FedAvg client 6
FedAvg client 7
FedAvg client 8
FedAvg client 9
Round  68
FedAvg client 0
FedAvg client 1
FedAvg client 2
FedAvg client 3
FedAvg client 4
FedAvg client 5
FedAvg client 6
FedAvg client 7
FedAvg client 8
FedAvg client 9
Round  69
FedAvg client 0
FedAvg client 1
FedAvg client 2
FedAvg client 3
FedAvg client 4
FedAvg client 5
FedAvg client 6
FedAvg client 7
FedAvg client 8
FedAvg client 9
Round  70
FedAvg client 0
FedAvg client 1
FedAvg client 2
FedAvg client 3
FedAvg client 4
FedAvg client 5
FedAvg client 6
FedAvg client 7
FedAvg client 8
FedAvg client 9
Round  71
FedAvg client 0
FedAvg client 1
FedAvg client 2
FedAvg client 3
FedAvg client 4
FedAvg client 5
FedAvg client 6
FedAvg client 7
FedAvg client 8
FedAvg client 9
Round  72
FedAvg client 0
FedAvg client 1
FedAvg client 2
FedAvg client 3
FedAvg client 4
FedAvg client 5
FedAvg client 6
FedAvg client 7
FedAvg client 8
FedAvg client 9
Round  73
FedAvg client 0
FedAvg client 1
FedAvg client 2
FedAvg client 3
FedAvg client 4
FedAvg client 5
FedAvg client 6
FedAvg client 7
FedAvg client 8
FedAvg client 9
Round  74
FedAvg client 0
FedAvg client 1
FedAvg client 2
FedAvg client 3
FedAvg client 4
FedAvg client 5
FedAvg client 6
FedAvg client 7
FedAvg client 8
FedAvg client 9
Round  75
FedAvg client 0
FedAvg client 1
FedAvg client 2
FedAvg client 3
FedAvg client 4
FedAvg client 5
FedAvg client 6
FedAvg client 7
FedAvg client 8
FedAvg client 9
Round  76
FedAvg client 0
FedAvg client 1
FedAvg client 2
FedAvg client 3
FedAvg client 4
FedAvg client 5
FedAvg client 6
FedAvg client 7
FedAvg client 8
FedAvg client 9
Round  77
FedAvg client 0
FedAvg client 1
FedAvg client 2
FedAvg client 3
FedAvg client 4
FedAvg client 5
FedAvg client 6
FedAvg client 7
FedAvg client 8
FedAvg client 9
Round  78
FedAvg client 0
FedAvg client 1
FedAvg client 2
FedAvg client 3
FedAvg client 4
FedAvg client 5
FedAvg client 6
FedAvg client 7
FedAvg client 8
FedAvg client 9
Round  79
FedAvg client 0
FedAvg client 1
FedAvg client 2
FedAvg client 3
FedAvg client 4
FedAvg client 5
FedAvg client 6
FedAvg client 7
FedAvg client 8
FedAvg client 9
Round  80
FedAvg client 0
FedAvg client 1
FedAvg client 2
FedAvg client 3
FedAvg client 4
FedAvg client 5
FedAvg client 6
FedAvg client 7
FedAvg client 8
FedAvg client 9
Round  81
FedAvg client 0
FedAvg client 1
FedAvg client 2
FedAvg client 3
FedAvg client 4
FedAvg client 5
FedAvg client 6
FedAvg client 7
FedAvg client 8
FedAvg client 9
Round  82
FedAvg client 0
FedAvg client 1
FedAvg client 2
FedAvg client 3
FedAvg client 4
FedAvg client 5
FedAvg client 6
FedAvg client 7
FedAvg client 8
FedAvg client 9
Round  83
FedAvg client 0
FedAvg client 1
FedAvg client 2
FedAvg client 3
FedAvg client 4
FedAvg client 5
FedAvg client 6
FedAvg client 7
FedAvg client 8
FedAvg client 9
Round  84
FedAvg client 0
FedAvg client 1
FedAvg client 2
FedAvg client 3
FedAvg client 4
FedAvg client 5
FedAvg client 6
FedAvg client 7
FedAvg client 8
FedAvg client 9
Round  85
FedAvg client 0
FedAvg client 1
FedAvg client 2
FedAvg client 3
FedAvg client 4
FedAvg client 5
FedAvg client 6
FedAvg client 7
FedAvg client 8
FedAvg client 9
Round  86
FedAvg client 0
FedAvg client 1
FedAvg client 2
FedAvg client 3
FedAvg client 4
FedAvg client 5
FedAvg client 6
FedAvg client 7
FedAvg client 8
FedAvg client 9
Round  87
FedAvg client 0
FedAvg client 1
FedAvg client 2
FedAvg client 3
FedAvg client 4
FedAvg client 5
FedAvg client 6
FedAvg client 7
FedAvg client 8
FedAvg client 9
Round  88
FedAvg client 0
FedAvg client 1
FedAvg client 2
FedAvg client 3
FedAvg client 4
FedAvg client 5
FedAvg client 6
FedAvg client 7
FedAvg client 8
FedAvg client 9
Round  89
FedAvg client 0
FedAvg client 1
FedAvg client 2
FedAvg client 3
FedAvg client 4
FedAvg client 5
FedAvg client 6
FedAvg client 7
FedAvg client 8
FedAvg client 9
Round  90
FedAvg client 0
FedAvg client 1
FedAvg client 2
FedAvg client 3
FedAvg client 4
FedAvg client 5
FedAvg client 6
FedAvg client 7
FedAvg client 8
FedAvg client 9
Round  91
FedAvg client 0
FedAvg client 1
FedAvg client 2
FedAvg client 3
FedAvg client 4
FedAvg client 5
FedAvg client 6
FedAvg client 7
FedAvg client 8
FedAvg client 9
Round  92
FedAvg client 0
FedAvg client 1
FedAvg client 2
FedAvg client 3
FedAvg client 4
FedAvg client 5
FedAvg client 6
FedAvg client 7
FedAvg client 8
FedAvg client 9
Round  93
FedAvg client 0
FedAvg client 1
FedAvg client 2
FedAvg client 3
FedAvg client 4
FedAvg client 5
FedAvg client 6
FedAvg client 7
FedAvg client 8
FedAvg client 9
Round  94
FedAvg client 0
FedAvg client 1
FedAvg client 2
FedAvg client 3
FedAvg client 4
FedAvg client 5
FedAvg client 6
FedAvg client 7
FedAvg client 8
FedAvg client 9
Round  95
FedAvg client 0
FedAvg client 1
FedAvg client 2
FedAvg client 3
FedAvg client 4
FedAvg client 5
FedAvg client 6
FedAvg client 7
FedAvg client 8
FedAvg client 9
Round  96
FedAvg client 0
FedAvg client 1
FedAvg client 2
FedAvg client 3
FedAvg client 4
FedAvg client 5
FedAvg client 6
FedAvg client 7
FedAvg client 8
FedAvg client 9
Round  97
FedAvg client 0
FedAvg client 1
FedAvg client 2
FedAvg client 3
FedAvg client 4
FedAvg client 5
FedAvg client 6
FedAvg client 7
FedAvg client 8
FedAvg client 9
Round  98
FedAvg client 0
FedAvg client 1
FedAvg client 2
FedAvg client 3
FedAvg client 4
FedAvg client 5
FedAvg client 6
FedAvg client 7
FedAvg client 8
FedAvg client 9
Round  99
FedAvg client 0
FedAvg client 1
FedAvg client 2
FedAvg client 3
FedAvg client 4
FedAvg client 5
FedAvg client 6
FedAvg client 7
FedAvg client 8
FedAvg client 9
Round 100
FedAvg client 0
FedAvg client 1
FedAvg client 2
FedAvg client 3
FedAvg client 4
FedAvg client 5
FedAvg client 6
FedAvg client 7
FedAvg client 8
FedAvg client 9
Round 101
FedAvg client 0
FedAvg client 1
FedAvg client 2
FedAvg client 3
FedAvg client 4
FedAvg client 5
FedAvg client 6
FedAvg client 7
FedAvg client 8
FedAvg client 9
Round 102
FedAvg client 0
FedAvg client 1
FedAvg client 2
FedAvg client 3
FedAvg client 4
FedAvg client 5
FedAvg client 6
FedAvg client 7
FedAvg client 8
FedAvg client 9
Round 103
FedAvg client 0
FedAvg client 1
FedAvg client 2
FedAvg client 3
FedAvg client 4
FedAvg client 5
FedAvg client 6
FedAvg client 7
FedAvg client 8
FedAvg client 9
Round 104
FedAvg client 0
FedAvg client 1
FedAvg client 2
FedAvg client 3
FedAvg client 4
FedAvg client 5
FedAvg client 6
FedAvg client 7
FedAvg client 8
FedAvg client 9
Round 105
FedAvg client 0
FedAvg client 1
FedAvg client 2
FedAvg client 3
FedAvg client 4
FedAvg client 5
FedAvg client 6
FedAvg client 7
FedAvg client 8
FedAvg client 9
Round 106
FedAvg client 0
FedAvg client 1
FedAvg client 2
FedAvg client 3
FedAvg client 4
FedAvg client 5
FedAvg client 6
FedAvg client 7
FedAvg client 8
FedAvg client 9
Round 107
FedAvg client 0
FedAvg client 1
FedAvg client 2
FedAvg client 3
FedAvg client 4
FedAvg client 5
FedAvg client 6
FedAvg client 7
FedAvg client 8
FedAvg client 9
Round 108
FedAvg client 0
FedAvg client 1
FedAvg client 2
FedAvg client 3
FedAvg client 4
FedAvg client 5
FedAvg client 6
FedAvg client 7
FedAvg client 8
FedAvg client 9
Round 109
FedAvg client 0
FedAvg client 1
FedAvg client 2
FedAvg client 3
FedAvg client 4
FedAvg client 5
FedAvg client 6
FedAvg client 7
FedAvg client 8
FedAvg client 9
Round 110
FedAvg client 0
FedAvg client 1
FedAvg client 2
FedAvg client 3
FedAvg client 4
FedAvg client 5
FedAvg client 6
FedAvg client 7
FedAvg client 8
FedAvg client 9
Round 111
FedAvg client 0
FedAvg client 1
FedAvg client 2
FedAvg client 3
FedAvg client 4
FedAvg client 5
FedAvg client 6
FedAvg client 7
FedAvg client 8
FedAvg client 9
Round 112
FedAvg client 0
FedAvg client 1
FedAvg client 2
FedAvg client 3
FedAvg client 4
FedAvg client 5
FedAvg client 6
FedAvg client 7
FedAvg client 8
FedAvg client 9
Round 113
FedAvg client 0
FedAvg client 1
FedAvg client 2
FedAvg client 3
FedAvg client 4
FedAvg client 5
FedAvg client 6
FedAvg client 7
FedAvg client 8
FedAvg client 9
Round 114
FedAvg client 0
FedAvg client 1
FedAvg client 2
FedAvg client 3
FedAvg client 4
FedAvg client 5
FedAvg client 6
FedAvg client 7
FedAvg client 8
FedAvg client 9
Round 115
FedAvg client 0
FedAvg client 1
FedAvg client 2
FedAvg client 3
FedAvg client 4
FedAvg client 5
FedAvg client 6
FedAvg client 7
FedAvg client 8
FedAvg client 9
Round 116
FedAvg client 0
FedAvg client 1
FedAvg client 2
FedAvg client 3
FedAvg client 4
FedAvg client 5
FedAvg client 6
FedAvg client 7
FedAvg client 8
FedAvg client 9
Round 117
FedAvg client 0
FedAvg client 1
FedAvg client 2
FedAvg client 3
FedAvg client 4
FedAvg client 5
FedAvg client 6
FedAvg client 7
FedAvg client 8
FedAvg client 9
Round 118
FedAvg client 0
FedAvg client 1
FedAvg client 2
FedAvg client 3
FedAvg client 4
FedAvg client 5
FedAvg client 6
FedAvg client 7
FedAvg client 8
FedAvg client 9
Round 119
FedAvg client 0
FedAvg client 1
FedAvg client 2
FedAvg client 3
FedAvg client 4
FedAvg client 5
FedAvg client 6
FedAvg client 7
FedAvg client 8
FedAvg client 9
Round 120
FedAvg client 0
FedAvg client 1
FedAvg client 2
FedAvg client 3
FedAvg client 4
FedAvg client 5
FedAvg client 6
FedAvg client 7
FedAvg client 8
FedAvg client 9
Round 121
FedAvg client 0
FedAvg client 1
FedAvg client 2
FedAvg client 3
FedAvg client 4
FedAvg client 5
FedAvg client 6
FedAvg client 7
FedAvg client 8
FedAvg client 9
Round 122
FedAvg client 0
FedAvg client 1
FedAvg client 2
FedAvg client 3
FedAvg client 4
FedAvg client 5
FedAvg client 6
FedAvg client 7
FedAvg client 8
FedAvg client 9
Round 123
FedAvg client 0
FedAvg client 1
FedAvg client 2
FedAvg client 3
FedAvg client 4
FedAvg client 5
FedAvg client 6
FedAvg client 7
FedAvg client 8
FedAvg client 9
Round 124
FedAvg client 0
FedAvg client 1
FedAvg client 2
FedAvg client 3
FedAvg client 4
FedAvg client 5
FedAvg client 6
FedAvg client 7
FedAvg client 8
FedAvg client 9
Round 125
FedAvg client 0
FedAvg client 1
FedAvg client 2
FedAvg client 3
FedAvg client 4
FedAvg client 5
FedAvg client 6
FedAvg client 7
FedAvg client 8
FedAvg client 9
Round 126
FedAvg client 0
FedAvg client 1
FedAvg client 2
FedAvg client 3
FedAvg client 4
FedAvg client 5
FedAvg client 6
FedAvg client 7
FedAvg client 8
FedAvg client 9
Round 127
FedAvg client 0
FedAvg client 1
FedAvg client 2
FedAvg client 3
FedAvg client 4
FedAvg client 5
FedAvg client 6
FedAvg client 7
FedAvg client 8
FedAvg client 9
Round 128
FedAvg client 0
FedAvg client 1
FedAvg client 2
FedAvg client 3
FedAvg client 4
FedAvg client 5
FedAvg client 6
FedAvg client 7
FedAvg client 8
FedAvg client 9
Round 129
FedAvg client 0
FedAvg client 1
FedAvg client 2
FedAvg client 3
FedAvg client 4
FedAvg client 5
FedAvg client 6
FedAvg client 7
FedAvg client 8
FedAvg client 9
Round 130
FedAvg client 0
FedAvg client 1
FedAvg client 2
FedAvg client 3
FedAvg client 4
FedAvg client 5
FedAvg client 6
FedAvg client 7
FedAvg client 8
FedAvg client 9
Round 131
FedAvg client 0
FedAvg client 1
FedAvg client 2
FedAvg client 3
FedAvg client 4
FedAvg client 5
FedAvg client 6
FedAvg client 7
FedAvg client 8
FedAvg client 9
Round 132
FedAvg client 0
FedAvg client 1
FedAvg client 2
FedAvg client 3
FedAvg client 4
FedAvg client 5
FedAvg client 6
FedAvg client 7
FedAvg client 8
FedAvg client 9
Round 133
FedAvg client 0
FedAvg client 1
FedAvg client 2
FedAvg client 3
FedAvg client 4
FedAvg client 5
FedAvg client 6
FedAvg client 7
FedAvg client 8
FedAvg client 9
Round 134
FedAvg client 0
FedAvg client 1
FedAvg client 2
FedAvg client 3
FedAvg client 4
FedAvg client 5
FedAvg client 6
FedAvg client 7
FedAvg client 8
FedAvg client 9
Round 135
FedAvg client 0
FedAvg client 1
FedAvg client 2
FedAvg client 3
FedAvg client 4
FedAvg client 5
FedAvg client 6
FedAvg client 7
FedAvg client 8
FedAvg client 9
Round 136
FedAvg client 0
FedAvg client 1
FedAvg client 2
FedAvg client 3
FedAvg client 4
FedAvg client 5
FedAvg client 6
FedAvg client 7
FedAvg client 8
FedAvg client 9
Round 137
FedAvg client 0
FedAvg client 1
FedAvg client 2
FedAvg client 3
FedAvg client 4
FedAvg client 5
FedAvg client 6
FedAvg client 7
FedAvg client 8
FedAvg client 9
Round 138
FedAvg client 0
FedAvg client 1
FedAvg client 2
FedAvg client 3
FedAvg client 4
FedAvg client 5
FedAvg client 6
FedAvg client 7
FedAvg client 8
FedAvg client 9
Round 139
FedAvg client 0
FedAvg client 1
FedAvg client 2
FedAvg client 3
FedAvg client 4
FedAvg client 5
FedAvg client 6
FedAvg client 7
FedAvg client 8
FedAvg client 9
Round 140
FedAvg client 0
FedAvg client 1
FedAvg client 2
FedAvg client 3
FedAvg client 4
FedAvg client 5
FedAvg client 6
FedAvg client 7
FedAvg client 8
FedAvg client 9
Round 141
FedAvg client 0
FedAvg client 1
FedAvg client 2
FedAvg client 3
FedAvg client 4
FedAvg client 5
FedAvg client 6
FedAvg client 7
FedAvg client 8
FedAvg client 9
Round 142
FedAvg client 0
FedAvg client 1
FedAvg client 2
FedAvg client 3
FedAvg client 4
FedAvg client 5
FedAvg client 6
FedAvg client 7
FedAvg client 8
FedAvg client 9
Round 143
FedAvg client 0
FedAvg client 1
FedAvg client 2
FedAvg client 3
FedAvg client 4
FedAvg client 5
FedAvg client 6
FedAvg client 7
FedAvg client 8
FedAvg client 9
Round 144
FedAvg client 0
FedAvg client 1
FedAvg client 2
FedAvg client 3
FedAvg client 4
FedAvg client 5
FedAvg client 6
FedAvg client 7
FedAvg client 8
FedAvg client 9
Round 145
FedAvg client 0
FedAvg client 1
FedAvg client 2
FedAvg client 3
FedAvg client 4
FedAvg client 5
FedAvg client 6
FedAvg client 7
FedAvg client 8
FedAvg client 9
Round 146
FedAvg client 0
FedAvg client 1
FedAvg client 2
FedAvg client 3
FedAvg client 4
FedAvg client 5
FedAvg client 6
FedAvg client 7
FedAvg client 8
FedAvg client 9
Round 147
FedAvg client 0
FedAvg client 1
FedAvg client 2
FedAvg client 3
FedAvg client 4
FedAvg client 5
FedAvg client 6
FedAvg client 7
FedAvg client 8
FedAvg client 9
Round 148
FedAvg client 0
FedAvg client 1
FedAvg client 2
FedAvg client 3
FedAvg client 4
FedAvg client 5
FedAvg client 6
FedAvg client 7
FedAvg client 8
FedAvg client 9
Round 149
FedAvg client 0
FedAvg client 1
FedAvg client 2
FedAvg client 3
FedAvg client 4
FedAvg client 5
FedAvg client 6
FedAvg client 7
FedAvg client 8
FedAvg client 9
Round 150
FedAvg client 0
FedAvg client 1
FedAvg client 2
FedAvg client 3
FedAvg client 4
FedAvg client 5
FedAvg client 6
FedAvg client 7
FedAvg client 8
FedAvg client 9
Round 151
FedAvg client 0
FedAvg client 1
FedAvg client 2
FedAvg client 3
FedAvg client 4
FedAvg client 5
FedAvg client 6
FedAvg client 7
FedAvg client 8
FedAvg client 9
Round 152
FedAvg client 0
FedAvg client 1
FedAvg client 2
FedAvg client 3
FedAvg client 4
FedAvg client 5
FedAvg client 6
FedAvg client 7
FedAvg client 8
FedAvg client 9
Round 153
FedAvg client 0
FedAvg client 1
FedAvg client 2
FedAvg client 3
FedAvg client 4
FedAvg client 5
FedAvg client 6
FedAvg client 7
FedAvg client 8
FedAvg client 9
Round 154
FedAvg client 0
FedAvg client 1
FedAvg client 2
FedAvg client 3
FedAvg client 4
FedAvg client 5
FedAvg client 6
FedAvg client 7
FedAvg client 8
FedAvg client 9
Round 155
FedAvg client 0
FedAvg client 1
FedAvg client 2
FedAvg client 3
FedAvg client 4
FedAvg client 5
FedAvg client 6
FedAvg client 7
FedAvg client 8
FedAvg client 9
Round 156
FedAvg client 0
FedAvg client 1
FedAvg client 2
FedAvg client 3
FedAvg client 4
FedAvg client 5
FedAvg client 6
FedAvg client 7
FedAvg client 8
FedAvg client 9
Round 157
FedAvg client 0
FedAvg client 1
FedAvg client 2
FedAvg client 3
FedAvg client 4
FedAvg client 5
FedAvg client 6
FedAvg client 7
FedAvg client 8
FedAvg client 9
Round 158
FedAvg client 0
FedAvg client 1
FedAvg client 2
FedAvg client 3
FedAvg client 4
FedAvg client 5
FedAvg client 6
FedAvg client 7
FedAvg client 8
FedAvg client 9
Round 159
FedAvg client 0
FedAvg client 1
FedAvg client 2
FedAvg client 3
FedAvg client 4
FedAvg client 5
FedAvg client 6
FedAvg client 7
FedAvg client 8
FedAvg client 9
Round 160
FedAvg client 0
FedAvg client 1
FedAvg client 2
FedAvg client 3
FedAvg client 4
FedAvg client 5
FedAvg client 6
FedAvg client 7
FedAvg client 8
FedAvg client 9
Round 161
FedAvg client 0
FedAvg client 1
FedAvg client 2
FedAvg client 3
FedAvg client 4
FedAvg client 5
FedAvg client 6
FedAvg client 7
FedAvg client 8
FedAvg client 9
Round 162
FedAvg client 0
FedAvg client 1
FedAvg client 2
FedAvg client 3
FedAvg client 4
FedAvg client 5
FedAvg client 6
FedAvg client 7
FedAvg client 8
FedAvg client 9
Round 163
FedAvg client 0
FedAvg client 1
FedAvg client 2
FedAvg client 3
FedAvg client 4
FedAvg client 5
FedAvg client 6
FedAvg client 7
FedAvg client 8
FedAvg client 9
Round 164
FedAvg client 0
FedAvg client 1
FedAvg client 2
FedAvg client 3
FedAvg client 4
FedAvg client 5
FedAvg client 6
FedAvg client 7
FedAvg client 8
FedAvg client 9
Round 165
FedAvg client 0
FedAvg client 1
FedAvg client 2
FedAvg client 3
FedAvg client 4
FedAvg client 5
FedAvg client 6
FedAvg client 7
FedAvg client 8
FedAvg client 9
Round 166
FedAvg client 0
FedAvg client 1
FedAvg client 2
FedAvg client 3
FedAvg client 4
FedAvg client 5
FedAvg client 6
FedAvg client 7
FedAvg client 8
FedAvg client 9
Round 167
FedAvg client 0
FedAvg client 1
FedAvg client 2
FedAvg client 3
FedAvg client 4
FedAvg client 5
FedAvg client 6
FedAvg client 7
FedAvg client 8
FedAvg client 9
Round 168
FedAvg client 0
FedAvg client 1
FedAvg client 2
FedAvg client 3
FedAvg client 4
FedAvg client 5
FedAvg client 6
FedAvg client 7
FedAvg client 8
FedAvg client 9
Round 169
FedAvg client 0
FedAvg client 1
FedAvg client 2
FedAvg client 3
FedAvg client 4
FedAvg client 5
FedAvg client 6
FedAvg client 7
FedAvg client 8
FedAvg client 9
Round 170
FedAvg client 0
FedAvg client 1
FedAvg client 2
FedAvg client 3
FedAvg client 4
FedAvg client 5
FedAvg client 6
FedAvg client 7
FedAvg client 8
FedAvg client 9
Round 171
FedAvg client 0
FedAvg client 1
FedAvg client 2
FedAvg client 3
FedAvg client 4
FedAvg client 5
FedAvg client 6
FedAvg client 7
FedAvg client 8
FedAvg client 9
Round 172
FedAvg client 0
FedAvg client 1
FedAvg client 2
FedAvg client 3
FedAvg client 4
FedAvg client 5
FedAvg client 6
FedAvg client 7
FedAvg client 8
FedAvg client 9
Round 173
FedAvg client 0
FedAvg client 1
FedAvg client 2
FedAvg client 3
FedAvg client 4
FedAvg client 5
FedAvg client 6
FedAvg client 7
FedAvg client 8
FedAvg client 9
Round 174
FedAvg client 0
FedAvg client 1
FedAvg client 2
FedAvg client 3
FedAvg client 4
FedAvg client 5
FedAvg client 6
FedAvg client 7
FedAvg client 8
FedAvg client 9
Round 175
FedAvg client 0
FedAvg client 1
FedAvg client 2
FedAvg client 3
FedAvg client 4
FedAvg client 5
FedAvg client 6
FedAvg client 7
FedAvg client 8
FedAvg client 9
Round 176
FedAvg client 0
FedAvg client 1
FedAvg client 2
FedAvg client 3
FedAvg client 4
FedAvg client 5
FedAvg client 6
FedAvg client 7
FedAvg client 8
FedAvg client 9
Round 177
FedAvg client 0
FedAvg client 1
FedAvg client 2
FedAvg client 3
FedAvg client 4
FedAvg client 5
FedAvg client 6
FedAvg client 7
FedAvg client 8
FedAvg client 9
Round 178
FedAvg client 0
FedAvg client 1
FedAvg client 2
FedAvg client 3
FedAvg client 4
FedAvg client 5
FedAvg client 6
FedAvg client 7
FedAvg client 8
FedAvg client 9
Round 179
FedAvg client 0
FedAvg client 1
FedAvg client 2
FedAvg client 3
FedAvg client 4
FedAvg client 5
FedAvg client 6
FedAvg client 7
FedAvg client 8
FedAvg client 9
Round 180
FedAvg client 0
FedAvg client 1
FedAvg client 2
FedAvg client 3
FedAvg client 4
FedAvg client 5
FedAvg client 6
FedAvg client 7
FedAvg client 8
FedAvg client 9
Round 181
FedAvg client 0
FedAvg client 1
FedAvg client 2
FedAvg client 3
FedAvg client 4
FedAvg client 5
FedAvg client 6
FedAvg client 7
FedAvg client 8
FedAvg client 9
Round 182
FedAvg client 0
FedAvg client 1
FedAvg client 2
FedAvg client 3
FedAvg client 4
FedAvg client 5
FedAvg client 6
FedAvg client 7
FedAvg client 8
FedAvg client 9
Round 183
FedAvg client 0
FedAvg client 1
FedAvg client 2
FedAvg client 3
FedAvg client 4
FedAvg client 5
FedAvg client 6
FedAvg client 7
FedAvg client 8
FedAvg client 9
Round 184
FedAvg client 0
FedAvg client 1
FedAvg client 2
FedAvg client 3
FedAvg client 4
FedAvg client 5
FedAvg client 6
FedAvg client 7
FedAvg client 8
FedAvg client 9
Round 185
FedAvg client 0
FedAvg client 1
FedAvg client 2
FedAvg client 3
FedAvg client 4
FedAvg client 5
FedAvg client 6
FedAvg client 7
FedAvg client 8
FedAvg client 9
Round 186
FedAvg client 0
FedAvg client 1
FedAvg client 2
FedAvg client 3
FedAvg client 4
FedAvg client 5
FedAvg client 6
FedAvg client 7
FedAvg client 8
FedAvg client 9
Round 187
FedAvg client 0
FedAvg client 1
FedAvg client 2
FedAvg client 3
FedAvg client 4
FedAvg client 5
FedAvg client 6
FedAvg client 7
FedAvg client 8
FedAvg client 9
Round 188
FedAvg client 0
FedAvg client 1
FedAvg client 2
FedAvg client 3
FedAvg client 4
FedAvg client 5
FedAvg client 6
FedAvg client 7
FedAvg client 8
FedAvg client 9
Round 189
FedAvg client 0
FedAvg client 1
FedAvg client 2
FedAvg client 3
FedAvg client 4
FedAvg client 5
FedAvg client 6
FedAvg client 7
FedAvg client 8
FedAvg client 9
Round 190
FedAvg client 0
FedAvg client 1
FedAvg client 2
FedAvg client 3
FedAvg client 4
FedAvg client 5
FedAvg client 6
FedAvg client 7
FedAvg client 8
FedAvg client 9
Round 191
FedAvg client 0
FedAvg client 1
FedAvg client 2
FedAvg client 3
FedAvg client 4
FedAvg client 5
FedAvg client 6
FedAvg client 7
FedAvg client 8
FedAvg client 9
Round 192
FedAvg client 0
FedAvg client 1
FedAvg client 2
FedAvg client 3
FedAvg client 4
FedAvg client 5
FedAvg client 6
FedAvg client 7
FedAvg client 8
FedAvg client 9
Round 193
FedAvg client 0
FedAvg client 1
FedAvg client 2
FedAvg client 3
FedAvg client 4
FedAvg client 5
FedAvg client 6
FedAvg client 7
FedAvg client 8
FedAvg client 9
Round 194
FedAvg client 0
FedAvg client 1
FedAvg client 2
FedAvg client 3
FedAvg client 4
FedAvg client 5
FedAvg client 6
FedAvg client 7
FedAvg client 8
FedAvg client 9
Round 195
FedAvg client 0
FedAvg client 1
FedAvg client 2
FedAvg client 3
FedAvg client 4
FedAvg client 5
FedAvg client 6
FedAvg client 7
FedAvg client 8
FedAvg client 9
Round 196
FedAvg client 0
FedAvg client 1
FedAvg client 2
FedAvg client 3
FedAvg client 4
FedAvg client 5
FedAvg client 6
FedAvg client 7
FedAvg client 8
FedAvg client 9
Round 197
FedAvg client 0
FedAvg client 1
FedAvg client 2
FedAvg client 3
FedAvg client 4
FedAvg client 5
FedAvg client 6
FedAvg client 7
FedAvg client 8
FedAvg client 9
Round 198
FedAvg client 0
FedAvg client 1
FedAvg client 2
FedAvg client 3
FedAvg client 4
FedAvg client 5
FedAvg client 6
FedAvg client 7
FedAvg client 8
FedAvg client 9
Round 199
FedAvg client 0
FedAvg client 1
FedAvg client 2
FedAvg client 3
FedAvg client 4
FedAvg client 5
FedAvg client 6
FedAvg client 7
FedAvg client 8
FedAvg client 9
Round 200
FedAvg client 0
FedAvg client 1
FedAvg client 2
FedAvg client 3
FedAvg client 4
FedAvg client 5
FedAvg client 6
FedAvg client 7
FedAvg client 8
FedAvg client 9
Round 201
FedAvg client 0
FedAvg client 1
FedAvg client 2
FedAvg client 3
FedAvg client 4
FedAvg client 5
FedAvg client 6
FedAvg client 7
FedAvg client 8
FedAvg client 9
Round 202
FedAvg client 0
FedAvg client 1
FedAvg client 2
FedAvg client 3
FedAvg client 4
FedAvg client 5
FedAvg client 6
FedAvg client 7
FedAvg client 8
FedAvg client 9
Round 203
FedAvg client 0
FedAvg client 1
FedAvg client 2
FedAvg client 3
FedAvg client 4
FedAvg client 5
FedAvg client 6
FedAvg client 7
FedAvg client 8
FedAvg client 9
Round 204
FedAvg client 0
FedAvg client 1
FedAvg client 2
FedAvg client 3
FedAvg client 4
FedAvg client 5
FedAvg client 6
FedAvg client 7
FedAvg client 8
FedAvg client 9
Round 205
FedAvg client 0
FedAvg client 1
FedAvg client 2
FedAvg client 3
FedAvg client 4
FedAvg client 5
FedAvg client 6
FedAvg client 7
FedAvg client 8
FedAvg client 9
Round 206
FedAvg client 0
FedAvg client 1
FedAvg client 2
FedAvg client 3
FedAvg client 4
FedAvg client 5
FedAvg client 6
FedAvg client 7
FedAvg client 8
FedAvg client 9
Round 207
FedAvg client 0
FedAvg client 1
FedAvg client 2
FedAvg client 3
FedAvg client 4
FedAvg client 5
FedAvg client 6
FedAvg client 7
FedAvg client 8
FedAvg client 9
Round 208
FedAvg client 0
FedAvg client 1
FedAvg client 2
FedAvg client 3
FedAvg client 4
FedAvg client 5
FedAvg client 6
FedAvg client 7
FedAvg client 8
FedAvg client 9
Round 209
FedAvg client 0
FedAvg client 1
FedAvg client 2
FedAvg client 3
FedAvg client 4
FedAvg client 5
FedAvg client 6
FedAvg client 7
FedAvg client 8
FedAvg client 9
Round 210
FedAvg client 0
FedAvg client 1
FedAvg client 2
FedAvg client 3
FedAvg client 4
FedAvg client 5
FedAvg client 6
FedAvg client 7
FedAvg client 8
FedAvg client 9
Round 211
FedAvg client 0
FedAvg client 1
FedAvg client 2
FedAvg client 3
FedAvg client 4
FedAvg client 5
FedAvg client 6
FedAvg client 7
FedAvg client 8
FedAvg client 9
Round 212
FedAvg client 0
FedAvg client 1
FedAvg client 2
FedAvg client 3
FedAvg client 4
FedAvg client 5
FedAvg client 6
FedAvg client 7
FedAvg client 8
FedAvg client 9
Round 213
FedAvg client 0
FedAvg client 1
FedAvg client 2
FedAvg client 3
FedAvg client 4
FedAvg client 5
FedAvg client 6
FedAvg client 7
FedAvg client 8
FedAvg client 9
Round 214
FedAvg client 0
FedAvg client 1
FedAvg client 2
FedAvg client 3
FedAvg client 4
FedAvg client 5
FedAvg client 6
FedAvg client 7
FedAvg client 8
FedAvg client 9
Round 215
FedAvg client 0
FedAvg client 1
FedAvg client 2
FedAvg client 3
FedAvg client 4
FedAvg client 5
FedAvg client 6
FedAvg client 7
FedAvg client 8
FedAvg client 9
Round 216
FedAvg client 0
FedAvg client 1
FedAvg client 2
FedAvg client 3
FedAvg client 4
FedAvg client 5
FedAvg client 6
FedAvg client 7
FedAvg client 8
FedAvg client 9
Round 217
FedAvg client 0
FedAvg client 1
FedAvg client 2
FedAvg client 3
FedAvg client 4
FedAvg client 5
FedAvg client 6
FedAvg client 7
FedAvg client 8
FedAvg client 9
Round 218
FedAvg client 0
FedAvg client 1
FedAvg client 2
FedAvg client 3
FedAvg client 4
FedAvg client 5
FedAvg client 6
FedAvg client 7
FedAvg client 8
FedAvg client 9
Round 219
FedAvg client 0
FedAvg client 1
FedAvg client 2
FedAvg client 3
FedAvg client 4
FedAvg client 5
FedAvg client 6
FedAvg client 7
FedAvg client 8
FedAvg client 9
Round 220
FedAvg client 0
FedAvg client 1
FedAvg client 2
FedAvg client 3
FedAvg client 4
FedAvg client 5
FedAvg client 6
FedAvg client 7
FedAvg client 8
FedAvg client 9
Round 221
FedAvg client 0
FedAvg client 1
FedAvg client 2
FedAvg client 3
FedAvg client 4
FedAvg client 5
FedAvg client 6
FedAvg client 7
FedAvg client 8
FedAvg client 9
Round 222
FedAvg client 0
FedAvg client 1
FedAvg client 2
FedAvg client 3
FedAvg client 4
FedAvg client 5
FedAvg client 6
FedAvg client 7
FedAvg client 8
FedAvg client 9
Round 223
FedAvg client 0
FedAvg client 1
FedAvg client 2
FedAvg client 3
FedAvg client 4
FedAvg client 5
FedAvg client 6
FedAvg client 7
FedAvg client 8
FedAvg client 9
Round 224
FedAvg client 0
FedAvg client 1
FedAvg client 2
FedAvg client 3
FedAvg client 4
FedAvg client 5
FedAvg client 6
FedAvg client 7
FedAvg client 8
FedAvg client 9
Round 225
FedAvg client 0
FedAvg client 1
FedAvg client 2
FedAvg client 3
FedAvg client 4
FedAvg client 5
FedAvg client 6
FedAvg client 7
FedAvg client 8
FedAvg client 9
Round 226
FedAvg client 0
FedAvg client 1
FedAvg client 2
FedAvg client 3
FedAvg client 4
FedAvg client 5
FedAvg client 6
FedAvg client 7
FedAvg client 8
FedAvg client 9
Round 227
FedAvg client 0
FedAvg client 1
FedAvg client 2
FedAvg client 3
FedAvg client 4
FedAvg client 5
FedAvg client 6
FedAvg client 7
FedAvg client 8
FedAvg client 9
Round 228
FedAvg client 0
FedAvg client 1
FedAvg client 2
FedAvg client 3
FedAvg client 4
FedAvg client 5
FedAvg client 6
FedAvg client 7
FedAvg client 8
FedAvg client 9
Round 229
FedAvg client 0
FedAvg client 1
FedAvg client 2
FedAvg client 3
FedAvg client 4
FedAvg client 5
FedAvg client 6
FedAvg client 7
FedAvg client 8
FedAvg client 9
Round 230
FedAvg client 0
FedAvg client 1
FedAvg client 2
FedAvg client 3
FedAvg client 4
FedAvg client 5
FedAvg client 6
FedAvg client 7
FedAvg client 8
FedAvg client 9
Round 231
FedAvg client 0
FedAvg client 1
FedAvg client 2
FedAvg client 3
FedAvg client 4
FedAvg client 5
FedAvg client 6
FedAvg client 7
FedAvg client 8
FedAvg client 9
Round 232
FedAvg client 0
FedAvg client 1
FedAvg client 2
FedAvg client 3
FedAvg client 4
FedAvg client 5
FedAvg client 6
FedAvg client 7
FedAvg client 8
FedAvg client 9
Round 233
FedAvg client 0
FedAvg client 1
FedAvg client 2
FedAvg client 3
FedAvg client 4
FedAvg client 5
FedAvg client 6
FedAvg client 7
FedAvg client 8
FedAvg client 9
Round 234
FedAvg client 0
FedAvg client 1
FedAvg client 2
FedAvg client 3
FedAvg client 4
FedAvg client 5
FedAvg client 6
FedAvg client 7
FedAvg client 8
FedAvg client 9
Round 235
FedAvg client 0
FedAvg client 1
FedAvg client 2
FedAvg client 3
FedAvg client 4
FedAvg client 5
FedAvg client 6
FedAvg client 7
FedAvg client 8
FedAvg client 9
Round 236
FedAvg client 0
FedAvg client 1
FedAvg client 2
FedAvg client 3
FedAvg client 4
FedAvg client 5
FedAvg client 6
FedAvg client 7
FedAvg client 8
FedAvg client 9
Round 237
FedAvg client 0
FedAvg client 1
FedAvg client 2
FedAvg client 3
FedAvg client 4
FedAvg client 5
FedAvg client 6
FedAvg client 7
FedAvg client 8
FedAvg client 9
Round 238
FedAvg client 0
FedAvg client 1
FedAvg client 2
FedAvg client 3
FedAvg client 4
FedAvg client 5
FedAvg client 6
FedAvg client 7
FedAvg client 8
FedAvg client 9
Round 239
FedAvg client 0
FedAvg client 1
FedAvg client 2
FedAvg client 3
FedAvg client 4
FedAvg client 5
FedAvg client 6
FedAvg client 7
FedAvg client 8
FedAvg client 9
Round 240
FedAvg client 0
FedAvg client 1
FedAvg client 2
FedAvg client 3
FedAvg client 4
FedAvg client 5
FedAvg client 6
FedAvg client 7
FedAvg client 8
FedAvg client 9
Round 241
FedAvg client 0
FedAvg client 1
FedAvg client 2
FedAvg client 3
FedAvg client 4
FedAvg client 5
FedAvg client 6
FedAvg client 7
FedAvg client 8
FedAvg client 9
Round 242
FedAvg client 0
FedAvg client 1
FedAvg client 2
FedAvg client 3
FedAvg client 4
FedAvg client 5
FedAvg client 6
FedAvg client 7
FedAvg client 8
FedAvg client 9
Round 243
FedAvg client 0
FedAvg client 1
FedAvg client 2
FedAvg client 3
FedAvg client 4
FedAvg client 5
FedAvg client 6
FedAvg client 7
FedAvg client 8
FedAvg client 9
Round 244
FedAvg client 0
FedAvg client 1
FedAvg client 2
FedAvg client 3
FedAvg client 4
FedAvg client 5
FedAvg client 6
FedAvg client 7
FedAvg client 8
FedAvg client 9
Round 245
FedAvg client 0
FedAvg client 1
FedAvg client 2
FedAvg client 3
FedAvg client 4
FedAvg client 5
FedAvg client 6
FedAvg client 7
FedAvg client 8
FedAvg client 9
Round 246
FedAvg client 0
FedAvg client 1
FedAvg client 2
FedAvg client 3
FedAvg client 4
FedAvg client 5
FedAvg client 6
FedAvg client 7
FedAvg client 8
FedAvg client 9
Round 247
FedAvg client 0
FedAvg client 1
FedAvg client 2
FedAvg client 3
FedAvg client 4
FedAvg client 5
FedAvg client 6
FedAvg client 7
FedAvg client 8
FedAvg client 9
Round 248
FedAvg client 0
FedAvg client 1
FedAvg client 2
FedAvg client 3
FedAvg client 4
FedAvg client 5
FedAvg client 6
FedAvg client 7
FedAvg client 8
FedAvg client 9
Round 249
FedAvg client 0
FedAvg client 1
FedAvg client 2
FedAvg client 3
FedAvg client 4
FedAvg client 5
FedAvg client 6
FedAvg client 7
FedAvg client 8
FedAvg client 9
Round 250
FedAvg client 0
FedAvg client 1
FedAvg client 2
FedAvg client 3
FedAvg client 4
FedAvg client 5
FedAvg client 6
FedAvg client 7
FedAvg client 8
FedAvg client 9
Round 251
FedAvg client 0
FedAvg client 1
FedAvg client 2
FedAvg client 3
FedAvg client 4
FedAvg client 5
FedAvg client 6
FedAvg client 7
FedAvg client 8
FedAvg client 9
Round 252
FedAvg client 0
FedAvg client 1
FedAvg client 2
FedAvg client 3
FedAvg client 4
FedAvg client 5
FedAvg client 6
FedAvg client 7
FedAvg client 8
FedAvg client 9
Round 253
FedAvg client 0
FedAvg client 1
FedAvg client 2
FedAvg client 3
FedAvg client 4
FedAvg client 5
FedAvg client 6
FedAvg client 7
FedAvg client 8
FedAvg client 9
Round 254
FedAvg client 0
FedAvg client 1
FedAvg client 2
FedAvg client 3
FedAvg client 4
FedAvg client 5
FedAvg client 6
FedAvg client 7
FedAvg client 8
FedAvg client 9
Round 255
FedAvg client 0
FedAvg client 1
FedAvg client 2
FedAvg client 3
FedAvg client 4
FedAvg client 5
FedAvg client 6
FedAvg client 7
FedAvg client 8
FedAvg client 9
Round 256
FedAvg client 0
FedAvg client 1
FedAvg client 2
FedAvg client 3
FedAvg client 4
FedAvg client 5
FedAvg client 6
FedAvg client 7
FedAvg client 8
FedAvg client 9
Round 257
FedAvg client 0
FedAvg client 1
FedAvg client 2
FedAvg client 3
FedAvg client 4
FedAvg client 5
FedAvg client 6
FedAvg client 7
FedAvg client 8
FedAvg client 9
Round 258
FedAvg client 0
FedAvg client 1
FedAvg client 2
FedAvg client 3
FedAvg client 4
FedAvg client 5
FedAvg client 6
FedAvg client 7
FedAvg client 8
FedAvg client 9
Round 259
FedAvg client 0
FedAvg client 1
FedAvg client 2
FedAvg client 3
FedAvg client 4
FedAvg client 5
FedAvg client 6
FedAvg client 7
FedAvg client 8
FedAvg client 9
Round 260
FedAvg client 0
FedAvg client 1
FedAvg client 2
FedAvg client 3
FedAvg client 4
FedAvg client 5
FedAvg client 6
FedAvg client 7
FedAvg client 8
FedAvg client 9
Round 261
FedAvg client 0
FedAvg client 1
FedAvg client 2
FedAvg client 3
FedAvg client 4
FedAvg client 5
FedAvg client 6
FedAvg client 7
FedAvg client 8
FedAvg client 9
Round 262
FedAvg client 0
FedAvg client 1
FedAvg client 2
FedAvg client 3
FedAvg client 4
FedAvg client 5
FedAvg client 6
FedAvg client 7
FedAvg client 8
FedAvg client 9
Round 263
FedAvg client 0
FedAvg client 1
FedAvg client 2
FedAvg client 3
FedAvg client 4
FedAvg client 5
FedAvg client 6
FedAvg client 7
FedAvg client 8
FedAvg client 9
Round 264
FedAvg client 0
FedAvg client 1
FedAvg client 2
FedAvg client 3
FedAvg client 4
FedAvg client 5
FedAvg client 6
FedAvg client 7
FedAvg client 8
FedAvg client 9
Round 265
FedAvg client 0
FedAvg client 1
FedAvg client 2
FedAvg client 3
FedAvg client 4
FedAvg client 5
FedAvg client 6
FedAvg client 7
FedAvg client 8
FedAvg client 9
Round 266
FedAvg client 0
FedAvg client 1
FedAvg client 2
FedAvg client 3
FedAvg client 4
FedAvg client 5
FedAvg client 6
FedAvg client 7
FedAvg client 8
FedAvg client 9
Round 267
FedAvg client 0
FedAvg client 1
FedAvg client 2
FedAvg client 3
FedAvg client 4
FedAvg client 5
FedAvg client 6
FedAvg client 7
FedAvg client 8
FedAvg client 9
Round 268
FedAvg client 0
FedAvg client 1
FedAvg client 2
FedAvg client 3
FedAvg client 4
FedAvg client 5
FedAvg client 6
FedAvg client 7
FedAvg client 8
FedAvg client 9
Round 269
FedAvg client 0
FedAvg client 1
FedAvg client 2
FedAvg client 3
FedAvg client 4
FedAvg client 5
FedAvg client 6
FedAvg client 7
FedAvg client 8
FedAvg client 9
Round 270
FedAvg client 0
FedAvg client 1
FedAvg client 2
FedAvg client 3
FedAvg client 4
FedAvg client 5
FedAvg client 6
FedAvg client 7
FedAvg client 8
FedAvg client 9
Round 271
FedAvg client 0
FedAvg client 1
FedAvg client 2
FedAvg client 3
FedAvg client 4
FedAvg client 5
FedAvg client 6
FedAvg client 7
FedAvg client 8
FedAvg client 9
Round 272
FedAvg client 0
FedAvg client 1
FedAvg client 2
FedAvg client 3
FedAvg client 4
FedAvg client 5
FedAvg client 6
FedAvg client 7
FedAvg client 8
FedAvg client 9
Round 273
FedAvg client 0
FedAvg client 1
FedAvg client 2
FedAvg client 3
FedAvg client 4
FedAvg client 5
FedAvg client 6
FedAvg client 7
FedAvg client 8
FedAvg client 9
Round 274
FedAvg client 0
FedAvg client 1
FedAvg client 2
FedAvg client 3
FedAvg client 4
FedAvg client 5
FedAvg client 6
FedAvg client 7
FedAvg client 8
FedAvg client 9
Round 275
FedAvg client 0
FedAvg client 1
FedAvg client 2
FedAvg client 3
FedAvg client 4
FedAvg client 5
FedAvg client 6
FedAvg client 7
FedAvg client 8
FedAvg client 9
Round 276
FedAvg client 0
FedAvg client 1
FedAvg client 2
FedAvg client 3
FedAvg client 4
FedAvg client 5
FedAvg client 6
FedAvg client 7
FedAvg client 8
FedAvg client 9
Round 277
FedAvg client 0
FedAvg client 1
FedAvg client 2
FedAvg client 3
FedAvg client 4
FedAvg client 5
FedAvg client 6
FedAvg client 7
FedAvg client 8
FedAvg client 9
Round 278
FedAvg client 0
FedAvg client 1
FedAvg client 2
FedAvg client 3
FedAvg client 4
FedAvg client 5
FedAvg client 6
FedAvg client 7
FedAvg client 8
FedAvg client 9
Round 279
FedAvg client 0
FedAvg client 1
FedAvg client 2
FedAvg client 3
FedAvg client 4
FedAvg client 5
FedAvg client 6
FedAvg client 7
FedAvg client 8
FedAvg client 9
Round 280
FedAvg client 0
FedAvg client 1
FedAvg client 2
FedAvg client 3
FedAvg client 4
FedAvg client 5
FedAvg client 6
FedAvg client 7
FedAvg client 8
FedAvg client 9
Round 281
FedAvg client 0
FedAvg client 1
FedAvg client 2
FedAvg client 3
FedAvg client 4
FedAvg client 5
FedAvg client 6
FedAvg client 7
FedAvg client 8
FedAvg client 9
Round 282
FedAvg client 0
FedAvg client 1
FedAvg client 2
FedAvg client 3
FedAvg client 4
FedAvg client 5
FedAvg client 6
FedAvg client 7
FedAvg client 8
FedAvg client 9
Round 283
FedAvg client 0
FedAvg client 1
FedAvg client 2
FedAvg client 3
FedAvg client 4
FedAvg client 5
FedAvg client 6
FedAvg client 7
FedAvg client 8
FedAvg client 9
Round 284
FedAvg client 0
FedAvg client 1
FedAvg client 2
FedAvg client 3
FedAvg client 4
FedAvg client 5
FedAvg client 6
FedAvg client 7
FedAvg client 8
FedAvg client 9
Round 285
FedAvg client 0
FedAvg client 1
FedAvg client 2
FedAvg client 3
FedAvg client 4
FedAvg client 5
FedAvg client 6
FedAvg client 7
FedAvg client 8
FedAvg client 9
Round 286
FedAvg client 0
FedAvg client 1
FedAvg client 2
FedAvg client 3
FedAvg client 4
FedAvg client 5
FedAvg client 6
FedAvg client 7
FedAvg client 8
FedAvg client 9
Round 287
FedAvg client 0
FedAvg client 1
FedAvg client 2
FedAvg client 3
FedAvg client 4
FedAvg client 5
FedAvg client 6
FedAvg client 7
FedAvg client 8
FedAvg client 9
Round 288
FedAvg client 0
FedAvg client 1
FedAvg client 2
FedAvg client 3
FedAvg client 4
FedAvg client 5
FedAvg client 6
FedAvg client 7
FedAvg client 8
FedAvg client 9
Round 289
FedAvg client 0
FedAvg client 1
FedAvg client 2
FedAvg client 3
FedAvg client 4
FedAvg client 5
FedAvg client 6
FedAvg client 7
FedAvg client 8
FedAvg client 9
Round 290
FedAvg client 0
FedAvg client 1
FedAvg client 2
FedAvg client 3
FedAvg client 4
FedAvg client 5
FedAvg client 6
FedAvg client 7
FedAvg client 8
FedAvg client 9
Round 291
FedAvg client 0
FedAvg client 1
FedAvg client 2
FedAvg client 3
FedAvg client 4
FedAvg client 5
FedAvg client 6
FedAvg client 7
FedAvg client 8
FedAvg client 9
Round 292
FedAvg client 0
FedAvg client 1
FedAvg client 2
FedAvg client 3
FedAvg client 4
FedAvg client 5
FedAvg client 6
FedAvg client 7
FedAvg client 8
FedAvg client 9
Round 293
FedAvg client 0
FedAvg client 1
FedAvg client 2
FedAvg client 3
FedAvg client 4
FedAvg client 5
FedAvg client 6
FedAvg client 7
FedAvg client 8
FedAvg client 9
Round 294
FedAvg client 0
FedAvg client 1
FedAvg client 2
FedAvg client 3
FedAvg client 4
FedAvg client 5
FedAvg client 6
FedAvg client 7
FedAvg client 8
FedAvg client 9
Round 295
FedAvg client 0
FedAvg client 1
FedAvg client 2
FedAvg client 3
FedAvg client 4
FedAvg client 5
FedAvg client 6
FedAvg client 7
FedAvg client 8
FedAvg client 9
Round 296
FedAvg client 0
FedAvg client 1
FedAvg client 2
FedAvg client 3
FedAvg client 4
FedAvg client 5
FedAvg client 6
FedAvg client 7
FedAvg client 8
FedAvg client 9
Round 297
FedAvg client 0
FedAvg client 1
FedAvg client 2
FedAvg client 3
FedAvg client 4
FedAvg client 5
FedAvg client 6
FedAvg client 7
FedAvg client 8
FedAvg client 9
Round 298
FedAvg client 0
FedAvg client 1
FedAvg client 2
FedAvg client 3
FedAvg client 4
FedAvg client 5
FedAvg client 6
FedAvg client 7
FedAvg client 8
FedAvg client 9
Round 299
FedAvg client 0
FedAvg client 1
FedAvg client 2
FedAvg client 3
FedAvg client 4
FedAvg client 5
FedAvg client 6
FedAvg client 7
FedAvg client 8
FedAvg client 9
Round 300
FedAvg client 0
FedAvg client 1
FedAvg client 2
FedAvg client 3
FedAvg client 4
FedAvg client 5
FedAvg client 6
FedAvg client 7
FedAvg client 8
FedAvg client 9
Round 301
FedAvg client 0
FedAvg client 1
FedAvg client 2
FedAvg client 3
FedAvg client 4
FedAvg client 5
FedAvg client 6
FedAvg client 7
FedAvg client 8
FedAvg client 9
Round 302
FedAvg client 0
FedAvg client 1
FedAvg client 2
FedAvg client 3
FedAvg client 4
FedAvg client 5
FedAvg client 6
FedAvg client 7
FedAvg client 8
FedAvg client 9
Round 303
FedAvg client 0
FedAvg client 1
FedAvg client 2
FedAvg client 3
FedAvg client 4
FedAvg client 5
FedAvg client 6
FedAvg client 7
FedAvg client 8
FedAvg client 9
Round 304
FedAvg client 0
FedAvg client 1
FedAvg client 2
FedAvg client 3
FedAvg client 4
FedAvg client 5
FedAvg client 6
FedAvg client 7
FedAvg client 8
FedAvg client 9
Round 305
FedAvg client 0
FedAvg client 1
FedAvg client 2
FedAvg client 3
FedAvg client 4
FedAvg client 5
FedAvg client 6
FedAvg client 7
FedAvg client 8
FedAvg client 9
Round 306
FedAvg client 0
FedAvg client 1
FedAvg client 2
FedAvg client 3
FedAvg client 4
FedAvg client 5
FedAvg client 6
FedAvg client 7
FedAvg client 8
FedAvg client 9
Round 307
FedAvg client 0
FedAvg client 1
FedAvg client 2
FedAvg client 3
FedAvg client 4
FedAvg client 5
FedAvg client 6
FedAvg client 7
FedAvg client 8
FedAvg client 9
Round 308
FedAvg client 0
FedAvg client 1
FedAvg client 2
FedAvg client 3
FedAvg client 4
FedAvg client 5
FedAvg client 6
FedAvg client 7
FedAvg client 8
FedAvg client 9
Round 309
FedAvg client 0
FedAvg client 1
FedAvg client 2
FedAvg client 3
FedAvg client 4
FedAvg client 5
FedAvg client 6
FedAvg client 7
FedAvg client 8
FedAvg client 9
Round 310
FedAvg client 0
FedAvg client 1
FedAvg client 2
FedAvg client 3
FedAvg client 4
FedAvg client 5
FedAvg client 6
FedAvg client 7
FedAvg client 8
FedAvg client 9
Round 311
FedAvg client 0
FedAvg client 1
FedAvg client 2
FedAvg client 3
FedAvg client 4
FedAvg client 5
FedAvg client 6
FedAvg client 7
FedAvg client 8
FedAvg client 9
Round 312
FedAvg client 0
FedAvg client 1
FedAvg client 2
FedAvg client 3
FedAvg client 4
FedAvg client 5
FedAvg client 6
FedAvg client 7
FedAvg client 8
FedAvg client 9
Round 313
FedAvg client 0
FedAvg client 1
FedAvg client 2
FedAvg client 3
FedAvg client 4
FedAvg client 5
FedAvg client 6
FedAvg client 7
FedAvg client 8
FedAvg client 9
Round 314
FedAvg client 0
FedAvg client 1
FedAvg client 2
FedAvg client 3
FedAvg client 4
FedAvg client 5
FedAvg client 6
FedAvg client 7
FedAvg client 8
FedAvg client 9
Round 315
FedAvg client 0
FedAvg client 1
FedAvg client 2
FedAvg client 3
FedAvg client 4
FedAvg client 5
FedAvg client 6
FedAvg client 7
FedAvg client 8
FedAvg client 9
Round 316
FedAvg client 0
FedAvg client 1
FedAvg client 2
FedAvg client 3
FedAvg client 4
FedAvg client 5
FedAvg client 6
FedAvg client 7
FedAvg client 8
FedAvg client 9
Round 317
FedAvg client 0
FedAvg client 1
FedAvg client 2
FedAvg client 3
FedAvg client 4
FedAvg client 5
FedAvg client 6
FedAvg client 7
FedAvg client 8
FedAvg client 9
Round 318
FedAvg client 0
FedAvg client 1
FedAvg client 2
FedAvg client 3
FedAvg client 4
FedAvg client 5
FedAvg client 6
FedAvg client 7
FedAvg client 8
FedAvg client 9
Round 319
FedAvg client 0
FedAvg client 1
FedAvg client 2
FedAvg client 3
FedAvg client 4
FedAvg client 5
FedAvg client 6
FedAvg client 7
FedAvg client 8
FedAvg client 9
Round 320
FedAvg client 0
FedAvg client 1
FedAvg client 2
FedAvg client 3
FedAvg client 4
FedAvg client 5
FedAvg client 6
FedAvg client 7
FedAvg client 8
FedAvg client 9
Round 321
FedAvg client 0
FedAvg client 1
FedAvg client 2
FedAvg client 3
FedAvg client 4
FedAvg client 5
FedAvg client 6
FedAvg client 7
FedAvg client 8
FedAvg client 9
Round 322
FedAvg client 0
FedAvg client 1
FedAvg client 2
FedAvg client 3
FedAvg client 4
FedAvg client 5
FedAvg client 6
FedAvg client 7
FedAvg client 8
FedAvg client 9
Round 323
FedAvg client 0
FedAvg client 1
FedAvg client 2
FedAvg client 3
FedAvg client 4
FedAvg client 5
FedAvg client 6
FedAvg client 7
FedAvg client 8
FedAvg client 9
Round 324
FedAvg client 0
FedAvg client 1
FedAvg client 2
FedAvg client 3
FedAvg client 4
FedAvg client 5
FedAvg client 6
FedAvg client 7
FedAvg client 8
FedAvg client 9
Round 325
FedAvg client 0
FedAvg client 1
FedAvg client 2
FedAvg client 3
FedAvg client 4
FedAvg client 5
FedAvg client 6
FedAvg client 7
FedAvg client 8
FedAvg client 9
Round 326
FedAvg client 0
FedAvg client 1
FedAvg client 2
FedAvg client 3
FedAvg client 4
FedAvg client 5
FedAvg client 6
FedAvg client 7
FedAvg client 8
FedAvg client 9
Round 327
FedAvg client 0
FedAvg client 1
FedAvg client 2
FedAvg client 3
FedAvg client 4
FedAvg client 5
FedAvg client 6
FedAvg client 7
FedAvg client 8
FedAvg client 9
Round 328
FedAvg client 0
FedAvg client 1
FedAvg client 2
FedAvg client 3
FedAvg client 4
FedAvg client 5
FedAvg client 6
FedAvg client 7
FedAvg client 8
FedAvg client 9
Round 329
FedAvg client 0
FedAvg client 1
FedAvg client 2
FedAvg client 3
FedAvg client 4
FedAvg client 5
FedAvg client 6
FedAvg client 7
FedAvg client 8
FedAvg client 9
Round 330
FedAvg client 0
FedAvg client 1
FedAvg client 2
FedAvg client 3
FedAvg client 4
FedAvg client 5
FedAvg client 6
FedAvg client 7
FedAvg client 8
FedAvg client 9
Round 331
FedAvg client 0
FedAvg client 1
FedAvg client 2
FedAvg client 3
FedAvg client 4
FedAvg client 5
FedAvg client 6
FedAvg client 7
FedAvg client 8
FedAvg client 9
Round 332
FedAvg client 0
FedAvg client 1
FedAvg client 2
FedAvg client 3
FedAvg client 4
FedAvg client 5
FedAvg client 6
FedAvg client 7
FedAvg client 8
FedAvg client 9
Round 333
FedAvg client 0
FedAvg client 1
FedAvg client 2
FedAvg client 3
FedAvg client 4
FedAvg client 5
FedAvg client 6
FedAvg client 7
FedAvg client 8
FedAvg client 9
Round 334
FedAvg client 0
FedAvg client 1
FedAvg client 2
FedAvg client 3
FedAvg client 4
FedAvg client 5
FedAvg client 6
FedAvg client 7
FedAvg client 8
FedAvg client 9
Round 335
FedAvg client 0
FedAvg client 1
FedAvg client 2
FedAvg client 3
FedAvg client 4
FedAvg client 5
FedAvg client 6
FedAvg client 7
FedAvg client 8
FedAvg client 9
Round 336
FedAvg client 0
FedAvg client 1
FedAvg client 2
FedAvg client 3
FedAvg client 4
FedAvg client 5
FedAvg client 6
FedAvg client 7
FedAvg client 8
FedAvg client 9
Round 337
FedAvg client 0
FedAvg client 1
FedAvg client 2
FedAvg client 3
FedAvg client 4
FedAvg client 5
FedAvg client 6
FedAvg client 7
FedAvg client 8
FedAvg client 9
Round 338
FedAvg client 0
FedAvg client 1
FedAvg client 2
FedAvg client 3
FedAvg client 4
FedAvg client 5
FedAvg client 6
FedAvg client 7
FedAvg client 8
FedAvg client 9
Round 339
FedAvg client 0
FedAvg client 1
FedAvg client 2
FedAvg client 3
FedAvg client 4
FedAvg client 5
FedAvg client 6
FedAvg client 7
FedAvg client 8
FedAvg client 9
Round 340
FedAvg client 0
FedAvg client 1
FedAvg client 2
FedAvg client 3
FedAvg client 4
FedAvg client 5
FedAvg client 6
FedAvg client 7
FedAvg client 8
FedAvg client 9
Round 341
FedAvg client 0
FedAvg client 1
FedAvg client 2
FedAvg client 3
FedAvg client 4
FedAvg client 5
FedAvg client 6
FedAvg client 7
FedAvg client 8
FedAvg client 9
Round 342
FedAvg client 0
FedAvg client 1
FedAvg client 2
FedAvg client 3
FedAvg client 4
FedAvg client 5
FedAvg client 6
FedAvg client 7
FedAvg client 8
FedAvg client 9
Round 343
FedAvg client 0
FedAvg client 1
FedAvg client 2
FedAvg client 3
FedAvg client 4
FedAvg client 5
FedAvg client 6
FedAvg client 7
FedAvg client 8
FedAvg client 9
Round 344
FedAvg client 0
FedAvg client 1
FedAvg client 2
FedAvg client 3
FedAvg client 4
FedAvg client 5
FedAvg client 6
FedAvg client 7
FedAvg client 8
FedAvg client 9
Round 345
FedAvg client 0
FedAvg client 1
FedAvg client 2
FedAvg client 3
FedAvg client 4
FedAvg client 5
FedAvg client 6
FedAvg client 7
FedAvg client 8
FedAvg client 9
Round 346
FedAvg client 0
FedAvg client 1
FedAvg client 2
FedAvg client 3
FedAvg client 4
FedAvg client 5
FedAvg client 6
FedAvg client 7
FedAvg client 8
FedAvg client 9
Round 347
FedAvg client 0
FedAvg client 1
FedAvg client 2
FedAvg client 3
FedAvg client 4
FedAvg client 5
FedAvg client 6
FedAvg client 7
FedAvg client 8
FedAvg client 9
Round 348
FedAvg client 0
FedAvg client 1
FedAvg client 2
FedAvg client 3
FedAvg client 4
FedAvg client 5
FedAvg client 6
FedAvg client 7
FedAvg client 8
FedAvg client 9
Round 349
FedAvg client 0
FedAvg client 1
FedAvg client 2
FedAvg client 3
FedAvg client 4
FedAvg client 5
FedAvg client 6
FedAvg client 7
FedAvg client 8
FedAvg client 9
Round 350
FedAvg client 0
FedAvg client 1
FedAvg client 2
FedAvg client 3
FedAvg client 4
FedAvg client 5
FedAvg client 6
FedAvg client 7
FedAvg client 8
FedAvg client 9
Round 351
FedAvg client 0
FedAvg client 1
FedAvg client 2
FedAvg client 3
FedAvg client 4
FedAvg client 5
FedAvg client 6
FedAvg client 7
FedAvg client 8
FedAvg client 9
Round 352
FedAvg client 0
FedAvg client 1
FedAvg client 2
FedAvg client 3
FedAvg client 4
FedAvg client 5
FedAvg client 6
FedAvg client 7
FedAvg client 8
FedAvg client 9
Round 353
FedAvg client 0
FedAvg client 1
FedAvg client 2
FedAvg client 3
FedAvg client 4
FedAvg client 5
FedAvg client 6
FedAvg client 7
FedAvg client 8
FedAvg client 9
Round 354
FedAvg client 0
FedAvg client 1
FedAvg client 2
FedAvg client 3
FedAvg client 4
FedAvg client 5
FedAvg client 6
FedAvg client 7
FedAvg client 8
FedAvg client 9
Round 355
FedAvg client 0
FedAvg client 1
FedAvg client 2
FedAvg client 3
FedAvg client 4
FedAvg client 5
FedAvg client 6
FedAvg client 7
FedAvg client 8
FedAvg client 9
Round 356
FedAvg client 0
FedAvg client 1
FedAvg client 2
FedAvg client 3
FedAvg client 4
FedAvg client 5
FedAvg client 6
FedAvg client 7
FedAvg client 8
FedAvg client 9
Round 357
FedAvg client 0
FedAvg client 1
FedAvg client 2
FedAvg client 3
FedAvg client 4
FedAvg client 5
FedAvg client 6
FedAvg client 7
FedAvg client 8
FedAvg client 9
Round 358
FedAvg client 0
FedAvg client 1
FedAvg client 2
FedAvg client 3
FedAvg client 4
FedAvg client 5
FedAvg client 6
FedAvg client 7
FedAvg client 8
FedAvg client 9
Round 359
FedAvg client 0
FedAvg client 1
FedAvg client 2
FedAvg client 3
FedAvg client 4
FedAvg client 5
FedAvg client 6
FedAvg client 7
FedAvg client 8
FedAvg client 9
Round 360
FedAvg client 0
FedAvg client 1
FedAvg client 2
FedAvg client 3
FedAvg client 4
FedAvg client 5
FedAvg client 6
FedAvg client 7
FedAvg client 8
FedAvg client 9
Round 361
FedAvg client 0
FedAvg client 1
FedAvg client 2
FedAvg client 3
FedAvg client 4
FedAvg client 5
FedAvg client 6
FedAvg client 7
FedAvg client 8
FedAvg client 9
Round 362
FedAvg client 0
FedAvg client 1
FedAvg client 2
FedAvg client 3
FedAvg client 4
FedAvg client 5
FedAvg client 6
FedAvg client 7
FedAvg client 8
FedAvg client 9
Round 363
FedAvg client 0
FedAvg client 1
FedAvg client 2
FedAvg client 3
FedAvg client 4
FedAvg client 5
FedAvg client 6
FedAvg client 7
FedAvg client 8
FedAvg client 9
Round 364
FedAvg client 0
FedAvg client 1
FedAvg client 2
FedAvg client 3
FedAvg client 4
FedAvg client 5
FedAvg client 6
FedAvg client 7
FedAvg client 8
FedAvg client 9
Round 365
FedAvg client 0
FedAvg client 1
FedAvg client 2
FedAvg client 3
FedAvg client 4
FedAvg client 5
FedAvg client 6
FedAvg client 7
FedAvg client 8
FedAvg client 9
Round 366
FedAvg client 0
FedAvg client 1
FedAvg client 2
FedAvg client 3
FedAvg client 4
FedAvg client 5
FedAvg client 6
FedAvg client 7
FedAvg client 8
FedAvg client 9
Round 367
FedAvg client 0
FedAvg client 1
FedAvg client 2
FedAvg client 3
FedAvg client 4
FedAvg client 5
FedAvg client 6
FedAvg client 7
FedAvg client 8
FedAvg client 9
Round 368
FedAvg client 0
FedAvg client 1
FedAvg client 2
FedAvg client 3
FedAvg client 4
FedAvg client 5
FedAvg client 6
FedAvg client 7
FedAvg client 8
FedAvg client 9
Round 369
FedAvg client 0
FedAvg client 1
FedAvg client 2
FedAvg client 3
FedAvg client 4
FedAvg client 5
FedAvg client 6
FedAvg client 7
FedAvg client 8
FedAvg client 9
Round 370
FedAvg client 0
FedAvg client 1
FedAvg client 2
FedAvg client 3
FedAvg client 4
FedAvg client 5
FedAvg client 6
FedAvg client 7
FedAvg client 8
FedAvg client 9
Round 371
FedAvg client 0
FedAvg client 1
FedAvg client 2
FedAvg client 3
FedAvg client 4
FedAvg client 5
FedAvg client 6
FedAvg client 7
FedAvg client 8
FedAvg client 9
Round 372
FedAvg client 0
FedAvg client 1
FedAvg client 2
FedAvg client 3
FedAvg client 4
FedAvg client 5
FedAvg client 6
FedAvg client 7
FedAvg client 8
FedAvg client 9
Round 373
FedAvg client 0
FedAvg client 1
FedAvg client 2
FedAvg client 3
FedAvg client 4
FedAvg client 5
FedAvg client 6
FedAvg client 7
FedAvg client 8
FedAvg client 9
Round 374
FedAvg client 0
FedAvg client 1
FedAvg client 2
FedAvg client 3
FedAvg client 4
FedAvg client 5
FedAvg client 6
FedAvg client 7
FedAvg client 8
FedAvg client 9
Round 375
FedAvg client 0
FedAvg client 1
FedAvg client 2
FedAvg client 3
FedAvg client 4
FedAvg client 5
FedAvg client 6
FedAvg client 7
FedAvg client 8
FedAvg client 9
Round 376
FedAvg client 0
FedAvg client 1
FedAvg client 2
FedAvg client 3
FedAvg client 4
FedAvg client 5
FedAvg client 6
FedAvg client 7
FedAvg client 8
FedAvg client 9
Round 377
FedAvg client 0
FedAvg client 1
FedAvg client 2
FedAvg client 3
FedAvg client 4
FedAvg client 5
FedAvg client 6
FedAvg client 7
FedAvg client 8
FedAvg client 9
Round 378
FedAvg client 0
FedAvg client 1
FedAvg client 2
FedAvg client 3
FedAvg client 4
FedAvg client 5
FedAvg client 6
FedAvg client 7
FedAvg client 8
FedAvg client 9
Round 379
FedAvg client 0
FedAvg client 1
FedAvg client 2
FedAvg client 3
FedAvg client 4
FedAvg client 5
FedAvg client 6
FedAvg client 7
FedAvg client 8
FedAvg client 9
Round 380
FedAvg client 0
FedAvg client 1
FedAvg client 2
FedAvg client 3
FedAvg client 4
FedAvg client 5
FedAvg client 6
FedAvg client 7
FedAvg client 8
FedAvg client 9
Round 381
FedAvg client 0
FedAvg client 1
FedAvg client 2
FedAvg client 3
FedAvg client 4
FedAvg client 5
FedAvg client 6
FedAvg client 7
FedAvg client 8
FedAvg client 9
Round 382
FedAvg client 0
FedAvg client 1
FedAvg client 2
FedAvg client 3
FedAvg client 4
FedAvg client 5
FedAvg client 6
FedAvg client 7
FedAvg client 8
FedAvg client 9
Round 383
FedAvg client 0
FedAvg client 1
FedAvg client 2
FedAvg client 3
FedAvg client 4
FedAvg client 5
FedAvg client 6
FedAvg client 7
FedAvg client 8
FedAvg client 9
Round 384
FedAvg client 0
FedAvg client 1
FedAvg client 2
FedAvg client 3
FedAvg client 4
FedAvg client 5
FedAvg client 6
FedAvg client 7
FedAvg client 8
FedAvg client 9
Round 385
FedAvg client 0
FedAvg client 1
FedAvg client 2
FedAvg client 3
FedAvg client 4
FedAvg client 5
FedAvg client 6
FedAvg client 7
FedAvg client 8
FedAvg client 9
Round 386
FedAvg client 0
FedAvg client 1
FedAvg client 2
FedAvg client 3
FedAvg client 4
FedAvg client 5
FedAvg client 6
FedAvg client 7
FedAvg client 8
FedAvg client 9
Round 387
FedAvg client 0
FedAvg client 1
FedAvg client 2
FedAvg client 3
FedAvg client 4
FedAvg client 5
FedAvg client 6
FedAvg client 7
FedAvg client 8
FedAvg client 9
Round 388
FedAvg client 0
FedAvg client 1
FedAvg client 2
FedAvg client 3
FedAvg client 4
FedAvg client 5
FedAvg client 6
FedAvg client 7
FedAvg client 8
FedAvg client 9
Round 389
FedAvg client 0
FedAvg client 1
FedAvg client 2
FedAvg client 3
FedAvg client 4
FedAvg client 5
FedAvg client 6
FedAvg client 7
FedAvg client 8
FedAvg client 9
Round 390
FedAvg client 0
FedAvg client 1
FedAvg client 2
FedAvg client 3
FedAvg client 4
FedAvg client 5
FedAvg client 6
FedAvg client 7
FedAvg client 8
FedAvg client 9
Round 391
FedAvg client 0
FedAvg client 1
FedAvg client 2
FedAvg client 3
FedAvg client 4
FedAvg client 5
FedAvg client 6
FedAvg client 7
FedAvg client 8
FedAvg client 9
Round 392
FedAvg client 0
FedAvg client 1
FedAvg client 2
FedAvg client 3
FedAvg client 4
FedAvg client 5
FedAvg client 6
FedAvg client 7
FedAvg client 8
FedAvg client 9
Round 393
FedAvg client 0
FedAvg client 1
FedAvg client 2
FedAvg client 3
FedAvg client 4
FedAvg client 5
FedAvg client 6
FedAvg client 7
FedAvg client 8
FedAvg client 9
Round 394
FedAvg client 0
FedAvg client 1
FedAvg client 2
FedAvg client 3
FedAvg client 4
FedAvg client 5
FedAvg client 6
FedAvg client 7
FedAvg client 8
FedAvg client 9
Round 395
FedAvg client 0
FedAvg client 1
FedAvg client 2
FedAvg client 3
FedAvg client 4
FedAvg client 5
FedAvg client 6
FedAvg client 7
FedAvg client 8
FedAvg client 9
Round 396
FedAvg client 0
FedAvg client 1
FedAvg client 2
FedAvg client 3
FedAvg client 4
FedAvg client 5
FedAvg client 6
FedAvg client 7
FedAvg client 8
FedAvg client 9
Round 397
FedAvg client 0
FedAvg client 1
FedAvg client 2
FedAvg client 3
FedAvg client 4
FedAvg client 5
FedAvg client 6
FedAvg client 7
FedAvg client 8
FedAvg client 9
Round 398
FedAvg client 0
FedAvg client 1
FedAvg client 2
FedAvg client 3
FedAvg client 4
FedAvg client 5
FedAvg client 6
FedAvg client 7
FedAvg client 8
FedAvg client 9
Round 399
FedAvg client 0
FedAvg client 1
FedAvg client 2
FedAvg client 3
FedAvg client 4
FedAvg client 5
FedAvg client 6
FedAvg client 7
FedAvg client 8
FedAvg client 9
Round 400
FedAvg client 0
FedAvg client 1
FedAvg client 2
FedAvg client 3
FedAvg client 4
FedAvg client 5
FedAvg client 6
FedAvg client 7
FedAvg client 8
FedAvg client 9
Round 401
FedAvg client 0
FedAvg client 1
FedAvg client 2
FedAvg client 3
FedAvg client 4
FedAvg client 5
FedAvg client 6
FedAvg client 7
FedAvg client 8
FedAvg client 9
Round 402
FedAvg client 0
FedAvg client 1
FedAvg client 2
FedAvg client 3
FedAvg client 4
FedAvg client 5
FedAvg client 6
FedAvg client 7
FedAvg client 8
FedAvg client 9
Round 403
FedAvg client 0
FedAvg client 1
FedAvg client 2
FedAvg client 3
FedAvg client 4
FedAvg client 5
FedAvg client 6
FedAvg client 7
FedAvg client 8
FedAvg client 9
Round 404
FedAvg client 0
FedAvg client 1
FedAvg client 2
FedAvg client 3
FedAvg client 4
FedAvg client 5
FedAvg client 6
FedAvg client 7
FedAvg client 8
FedAvg client 9
Round 405
FedAvg client 0
FedAvg client 1
FedAvg client 2
FedAvg client 3
FedAvg client 4
FedAvg client 5
FedAvg client 6
FedAvg client 7
FedAvg client 8
FedAvg client 9
Round 406
FedAvg client 0
FedAvg client 1
FedAvg client 2
FedAvg client 3
FedAvg client 4
FedAvg client 5
FedAvg client 6
FedAvg client 7
FedAvg client 8
FedAvg client 9
Round 407
FedAvg client 0
FedAvg client 1
FedAvg client 2
FedAvg client 3
FedAvg client 4
FedAvg client 5
FedAvg client 6
FedAvg client 7
FedAvg client 8
FedAvg client 9
Round 408
FedAvg client 0
FedAvg client 1
FedAvg client 2
FedAvg client 3
FedAvg client 4
FedAvg client 5
FedAvg client 6
FedAvg client 7
FedAvg client 8
FedAvg client 9
Round 409
FedAvg client 0
FedAvg client 1
FedAvg client 2
FedAvg client 3
FedAvg client 4
FedAvg client 5
FedAvg client 6
FedAvg client 7
FedAvg client 8
FedAvg client 9
Round 410
FedAvg client 0
FedAvg client 1
FedAvg client 2
FedAvg client 3
FedAvg client 4
FedAvg client 5
FedAvg client 6
FedAvg client 7
FedAvg client 8
FedAvg client 9
Round 411
FedAvg client 0
FedAvg client 1
FedAvg client 2
FedAvg client 3
FedAvg client 4
FedAvg client 5
FedAvg client 6
FedAvg client 7
FedAvg client 8
FedAvg client 9
Round 412
FedAvg client 0
FedAvg client 1
FedAvg client 2
FedAvg client 3
FedAvg client 4
FedAvg client 5
FedAvg client 6
FedAvg client 7
FedAvg client 8
FedAvg client 9
Round 413
FedAvg client 0
FedAvg client 1
FedAvg client 2
FedAvg client 3
FedAvg client 4
FedAvg client 5
FedAvg client 6
FedAvg client 7
FedAvg client 8
FedAvg client 9
Round 414
FedAvg client 0
FedAvg client 1
FedAvg client 2
FedAvg client 3
FedAvg client 4
FedAvg client 5
FedAvg client 6
FedAvg client 7
FedAvg client 8
FedAvg client 9
Round 415
FedAvg client 0
FedAvg client 1
FedAvg client 2
FedAvg client 3
FedAvg client 4
FedAvg client 5
FedAvg client 6
FedAvg client 7
FedAvg client 8
FedAvg client 9
Round 416
FedAvg client 0
FedAvg client 1
FedAvg client 2
FedAvg client 3
FedAvg client 4
FedAvg client 5
FedAvg client 6
FedAvg client 7
FedAvg client 8
FedAvg client 9
Round 417
FedAvg client 0
FedAvg client 1
FedAvg client 2
FedAvg client 3
FedAvg client 4
FedAvg client 5
FedAvg client 6
FedAvg client 7
FedAvg client 8
FedAvg client 9
Round 418
FedAvg client 0
FedAvg client 1
FedAvg client 2
FedAvg client 3
FedAvg client 4
FedAvg client 5
FedAvg client 6
FedAvg client 7
FedAvg client 8
FedAvg client 9
Round 419
FedAvg client 0
FedAvg client 1
FedAvg client 2
FedAvg client 3
FedAvg client 4
FedAvg client 5
FedAvg client 6
FedAvg client 7
FedAvg client 8
FedAvg client 9
Round 420
FedAvg client 0
FedAvg client 1
FedAvg client 2
FedAvg client 3
FedAvg client 4
FedAvg client 5
FedAvg client 6
FedAvg client 7
FedAvg client 8
FedAvg client 9
Round 421
FedAvg client 0
FedAvg client 1
FedAvg client 2
FedAvg client 3
FedAvg client 4
FedAvg client 5
FedAvg client 6
FedAvg client 7
FedAvg client 8
FedAvg client 9
Round 422
FedAvg client 0
FedAvg client 1
FedAvg client 2
FedAvg client 3
FedAvg client 4
FedAvg client 5
FedAvg client 6
FedAvg client 7
FedAvg client 8
FedAvg client 9
Round 423
FedAvg client 0
FedAvg client 1
FedAvg client 2
FedAvg client 3
FedAvg client 4
FedAvg client 5
FedAvg client 6
FedAvg client 7
FedAvg client 8
FedAvg client 9
Round 424
FedAvg client 0
FedAvg client 1
FedAvg client 2
FedAvg client 3
FedAvg client 4
FedAvg client 5
FedAvg client 6
FedAvg client 7
FedAvg client 8
FedAvg client 9
Round 425
FedAvg client 0
FedAvg client 1
FedAvg client 2
FedAvg client 3
FedAvg client 4
FedAvg client 5
FedAvg client 6
FedAvg client 7
FedAvg client 8
FedAvg client 9
Round 426
FedAvg client 0
FedAvg client 1
FedAvg client 2
FedAvg client 3
FedAvg client 4
FedAvg client 5
FedAvg client 6
FedAvg client 7
FedAvg client 8
FedAvg client 9
Round 427
FedAvg client 0
FedAvg client 1
FedAvg client 2
FedAvg client 3
FedAvg client 4
FedAvg client 5
FedAvg client 6
FedAvg client 7
FedAvg client 8
FedAvg client 9
Round 428
FedAvg client 0
FedAvg client 1
FedAvg client 2
FedAvg client 3
FedAvg client 4
FedAvg client 5
FedAvg client 6
FedAvg client 7
FedAvg client 8
FedAvg client 9
Round 429
FedAvg client 0
FedAvg client 1
FedAvg client 2
FedAvg client 3
FedAvg client 4
FedAvg client 5
FedAvg client 6
FedAvg client 7
FedAvg client 8
FedAvg client 9
Round 430
FedAvg client 0
FedAvg client 1
FedAvg client 2
FedAvg client 3
FedAvg client 4
FedAvg client 5
FedAvg client 6
FedAvg client 7
FedAvg client 8
FedAvg client 9
Round 431
FedAvg client 0
FedAvg client 1
FedAvg client 2
FedAvg client 3
FedAvg client 4
FedAvg client 5
FedAvg client 6
FedAvg client 7
FedAvg client 8
FedAvg client 9
Round 432
FedAvg client 0
FedAvg client 1
FedAvg client 2
FedAvg client 3
FedAvg client 4
FedAvg client 5
FedAvg client 6
FedAvg client 7
FedAvg client 8
FedAvg client 9
Round 433
FedAvg client 0
FedAvg client 1
FedAvg client 2
FedAvg client 3
FedAvg client 4
FedAvg client 5
FedAvg client 6
FedAvg client 7
FedAvg client 8
FedAvg client 9
Round 434
FedAvg client 0
FedAvg client 1
FedAvg client 2
FedAvg client 3
FedAvg client 4
FedAvg client 5
FedAvg client 6
FedAvg client 7
FedAvg client 8
FedAvg client 9
Round 435
FedAvg client 0
FedAvg client 1
FedAvg client 2
FedAvg client 3
FedAvg client 4
FedAvg client 5
FedAvg client 6
FedAvg client 7
FedAvg client 8
FedAvg client 9
Round 436
FedAvg client 0
FedAvg client 1
FedAvg client 2
FedAvg client 3
FedAvg client 4
FedAvg client 5
FedAvg client 6
FedAvg client 7
FedAvg client 8
FedAvg client 9
Round 437
FedAvg client 0
FedAvg client 1
FedAvg client 2
FedAvg client 3
FedAvg client 4
FedAvg client 5
FedAvg client 6
FedAvg client 7
FedAvg client 8
FedAvg client 9
Round 438
FedAvg client 0
FedAvg client 1
FedAvg client 2
FedAvg client 3
FedAvg client 4
FedAvg client 5
FedAvg client 6
FedAvg client 7
FedAvg client 8
FedAvg client 9
Round 439
FedAvg client 0
FedAvg client 1
FedAvg client 2
FedAvg client 3
FedAvg client 4
FedAvg client 5
FedAvg client 6
FedAvg client 7
FedAvg client 8
FedAvg client 9
Round 440
FedAvg client 0
FedAvg client 1
FedAvg client 2
FedAvg client 3
FedAvg client 4
FedAvg client 5
FedAvg client 6
FedAvg client 7
FedAvg client 8
FedAvg client 9
Round 441
FedAvg client 0
FedAvg client 1
FedAvg client 2
FedAvg client 3
FedAvg client 4
FedAvg client 5
FedAvg client 6
FedAvg client 7
FedAvg client 8
FedAvg client 9
Round 442
FedAvg client 0
FedAvg client 1
FedAvg client 2
FedAvg client 3
FedAvg client 4
FedAvg client 5
FedAvg client 6
FedAvg client 7
FedAvg client 8
FedAvg client 9
Round 443
FedAvg client 0
FedAvg client 1
FedAvg client 2
FedAvg client 3
FedAvg client 4
FedAvg client 5
FedAvg client 6
FedAvg client 7
FedAvg client 8
FedAvg client 9
Round 444
FedAvg client 0
FedAvg client 1
FedAvg client 2
FedAvg client 3
FedAvg client 4
FedAvg client 5
FedAvg client 6
FedAvg client 7
FedAvg client 8
FedAvg client 9
Round 445
FedAvg client 0
FedAvg client 1
FedAvg client 2
FedAvg client 3
FedAvg client 4
FedAvg client 5
FedAvg client 6
FedAvg client 7
FedAvg client 8
FedAvg client 9
Round 446
FedAvg client 0
FedAvg client 1
FedAvg client 2
FedAvg client 3
FedAvg client 4
FedAvg client 5
FedAvg client 6
FedAvg client 7
FedAvg client 8
FedAvg client 9
Round 447
FedAvg client 0
FedAvg client 1
FedAvg client 2
FedAvg client 3
FedAvg client 4
FedAvg client 5
FedAvg client 6
FedAvg client 7
FedAvg client 8
FedAvg client 9
Round 448
FedAvg client 0
FedAvg client 1
FedAvg client 2
FedAvg client 3
FedAvg client 4
FedAvg client 5
FedAvg client 6
FedAvg client 7
FedAvg client 8
FedAvg client 9
Round 449
FedAvg client 0
FedAvg client 1
FedAvg client 2
FedAvg client 3
FedAvg client 4
FedAvg client 5
FedAvg client 6
FedAvg client 7
FedAvg client 8
FedAvg client 9
Round 450
FedAvg client 0
FedAvg client 1
FedAvg client 2
FedAvg client 3
FedAvg client 4
FedAvg client 5
FedAvg client 6
FedAvg client 7
FedAvg client 8
FedAvg client 9
Round 451
FedAvg client 0
FedAvg client 1
FedAvg client 2
FedAvg client 3
FedAvg client 4
FedAvg client 5
FedAvg client 6
FedAvg client 7
FedAvg client 8
FedAvg client 9
Round 452
FedAvg client 0
FedAvg client 1
FedAvg client 2
FedAvg client 3
FedAvg client 4
FedAvg client 5
FedAvg client 6
FedAvg client 7
FedAvg client 8
FedAvg client 9
Round 453
FedAvg client 0
FedAvg client 1
FedAvg client 2
FedAvg client 3
FedAvg client 4
FedAvg client 5
FedAvg client 6
FedAvg client 7
FedAvg client 8
FedAvg client 9
Round 454
FedAvg client 0
FedAvg client 1
FedAvg client 2
FedAvg client 3
FedAvg client 4
FedAvg client 5
FedAvg client 6
FedAvg client 7
FedAvg client 8
FedAvg client 9
Round 455
FedAvg client 0
FedAvg client 1
FedAvg client 2
FedAvg client 3
FedAvg client 4
FedAvg client 5
FedAvg client 6
FedAvg client 7
FedAvg client 8
FedAvg client 9
Round 456
FedAvg client 0
FedAvg client 1
FedAvg client 2
FedAvg client 3
FedAvg client 4
FedAvg client 5
FedAvg client 6
FedAvg client 7
FedAvg client 8
FedAvg client 9
Round 457
FedAvg client 0
FedAvg client 1
FedAvg client 2
FedAvg client 3
FedAvg client 4
FedAvg client 5
FedAvg client 6
FedAvg client 7
FedAvg client 8
FedAvg client 9
Round 458
FedAvg client 0
FedAvg client 1
FedAvg client 2
FedAvg client 3
FedAvg client 4
FedAvg client 5
FedAvg client 6
FedAvg client 7
FedAvg client 8
FedAvg client 9
Round 459
FedAvg client 0
FedAvg client 1
FedAvg client 2
FedAvg client 3
FedAvg client 4
FedAvg client 5
FedAvg client 6
FedAvg client 7
FedAvg client 8
FedAvg client 9
Round 460
FedAvg client 0
FedAvg client 1
FedAvg client 2
FedAvg client 3
FedAvg client 4
FedAvg client 5
FedAvg client 6
FedAvg client 7
FedAvg client 8
FedAvg client 9
Round 461
FedAvg client 0
FedAvg client 1
FedAvg client 2
FedAvg client 3
FedAvg client 4
FedAvg client 5
FedAvg client 6
FedAvg client 7
FedAvg client 8
FedAvg client 9
Round 462
FedAvg client 0
FedAvg client 1
FedAvg client 2
FedAvg client 3
FedAvg client 4
FedAvg client 5
FedAvg client 6
FedAvg client 7
FedAvg client 8
FedAvg client 9
Round 463
FedAvg client 0
FedAvg client 1
FedAvg client 2
FedAvg client 3
FedAvg client 4
FedAvg client 5
FedAvg client 6
FedAvg client 7
FedAvg client 8
FedAvg client 9
Round 464
FedAvg client 0
FedAvg client 1
FedAvg client 2
FedAvg client 3
FedAvg client 4
FedAvg client 5
FedAvg client 6
FedAvg client 7
FedAvg client 8
FedAvg client 9
Round 465
FedAvg client 0
FedAvg client 1
FedAvg client 2
FedAvg client 3
FedAvg client 4
FedAvg client 5
FedAvg client 6
FedAvg client 7
FedAvg client 8
FedAvg client 9
Round 466
FedAvg client 0
FedAvg client 1
FedAvg client 2
FedAvg client 3
FedAvg client 4
FedAvg client 5
FedAvg client 6
FedAvg client 7
FedAvg client 8
FedAvg client 9
Round 467
FedAvg client 0
FedAvg client 1
FedAvg client 2
FedAvg client 3
FedAvg client 4
FedAvg client 5
FedAvg client 6
FedAvg client 7
FedAvg client 8
FedAvg client 9
Round 468
FedAvg client 0
FedAvg client 1
FedAvg client 2
FedAvg client 3
FedAvg client 4
FedAvg client 5
FedAvg client 6
FedAvg client 7
FedAvg client 8
FedAvg client 9
Round 469
FedAvg client 0
FedAvg client 1
FedAvg client 2
FedAvg client 3
FedAvg client 4
FedAvg client 5
FedAvg client 6
FedAvg client 7
FedAvg client 8
FedAvg client 9
Round 470
FedAvg client 0
FedAvg client 1
FedAvg client 2
FedAvg client 3
FedAvg client 4
FedAvg client 5
FedAvg client 6
FedAvg client 7
FedAvg client 8
FedAvg client 9
Round 471
FedAvg client 0
FedAvg client 1
FedAvg client 2
FedAvg client 3
FedAvg client 4
FedAvg client 5
FedAvg client 6
FedAvg client 7
FedAvg client 8
FedAvg client 9
Round 472
FedAvg client 0
FedAvg client 1
FedAvg client 2
FedAvg client 3
FedAvg client 4
FedAvg client 5
FedAvg client 6
FedAvg client 7
FedAvg client 8
FedAvg client 9
Round 473
FedAvg client 0
FedAvg client 1
FedAvg client 2
FedAvg client 3
FedAvg client 4
FedAvg client 5
FedAvg client 6
FedAvg client 7
FedAvg client 8
FedAvg client 9
Round 474
FedAvg client 0
FedAvg client 1
FedAvg client 2
FedAvg client 3
FedAvg client 4
FedAvg client 5
FedAvg client 6
FedAvg client 7
FedAvg client 8
FedAvg client 9
Round 475
FedAvg client 0
FedAvg client 1
FedAvg client 2
FedAvg client 3
FedAvg client 4
FedAvg client 5
FedAvg client 6
FedAvg client 7
FedAvg client 8
FedAvg client 9
Round 476
FedAvg client 0
FedAvg client 1
FedAvg client 2
FedAvg client 3
FedAvg client 4
FedAvg client 5
FedAvg client 6
FedAvg client 7
FedAvg client 8
FedAvg client 9
Round 477
FedAvg client 0
FedAvg client 1
FedAvg client 2
FedAvg client 3
FedAvg client 4
FedAvg client 5
FedAvg client 6
FedAvg client 7
FedAvg client 8
FedAvg client 9
Round 478
FedAvg client 0
FedAvg client 1
FedAvg client 2
FedAvg client 3
FedAvg client 4
FedAvg client 5
FedAvg client 6
FedAvg client 7
FedAvg client 8
FedAvg client 9
Round 479
FedAvg client 0
FedAvg client 1
FedAvg client 2
FedAvg client 3
FedAvg client 4
FedAvg client 5
FedAvg client 6
FedAvg client 7
FedAvg client 8
FedAvg client 9
Round 480
FedAvg client 0
FedAvg client 1
FedAvg client 2
FedAvg client 3
FedAvg client 4
FedAvg client 5
FedAvg client 6
FedAvg client 7
FedAvg client 8
FedAvg client 9
Round 481
FedAvg client 0
FedAvg client 1
FedAvg client 2
FedAvg client 3
FedAvg client 4
FedAvg client 5
FedAvg client 6
FedAvg client 7
FedAvg client 8
FedAvg client 9
Round 482
FedAvg client 0
FedAvg client 1
FedAvg client 2
FedAvg client 3
FedAvg client 4
FedAvg client 5
FedAvg client 6
FedAvg client 7
FedAvg client 8
FedAvg client 9
Round 483
FedAvg client 0
FedAvg client 1
FedAvg client 2
FedAvg client 3
FedAvg client 4
FedAvg client 5
FedAvg client 6
FedAvg client 7
FedAvg client 8
FedAvg client 9
Round 484
FedAvg client 0
FedAvg client 1
FedAvg client 2
FedAvg client 3
FedAvg client 4
FedAvg client 5
FedAvg client 6
FedAvg client 7
FedAvg client 8
FedAvg client 9
Round 485
FedAvg client 0
FedAvg client 1
FedAvg client 2
FedAvg client 3
FedAvg client 4
FedAvg client 5
FedAvg client 6
FedAvg client 7
FedAvg client 8
FedAvg client 9
Round 486
FedAvg client 0
FedAvg client 1
FedAvg client 2
FedAvg client 3
FedAvg client 4
FedAvg client 5
FedAvg client 6
FedAvg client 7
FedAvg client 8
FedAvg client 9
Round 487
FedAvg client 0
FedAvg client 1
FedAvg client 2
FedAvg client 3
FedAvg client 4
FedAvg client 5
FedAvg client 6
FedAvg client 7
FedAvg client 8
FedAvg client 9
Round 488
FedAvg client 0
FedAvg client 1
FedAvg client 2
FedAvg client 3
FedAvg client 4
FedAvg client 5
FedAvg client 6
FedAvg client 7
FedAvg client 8
FedAvg client 9
Round 489
FedAvg client 0
FedAvg client 1
FedAvg client 2
FedAvg client 3
FedAvg client 4
FedAvg client 5
FedAvg client 6
FedAvg client 7
FedAvg client 8
FedAvg client 9
Round 490
FedAvg client 0
FedAvg client 1
FedAvg client 2
FedAvg client 3
FedAvg client 4
FedAvg client 5
FedAvg client 6
FedAvg client 7
FedAvg client 8
FedAvg client 9
Round 491
FedAvg client 0
FedAvg client 1
FedAvg client 2
FedAvg client 3
FedAvg client 4
FedAvg client 5
FedAvg client 6
FedAvg client 7
FedAvg client 8
FedAvg client 9
Round 492
FedAvg client 0
FedAvg client 1
FedAvg client 2
FedAvg client 3
FedAvg client 4
FedAvg client 5
FedAvg client 6
FedAvg client 7
FedAvg client 8
FedAvg client 9
Round 493
FedAvg client 0
FedAvg client 1
FedAvg client 2
FedAvg client 3
FedAvg client 4
FedAvg client 5
FedAvg client 6
FedAvg client 7
FedAvg client 8
FedAvg client 9
Round 494
FedAvg client 0
FedAvg client 1
FedAvg client 2
FedAvg client 3
FedAvg client 4
FedAvg client 5
FedAvg client 6
FedAvg client 7
FedAvg client 8
FedAvg client 9
Round 495
FedAvg client 0
FedAvg client 1
FedAvg client 2
FedAvg client 3
FedAvg client 4
FedAvg client 5
FedAvg client 6
FedAvg client 7
FedAvg client 8
FedAvg client 9
Round 496
FedAvg client 0
FedAvg client 1
FedAvg client 2
FedAvg client 3
FedAvg client 4
FedAvg client 5
FedAvg client 6
FedAvg client 7
FedAvg client 8
FedAvg client 9
Round 497
FedAvg client 0
FedAvg client 1
FedAvg client 2
FedAvg client 3
FedAvg client 4
FedAvg client 5
FedAvg client 6
FedAvg client 7
FedAvg client 8
FedAvg client 9
Round 498
FedAvg client 0
FedAvg client 1
FedAvg client 2
FedAvg client 3
FedAvg client 4
FedAvg client 5
FedAvg client 6
FedAvg client 7
FedAvg client 8
FedAvg client 9
Round 499
FedAvg client 0
FedAvg client 1
FedAvg client 2
FedAvg client 3
FedAvg client 4
FedAvg client 5
FedAvg client 6
FedAvg client 7
FedAvg client 8
FedAvg client 9
Round 500
FedAvg client 0
FedAvg client 1
FedAvg client 2
FedAvg client 3
FedAvg client 4
FedAvg client 5
FedAvg client 6
FedAvg client 7
FedAvg client 8
FedAvg client 9
Round 501
FedAvg client 0
FedAvg client 1
FedAvg client 2
FedAvg client 3
FedAvg client 4
FedAvg client 5
FedAvg client 6
FedAvg client 7
FedAvg client 8
FedAvg client 9
Round 502
FedAvg client 0
FedAvg client 1
FedAvg client 2
FedAvg client 3
FedAvg client 4
FedAvg client 5
FedAvg client 6
FedAvg client 7
FedAvg client 8
FedAvg client 9
Round 503
FedAvg client 0
FedAvg client 1
FedAvg client 2
FedAvg client 3
FedAvg client 4
FedAvg client 5
FedAvg client 6
FedAvg client 7
FedAvg client 8
FedAvg client 9
Round 504
FedAvg client 0
FedAvg client 1
FedAvg client 2
FedAvg client 3
FedAvg client 4
FedAvg client 5
FedAvg client 6
FedAvg client 7
FedAvg client 8
FedAvg client 9
Round 505
FedAvg client 0
FedAvg client 1
FedAvg client 2
FedAvg client 3
FedAvg client 4
FedAvg client 5
FedAvg client 6
FedAvg client 7
FedAvg client 8
FedAvg client 9
Round 506
FedAvg client 0
FedAvg client 1
FedAvg client 2
FedAvg client 3
FedAvg client 4
FedAvg client 5
FedAvg client 6
FedAvg client 7
FedAvg client 8
FedAvg client 9
Round 507
FedAvg client 0
FedAvg client 1
FedAvg client 2
FedAvg client 3
FedAvg client 4
FedAvg client 5
FedAvg client 6
FedAvg client 7
FedAvg client 8
FedAvg client 9
Round 508
FedAvg client 0
FedAvg client 1
FedAvg client 2
FedAvg client 3
FedAvg client 4
FedAvg client 5
FedAvg client 6
FedAvg client 7
FedAvg client 8
FedAvg client 9
Round 509
FedAvg client 0
FedAvg client 1
FedAvg client 2
FedAvg client 3
FedAvg client 4
FedAvg client 5
FedAvg client 6
FedAvg client 7
FedAvg client 8
FedAvg client 9
Round 510
FedAvg client 0
FedAvg client 1
FedAvg client 2
FedAvg client 3
FedAvg client 4
FedAvg client 5
FedAvg client 6
FedAvg client 7
FedAvg client 8
FedAvg client 9
Round 511
FedAvg client 0
FedAvg client 1
FedAvg client 2
FedAvg client 3
FedAvg client 4
FedAvg client 5
FedAvg client 6
FedAvg client 7
FedAvg client 8
FedAvg client 9
Round 512
FedAvg client 0
FedAvg client 1
FedAvg client 2
FedAvg client 3
FedAvg client 4
FedAvg client 5
FedAvg client 6
FedAvg client 7
FedAvg client 8
FedAvg client 9
Round 513
FedAvg client 0
FedAvg client 1
FedAvg client 2
FedAvg client 3
FedAvg client 4
FedAvg client 5
FedAvg client 6
FedAvg client 7
FedAvg client 8
FedAvg client 9
Round 514
FedAvg client 0
FedAvg client 1
FedAvg client 2
FedAvg client 3
FedAvg client 4
FedAvg client 5
FedAvg client 6
FedAvg client 7
FedAvg client 8
FedAvg client 9
Round 515
FedAvg client 0
FedAvg client 1
FedAvg client 2
FedAvg client 3
FedAvg client 4
FedAvg client 5
FedAvg client 6
FedAvg client 7
FedAvg client 8
FedAvg client 9
Round 516
FedAvg client 0
FedAvg client 1
FedAvg client 2
FedAvg client 3
FedAvg client 4
FedAvg client 5
FedAvg client 6
FedAvg client 7
FedAvg client 8
FedAvg client 9
Round 517
FedAvg client 0
FedAvg client 1
FedAvg client 2
FedAvg client 3
FedAvg client 4
FedAvg client 5
FedAvg client 6
FedAvg client 7
FedAvg client 8
FedAvg client 9
Round 518
FedAvg client 0
FedAvg client 1
FedAvg client 2
FedAvg client 3
FedAvg client 4
FedAvg client 5
FedAvg client 6
FedAvg client 7
FedAvg client 8
FedAvg client 9
Round 519
FedAvg client 0
FedAvg client 1
FedAvg client 2
FedAvg client 3
FedAvg client 4
FedAvg client 5
FedAvg client 6
FedAvg client 7
FedAvg client 8
FedAvg client 9
Round 520
FedAvg client 0
FedAvg client 1
FedAvg client 2
FedAvg client 3
FedAvg client 4
FedAvg client 5
FedAvg client 6
FedAvg client 7
FedAvg client 8
FedAvg client 9
Round 521
FedAvg client 0
FedAvg client 1
FedAvg client 2
FedAvg client 3
FedAvg client 4
FedAvg client 5
FedAvg client 6
FedAvg client 7
FedAvg client 8
FedAvg client 9
Round 522
FedAvg client 0
FedAvg client 1
FedAvg client 2
FedAvg client 3
FedAvg client 4
FedAvg client 5
FedAvg client 6
FedAvg client 7
FedAvg client 8
FedAvg client 9
Round 523
FedAvg client 0
FedAvg client 1
FedAvg client 2
FedAvg client 3
FedAvg client 4
FedAvg client 5
FedAvg client 6
FedAvg client 7
FedAvg client 8
FedAvg client 9
Round 524
FedAvg client 0
FedAvg client 1
FedAvg client 2
FedAvg client 3
FedAvg client 4
FedAvg client 5
FedAvg client 6
FedAvg client 7
FedAvg client 8
FedAvg client 9
Round 525
FedAvg client 0
FedAvg client 1
FedAvg client 2
FedAvg client 3
FedAvg client 4
FedAvg client 5
FedAvg client 6
FedAvg client 7
FedAvg client 8
FedAvg client 9
Round 526
FedAvg client 0
FedAvg client 1
FedAvg client 2
FedAvg client 3
FedAvg client 4
FedAvg client 5
FedAvg client 6
FedAvg client 7
FedAvg client 8
FedAvg client 9
Round 527
FedAvg client 0
FedAvg client 1
FedAvg client 2
FedAvg client 3
FedAvg client 4
FedAvg client 5
FedAvg client 6
FedAvg client 7
FedAvg client 8
FedAvg client 9
Round 528
FedAvg client 0
FedAvg client 1
FedAvg client 2
FedAvg client 3
FedAvg client 4
FedAvg client 5
FedAvg client 6
FedAvg client 7
FedAvg client 8
FedAvg client 9
Round 529
FedAvg client 0
FedAvg client 1
FedAvg client 2
FedAvg client 3
FedAvg client 4
FedAvg client 5
FedAvg client 6
FedAvg client 7
FedAvg client 8
FedAvg client 9
Round 530
FedAvg client 0
FedAvg client 1
FedAvg client 2
FedAvg client 3
FedAvg client 4
FedAvg client 5
FedAvg client 6
FedAvg client 7
FedAvg client 8
FedAvg client 9
Round 531
FedAvg client 0
FedAvg client 1
FedAvg client 2
FedAvg client 3
FedAvg client 4
FedAvg client 5
FedAvg client 6
FedAvg client 7
FedAvg client 8
FedAvg client 9
Round 532
FedAvg client 0
FedAvg client 1
FedAvg client 2
FedAvg client 3
FedAvg client 4
FedAvg client 5
FedAvg client 6
FedAvg client 7
FedAvg client 8
FedAvg client 9
Round 533
FedAvg client 0
FedAvg client 1
FedAvg client 2
FedAvg client 3
FedAvg client 4
FedAvg client 5
FedAvg client 6
FedAvg client 7
FedAvg client 8
FedAvg client 9
Round 534
FedAvg client 0
FedAvg client 1
FedAvg client 2
FedAvg client 3
FedAvg client 4
FedAvg client 5
FedAvg client 6
FedAvg client 7
FedAvg client 8
FedAvg client 9
Round 535
FedAvg client 0
FedAvg client 1
FedAvg client 2
FedAvg client 3
FedAvg client 4
FedAvg client 5
FedAvg client 6
FedAvg client 7
FedAvg client 8
FedAvg client 9
Round 536
FedAvg client 0
FedAvg client 1
FedAvg client 2
FedAvg client 3
FedAvg client 4
FedAvg client 5
FedAvg client 6
FedAvg client 7
FedAvg client 8
FedAvg client 9
Round 537
FedAvg client 0
FedAvg client 1
FedAvg client 2
FedAvg client 3
FedAvg client 4
FedAvg client 5
FedAvg client 6
FedAvg client 7
FedAvg client 8
FedAvg client 9
Round 538
FedAvg client 0
FedAvg client 1
FedAvg client 2
FedAvg client 3
FedAvg client 4
FedAvg client 5
FedAvg client 6
FedAvg client 7
FedAvg client 8
FedAvg client 9
Round 539
FedAvg client 0
FedAvg client 1
FedAvg client 2
FedAvg client 3
FedAvg client 4
FedAvg client 5
FedAvg client 6
FedAvg client 7
FedAvg client 8
FedAvg client 9
Round 540
FedAvg client 0
FedAvg client 1
FedAvg client 2
FedAvg client 3
FedAvg client 4
FedAvg client 5
FedAvg client 6
FedAvg client 7
FedAvg client 8
FedAvg client 9
Round 541
FedAvg client 0
FedAvg client 1
FedAvg client 2
FedAvg client 3
FedAvg client 4
FedAvg client 5
FedAvg client 6
FedAvg client 7
FedAvg client 8
FedAvg client 9
Round 542
FedAvg client 0
FedAvg client 1
FedAvg client 2
FedAvg client 3
FedAvg client 4
FedAvg client 5
FedAvg client 6
FedAvg client 7
FedAvg client 8
FedAvg client 9
Round 543
FedAvg client 0
FedAvg client 1
FedAvg client 2
FedAvg client 3
FedAvg client 4
FedAvg client 5
FedAvg client 6
FedAvg client 7
FedAvg client 8
FedAvg client 9
Round 544
FedAvg client 0
FedAvg client 1
FedAvg client 2
FedAvg client 3
FedAvg client 4
FedAvg client 5
FedAvg client 6
FedAvg client 7
FedAvg client 8
FedAvg client 9
Round 545
FedAvg client 0
FedAvg client 1
FedAvg client 2
FedAvg client 3
FedAvg client 4
FedAvg client 5
FedAvg client 6
FedAvg client 7
FedAvg client 8
FedAvg client 9
Round 546
FedAvg client 0
FedAvg client 1
FedAvg client 2
FedAvg client 3
FedAvg client 4
FedAvg client 5
FedAvg client 6
FedAvg client 7
FedAvg client 8
FedAvg client 9
Round 547
FedAvg client 0
FedAvg client 1
FedAvg client 2
FedAvg client 3
FedAvg client 4
FedAvg client 5
FedAvg client 6
FedAvg client 7
FedAvg client 8
FedAvg client 9
Round 548
FedAvg client 0
FedAvg client 1
FedAvg client 2
FedAvg client 3
FedAvg client 4
FedAvg client 5
FedAvg client 6
FedAvg client 7
FedAvg client 8
FedAvg client 9
Round 549
FedAvg client 0
FedAvg client 1
FedAvg client 2
FedAvg client 3
FedAvg client 4
FedAvg client 5
FedAvg client 6
FedAvg client 7
FedAvg client 8
FedAvg client 9
Round 550
FedAvg client 0
FedAvg client 1
FedAvg client 2
FedAvg client 3
FedAvg client 4
FedAvg client 5
FedAvg client 6
FedAvg client 7
FedAvg client 8
FedAvg client 9
Round 551
FedAvg client 0
FedAvg client 1
FedAvg client 2
FedAvg client 3
FedAvg client 4
FedAvg client 5
FedAvg client 6
FedAvg client 7
FedAvg client 8
FedAvg client 9
Round 552
FedAvg client 0
FedAvg client 1
FedAvg client 2
FedAvg client 3
FedAvg client 4
FedAvg client 5
FedAvg client 6
FedAvg client 7
FedAvg client 8
FedAvg client 9
Round 553
FedAvg client 0
FedAvg client 1
FedAvg client 2
FedAvg client 3
FedAvg client 4
FedAvg client 5
FedAvg client 6
FedAvg client 7
FedAvg client 8
FedAvg client 9
Round 554
FedAvg client 0
FedAvg client 1
FedAvg client 2
FedAvg client 3
FedAvg client 4
FedAvg client 5
FedAvg client 6
FedAvg client 7
FedAvg client 8
FedAvg client 9
Round 555
FedAvg client 0
FedAvg client 1
FedAvg client 2
FedAvg client 3
FedAvg client 4
FedAvg client 5
FedAvg client 6
FedAvg client 7
FedAvg client 8
FedAvg client 9
Round 556
FedAvg client 0
FedAvg client 1
FedAvg client 2
FedAvg client 3
FedAvg client 4
FedAvg client 5
FedAvg client 6
FedAvg client 7
FedAvg client 8
FedAvg client 9
Round 557
FedAvg client 0
FedAvg client 1
FedAvg client 2
FedAvg client 3
FedAvg client 4
FedAvg client 5
FedAvg client 6
FedAvg client 7
FedAvg client 8
FedAvg client 9
Round 558
FedAvg client 0
FedAvg client 1
FedAvg client 2
FedAvg client 3
FedAvg client 4
FedAvg client 5
FedAvg client 6
FedAvg client 7
FedAvg client 8
FedAvg client 9
Round 559
FedAvg client 0
FedAvg client 1
FedAvg client 2
FedAvg client 3
FedAvg client 4
FedAvg client 5
FedAvg client 6
FedAvg client 7
FedAvg client 8
FedAvg client 9
Round 560
FedAvg client 0
FedAvg client 1
FedAvg client 2
FedAvg client 3
FedAvg client 4
FedAvg client 5
FedAvg client 6
FedAvg client 7
FedAvg client 8
FedAvg client 9
Round 561
FedAvg client 0
FedAvg client 1
FedAvg client 2
FedAvg client 3
FedAvg client 4
FedAvg client 5
FedAvg client 6
FedAvg client 7
FedAvg client 8
FedAvg client 9
Round 562
FedAvg client 0
FedAvg client 1
FedAvg client 2
FedAvg client 3
FedAvg client 4
FedAvg client 5
FedAvg client 6
FedAvg client 7
FedAvg client 8
FedAvg client 9
Round 563
FedAvg client 0
FedAvg client 1
FedAvg client 2
FedAvg client 3
FedAvg client 4
FedAvg client 5
FedAvg client 6
FedAvg client 7
FedAvg client 8
FedAvg client 9
Round 564
FedAvg client 0
FedAvg client 1
FedAvg client 2
FedAvg client 3
FedAvg client 4
FedAvg client 5
FedAvg client 6
FedAvg client 7
FedAvg client 8
FedAvg client 9
Round 565
FedAvg client 0
FedAvg client 1
FedAvg client 2
FedAvg client 3
FedAvg client 4
FedAvg client 5
FedAvg client 6
FedAvg client 7
FedAvg client 8
FedAvg client 9
Round 566
FedAvg client 0
FedAvg client 1
FedAvg client 2
FedAvg client 3
FedAvg client 4
FedAvg client 5
FedAvg client 6
FedAvg client 7
FedAvg client 8
FedAvg client 9
Round 567
FedAvg client 0
FedAvg client 1
FedAvg client 2
FedAvg client 3
FedAvg client 4
FedAvg client 5
FedAvg client 6
FedAvg client 7
FedAvg client 8
FedAvg client 9
Round 568
FedAvg client 0
FedAvg client 1
FedAvg client 2
FedAvg client 3
FedAvg client 4
FedAvg client 5
FedAvg client 6
FedAvg client 7
FedAvg client 8
FedAvg client 9
Round 569
FedAvg client 0
FedAvg client 1
FedAvg client 2
FedAvg client 3
FedAvg client 4
FedAvg client 5
FedAvg client 6
FedAvg client 7
FedAvg client 8
FedAvg client 9
Round 570
FedAvg client 0
FedAvg client 1
FedAvg client 2
FedAvg client 3
FedAvg client 4
FedAvg client 5
FedAvg client 6
FedAvg client 7
FedAvg client 8
FedAvg client 9
Round 571
FedAvg client 0
FedAvg client 1
FedAvg client 2
FedAvg client 3
FedAvg client 4
FedAvg client 5
FedAvg client 6
FedAvg client 7
FedAvg client 8
FedAvg client 9
Round 572
FedAvg client 0
FedAvg client 1
FedAvg client 2
FedAvg client 3
FedAvg client 4
FedAvg client 5
FedAvg client 6
FedAvg client 7
FedAvg client 8
FedAvg client 9
Round 573
FedAvg client 0
FedAvg client 1
FedAvg client 2
FedAvg client 3
FedAvg client 4
FedAvg client 5
FedAvg client 6
FedAvg client 7
FedAvg client 8
FedAvg client 9
Round 574
FedAvg client 0
FedAvg client 1
FedAvg client 2
FedAvg client 3
FedAvg client 4
FedAvg client 5
FedAvg client 6
FedAvg client 7
FedAvg client 8
FedAvg client 9
Round 575
FedAvg client 0
FedAvg client 1
FedAvg client 2
FedAvg client 3
FedAvg client 4
FedAvg client 5
FedAvg client 6
FedAvg client 7
FedAvg client 8
FedAvg client 9
Round 576
FedAvg client 0
FedAvg client 1
FedAvg client 2
FedAvg client 3
FedAvg client 4
FedAvg client 5
FedAvg client 6
FedAvg client 7
FedAvg client 8
FedAvg client 9
Round 577
FedAvg client 0
FedAvg client 1
FedAvg client 2
FedAvg client 3
FedAvg client 4
FedAvg client 5
FedAvg client 6
FedAvg client 7
FedAvg client 8
FedAvg client 9
Round 578
FedAvg client 0
FedAvg client 1
FedAvg client 2
FedAvg client 3
FedAvg client 4
FedAvg client 5
FedAvg client 6
FedAvg client 7
FedAvg client 8
FedAvg client 9
Round 579
FedAvg client 0
FedAvg client 1
FedAvg client 2
FedAvg client 3
FedAvg client 4
FedAvg client 5
FedAvg client 6
FedAvg client 7
FedAvg client 8
FedAvg client 9
Round 580
FedAvg client 0
FedAvg client 1
FedAvg client 2
FedAvg client 3
FedAvg client 4
FedAvg client 5
FedAvg client 6
FedAvg client 7
FedAvg client 8
FedAvg client 9
Round 581
FedAvg client 0
FedAvg client 1
FedAvg client 2
FedAvg client 3
FedAvg client 4
FedAvg client 5
FedAvg client 6
FedAvg client 7
FedAvg client 8
FedAvg client 9
Round 582
FedAvg client 0
FedAvg client 1
FedAvg client 2
FedAvg client 3
FedAvg client 4
FedAvg client 5
FedAvg client 6
FedAvg client 7
FedAvg client 8
FedAvg client 9
Round 583
FedAvg client 0
FedAvg client 1
FedAvg client 2
FedAvg client 3
FedAvg client 4
FedAvg client 5
FedAvg client 6
FedAvg client 7
FedAvg client 8
FedAvg client 9
Round 584
FedAvg client 0
FedAvg client 1
FedAvg client 2
FedAvg client 3
FedAvg client 4
FedAvg client 5
FedAvg client 6
FedAvg client 7
FedAvg client 8
FedAvg client 9
Round 585
FedAvg client 0
FedAvg client 1
FedAvg client 2
FedAvg client 3
FedAvg client 4
FedAvg client 5
FedAvg client 6
FedAvg client 7
FedAvg client 8
FedAvg client 9
Round 586
FedAvg client 0
FedAvg client 1
FedAvg client 2
FedAvg client 3
FedAvg client 4
FedAvg client 5
FedAvg client 6
FedAvg client 7
FedAvg client 8
FedAvg client 9
Round 587
FedAvg client 0
FedAvg client 1
FedAvg client 2
FedAvg client 3
FedAvg client 4
FedAvg client 5
FedAvg client 6
FedAvg client 7
FedAvg client 8
FedAvg client 9
Round 588
FedAvg client 0
FedAvg client 1
FedAvg client 2
FedAvg client 3
FedAvg client 4
FedAvg client 5
FedAvg client 6
FedAvg client 7
FedAvg client 8
FedAvg client 9
Round 589
FedAvg client 0
FedAvg client 1
FedAvg client 2
FedAvg client 3
FedAvg client 4
FedAvg client 5
FedAvg client 6
FedAvg client 7
FedAvg client 8
FedAvg client 9
Round 590
FedAvg client 0
FedAvg client 1
FedAvg client 2
FedAvg client 3
FedAvg client 4
FedAvg client 5
FedAvg client 6
FedAvg client 7
FedAvg client 8
FedAvg client 9
Round 591
FedAvg client 0
FedAvg client 1
FedAvg client 2
FedAvg client 3
FedAvg client 4
FedAvg client 5
FedAvg client 6
FedAvg client 7
FedAvg client 8
FedAvg client 9
Round 592
FedAvg client 0
FedAvg client 1
FedAvg client 2
FedAvg client 3
FedAvg client 4
FedAvg client 5
FedAvg client 6
FedAvg client 7
FedAvg client 8
FedAvg client 9
Round 593
FedAvg client 0
FedAvg client 1
FedAvg client 2
FedAvg client 3
FedAvg client 4
FedAvg client 5
FedAvg client 6
FedAvg client 7
FedAvg client 8
FedAvg client 9
Round 594
FedAvg client 0
FedAvg client 1
FedAvg client 2
FedAvg client 3
FedAvg client 4
FedAvg client 5
FedAvg client 6
FedAvg client 7
FedAvg client 8
FedAvg client 9
Round 595
FedAvg client 0
FedAvg client 1
FedAvg client 2
FedAvg client 3
FedAvg client 4
FedAvg client 5
FedAvg client 6
FedAvg client 7
FedAvg client 8
FedAvg client 9
Round 596
FedAvg client 0
FedAvg client 1
FedAvg client 2
FedAvg client 3
FedAvg client 4
FedAvg client 5
FedAvg client 6
FedAvg client 7
FedAvg client 8
FedAvg client 9
Round 597
FedAvg client 0
FedAvg client 1
FedAvg client 2
FedAvg client 3
FedAvg client 4
FedAvg client 5
FedAvg client 6
FedAvg client 7
FedAvg client 8
FedAvg client 9
Round 598
FedAvg client 0
FedAvg client 1
FedAvg client 2
FedAvg client 3
FedAvg client 4
FedAvg client 5
FedAvg client 6
FedAvg client 7
FedAvg client 8
FedAvg client 9
Round 599
FedAvg client 0
FedAvg client 1
FedAvg client 2
FedAvg client 3
FedAvg client 4
FedAvg client 5
FedAvg client 6
FedAvg client 7
FedAvg client 8
FedAvg client 9
Round 600
FedAvg client 0
FedAvg client 1
FedAvg client 2
FedAvg client 3
FedAvg client 4
FedAvg client 5
FedAvg client 6
FedAvg client 7
FedAvg client 8
FedAvg client 9
Round 601
FedAvg client 0
FedAvg client 1
FedAvg client 2
FedAvg client 3
FedAvg client 4
FedAvg client 5
FedAvg client 6
FedAvg client 7
FedAvg client 8
FedAvg client 9
Round 602
FedAvg client 0
FedAvg client 1
FedAvg client 2
FedAvg client 3
FedAvg client 4
FedAvg client 5
FedAvg client 6
FedAvg client 7
FedAvg client 8
FedAvg client 9
Round 603
FedAvg client 0
FedAvg client 1
FedAvg client 2
FedAvg client 3
FedAvg client 4
FedAvg client 5
FedAvg client 6
FedAvg client 7
FedAvg client 8
FedAvg client 9
Round 604
FedAvg client 0
FedAvg client 1
FedAvg client 2
FedAvg client 3
FedAvg client 4
FedAvg client 5
FedAvg client 6
FedAvg client 7
FedAvg client 8
FedAvg client 9
Round 605
FedAvg client 0
FedAvg client 1
FedAvg client 2
FedAvg client 3
FedAvg client 4
FedAvg client 5
FedAvg client 6
FedAvg client 7
FedAvg client 8
FedAvg client 9
Round 606
FedAvg client 0
FedAvg client 1
FedAvg client 2
FedAvg client 3
FedAvg client 4
FedAvg client 5
FedAvg client 6
FedAvg client 7
FedAvg client 8
FedAvg client 9
Round 607
FedAvg client 0
FedAvg client 1
FedAvg client 2
FedAvg client 3
FedAvg client 4
FedAvg client 5
FedAvg client 6
FedAvg client 7
FedAvg client 8
FedAvg client 9
Round 608
FedAvg client 0
FedAvg client 1
FedAvg client 2
FedAvg client 3
FedAvg client 4
FedAvg client 5
FedAvg client 6
FedAvg client 7
FedAvg client 8
FedAvg client 9
Round 609
FedAvg client 0
FedAvg client 1
FedAvg client 2
FedAvg client 3
FedAvg client 4
FedAvg client 5
FedAvg client 6
FedAvg client 7
FedAvg client 8
FedAvg client 9
Round 610
FedAvg client 0
FedAvg client 1
FedAvg client 2
FedAvg client 3
FedAvg client 4
FedAvg client 5
FedAvg client 6
FedAvg client 7
FedAvg client 8
FedAvg client 9
Round 611
FedAvg client 0
FedAvg client 1
FedAvg client 2
FedAvg client 3
FedAvg client 4
FedAvg client 5
FedAvg client 6
FedAvg client 7
FedAvg client 8
FedAvg client 9
Round 612
FedAvg client 0
FedAvg client 1
FedAvg client 2
FedAvg client 3
FedAvg client 4
FedAvg client 5
FedAvg client 6
FedAvg client 7
FedAvg client 8
FedAvg client 9
Round 613
FedAvg client 0
FedAvg client 1
FedAvg client 2
FedAvg client 3
FedAvg client 4
FedAvg client 5
FedAvg client 6
FedAvg client 7
FedAvg client 8
FedAvg client 9
Round 614
FedAvg client 0
FedAvg client 1
FedAvg client 2
FedAvg client 3
FedAvg client 4
FedAvg client 5
FedAvg client 6
FedAvg client 7
FedAvg client 8
FedAvg client 9
Round 615
FedAvg client 0
FedAvg client 1
FedAvg client 2
FedAvg client 3
FedAvg client 4
FedAvg client 5
FedAvg client 6
FedAvg client 7
FedAvg client 8
FedAvg client 9
Round 616
FedAvg client 0
FedAvg client 1
FedAvg client 2
FedAvg client 3
FedAvg client 4
FedAvg client 5
FedAvg client 6
FedAvg client 7
FedAvg client 8
FedAvg client 9
Round 617
FedAvg client 0
FedAvg client 1
FedAvg client 2
FedAvg client 3
FedAvg client 4
FedAvg client 5
FedAvg client 6
FedAvg client 7
FedAvg client 8
FedAvg client 9
Round 618
FedAvg client 0
FedAvg client 1
FedAvg client 2
FedAvg client 3
FedAvg client 4
FedAvg client 5
FedAvg client 6
FedAvg client 7
FedAvg client 8
FedAvg client 9
Round 619
FedAvg client 0
FedAvg client 1
FedAvg client 2
FedAvg client 3
FedAvg client 4
FedAvg client 5
FedAvg client 6
FedAvg client 7
FedAvg client 8
FedAvg client 9
Round 620
FedAvg client 0
FedAvg client 1
FedAvg client 2
FedAvg client 3
FedAvg client 4
FedAvg client 5
FedAvg client 6
FedAvg client 7
FedAvg client 8
FedAvg client 9
Round 621
FedAvg client 0
FedAvg client 1
FedAvg client 2
FedAvg client 3
FedAvg client 4
FedAvg client 5
FedAvg client 6
FedAvg client 7
FedAvg client 8
FedAvg client 9
Round 622
FedAvg client 0
FedAvg client 1
FedAvg client 2
FedAvg client 3
FedAvg client 4
FedAvg client 5
FedAvg client 6
FedAvg client 7
FedAvg client 8
FedAvg client 9
Round 623
FedAvg client 0
FedAvg client 1
FedAvg client 2
FedAvg client 3
FedAvg client 4
FedAvg client 5
FedAvg client 6
FedAvg client 7
FedAvg client 8
FedAvg client 9
Round 624
FedAvg client 0
FedAvg client 1
FedAvg client 2
FedAvg client 3
FedAvg client 4
FedAvg client 5
FedAvg client 6
FedAvg client 7
FedAvg client 8
FedAvg client 9
Round 625
FedAvg client 0
FedAvg client 1
FedAvg client 2
FedAvg client 3
FedAvg client 4
FedAvg client 5
FedAvg client 6
FedAvg client 7
FedAvg client 8
FedAvg client 9
Round 626
FedAvg client 0
FedAvg client 1
FedAvg client 2
FedAvg client 3
FedAvg client 4
FedAvg client 5
FedAvg client 6
FedAvg client 7
FedAvg client 8
FedAvg client 9
Round 627
FedAvg client 0
FedAvg client 1
FedAvg client 2
FedAvg client 3
FedAvg client 4
FedAvg client 5
FedAvg client 6
FedAvg client 7
FedAvg client 8
FedAvg client 9
Round 628
FedAvg client 0
FedAvg client 1
FedAvg client 2
FedAvg client 3
FedAvg client 4
FedAvg client 5
FedAvg client 6
FedAvg client 7
FedAvg client 8
FedAvg client 9
Round 629
FedAvg client 0
FedAvg client 1
FedAvg client 2
FedAvg client 3
FedAvg client 4
FedAvg client 5
FedAvg client 6
FedAvg client 7
FedAvg client 8
FedAvg client 9
Round 630
FedAvg client 0
FedAvg client 1
FedAvg client 2
FedAvg client 3
FedAvg client 4
FedAvg client 5
FedAvg client 6
FedAvg client 7
FedAvg client 8
FedAvg client 9
Round 631
FedAvg client 0
FedAvg client 1
FedAvg client 2
FedAvg client 3
FedAvg client 4
FedAvg client 5
FedAvg client 6
FedAvg client 7
FedAvg client 8
FedAvg client 9
Round 632
FedAvg client 0
FedAvg client 1
FedAvg client 2
FedAvg client 3
FedAvg client 4
FedAvg client 5
FedAvg client 6
FedAvg client 7
FedAvg client 8
FedAvg client 9
Round 633
FedAvg client 0
FedAvg client 1
FedAvg client 2
FedAvg client 3
FedAvg client 4
FedAvg client 5
FedAvg client 6
FedAvg client 7
FedAvg client 8
FedAvg client 9
Round 634
FedAvg client 0
FedAvg client 1
FedAvg client 2
FedAvg client 3
FedAvg client 4
FedAvg client 5
FedAvg client 6
FedAvg client 7
FedAvg client 8
FedAvg client 9
Round 635
FedAvg client 0
FedAvg client 1
FedAvg client 2
FedAvg client 3
FedAvg client 4
FedAvg client 5
FedAvg client 6
FedAvg client 7
FedAvg client 8
FedAvg client 9
Round 636
FedAvg client 0
FedAvg client 1
FedAvg client 2
FedAvg client 3
FedAvg client 4
FedAvg client 5
FedAvg client 6
FedAvg client 7
FedAvg client 8
FedAvg client 9
Round 637
FedAvg client 0
FedAvg client 1
FedAvg client 2
FedAvg client 3
FedAvg client 4
FedAvg client 5
FedAvg client 6
FedAvg client 7
FedAvg client 8
FedAvg client 9
Round 638
FedAvg client 0
FedAvg client 1
FedAvg client 2
FedAvg client 3
FedAvg client 4
FedAvg client 5
FedAvg client 6
FedAvg client 7
FedAvg client 8
FedAvg client 9
Round 639
FedAvg client 0
FedAvg client 1
FedAvg client 2
FedAvg client 3
FedAvg client 4
FedAvg client 5
FedAvg client 6
FedAvg client 7
FedAvg client 8
FedAvg client 9
Round 640
FedAvg client 0
FedAvg client 1
FedAvg client 2
FedAvg client 3
FedAvg client 4
FedAvg client 5
FedAvg client 6
FedAvg client 7
FedAvg client 8
FedAvg client 9
net_glob_fedAvg CNNCifar(
  (conv1): Conv2d(3, 6, kernel_size=(5, 5), stride=(1, 1))
  (pool): MaxPool2d(kernel_size=2, stride=2, padding=0, dilation=1, ceil_mode=False)
  (conv2): Conv2d(6, 16, kernel_size=(5, 5), stride=(1, 1))
  (conv2_drop): Dropout2d(p=0.5, inplace=False)
  (fc1): Linear(in_features=400, out_features=120, bias=True)
  (dropout): Dropout(p=0.5, inplace=False)
  (fc2): Linear(in_features=120, out_features=84, bias=True)
  (fc3): Linear(in_features=84, out_features=10, bias=True)
  (activation): LogSoftmax(dim=1)
)
idxs_users: [0, 1, 2, 3, 4, 5, 6, 7, 8, 9]
Finetune the client 0
Iter: 0 | Val Acc: 100.0 | Val Loss: 0.43955737321695776
Update Train Finetune Iter: 0 | Validation best acc: 100.00
Iter: 0 | Val Acc: 100.0 | Val Loss: 2.178484054803848
Update Train Finetune Iter: 0 | Validation best acc: 100.00
Finetune the client 1
Iter: 0 | Val Acc: 50.0 | Val Loss: 1.828636083966121
Update Train Finetune Iter: 0 | Validation best acc: 50.00
Iter: 0 | Val Acc: 50.0 | Val Loss: 2.2073912847042085
Update Train Finetune Iter: 0 | Validation best acc: 50.00
Finetune the client 2
Iter: 0 | Val Acc: 50.0 | Val Loss: 1.5752248667996174
Update Train Finetune Iter: 0 | Validation best acc: 50.00
Iter: 0 | Val Acc: 50.0 | Val Loss: 2.2064763033390045
Update Train Finetune Iter: 0 | Validation best acc: 50.00
Finetune the client 3
Iter: 0 | Val Acc: 50.0 | Val Loss: 1.4652225740265568
Update Train Finetune Iter: 0 | Validation best acc: 50.00
Iter: 0 | Val Acc: 50.0 | Val Loss: 2.2848655128479005
Update Train Finetune Iter: 0 | Validation best acc: 50.00
Finetune the client 4
Iter: 0 | Val Acc: 50.0 | Val Loss: 1.4905423344345763
Update Train Finetune Iter: 0 | Validation best acc: 50.00
Iter: 0 | Val Acc: 50.0 | Val Loss: 2.2766560769081114
Update Train Finetune Iter: 0 | Validation best acc: 50.00
Finetune the client 5
Iter: 0 | Val Acc: 50.0 | Val Loss: 1.4529081804852466
Update Train Finetune Iter: 0 | Validation best acc: 50.00
Iter: 0 | Val Acc: 50.0 | Val Loss: 2.2491904425621034
Update Train Finetune Iter: 0 | Validation best acc: 50.00
Finetune the client 6
Iter: 0 | Val Acc: 50.0 | Val Loss: 1.3988393916367203
Update Train Finetune Iter: 0 | Validation best acc: 50.00
Iter: 0 | Val Acc: 50.0 | Val Loss: 2.1915106666088104
Update Train Finetune Iter: 0 | Validation best acc: 50.00
Finetune the client 7
Iter: 0 | Val Acc: 50.0 | Val Loss: 1.4688536438855226
Update Train Finetune Iter: 0 | Validation best acc: 50.00
Iter: 0 | Val Acc: 50.0 | Val Loss: 2.260475915670395
Update Train Finetune Iter: 0 | Validation best acc: 50.00
Finetune the client 8
Iter: 0 | Val Acc: 50.0 | Val Loss: 1.9241809416818432
Update Train Finetune Iter: 0 | Validation best acc: 50.00
Iter: 0 | Val Acc: 50.0 | Val Loss: 2.272370809316635
Update Train Finetune Iter: 0 | Validation best acc: 50.00
Finetune the client 9
Iter: 0 | Val Acc: 50.0 | Val Loss: 1.6762834429027862
Update Train Finetune Iter: 0 | Validation best acc: 50.00
Iter: 0 | Val Acc: 50.0 | Val Loss: 2.2734903252124785
Update Train Finetune Iter: 0 | Validation best acc: 50.00
 Local Training time consuming = 3.8964059352874756 secods
#####  Federated Learning End  #####
net_locals CNNCifar(
  (conv1): Conv2d(3, 6, kernel_size=(5, 5), stride=(1, 1))
  (pool): MaxPool2d(kernel_size=2, stride=2, padding=0, dilation=1, ceil_mode=False)
  (conv2): Conv2d(6, 16, kernel_size=(5, 5), stride=(1, 1))
  (conv2_drop): Dropout2d(p=0.5, inplace=False)
  (fc1): Linear(in_features=400, out_features=120, bias=True)
  (dropout): Dropout(p=0.5, inplace=False)
  (fc2): Linear(in_features=120, out_features=84, bias=True)
  (fc3): Linear(in_features=84, out_features=10, bias=True)
  (activation): LogSoftmax(dim=1)
)
locals_nets [CNNCifar(
  (conv1): Conv2d(3, 6, kernel_size=(5, 5), stride=(1, 1))
  (pool): MaxPool2d(kernel_size=2, stride=2, padding=0, dilation=1, ceil_mode=False)
  (conv2): Conv2d(6, 16, kernel_size=(5, 5), stride=(1, 1))
  (conv2_drop): Dropout2d(p=0.5, inplace=False)
  (fc1): Linear(in_features=400, out_features=120, bias=True)
  (dropout): Dropout(p=0.5, inplace=False)
  (fc2): Linear(in_features=120, out_features=84, bias=True)
  (fc3): Linear(in_features=84, out_features=10, bias=True)
  (activation): LogSoftmax(dim=1)
), CNNCifar(
  (conv1): Conv2d(3, 6, kernel_size=(5, 5), stride=(1, 1))
  (pool): MaxPool2d(kernel_size=2, stride=2, padding=0, dilation=1, ceil_mode=False)
  (conv2): Conv2d(6, 16, kernel_size=(5, 5), stride=(1, 1))
  (conv2_drop): Dropout2d(p=0.5, inplace=False)
  (fc1): Linear(in_features=400, out_features=120, bias=True)
  (dropout): Dropout(p=0.5, inplace=False)
  (fc2): Linear(in_features=120, out_features=84, bias=True)
  (fc3): Linear(in_features=84, out_features=10, bias=True)
  (activation): LogSoftmax(dim=1)
), CNNCifar(
  (conv1): Conv2d(3, 6, kernel_size=(5, 5), stride=(1, 1))
  (pool): MaxPool2d(kernel_size=2, stride=2, padding=0, dilation=1, ceil_mode=False)
  (conv2): Conv2d(6, 16, kernel_size=(5, 5), stride=(1, 1))
  (conv2_drop): Dropout2d(p=0.5, inplace=False)
  (fc1): Linear(in_features=400, out_features=120, bias=True)
  (dropout): Dropout(p=0.5, inplace=False)
  (fc2): Linear(in_features=120, out_features=84, bias=True)
  (fc3): Linear(in_features=84, out_features=10, bias=True)
  (activation): LogSoftmax(dim=1)
), CNNCifar(
  (conv1): Conv2d(3, 6, kernel_size=(5, 5), stride=(1, 1))
  (pool): MaxPool2d(kernel_size=2, stride=2, padding=0, dilation=1, ceil_mode=False)
  (conv2): Conv2d(6, 16, kernel_size=(5, 5), stride=(1, 1))
  (conv2_drop): Dropout2d(p=0.5, inplace=False)
  (fc1): Linear(in_features=400, out_features=120, bias=True)
  (dropout): Dropout(p=0.5, inplace=False)
  (fc2): Linear(in_features=120, out_features=84, bias=True)
  (fc3): Linear(in_features=84, out_features=10, bias=True)
  (activation): LogSoftmax(dim=1)
), CNNCifar(
  (conv1): Conv2d(3, 6, kernel_size=(5, 5), stride=(1, 1))
  (pool): MaxPool2d(kernel_size=2, stride=2, padding=0, dilation=1, ceil_mode=False)
  (conv2): Conv2d(6, 16, kernel_size=(5, 5), stride=(1, 1))
  (conv2_drop): Dropout2d(p=0.5, inplace=False)
  (fc1): Linear(in_features=400, out_features=120, bias=True)
  (dropout): Dropout(p=0.5, inplace=False)
  (fc2): Linear(in_features=120, out_features=84, bias=True)
  (fc3): Linear(in_features=84, out_features=10, bias=True)
  (activation): LogSoftmax(dim=1)
), CNNCifar(
  (conv1): Conv2d(3, 6, kernel_size=(5, 5), stride=(1, 1))
  (pool): MaxPool2d(kernel_size=2, stride=2, padding=0, dilation=1, ceil_mode=False)
  (conv2): Conv2d(6, 16, kernel_size=(5, 5), stride=(1, 1))
  (conv2_drop): Dropout2d(p=0.5, inplace=False)
  (fc1): Linear(in_features=400, out_features=120, bias=True)
  (dropout): Dropout(p=0.5, inplace=False)
  (fc2): Linear(in_features=120, out_features=84, bias=True)
  (fc3): Linear(in_features=84, out_features=10, bias=True)
  (activation): LogSoftmax(dim=1)
), CNNCifar(
  (conv1): Conv2d(3, 6, kernel_size=(5, 5), stride=(1, 1))
  (pool): MaxPool2d(kernel_size=2, stride=2, padding=0, dilation=1, ceil_mode=False)
  (conv2): Conv2d(6, 16, kernel_size=(5, 5), stride=(1, 1))
  (conv2_drop): Dropout2d(p=0.5, inplace=False)
  (fc1): Linear(in_features=400, out_features=120, bias=True)
  (dropout): Dropout(p=0.5, inplace=False)
  (fc2): Linear(in_features=120, out_features=84, bias=True)
  (fc3): Linear(in_features=84, out_features=10, bias=True)
  (activation): LogSoftmax(dim=1)
), CNNCifar(
  (conv1): Conv2d(3, 6, kernel_size=(5, 5), stride=(1, 1))
  (pool): MaxPool2d(kernel_size=2, stride=2, padding=0, dilation=1, ceil_mode=False)
  (conv2): Conv2d(6, 16, kernel_size=(5, 5), stride=(1, 1))
  (conv2_drop): Dropout2d(p=0.5, inplace=False)
  (fc1): Linear(in_features=400, out_features=120, bias=True)
  (dropout): Dropout(p=0.5, inplace=False)
  (fc2): Linear(in_features=120, out_features=84, bias=True)
  (fc3): Linear(in_features=84, out_features=10, bias=True)
  (activation): LogSoftmax(dim=1)
), CNNCifar(
  (conv1): Conv2d(3, 6, kernel_size=(5, 5), stride=(1, 1))
  (pool): MaxPool2d(kernel_size=2, stride=2, padding=0, dilation=1, ceil_mode=False)
  (conv2): Conv2d(6, 16, kernel_size=(5, 5), stride=(1, 1))
  (conv2_drop): Dropout2d(p=0.5, inplace=False)
  (fc1): Linear(in_features=400, out_features=120, bias=True)
  (dropout): Dropout(p=0.5, inplace=False)
  (fc2): Linear(in_features=120, out_features=84, bias=True)
  (fc3): Linear(in_features=84, out_features=10, bias=True)
  (activation): LogSoftmax(dim=1)
), CNNCifar(
  (conv1): Conv2d(3, 6, kernel_size=(5, 5), stride=(1, 1))
  (pool): MaxPool2d(kernel_size=2, stride=2, padding=0, dilation=1, ceil_mode=False)
  (conv2): Conv2d(6, 16, kernel_size=(5, 5), stride=(1, 1))
  (conv2_drop): Dropout2d(p=0.5, inplace=False)
  (fc1): Linear(in_features=400, out_features=120, bias=True)
  (dropout): Dropout(p=0.5, inplace=False)
  (fc2): Linear(in_features=120, out_features=84, bias=True)
  (fc3): Linear(in_features=84, out_features=10, bias=True)
  (activation): LogSoftmax(dim=1)
)]
Mix training for client 0
Train mix Iter 0 | Validation best acc: 69.50
Mix training for client 1
Train mix Iter 0 | Validation best acc: 50.00
Mix training for client 2
Train mix Iter 0 | Validation best acc: 50.00
Mix training for client 3
Train mix Iter 0 | Validation best acc: 44.50
Mix training for client 4
Train mix Iter 0 | Validation best acc: 50.00
Mix training for client 5
Train mix Iter 0 | Validation best acc: 48.50
Mix training for client 6
Train mix Iter 0 | Validation best acc: 44.50
Mix training for client 7
Train mix Iter 0 | Validation best acc: 49.00
Mix training for client 8
Train mix Iter 0 | Validation best acc: 50.00
Mix training for client 9
Train mix Iter 0 | Validation best acc: 50.00
 Mix Learning time consuming = 4.271442890167236 secods
#####  Federated Learning End#####
mixed_client_models [{'local': [CNNCifar(
  (conv1): Conv2d(3, 6, kernel_size=(5, 5), stride=(1, 1))
  (pool): MaxPool2d(kernel_size=2, stride=2, padding=0, dilation=1, ceil_mode=False)
  (conv2): Conv2d(6, 16, kernel_size=(5, 5), stride=(1, 1))
  (conv2_drop): Dropout2d(p=0.5, inplace=False)
  (fc1): Linear(in_features=400, out_features=120, bias=True)
  (dropout): Dropout(p=0.5, inplace=False)
  (fc2): Linear(in_features=120, out_features=84, bias=True)
  (fc3): Linear(in_features=84, out_features=10, bias=True)
  (activation): LogSoftmax(dim=1)
), CNNCifar(
  (conv1): Conv2d(3, 6, kernel_size=(5, 5), stride=(1, 1))
  (pool): MaxPool2d(kernel_size=2, stride=2, padding=0, dilation=1, ceil_mode=False)
  (conv2): Conv2d(6, 16, kernel_size=(5, 5), stride=(1, 1))
  (conv2_drop): Dropout2d(p=0.5, inplace=False)
  (fc1): Linear(in_features=400, out_features=120, bias=True)
  (dropout): Dropout(p=0.5, inplace=False)
  (fc2): Linear(in_features=120, out_features=84, bias=True)
  (fc3): Linear(in_features=84, out_features=10, bias=True)
  (activation): LogSoftmax(dim=1)
), CNNCifar(
  (conv1): Conv2d(3, 6, kernel_size=(5, 5), stride=(1, 1))
  (pool): MaxPool2d(kernel_size=2, stride=2, padding=0, dilation=1, ceil_mode=False)
  (conv2): Conv2d(6, 16, kernel_size=(5, 5), stride=(1, 1))
  (conv2_drop): Dropout2d(p=0.5, inplace=False)
  (fc1): Linear(in_features=400, out_features=120, bias=True)
  (dropout): Dropout(p=0.5, inplace=False)
  (fc2): Linear(in_features=120, out_features=84, bias=True)
  (fc3): Linear(in_features=84, out_features=10, bias=True)
  (activation): LogSoftmax(dim=1)
), CNNCifar(
  (conv1): Conv2d(3, 6, kernel_size=(5, 5), stride=(1, 1))
  (pool): MaxPool2d(kernel_size=2, stride=2, padding=0, dilation=1, ceil_mode=False)
  (conv2): Conv2d(6, 16, kernel_size=(5, 5), stride=(1, 1))
  (conv2_drop): Dropout2d(p=0.5, inplace=False)
  (fc1): Linear(in_features=400, out_features=120, bias=True)
  (dropout): Dropout(p=0.5, inplace=False)
  (fc2): Linear(in_features=120, out_features=84, bias=True)
  (fc3): Linear(in_features=84, out_features=10, bias=True)
  (activation): LogSoftmax(dim=1)
), CNNCifar(
  (conv1): Conv2d(3, 6, kernel_size=(5, 5), stride=(1, 1))
  (pool): MaxPool2d(kernel_size=2, stride=2, padding=0, dilation=1, ceil_mode=False)
  (conv2): Conv2d(6, 16, kernel_size=(5, 5), stride=(1, 1))
  (conv2_drop): Dropout2d(p=0.5, inplace=False)
  (fc1): Linear(in_features=400, out_features=120, bias=True)
  (dropout): Dropout(p=0.5, inplace=False)
  (fc2): Linear(in_features=120, out_features=84, bias=True)
  (fc3): Linear(in_features=84, out_features=10, bias=True)
  (activation): LogSoftmax(dim=1)
), CNNCifar(
  (conv1): Conv2d(3, 6, kernel_size=(5, 5), stride=(1, 1))
  (pool): MaxPool2d(kernel_size=2, stride=2, padding=0, dilation=1, ceil_mode=False)
  (conv2): Conv2d(6, 16, kernel_size=(5, 5), stride=(1, 1))
  (conv2_drop): Dropout2d(p=0.5, inplace=False)
  (fc1): Linear(in_features=400, out_features=120, bias=True)
  (dropout): Dropout(p=0.5, inplace=False)
  (fc2): Linear(in_features=120, out_features=84, bias=True)
  (fc3): Linear(in_features=84, out_features=10, bias=True)
  (activation): LogSoftmax(dim=1)
), CNNCifar(
  (conv1): Conv2d(3, 6, kernel_size=(5, 5), stride=(1, 1))
  (pool): MaxPool2d(kernel_size=2, stride=2, padding=0, dilation=1, ceil_mode=False)
  (conv2): Conv2d(6, 16, kernel_size=(5, 5), stride=(1, 1))
  (conv2_drop): Dropout2d(p=0.5, inplace=False)
  (fc1): Linear(in_features=400, out_features=120, bias=True)
  (dropout): Dropout(p=0.5, inplace=False)
  (fc2): Linear(in_features=120, out_features=84, bias=True)
  (fc3): Linear(in_features=84, out_features=10, bias=True)
  (activation): LogSoftmax(dim=1)
), CNNCifar(
  (conv1): Conv2d(3, 6, kernel_size=(5, 5), stride=(1, 1))
  (pool): MaxPool2d(kernel_size=2, stride=2, padding=0, dilation=1, ceil_mode=False)
  (conv2): Conv2d(6, 16, kernel_size=(5, 5), stride=(1, 1))
  (conv2_drop): Dropout2d(p=0.5, inplace=False)
  (fc1): Linear(in_features=400, out_features=120, bias=True)
  (dropout): Dropout(p=0.5, inplace=False)
  (fc2): Linear(in_features=120, out_features=84, bias=True)
  (fc3): Linear(in_features=84, out_features=10, bias=True)
  (activation): LogSoftmax(dim=1)
), CNNCifar(
  (conv1): Conv2d(3, 6, kernel_size=(5, 5), stride=(1, 1))
  (pool): MaxPool2d(kernel_size=2, stride=2, padding=0, dilation=1, ceil_mode=False)
  (conv2): Conv2d(6, 16, kernel_size=(5, 5), stride=(1, 1))
  (conv2_drop): Dropout2d(p=0.5, inplace=False)
  (fc1): Linear(in_features=400, out_features=120, bias=True)
  (dropout): Dropout(p=0.5, inplace=False)
  (fc2): Linear(in_features=120, out_features=84, bias=True)
  (fc3): Linear(in_features=84, out_features=10, bias=True)
  (activation): LogSoftmax(dim=1)
), CNNCifar(
  (conv1): Conv2d(3, 6, kernel_size=(5, 5), stride=(1, 1))
  (pool): MaxPool2d(kernel_size=2, stride=2, padding=0, dilation=1, ceil_mode=False)
  (conv2): Conv2d(6, 16, kernel_size=(5, 5), stride=(1, 1))
  (conv2_drop): Dropout2d(p=0.5, inplace=False)
  (fc1): Linear(in_features=400, out_features=120, bias=True)
  (dropout): Dropout(p=0.5, inplace=False)
  (fc2): Linear(in_features=120, out_features=84, bias=True)
  (fc3): Linear(in_features=84, out_features=10, bias=True)
  (activation): LogSoftmax(dim=1)
)], 'global': [CNNCifar(
  (conv1): Conv2d(3, 6, kernel_size=(5, 5), stride=(1, 1))
  (pool): MaxPool2d(kernel_size=2, stride=2, padding=0, dilation=1, ceil_mode=False)
  (conv2): Conv2d(6, 16, kernel_size=(5, 5), stride=(1, 1))
  (conv2_drop): Dropout2d(p=0.5, inplace=False)
  (fc1): Linear(in_features=400, out_features=120, bias=True)
  (dropout): Dropout(p=0.5, inplace=False)
  (fc2): Linear(in_features=120, out_features=84, bias=True)
  (fc3): Linear(in_features=84, out_features=10, bias=True)
  (activation): LogSoftmax(dim=1)
), CNNCifar(
  (conv1): Conv2d(3, 6, kernel_size=(5, 5), stride=(1, 1))
  (pool): MaxPool2d(kernel_size=2, stride=2, padding=0, dilation=1, ceil_mode=False)
  (conv2): Conv2d(6, 16, kernel_size=(5, 5), stride=(1, 1))
  (conv2_drop): Dropout2d(p=0.5, inplace=False)
  (fc1): Linear(in_features=400, out_features=120, bias=True)
  (dropout): Dropout(p=0.5, inplace=False)
  (fc2): Linear(in_features=120, out_features=84, bias=True)
  (fc3): Linear(in_features=84, out_features=10, bias=True)
  (activation): LogSoftmax(dim=1)
), CNNCifar(
  (conv1): Conv2d(3, 6, kernel_size=(5, 5), stride=(1, 1))
  (pool): MaxPool2d(kernel_size=2, stride=2, padding=0, dilation=1, ceil_mode=False)
  (conv2): Conv2d(6, 16, kernel_size=(5, 5), stride=(1, 1))
  (conv2_drop): Dropout2d(p=0.5, inplace=False)
  (fc1): Linear(in_features=400, out_features=120, bias=True)
  (dropout): Dropout(p=0.5, inplace=False)
  (fc2): Linear(in_features=120, out_features=84, bias=True)
  (fc3): Linear(in_features=84, out_features=10, bias=True)
  (activation): LogSoftmax(dim=1)
), CNNCifar(
  (conv1): Conv2d(3, 6, kernel_size=(5, 5), stride=(1, 1))
  (pool): MaxPool2d(kernel_size=2, stride=2, padding=0, dilation=1, ceil_mode=False)
  (conv2): Conv2d(6, 16, kernel_size=(5, 5), stride=(1, 1))
  (conv2_drop): Dropout2d(p=0.5, inplace=False)
  (fc1): Linear(in_features=400, out_features=120, bias=True)
  (dropout): Dropout(p=0.5, inplace=False)
  (fc2): Linear(in_features=120, out_features=84, bias=True)
  (fc3): Linear(in_features=84, out_features=10, bias=True)
  (activation): LogSoftmax(dim=1)
), CNNCifar(
  (conv1): Conv2d(3, 6, kernel_size=(5, 5), stride=(1, 1))
  (pool): MaxPool2d(kernel_size=2, stride=2, padding=0, dilation=1, ceil_mode=False)
  (conv2): Conv2d(6, 16, kernel_size=(5, 5), stride=(1, 1))
  (conv2_drop): Dropout2d(p=0.5, inplace=False)
  (fc1): Linear(in_features=400, out_features=120, bias=True)
  (dropout): Dropout(p=0.5, inplace=False)
  (fc2): Linear(in_features=120, out_features=84, bias=True)
  (fc3): Linear(in_features=84, out_features=10, bias=True)
  (activation): LogSoftmax(dim=1)
), CNNCifar(
  (conv1): Conv2d(3, 6, kernel_size=(5, 5), stride=(1, 1))
  (pool): MaxPool2d(kernel_size=2, stride=2, padding=0, dilation=1, ceil_mode=False)
  (conv2): Conv2d(6, 16, kernel_size=(5, 5), stride=(1, 1))
  (conv2_drop): Dropout2d(p=0.5, inplace=False)
  (fc1): Linear(in_features=400, out_features=120, bias=True)
  (dropout): Dropout(p=0.5, inplace=False)
  (fc2): Linear(in_features=120, out_features=84, bias=True)
  (fc3): Linear(in_features=84, out_features=10, bias=True)
  (activation): LogSoftmax(dim=1)
), CNNCifar(
  (conv1): Conv2d(3, 6, kernel_size=(5, 5), stride=(1, 1))
  (pool): MaxPool2d(kernel_size=2, stride=2, padding=0, dilation=1, ceil_mode=False)
  (conv2): Conv2d(6, 16, kernel_size=(5, 5), stride=(1, 1))
  (conv2_drop): Dropout2d(p=0.5, inplace=False)
  (fc1): Linear(in_features=400, out_features=120, bias=True)
  (dropout): Dropout(p=0.5, inplace=False)
  (fc2): Linear(in_features=120, out_features=84, bias=True)
  (fc3): Linear(in_features=84, out_features=10, bias=True)
  (activation): LogSoftmax(dim=1)
), CNNCifar(
  (conv1): Conv2d(3, 6, kernel_size=(5, 5), stride=(1, 1))
  (pool): MaxPool2d(kernel_size=2, stride=2, padding=0, dilation=1, ceil_mode=False)
  (conv2): Conv2d(6, 16, kernel_size=(5, 5), stride=(1, 1))
  (conv2_drop): Dropout2d(p=0.5, inplace=False)
  (fc1): Linear(in_features=400, out_features=120, bias=True)
  (dropout): Dropout(p=0.5, inplace=False)
  (fc2): Linear(in_features=120, out_features=84, bias=True)
  (fc3): Linear(in_features=84, out_features=10, bias=True)
  (activation): LogSoftmax(dim=1)
), CNNCifar(
  (conv1): Conv2d(3, 6, kernel_size=(5, 5), stride=(1, 1))
  (pool): MaxPool2d(kernel_size=2, stride=2, padding=0, dilation=1, ceil_mode=False)
  (conv2): Conv2d(6, 16, kernel_size=(5, 5), stride=(1, 1))
  (conv2_drop): Dropout2d(p=0.5, inplace=False)
  (fc1): Linear(in_features=400, out_features=120, bias=True)
  (dropout): Dropout(p=0.5, inplace=False)
  (fc2): Linear(in_features=120, out_features=84, bias=True)
  (fc3): Linear(in_features=84, out_features=10, bias=True)
  (activation): LogSoftmax(dim=1)
), CNNCifar(
  (conv1): Conv2d(3, 6, kernel_size=(5, 5), stride=(1, 1))
  (pool): MaxPool2d(kernel_size=2, stride=2, padding=0, dilation=1, ceil_mode=False)
  (conv2): Conv2d(6, 16, kernel_size=(5, 5), stride=(1, 1))
  (conv2_drop): Dropout2d(p=0.5, inplace=False)
  (fc1): Linear(in_features=400, out_features=120, bias=True)
  (dropout): Dropout(p=0.5, inplace=False)
  (fc2): Linear(in_features=120, out_features=84, bias=True)
  (fc3): Linear(in_features=84, out_features=10, bias=True)
  (activation): LogSoftmax(dim=1)
)], 'gate': [GateCNN(
  (conv1): Conv2d(3, 6, kernel_size=(5, 5), stride=(1, 1))
  (pool): MaxPool2d(kernel_size=2, stride=2, padding=0, dilation=1, ceil_mode=False)
  (conv2): Conv2d(6, 16, kernel_size=(5, 5), stride=(1, 1))
  (conv2_drop): Dropout2d(p=0.5, inplace=False)
  (fc1): Linear(in_features=400, out_features=120, bias=True)
  (dropout): Dropout(p=0.5, inplace=False)
  (fc2): Linear(in_features=120, out_features=84, bias=True)
  (fc3): Linear(in_features=84, out_features=10, bias=True)
  (activation): LogSoftmax(dim=1)
), GateCNN(
  (conv1): Conv2d(3, 6, kernel_size=(5, 5), stride=(1, 1))
  (pool): MaxPool2d(kernel_size=2, stride=2, padding=0, dilation=1, ceil_mode=False)
  (conv2): Conv2d(6, 16, kernel_size=(5, 5), stride=(1, 1))
  (conv2_drop): Dropout2d(p=0.5, inplace=False)
  (fc1): Linear(in_features=400, out_features=120, bias=True)
  (dropout): Dropout(p=0.5, inplace=False)
  (fc2): Linear(in_features=120, out_features=84, bias=True)
  (fc3): Linear(in_features=84, out_features=10, bias=True)
  (activation): LogSoftmax(dim=1)
), GateCNN(
  (conv1): Conv2d(3, 6, kernel_size=(5, 5), stride=(1, 1))
  (pool): MaxPool2d(kernel_size=2, stride=2, padding=0, dilation=1, ceil_mode=False)
  (conv2): Conv2d(6, 16, kernel_size=(5, 5), stride=(1, 1))
  (conv2_drop): Dropout2d(p=0.5, inplace=False)
  (fc1): Linear(in_features=400, out_features=120, bias=True)
  (dropout): Dropout(p=0.5, inplace=False)
  (fc2): Linear(in_features=120, out_features=84, bias=True)
  (fc3): Linear(in_features=84, out_features=10, bias=True)
  (activation): LogSoftmax(dim=1)
), GateCNN(
  (conv1): Conv2d(3, 6, kernel_size=(5, 5), stride=(1, 1))
  (pool): MaxPool2d(kernel_size=2, stride=2, padding=0, dilation=1, ceil_mode=False)
  (conv2): Conv2d(6, 16, kernel_size=(5, 5), stride=(1, 1))
  (conv2_drop): Dropout2d(p=0.5, inplace=False)
  (fc1): Linear(in_features=400, out_features=120, bias=True)
  (dropout): Dropout(p=0.5, inplace=False)
  (fc2): Linear(in_features=120, out_features=84, bias=True)
  (fc3): Linear(in_features=84, out_features=10, bias=True)
  (activation): LogSoftmax(dim=1)
), GateCNN(
  (conv1): Conv2d(3, 6, kernel_size=(5, 5), stride=(1, 1))
  (pool): MaxPool2d(kernel_size=2, stride=2, padding=0, dilation=1, ceil_mode=False)
  (conv2): Conv2d(6, 16, kernel_size=(5, 5), stride=(1, 1))
  (conv2_drop): Dropout2d(p=0.5, inplace=False)
  (fc1): Linear(in_features=400, out_features=120, bias=True)
  (dropout): Dropout(p=0.5, inplace=False)
  (fc2): Linear(in_features=120, out_features=84, bias=True)
  (fc3): Linear(in_features=84, out_features=10, bias=True)
  (activation): LogSoftmax(dim=1)
), GateCNN(
  (conv1): Conv2d(3, 6, kernel_size=(5, 5), stride=(1, 1))
  (pool): MaxPool2d(kernel_size=2, stride=2, padding=0, dilation=1, ceil_mode=False)
  (conv2): Conv2d(6, 16, kernel_size=(5, 5), stride=(1, 1))
  (conv2_drop): Dropout2d(p=0.5, inplace=False)
  (fc1): Linear(in_features=400, out_features=120, bias=True)
  (dropout): Dropout(p=0.5, inplace=False)
  (fc2): Linear(in_features=120, out_features=84, bias=True)
  (fc3): Linear(in_features=84, out_features=10, bias=True)
  (activation): LogSoftmax(dim=1)
), GateCNN(
  (conv1): Conv2d(3, 6, kernel_size=(5, 5), stride=(1, 1))
  (pool): MaxPool2d(kernel_size=2, stride=2, padding=0, dilation=1, ceil_mode=False)
  (conv2): Conv2d(6, 16, kernel_size=(5, 5), stride=(1, 1))
  (conv2_drop): Dropout2d(p=0.5, inplace=False)
  (fc1): Linear(in_features=400, out_features=120, bias=True)
  (dropout): Dropout(p=0.5, inplace=False)
  (fc2): Linear(in_features=120, out_features=84, bias=True)
  (fc3): Linear(in_features=84, out_features=10, bias=True)
  (activation): LogSoftmax(dim=1)
), GateCNN(
  (conv1): Conv2d(3, 6, kernel_size=(5, 5), stride=(1, 1))
  (pool): MaxPool2d(kernel_size=2, stride=2, padding=0, dilation=1, ceil_mode=False)
  (conv2): Conv2d(6, 16, kernel_size=(5, 5), stride=(1, 1))
  (conv2_drop): Dropout2d(p=0.5, inplace=False)
  (fc1): Linear(in_features=400, out_features=120, bias=True)
  (dropout): Dropout(p=0.5, inplace=False)
  (fc2): Linear(in_features=120, out_features=84, bias=True)
  (fc3): Linear(in_features=84, out_features=10, bias=True)
  (activation): LogSoftmax(dim=1)
), GateCNN(
  (conv1): Conv2d(3, 6, kernel_size=(5, 5), stride=(1, 1))
  (pool): MaxPool2d(kernel_size=2, stride=2, padding=0, dilation=1, ceil_mode=False)
  (conv2): Conv2d(6, 16, kernel_size=(5, 5), stride=(1, 1))
  (conv2_drop): Dropout2d(p=0.5, inplace=False)
  (fc1): Linear(in_features=400, out_features=120, bias=True)
  (dropout): Dropout(p=0.5, inplace=False)
  (fc2): Linear(in_features=120, out_features=84, bias=True)
  (fc3): Linear(in_features=84, out_features=10, bias=True)
  (activation): LogSoftmax(dim=1)
), GateCNN(
  (conv1): Conv2d(3, 6, kernel_size=(5, 5), stride=(1, 1))
  (pool): MaxPool2d(kernel_size=2, stride=2, padding=0, dilation=1, ceil_mode=False)
  (conv2): Conv2d(6, 16, kernel_size=(5, 5), stride=(1, 1))
  (conv2_drop): Dropout2d(p=0.5, inplace=False)
  (fc1): Linear(in_features=400, out_features=120, bias=True)
  (dropout): Dropout(p=0.5, inplace=False)
  (fc2): Linear(in_features=120, out_features=84, bias=True)
  (fc3): Linear(in_features=84, out_features=10, bias=True)
  (activation): LogSoftmax(dim=1)
)]}]
Testing FedAvg...
Testing Locals for client 0...
Testing Finetune for client 0...
Testing mixture for client 0...
Testing Locals for client 1...
Testing Finetune for client 1...
Testing mixture for client 1...
Testing Locals for client 2...
Testing Finetune for client 2...
Testing mixture for client 2...
Testing Locals for client 3...
Testing Finetune for client 3...
Testing mixture for client 3...
Testing Locals for client 4...
Testing Finetune for client 4...
Testing mixture for client 4...
Testing Locals for client 5...
Testing Finetune for client 5...
Testing mixture for client 5...
Testing Locals for client 6...
Testing Finetune for client 6...
Testing mixture for client 6...
Testing Locals for client 7...
Testing Finetune for client 7...
Testing mixture for client 7...
Testing Locals for client 8...
Testing Finetune for client 8...
Testing mixture for client 8...
Testing Locals for client 9...
Testing Finetune for client 9...
Testing mixture for client 9...
TFIDF Selected least important clients: [3]
opt in here:  [0, 1, 2, 4, 5, 6, 7, 8, 9]
########## Step4: PFU-MoE ##########
9 9 9
Iter: 0 | Val Acc: 100.0 | Val Loss: 0.3612767903169151
Update Train Finetune Iter: 0 | Validation best acc: 100.00
Iter: 5 | Val Acc: 100.0 | Val Loss: 0.2273971697764864
Update Train Finetune Iter: 5 | Validation best acc: 100.00
Iter: 10 | Val Acc: 100.0 | Val Loss: 0.1467281432744886
Update Train Finetune Iter: 10 | Validation best acc: 100.00
Iter: 15 | Val Acc: 100.0 | Val Loss: 0.10008664400231566
Update Train Finetune Iter: 15 | Validation best acc: 100.00
Iter: 20 | Val Acc: 100.0 | Val Loss: 0.07320160427909968
Update Train Finetune Iter: 20 | Validation best acc: 100.00
Iter: 25 | Val Acc: 100.0 | Val Loss: 0.05673431811908724
Update Train Finetune Iter: 25 | Validation best acc: 100.00
Iter: 30 | Val Acc: 100.0 | Val Loss: 0.0452276175732807
Update Train Finetune Iter: 30 | Validation best acc: 100.00
Iter: 35 | Val Acc: 100.0 | Val Loss: 0.03663988844090681
Iter: 40 | Val Acc: 100.0 | Val Loss: 0.030239142505540998
Update Train Finetune Iter: 40 | Validation best acc: 100.00
Iter: 45 | Val Acc: 100.0 | Val Loss: 0.02523206703095038
Iter: 50 | Val Acc: 100.0 | Val Loss: 0.021032748429774664
Iter: 55 | Val Acc: 100.0 | Val Loss: 0.017571774972530357
Update Train Finetune Iter: 55 | Validation best acc: 100.00
Iter: 60 | Val Acc: 100.0 | Val Loss: 0.014726672960419088
Iter: 65 | Val Acc: 100.0 | Val Loss: 0.012278751926931975
Iter: 70 | Val Acc: 100.0 | Val Loss: 0.01040662382599816
Iter: 75 | Val Acc: 100.0 | Val Loss: 0.00884897074395468
Iter: 80 | Val Acc: 100.0 | Val Loss: 0.007591792825137453
Iter: 85 | Val Acc: 100.0 | Val Loss: 0.006571860322424357
Update Train Finetune Iter: 85 | Validation best acc: 100.00
Iter: 90 | Val Acc: 100.0 | Val Loss: 0.005691913886331328
Iter: 95 | Val Acc: 100.0 | Val Loss: 0.004983524537185069
Iter: 100 | Val Acc: 100.0 | Val Loss: 0.0043713634930335485
Iter: 105 | Val Acc: 100.0 | Val Loss: 0.003865416740100507
Iter: 110 | Val Acc: 100.0 | Val Loss: 0.0034373101815524977
Iter: 115 | Val Acc: 100.0 | Val Loss: 0.0031203931787158723
Iter: 120 | Val Acc: 100.0 | Val Loss: 0.002886923415432037
Iter: 125 | Val Acc: 100.0 | Val Loss: 0.0026783451076565967
Iter: 130 | Val Acc: 100.0 | Val Loss: 0.0024942606775373477
Iter: 135 | Val Acc: 100.0 | Val Loss: 0.0023105921443412926
Iter: 0 | Val Acc: 100.0 | Val Loss: 0.48118653234909287
Update Train Finetune Iter: 0 | Validation best acc: 100.00
Iter: 5 | Val Acc: 100.0 | Val Loss: 0.30626343517007626
Update Train Finetune Iter: 5 | Validation best acc: 100.00
Iter: 10 | Val Acc: 100.0 | Val Loss: 0.19859612660627818
Update Train Finetune Iter: 10 | Validation best acc: 100.00
Iter: 15 | Val Acc: 100.0 | Val Loss: 0.13537003803747724
Update Train Finetune Iter: 15 | Validation best acc: 100.00
Iter: 20 | Val Acc: 100.0 | Val Loss: 0.09824654999188617
Update Train Finetune Iter: 20 | Validation best acc: 100.00
Iter: 25 | Val Acc: 100.0 | Val Loss: 0.07506692587428035
Update Train Finetune Iter: 25 | Validation best acc: 100.00
Iter: 30 | Val Acc: 100.0 | Val Loss: 0.05987316439703005
Update Train Finetune Iter: 30 | Validation best acc: 100.00
Iter: 35 | Val Acc: 100.0 | Val Loss: 0.048896117413577224
Update Train Finetune Iter: 35 | Validation best acc: 100.00
Iter: 40 | Val Acc: 100.0 | Val Loss: 0.04075580723458298
Iter: 45 | Val Acc: 100.0 | Val Loss: 0.03443831130343483
Update Train Finetune Iter: 45 | Validation best acc: 100.00
Iter: 50 | Val Acc: 100.0 | Val Loss: 0.029399555861854908
Iter: 55 | Val Acc: 100.0 | Val Loss: 0.02513965680428541
Iter: 60 | Val Acc: 100.0 | Val Loss: 0.02163322251563912
Update Train Finetune Iter: 60 | Validation best acc: 100.00
Iter: 65 | Val Acc: 100.0 | Val Loss: 0.01868093628434785
Iter: 70 | Val Acc: 100.0 | Val Loss: 0.016160075117572604
Iter: 75 | Val Acc: 100.0 | Val Loss: 0.014021214980971593
Iter: 80 | Val Acc: 100.0 | Val Loss: 0.012098679321409164
Iter: 85 | Val Acc: 100.0 | Val Loss: 0.010416564674387096
Update Train Finetune Iter: 85 | Validation best acc: 100.00
Iter: 90 | Val Acc: 100.0 | Val Loss: 0.008993671969207284
Iter: 95 | Val Acc: 100.0 | Val Loss: 0.007777342713360938
Iter: 100 | Val Acc: 100.0 | Val Loss: 0.006749150988432824
Iter: 105 | Val Acc: 100.0 | Val Loss: 0.005953295113797097
Iter: 110 | Val Acc: 100.0 | Val Loss: 0.00526090559469175
Iter: 115 | Val Acc: 100.0 | Val Loss: 0.0046977180530883445
Iter: 120 | Val Acc: 100.0 | Val Loss: 0.004224869633214609
Iter: 125 | Val Acc: 100.0 | Val Loss: 0.003840133452950667
Iter: 130 | Val Acc: 100.0 | Val Loss: 0.0035249455897237423
Iter: 135 | Val Acc: 100.0 | Val Loss: 0.003240979464999576
Iter: 0 | Val Acc: 0.0 | Val Loss: 2.3047050821781156
Update Train Finetune Iter: 0 | Validation best acc: 0.00
Iter: 5 | Val Acc: 0.0 | Val Loss: 2.268256266117096
Update Train Finetune Iter: 5 | Validation best acc: 0.00
Iter: 10 | Val Acc: 10.0 | Val Loss: 2.229477996826172
Update Train Finetune Iter: 10 | Validation best acc: 10.00
Iter: 15 | Val Acc: 56.0 | Val Loss: 2.1862311124801637
Update Train Finetune Iter: 15 | Validation best acc: 56.00
Iter: 20 | Val Acc: 85.5 | Val Loss: 2.1366431593894957
Update Train Finetune Iter: 20 | Validation best acc: 85.50
Iter: 25 | Val Acc: 94.0 | Val Loss: 2.078714369535446
Update Train Finetune Iter: 25 | Validation best acc: 94.00
Iter: 30 | Val Acc: 97.5 | Val Loss: 2.0098355251550672
Update Train Finetune Iter: 30 | Validation best acc: 97.50
Iter: 35 | Val Acc: 100.0 | Val Loss: 1.9294382560253143
Update Train Finetune Iter: 35 | Validation best acc: 100.00
Iter: 40 | Val Acc: 100.0 | Val Loss: 1.8373172456026077
Update Train Finetune Iter: 40 | Validation best acc: 100.00
Iter: 45 | Val Acc: 100.0 | Val Loss: 1.7332348412275314
Update Train Finetune Iter: 45 | Validation best acc: 100.00
Iter: 50 | Val Acc: 100.0 | Val Loss: 1.618137874007225
Update Train Finetune Iter: 50 | Validation best acc: 100.00
Iter: 55 | Val Acc: 100.0 | Val Loss: 1.4926161122322084
Update Train Finetune Iter: 55 | Validation best acc: 100.00
Iter: 60 | Val Acc: 100.0 | Val Loss: 1.3575110206007956
Update Train Finetune Iter: 60 | Validation best acc: 100.00
Iter: 65 | Val Acc: 100.0 | Val Loss: 1.217602250277996
Update Train Finetune Iter: 65 | Validation best acc: 100.00
Iter: 70 | Val Acc: 100.0 | Val Loss: 1.0774588797986508
Update Train Finetune Iter: 70 | Validation best acc: 100.00
Iter: 75 | Val Acc: 100.0 | Val Loss: 0.9412650240957737
Update Train Finetune Iter: 75 | Validation best acc: 100.00
Iter: 80 | Val Acc: 100.0 | Val Loss: 0.8138062734156847
Update Train Finetune Iter: 80 | Validation best acc: 100.00
Iter: 85 | Val Acc: 100.0 | Val Loss: 0.6985583648085594
Update Train Finetune Iter: 85 | Validation best acc: 100.00
Iter: 90 | Val Acc: 100.0 | Val Loss: 0.596514567155391
Update Train Finetune Iter: 90 | Validation best acc: 100.00
Iter: 95 | Val Acc: 100.0 | Val Loss: 0.5082681153994053
Update Train Finetune Iter: 95 | Validation best acc: 100.00
Iter: 100 | Val Acc: 100.0 | Val Loss: 0.43430631374008954
Update Train Finetune Iter: 100 | Validation best acc: 100.00
Iter: 105 | Val Acc: 100.0 | Val Loss: 0.37308697659056633
Update Train Finetune Iter: 105 | Validation best acc: 100.00
Iter: 110 | Val Acc: 100.0 | Val Loss: 0.322663046955131
Update Train Finetune Iter: 110 | Validation best acc: 100.00
Iter: 115 | Val Acc: 100.0 | Val Loss: 0.28115074171917515
Update Train Finetune Iter: 115 | Validation best acc: 100.00
Iter: 120 | Val Acc: 100.0 | Val Loss: 0.24650217145564965
Update Train Finetune Iter: 120 | Validation best acc: 100.00
Iter: 125 | Val Acc: 100.0 | Val Loss: 0.2173765169130638
Update Train Finetune Iter: 125 | Validation best acc: 100.00
Iter: 130 | Val Acc: 100.0 | Val Loss: 0.19291887555096765
Update Train Finetune Iter: 130 | Validation best acc: 100.00
Iter: 135 | Val Acc: 100.0 | Val Loss: 0.17226958970131817
Update Train Finetune Iter: 135 | Validation best acc: 100.00
Iter: 140 | Val Acc: 100.0 | Val Loss: 0.15465104837232502
Update Train Finetune Iter: 140 | Validation best acc: 100.00
Iter: 145 | Val Acc: 100.0 | Val Loss: 0.13939719959002106
Update Train Finetune Iter: 145 | Validation best acc: 100.00
Iter: 150 | Val Acc: 100.0 | Val Loss: 0.12615734742270435
Update Train Finetune Iter: 150 | Validation best acc: 100.00
Iter: 155 | Val Acc: 100.0 | Val Loss: 0.11490525276894914
Update Train Finetune Iter: 155 | Validation best acc: 100.00
Iter: 160 | Val Acc: 100.0 | Val Loss: 0.10538975220915744
Iter: 165 | Val Acc: 100.0 | Val Loss: 0.09701275973351585
Update Train Finetune Iter: 165 | Validation best acc: 100.00
Iter: 170 | Val Acc: 100.0 | Val Loss: 0.08961445462498886
Iter: 175 | Val Acc: 100.0 | Val Loss: 0.08297784476219022
Update Train Finetune Iter: 175 | Validation best acc: 100.00
Iter: 180 | Val Acc: 100.0 | Val Loss: 0.07707029887809767
Iter: 185 | Val Acc: 100.0 | Val Loss: 0.07171178386302017
Update Train Finetune Iter: 185 | Validation best acc: 100.00
Iter: 190 | Val Acc: 100.0 | Val Loss: 0.06673149653926885
Iter: 195 | Val Acc: 100.0 | Val Loss: 0.062335519256307634
Iter: 200 | Val Acc: 100.0 | Val Loss: 0.05840857707154555
Update Train Finetune Iter: 200 | Validation best acc: 100.00
Iter: 205 | Val Acc: 100.0 | Val Loss: 0.05488780371276334
Iter: 210 | Val Acc: 100.0 | Val Loss: 0.05165269691296999
Iter: 215 | Val Acc: 100.0 | Val Loss: 0.048718490054809535
Iter: 220 | Val Acc: 100.0 | Val Loss: 0.0459851019007624
Update Train Finetune Iter: 220 | Validation best acc: 100.00
Iter: 225 | Val Acc: 100.0 | Val Loss: 0.04347238033104873
Iter: 230 | Val Acc: 100.0 | Val Loss: 0.041092703623007765
Iter: 235 | Val Acc: 100.0 | Val Loss: 0.03888361670271934
Iter: 240 | Val Acc: 100.0 | Val Loss: 0.03679511675658546
Iter: 245 | Val Acc: 100.0 | Val Loss: 0.03491679878971809
Update Train Finetune Iter: 245 | Validation best acc: 100.00
Iter: 250 | Val Acc: 100.0 | Val Loss: 0.03318465093615885
Iter: 255 | Val Acc: 100.0 | Val Loss: 0.03152737343110061
Iter: 260 | Val Acc: 100.0 | Val Loss: 0.03002074203854278
Iter: 265 | Val Acc: 100.0 | Val Loss: 0.02860546898958603
Iter: 270 | Val Acc: 100.0 | Val Loss: 0.027233243597571857
Iter: 275 | Val Acc: 100.0 | Val Loss: 0.025947102748999952
Iter: 280 | Val Acc: 100.0 | Val Loss: 0.02477860621785595
Update Train Finetune Iter: 280 | Validation best acc: 100.00
Iter: 285 | Val Acc: 100.0 | Val Loss: 0.02365765251455514
Iter: 290 | Val Acc: 100.0 | Val Loss: 0.022627970004529773
Iter: 295 | Val Acc: 100.0 | Val Loss: 0.02161302395307203
Iter: 300 | Val Acc: 100.0 | Val Loss: 0.020672277390326847
Iter: 305 | Val Acc: 100.0 | Val Loss: 0.019807892824169216
Iter: 310 | Val Acc: 100.0 | Val Loss: 0.01896564571253677
Iter: 315 | Val Acc: 100.0 | Val Loss: 0.018178675653189168
Iter: 320 | Val Acc: 100.0 | Val Loss: 0.017451030151047462
Iter: 325 | Val Acc: 100.0 | Val Loss: 0.016743321320527683
Iter: 330 | Val Acc: 100.0 | Val Loss: 0.016062361105347946
Iter: 0 | Val Acc: 50.0 | Val Loss: 1.8040062700537964
Update Train Finetune Iter: 0 | Validation best acc: 50.00
Iter: 5 | Val Acc: 50.0 | Val Loss: 1.7730856000632047
Update Train Finetune Iter: 5 | Validation best acc: 50.00
Iter: 10 | Val Acc: 50.0 | Val Loss: 1.7454995322134346
Update Train Finetune Iter: 10 | Validation best acc: 50.00
Iter: 15 | Val Acc: 50.0 | Val Loss: 1.7154292210424318
Update Train Finetune Iter: 15 | Validation best acc: 50.00
Iter: 20 | Val Acc: 50.0 | Val Loss: 1.6826101549412125
Update Train Finetune Iter: 20 | Validation best acc: 50.00
Iter: 25 | Val Acc: 50.0 | Val Loss: 1.6513422726886346
Update Train Finetune Iter: 25 | Validation best acc: 50.00
Iter: 30 | Val Acc: 50.0 | Val Loss: 1.6205274635087699
Update Train Finetune Iter: 30 | Validation best acc: 50.00
Iter: 35 | Val Acc: 50.0 | Val Loss: 1.5839050136716104
Update Train Finetune Iter: 35 | Validation best acc: 50.00
Iter: 40 | Val Acc: 50.0 | Val Loss: 1.544456027194392
Update Train Finetune Iter: 40 | Validation best acc: 50.00
Iter: 45 | Val Acc: 50.0 | Val Loss: 1.4971042557770853
Update Train Finetune Iter: 45 | Validation best acc: 50.00
Iter: 50 | Val Acc: 50.0 | Val Loss: 1.448198486462934
Update Train Finetune Iter: 50 | Validation best acc: 50.00
Iter: 55 | Val Acc: 50.0 | Val Loss: 1.3938557258399669
Update Train Finetune Iter: 55 | Validation best acc: 50.00
Iter: 60 | Val Acc: 50.0 | Val Loss: 1.3382175585918594
Update Train Finetune Iter: 60 | Validation best acc: 50.00
Iter: 65 | Val Acc: 50.0 | Val Loss: 1.2811224120494444
Update Train Finetune Iter: 65 | Validation best acc: 50.00
Iter: 70 | Val Acc: 50.0 | Val Loss: 1.2201620142324827
Update Train Finetune Iter: 70 | Validation best acc: 50.00
Iter: 75 | Val Acc: 50.0 | Val Loss: 1.1613302031322383
Update Train Finetune Iter: 75 | Validation best acc: 50.00
Iter: 80 | Val Acc: 50.0 | Val Loss: 1.103721984771546
Update Train Finetune Iter: 80 | Validation best acc: 50.00
Iter: 85 | Val Acc: 50.0 | Val Loss: 1.0444263363815844
Update Train Finetune Iter: 85 | Validation best acc: 50.00
Iter: 90 | Val Acc: 50.0 | Val Loss: 0.9843828320177272
Update Train Finetune Iter: 90 | Validation best acc: 50.00
Iter: 95 | Val Acc: 50.0 | Val Loss: 0.9287574669765308
Update Train Finetune Iter: 95 | Validation best acc: 50.00
Iter: 100 | Val Acc: 50.0 | Val Loss: 0.8781362734921276
Update Train Finetune Iter: 100 | Validation best acc: 50.00
Iter: 105 | Val Acc: 50.0 | Val Loss: 0.8314019098691642
Update Train Finetune Iter: 105 | Validation best acc: 50.00
Iter: 110 | Val Acc: 50.0 | Val Loss: 0.7870409489143639
Update Train Finetune Iter: 110 | Validation best acc: 50.00
Iter: 115 | Val Acc: 50.0 | Val Loss: 0.7480017760768533
Update Train Finetune Iter: 115 | Validation best acc: 50.00
Iter: 120 | Val Acc: 50.0 | Val Loss: 0.713949469216168
Update Train Finetune Iter: 120 | Validation best acc: 50.00
Iter: 125 | Val Acc: 60.5 | Val Loss: 0.6846128054335714
Update Train Finetune Iter: 125 | Validation best acc: 60.50
Iter: 130 | Val Acc: 71.5 | Val Loss: 0.6625090422295034
Update Train Finetune Iter: 130 | Validation best acc: 71.50
Iter: 135 | Val Acc: 70.0 | Val Loss: 0.6467979698069394
Update Train Finetune Iter: 135 | Validation best acc: 70.00
Iter: 140 | Val Acc: 68.0 | Val Loss: 0.6359853902272881
Update Train Finetune Iter: 140 | Validation best acc: 68.00
Iter: 145 | Val Acc: 66.5 | Val Loss: 0.630670669414103
Iter: 150 | Val Acc: 64.5 | Val Loss: 0.6286436014436185
Iter: 155 | Val Acc: 65.5 | Val Loss: 0.6225529654696583
Update Train Finetune Iter: 155 | Validation best acc: 65.50
Iter: 160 | Val Acc: 65.0 | Val Loss: 0.6245612483192235
Iter: 165 | Val Acc: 64.5 | Val Loss: 0.6251004176679998
Iter: 170 | Val Acc: 62.5 | Val Loss: 0.6298834174359217
Iter: 175 | Val Acc: 62.0 | Val Loss: 0.6350155569892376
Iter: 180 | Val Acc: 64.0 | Val Loss: 0.6305424435436726
Iter: 185 | Val Acc: 64.0 | Val Loss: 0.6320220745634287
Iter: 190 | Val Acc: 66.0 | Val Loss: 0.6278983080503531
Iter: 195 | Val Acc: 67.0 | Val Loss: 0.6209293785667979
Iter: 200 | Val Acc: 67.0 | Val Loss: 0.6205075551848859
Iter: 205 | Val Acc: 66.0 | Val Loss: 0.6300634418660774
Iter: 0 | Val Acc: 50.0 | Val Loss: 1.8530448433780111
Update Train Finetune Iter: 0 | Validation best acc: 50.00
Iter: 5 | Val Acc: 50.0 | Val Loss: 1.7783763791806997
Update Train Finetune Iter: 5 | Validation best acc: 50.00
Iter: 10 | Val Acc: 50.0 | Val Loss: 1.7510392250679434
Update Train Finetune Iter: 10 | Validation best acc: 50.00
Iter: 15 | Val Acc: 50.0 | Val Loss: 1.7222158851940186
Update Train Finetune Iter: 15 | Validation best acc: 50.00
Iter: 20 | Val Acc: 50.0 | Val Loss: 1.688422443079762
Update Train Finetune Iter: 20 | Validation best acc: 50.00
Iter: 25 | Val Acc: 50.0 | Val Loss: 1.6553736877324992
Update Train Finetune Iter: 25 | Validation best acc: 50.00
Iter: 30 | Val Acc: 50.0 | Val Loss: 1.6239861435396596
Update Train Finetune Iter: 30 | Validation best acc: 50.00
Iter: 35 | Val Acc: 50.0 | Val Loss: 1.5936575575289316
Update Train Finetune Iter: 35 | Validation best acc: 50.00
Iter: 40 | Val Acc: 50.0 | Val Loss: 1.5602401759498752
Update Train Finetune Iter: 40 | Validation best acc: 50.00
Iter: 45 | Val Acc: 50.0 | Val Loss: 1.5203825634205714
Update Train Finetune Iter: 45 | Validation best acc: 50.00
Iter: 50 | Val Acc: 50.0 | Val Loss: 1.4732599837204907
Update Train Finetune Iter: 50 | Validation best acc: 50.00
Iter: 55 | Val Acc: 50.0 | Val Loss: 1.4265624275512527
Update Train Finetune Iter: 55 | Validation best acc: 50.00
Iter: 60 | Val Acc: 50.0 | Val Loss: 1.3767171599413268
Update Train Finetune Iter: 60 | Validation best acc: 50.00
Iter: 65 | Val Acc: 50.0 | Val Loss: 1.3198601492517628
Update Train Finetune Iter: 65 | Validation best acc: 50.00
Iter: 70 | Val Acc: 50.0 | Val Loss: 1.2583831790671685
Update Train Finetune Iter: 70 | Validation best acc: 50.00
Iter: 75 | Val Acc: 50.0 | Val Loss: 1.1975762851722538
Update Train Finetune Iter: 75 | Validation best acc: 50.00
Iter: 80 | Val Acc: 50.0 | Val Loss: 1.1382676837593317
Update Train Finetune Iter: 80 | Validation best acc: 50.00
Iter: 85 | Val Acc: 50.0 | Val Loss: 1.0825396914500742
Update Train Finetune Iter: 85 | Validation best acc: 50.00
Iter: 90 | Val Acc: 50.0 | Val Loss: 1.027166847223416
Update Train Finetune Iter: 90 | Validation best acc: 50.00
Iter: 95 | Val Acc: 50.0 | Val Loss: 0.9702751090284437
Update Train Finetune Iter: 95 | Validation best acc: 50.00
Iter: 100 | Val Acc: 50.0 | Val Loss: 0.9165465349331499
Update Train Finetune Iter: 100 | Validation best acc: 50.00
Iter: 105 | Val Acc: 50.0 | Val Loss: 0.8675682932510972
Update Train Finetune Iter: 105 | Validation best acc: 50.00
Iter: 110 | Val Acc: 50.0 | Val Loss: 0.822193357013166
Update Train Finetune Iter: 110 | Validation best acc: 50.00
Iter: 115 | Val Acc: 50.0 | Val Loss: 0.7793719807267189
Update Train Finetune Iter: 115 | Validation best acc: 50.00
Iter: 120 | Val Acc: 50.0 | Val Loss: 0.7412146131135523
Update Train Finetune Iter: 120 | Validation best acc: 50.00
Iter: 125 | Val Acc: 50.0 | Val Loss: 0.7106324878521264
Update Train Finetune Iter: 125 | Validation best acc: 50.00
Iter: 130 | Val Acc: 63.0 | Val Loss: 0.6865852106362581
Update Train Finetune Iter: 130 | Validation best acc: 63.00
Iter: 135 | Val Acc: 70.5 | Val Loss: 0.6677931314706802
Update Train Finetune Iter: 135 | Validation best acc: 70.50
Iter: 140 | Val Acc: 68.5 | Val Loss: 0.6513194421306252
Update Train Finetune Iter: 140 | Validation best acc: 68.50
Iter: 145 | Val Acc: 68.0 | Val Loss: 0.6394325096532703
Update Train Finetune Iter: 145 | Validation best acc: 68.00
Iter: 150 | Val Acc: 66.5 | Val Loss: 0.6312738798372447
Iter: 155 | Val Acc: 64.5 | Val Loss: 0.6274827777780593
Update Train Finetune Iter: 155 | Validation best acc: 64.50
Iter: 160 | Val Acc: 64.5 | Val Loss: 0.6251285605411977
Iter: 165 | Val Acc: 61.5 | Val Loss: 0.630686660874635
Iter: 170 | Val Acc: 60.5 | Val Loss: 0.6329648078698665
Iter: 175 | Val Acc: 62.5 | Val Loss: 0.6299539162777364
Iter: 180 | Val Acc: 65.5 | Val Loss: 0.6264724065270275
Iter: 185 | Val Acc: 66.0 | Val Loss: 0.6230360211571678
Iter: 190 | Val Acc: 66.0 | Val Loss: 0.6287442232714966
Iter: 195 | Val Acc: 62.0 | Val Loss: 0.6391155313048512
Iter: 200 | Val Acc: 63.0 | Val Loss: 0.6367355509381741
Iter: 205 | Val Acc: 66.5 | Val Loss: 0.62992728152778
Iter: 0 | Val Acc: 0.0 | Val Loss: 2.307321985960007
Update Train Finetune Iter: 0 | Validation best acc: 0.00
Iter: 5 | Val Acc: 3.0 | Val Loss: 2.2834226489067078
Update Train Finetune Iter: 5 | Validation best acc: 3.00
Iter: 10 | Val Acc: 29.0 | Val Loss: 2.2584077775478364
Update Train Finetune Iter: 10 | Validation best acc: 29.00
Iter: 15 | Val Acc: 46.5 | Val Loss: 2.230950278043747
Update Train Finetune Iter: 15 | Validation best acc: 46.50
Iter: 20 | Val Acc: 50.0 | Val Loss: 2.2001486015319824
Update Train Finetune Iter: 20 | Validation best acc: 50.00
Iter: 25 | Val Acc: 50.0 | Val Loss: 2.164748194217682
Update Train Finetune Iter: 25 | Validation best acc: 50.00
Iter: 30 | Val Acc: 50.0 | Val Loss: 2.1228056859970095
Update Train Finetune Iter: 30 | Validation best acc: 50.00
Iter: 35 | Val Acc: 50.0 | Val Loss: 2.0737355411052705
Update Train Finetune Iter: 35 | Validation best acc: 50.00
Iter: 40 | Val Acc: 50.0 | Val Loss: 2.0170464491844178
Update Train Finetune Iter: 40 | Validation best acc: 50.00
Iter: 45 | Val Acc: 50.0 | Val Loss: 1.9514114409685135
Update Train Finetune Iter: 45 | Validation best acc: 50.00
Iter: 50 | Val Acc: 50.0 | Val Loss: 1.8758089125156403
Update Train Finetune Iter: 50 | Validation best acc: 50.00
Iter: 55 | Val Acc: 50.0 | Val Loss: 1.7917362475395202
Update Train Finetune Iter: 55 | Validation best acc: 50.00
Iter: 60 | Val Acc: 50.0 | Val Loss: 1.7016597729921341
Update Train Finetune Iter: 60 | Validation best acc: 50.00
Iter: 65 | Val Acc: 53.5 | Val Loss: 1.6073069757223128
Update Train Finetune Iter: 65 | Validation best acc: 53.50
Iter: 70 | Val Acc: 58.5 | Val Loss: 1.5106720316410065
Update Train Finetune Iter: 70 | Validation best acc: 58.50
Iter: 75 | Val Acc: 62.0 | Val Loss: 1.4147438237071037
Update Train Finetune Iter: 75 | Validation best acc: 62.00
Iter: 80 | Val Acc: 64.5 | Val Loss: 1.3228111484646796
Update Train Finetune Iter: 80 | Validation best acc: 64.50
Iter: 85 | Val Acc: 65.0 | Val Loss: 1.2372957640886306
Update Train Finetune Iter: 85 | Validation best acc: 65.00
Iter: 90 | Val Acc: 66.0 | Val Loss: 1.1599875265359878
Update Train Finetune Iter: 90 | Validation best acc: 66.00
Iter: 95 | Val Acc: 61.5 | Val Loss: 1.091688627898693
Update Train Finetune Iter: 95 | Validation best acc: 61.50
Iter: 100 | Val Acc: 58.0 | Val Loss: 1.0333898288011552
Update Train Finetune Iter: 100 | Validation best acc: 58.00
Iter: 105 | Val Acc: 52.5 | Val Loss: 0.9838556066155434
Update Train Finetune Iter: 105 | Validation best acc: 52.50
Iter: 110 | Val Acc: 51.5 | Val Loss: 0.9424056270718575
Update Train Finetune Iter: 110 | Validation best acc: 51.50
Iter: 115 | Val Acc: 50.5 | Val Loss: 0.9074807584285736
Update Train Finetune Iter: 115 | Validation best acc: 50.50
Iter: 120 | Val Acc: 50.0 | Val Loss: 0.8780226162075997
Update Train Finetune Iter: 120 | Validation best acc: 50.00
Iter: 125 | Val Acc: 50.5 | Val Loss: 0.8531565228104592
Update Train Finetune Iter: 125 | Validation best acc: 50.50
Iter: 130 | Val Acc: 50.5 | Val Loss: 0.8324409404397011
Update Train Finetune Iter: 130 | Validation best acc: 50.50
Iter: 135 | Val Acc: 50.5 | Val Loss: 0.8146487066149711
Update Train Finetune Iter: 135 | Validation best acc: 50.50
Iter: 140 | Val Acc: 50.5 | Val Loss: 0.7990672907233238
Update Train Finetune Iter: 140 | Validation best acc: 50.50
Iter: 145 | Val Acc: 52.5 | Val Loss: 0.7855338409543038
Update Train Finetune Iter: 145 | Validation best acc: 52.50
Iter: 150 | Val Acc: 53.0 | Val Loss: 0.7738150817155838
Update Train Finetune Iter: 150 | Validation best acc: 53.00
Iter: 155 | Val Acc: 51.5 | Val Loss: 0.7635854360461235
Update Train Finetune Iter: 155 | Validation best acc: 51.50
Iter: 160 | Val Acc: 53.0 | Val Loss: 0.7542487213015556
Iter: 165 | Val Acc: 56.5 | Val Loss: 0.7457600945234298
Update Train Finetune Iter: 165 | Validation best acc: 56.50
Iter: 170 | Val Acc: 57.5 | Val Loss: 0.7382261645793915
Iter: 175 | Val Acc: 57.0 | Val Loss: 0.7315202622115612
Update Train Finetune Iter: 175 | Validation best acc: 57.00
Iter: 180 | Val Acc: 57.5 | Val Loss: 0.7253977413475513
Iter: 185 | Val Acc: 57.5 | Val Loss: 0.7196868254244327
Update Train Finetune Iter: 185 | Validation best acc: 57.50
Iter: 190 | Val Acc: 60.0 | Val Loss: 0.7140650486946106
Iter: 195 | Val Acc: 60.0 | Val Loss: 0.7089973981678486
Update Train Finetune Iter: 195 | Validation best acc: 60.00
Iter: 200 | Val Acc: 61.5 | Val Loss: 0.7040565860271454
Iter: 205 | Val Acc: 62.5 | Val Loss: 0.6993103756010532
Iter: 210 | Val Acc: 63.5 | Val Loss: 0.6945952875912189
Update Train Finetune Iter: 210 | Validation best acc: 63.50
Iter: 215 | Val Acc: 62.5 | Val Loss: 0.6906140622496605
Iter: 220 | Val Acc: 64.5 | Val Loss: 0.6864374722540378
Iter: 225 | Val Acc: 65.5 | Val Loss: 0.6823364758491516
Update Train Finetune Iter: 225 | Validation best acc: 65.50
Iter: 230 | Val Acc: 66.5 | Val Loss: 0.6778355133533478
Iter: 235 | Val Acc: 66.0 | Val Loss: 0.6732315362989902
Iter: 240 | Val Acc: 66.5 | Val Loss: 0.6690397274494171
Update Train Finetune Iter: 240 | Validation best acc: 66.50
Iter: 245 | Val Acc: 67.5 | Val Loss: 0.6647972337901592
Iter: 250 | Val Acc: 67.0 | Val Loss: 0.6612656822800637
Iter: 255 | Val Acc: 67.5 | Val Loss: 0.6574150870740414
Update Train Finetune Iter: 255 | Validation best acc: 67.50
Iter: 260 | Val Acc: 67.5 | Val Loss: 0.6536053001880646
Iter: 265 | Val Acc: 67.5 | Val Loss: 0.6498123775422573
Iter: 270 | Val Acc: 67.5 | Val Loss: 0.6465546798706054
Update Train Finetune Iter: 270 | Validation best acc: 67.50
Iter: 275 | Val Acc: 67.5 | Val Loss: 0.6432249885797501
Iter: 280 | Val Acc: 69.0 | Val Loss: 0.6389379554241895
Iter: 285 | Val Acc: 70.0 | Val Loss: 0.6346914542466402
Update Train Finetune Iter: 285 | Validation best acc: 70.00
Iter: 290 | Val Acc: 68.5 | Val Loss: 0.6305520335584879
Iter: 295 | Val Acc: 70.5 | Val Loss: 0.6271691410988569
Iter: 300 | Val Acc: 70.0 | Val Loss: 0.6235914908349514
Update Train Finetune Iter: 300 | Validation best acc: 70.00
Iter: 305 | Val Acc: 70.0 | Val Loss: 0.6201464965939522
Iter: 310 | Val Acc: 69.0 | Val Loss: 0.6171603796631098
Iter: 315 | Val Acc: 70.0 | Val Loss: 0.6148872348666191
Iter: 320 | Val Acc: 69.5 | Val Loss: 0.6124069472402334
Update Train Finetune Iter: 320 | Validation best acc: 69.50
Iter: 325 | Val Acc: 70.0 | Val Loss: 0.6101488592103124
Iter: 330 | Val Acc: 69.0 | Val Loss: 0.6075496586039663
Iter: 335 | Val Acc: 69.0 | Val Loss: 0.6045293375104666
Iter: 340 | Val Acc: 69.0 | Val Loss: 0.6024245725199581
Iter: 345 | Val Acc: 69.0 | Val Loss: 0.6009596590697766
Update Train Finetune Iter: 345 | Validation best acc: 69.00
Iter: 350 | Val Acc: 69.0 | Val Loss: 0.5993098565191031
Iter: 355 | Val Acc: 69.0 | Val Loss: 0.5968645138666033
Iter: 360 | Val Acc: 69.5 | Val Loss: 0.5953128173202277
Iter: 365 | Val Acc: 69.0 | Val Loss: 0.5938157701119781
Iter: 370 | Val Acc: 69.0 | Val Loss: 0.5924949575215578
Iter: 375 | Val Acc: 70.0 | Val Loss: 0.5914965319260955
Iter: 380 | Val Acc: 69.5 | Val Loss: 0.5904153609462083
Update Train Finetune Iter: 380 | Validation best acc: 69.50
Iter: 385 | Val Acc: 69.5 | Val Loss: 0.5891019371524453
Iter: 390 | Val Acc: 69.5 | Val Loss: 0.588633299972862
Iter: 395 | Val Acc: 69.0 | Val Loss: 0.5884284422732889
Iter: 400 | Val Acc: 69.5 | Val Loss: 0.5869591969624162
Iter: 405 | Val Acc: 68.5 | Val Loss: 0.5855954044498504
Iter: 410 | Val Acc: 69.0 | Val Loss: 0.5849217450991273
Iter: 415 | Val Acc: 68.0 | Val Loss: 0.5845130879990756
Iter: 420 | Val Acc: 69.0 | Val Loss: 0.5841532821394503
Iter: 425 | Val Acc: 68.0 | Val Loss: 0.5835553973726928
Iter: 430 | Val Acc: 68.0 | Val Loss: 0.5830343620479107
Iter: 0 | Val Acc: 50.0 | Val Loss: 1.578137767930748
Update Train Finetune Iter: 0 | Validation best acc: 50.00
Iter: 5 | Val Acc: 50.0 | Val Loss: 1.5543637965806556
Update Train Finetune Iter: 5 | Validation best acc: 50.00
Iter: 10 | Val Acc: 50.0 | Val Loss: 1.5267917448777735
Update Train Finetune Iter: 10 | Validation best acc: 50.00
Iter: 15 | Val Acc: 50.0 | Val Loss: 1.5061264623323223
Update Train Finetune Iter: 15 | Validation best acc: 50.00
Iter: 20 | Val Acc: 50.0 | Val Loss: 1.4829674116295792
Update Train Finetune Iter: 20 | Validation best acc: 50.00
Iter: 25 | Val Acc: 50.0 | Val Loss: 1.459068706845792
Update Train Finetune Iter: 25 | Validation best acc: 50.00
Iter: 30 | Val Acc: 50.0 | Val Loss: 1.4320201122135767
Update Train Finetune Iter: 30 | Validation best acc: 50.00
Iter: 35 | Val Acc: 50.0 | Val Loss: 1.402894343571752
Update Train Finetune Iter: 35 | Validation best acc: 50.00
Iter: 40 | Val Acc: 50.0 | Val Loss: 1.3767585210111428
Update Train Finetune Iter: 40 | Validation best acc: 50.00
Iter: 45 | Val Acc: 50.0 | Val Loss: 1.3434342179111263
Update Train Finetune Iter: 45 | Validation best acc: 50.00
Iter: 50 | Val Acc: 50.0 | Val Loss: 1.3054140005075896
Update Train Finetune Iter: 50 | Validation best acc: 50.00
Iter: 55 | Val Acc: 50.0 | Val Loss: 1.266914099954447
Update Train Finetune Iter: 55 | Validation best acc: 50.00
Iter: 60 | Val Acc: 50.0 | Val Loss: 1.2244362609526434
Update Train Finetune Iter: 60 | Validation best acc: 50.00
Iter: 65 | Val Acc: 50.0 | Val Loss: 1.1737389389419695
Update Train Finetune Iter: 65 | Validation best acc: 50.00
Iter: 70 | Val Acc: 50.0 | Val Loss: 1.120793431532511
Update Train Finetune Iter: 70 | Validation best acc: 50.00
Iter: 75 | Val Acc: 50.0 | Val Loss: 1.0650100717373425
Update Train Finetune Iter: 75 | Validation best acc: 50.00
Iter: 80 | Val Acc: 50.0 | Val Loss: 1.00364936303813
Update Train Finetune Iter: 80 | Validation best acc: 50.00
Iter: 85 | Val Acc: 50.0 | Val Loss: 0.9412936350435485
Update Train Finetune Iter: 85 | Validation best acc: 50.00
Iter: 90 | Val Acc: 50.0 | Val Loss: 0.8771953731356189
Update Train Finetune Iter: 90 | Validation best acc: 50.00
Iter: 95 | Val Acc: 51.0 | Val Loss: 0.8173873556288891
Update Train Finetune Iter: 95 | Validation best acc: 51.00
Iter: 100 | Val Acc: 65.0 | Val Loss: 0.763212182209827
Update Train Finetune Iter: 100 | Validation best acc: 65.00
Iter: 105 | Val Acc: 73.0 | Val Loss: 0.7158794763451443
Update Train Finetune Iter: 105 | Validation best acc: 73.00
Iter: 110 | Val Acc: 73.0 | Val Loss: 0.6778355840686708
Update Train Finetune Iter: 110 | Validation best acc: 73.00
Iter: 115 | Val Acc: 72.0 | Val Loss: 0.6522174878697843
Update Train Finetune Iter: 115 | Validation best acc: 72.00
Iter: 120 | Val Acc: 74.5 | Val Loss: 0.6299174870364368
Update Train Finetune Iter: 120 | Validation best acc: 74.50
Iter: 125 | Val Acc: 74.0 | Val Loss: 0.6147423513513058
Update Train Finetune Iter: 125 | Validation best acc: 74.00
Iter: 130 | Val Acc: 73.5 | Val Loss: 0.607155668339692
Iter: 135 | Val Acc: 73.0 | Val Loss: 0.5959363243135158
Update Train Finetune Iter: 135 | Validation best acc: 73.00
Iter: 140 | Val Acc: 73.0 | Val Loss: 0.5936792068637442
Iter: 145 | Val Acc: 73.0 | Val Loss: 0.5922334038489498
Iter: 150 | Val Acc: 72.5 | Val Loss: 0.5886942341021495
Iter: 155 | Val Acc: 73.5 | Val Loss: 0.5853521216605441
Update Train Finetune Iter: 155 | Validation best acc: 73.50
Iter: 160 | Val Acc: 73.5 | Val Loss: 0.5863453804446909
Iter: 165 | Val Acc: 73.0 | Val Loss: 0.584187730478443
Iter: 170 | Val Acc: 73.0 | Val Loss: 0.583499584608071
Iter: 175 | Val Acc: 74.5 | Val Loss: 0.5896501828316832
Iter: 180 | Val Acc: 73.5 | Val Loss: 0.5888272783502907
Iter: 185 | Val Acc: 74.5 | Val Loss: 0.5977874411510129
Iter: 190 | Val Acc: 74.0 | Val Loss: 0.5987815077995947
Iter: 195 | Val Acc: 74.5 | Val Loss: 0.6003703561072506
Iter: 200 | Val Acc: 74.0 | Val Loss: 0.5941199542997492
Iter: 205 | Val Acc: 77.5 | Val Loss: 0.589080844303262
Iter: 0 | Val Acc: 50.0 | Val Loss: 1.5800569759952487
Update Train Finetune Iter: 0 | Validation best acc: 50.00
Iter: 5 | Val Acc: 50.0 | Val Loss: 1.5593365241731225
Update Train Finetune Iter: 5 | Validation best acc: 50.00
Iter: 10 | Val Acc: 50.0 | Val Loss: 1.5354208892382304
Update Train Finetune Iter: 10 | Validation best acc: 50.00
Iter: 15 | Val Acc: 50.0 | Val Loss: 1.5149567838799702
Update Train Finetune Iter: 15 | Validation best acc: 50.00
Iter: 20 | Val Acc: 50.0 | Val Loss: 1.4902054964895797
Update Train Finetune Iter: 20 | Validation best acc: 50.00
Iter: 25 | Val Acc: 50.0 | Val Loss: 1.4621255320353521
Update Train Finetune Iter: 25 | Validation best acc: 50.00
Iter: 30 | Val Acc: 50.0 | Val Loss: 1.4348978422414802
Update Train Finetune Iter: 30 | Validation best acc: 50.00
Iter: 35 | Val Acc: 50.0 | Val Loss: 1.4085855392358644
Update Train Finetune Iter: 35 | Validation best acc: 50.00
Iter: 40 | Val Acc: 50.0 | Val Loss: 1.3781920763031668
Update Train Finetune Iter: 40 | Validation best acc: 50.00
Iter: 45 | Val Acc: 50.0 | Val Loss: 1.3446709102959722
Update Train Finetune Iter: 45 | Validation best acc: 50.00
Iter: 50 | Val Acc: 50.0 | Val Loss: 1.3077931326813996
Update Train Finetune Iter: 50 | Validation best acc: 50.00
Iter: 55 | Val Acc: 50.0 | Val Loss: 1.2697505479323445
Update Train Finetune Iter: 55 | Validation best acc: 50.00
Iter: 60 | Val Acc: 50.0 | Val Loss: 1.2292492702641176
Update Train Finetune Iter: 60 | Validation best acc: 50.00
Iter: 65 | Val Acc: 50.0 | Val Loss: 1.1815703857838527
Update Train Finetune Iter: 65 | Validation best acc: 50.00
Iter: 70 | Val Acc: 50.0 | Val Loss: 1.1252738474079524
Update Train Finetune Iter: 70 | Validation best acc: 50.00
Iter: 75 | Val Acc: 50.0 | Val Loss: 1.0685575556615368
Update Train Finetune Iter: 75 | Validation best acc: 50.00
Iter: 80 | Val Acc: 50.0 | Val Loss: 1.0085142708558124
Update Train Finetune Iter: 80 | Validation best acc: 50.00
Iter: 85 | Val Acc: 50.0 | Val Loss: 0.9464429189090151
Update Train Finetune Iter: 85 | Validation best acc: 50.00
Iter: 90 | Val Acc: 50.0 | Val Loss: 0.8844023840967565
Update Train Finetune Iter: 90 | Validation best acc: 50.00
Iter: 95 | Val Acc: 49.5 | Val Loss: 0.8233989925868809
Update Train Finetune Iter: 95 | Validation best acc: 49.50
Iter: 100 | Val Acc: 61.0 | Val Loss: 0.7683850934915245
Update Train Finetune Iter: 100 | Validation best acc: 61.00
Iter: 105 | Val Acc: 73.5 | Val Loss: 0.7232319809449836
Update Train Finetune Iter: 105 | Validation best acc: 73.50
Iter: 110 | Val Acc: 72.0 | Val Loss: 0.687888720734045
Update Train Finetune Iter: 110 | Validation best acc: 72.00
Iter: 115 | Val Acc: 71.5 | Val Loss: 0.6604085405683144
Update Train Finetune Iter: 115 | Validation best acc: 71.50
Iter: 120 | Val Acc: 74.0 | Val Loss: 0.63950190378353
Update Train Finetune Iter: 120 | Validation best acc: 74.00
Iter: 125 | Val Acc: 74.0 | Val Loss: 0.6192199929384514
Update Train Finetune Iter: 125 | Validation best acc: 74.00
Iter: 130 | Val Acc: 73.5 | Val Loss: 0.6077627617050894
Update Train Finetune Iter: 130 | Validation best acc: 73.50
Iter: 135 | Val Acc: 74.5 | Val Loss: 0.5986396911251358
Iter: 140 | Val Acc: 73.5 | Val Loss: 0.6008430778782349
Iter: 145 | Val Acc: 72.5 | Val Loss: 0.6001566846237983
Iter: 150 | Val Acc: 74.0 | Val Loss: 0.5902647042748868
Update Train Finetune Iter: 150 | Validation best acc: 74.00
Iter: 155 | Val Acc: 73.5 | Val Loss: 0.5879909302358283
Iter: 160 | Val Acc: 73.0 | Val Loss: 0.5927840209682472
Iter: 165 | Val Acc: 73.5 | Val Loss: 0.5883162992224971
Iter: 170 | Val Acc: 73.0 | Val Loss: 0.5848706900393882
Iter: 175 | Val Acc: 72.5 | Val Loss: 0.5849994487908406
Iter: 180 | Val Acc: 73.0 | Val Loss: 0.5897911722811113
Iter: 185 | Val Acc: 75.0 | Val Loss: 0.5911737306763826
Iter: 190 | Val Acc: 73.5 | Val Loss: 0.5950636618665157
Iter: 195 | Val Acc: 75.5 | Val Loss: 0.5928622698281106
Iter: 200 | Val Acc: 74.0 | Val Loss: 0.6013038936789417
Iter: 0 | Val Acc: 0.0 | Val Loss: 2.3787478578090666
Update Train Finetune Iter: 0 | Validation best acc: 0.00
Iter: 5 | Val Acc: 0.0 | Val Loss: 2.3558553576469423
Update Train Finetune Iter: 5 | Validation best acc: 0.00
Iter: 10 | Val Acc: 0.0 | Val Loss: 2.3333103537559508
Update Train Finetune Iter: 10 | Validation best acc: 0.00
Iter: 15 | Val Acc: 4.5 | Val Loss: 2.309453786611557
Update Train Finetune Iter: 15 | Validation best acc: 4.50
Iter: 20 | Val Acc: 22.0 | Val Loss: 2.282859754562378
Update Train Finetune Iter: 20 | Validation best acc: 22.00
Iter: 25 | Val Acc: 40.0 | Val Loss: 2.251595124602318
Update Train Finetune Iter: 25 | Validation best acc: 40.00
Iter: 30 | Val Acc: 45.0 | Val Loss: 2.2147483295202255
Update Train Finetune Iter: 30 | Validation best acc: 45.00
Iter: 35 | Val Acc: 48.5 | Val Loss: 2.172170634865761
Update Train Finetune Iter: 35 | Validation best acc: 48.50
Iter: 40 | Val Acc: 49.5 | Val Loss: 2.1228625386953355
Update Train Finetune Iter: 40 | Validation best acc: 49.50
Iter: 45 | Val Acc: 50.0 | Val Loss: 2.0672965425252916
Update Train Finetune Iter: 45 | Validation best acc: 50.00
Iter: 50 | Val Acc: 50.0 | Val Loss: 2.0047385293245314
Update Train Finetune Iter: 50 | Validation best acc: 50.00
Iter: 55 | Val Acc: 50.0 | Val Loss: 1.9343810909986496
Update Train Finetune Iter: 55 | Validation best acc: 50.00
Iter: 60 | Val Acc: 50.0 | Val Loss: 1.8587249368429184
Update Train Finetune Iter: 60 | Validation best acc: 50.00
Iter: 65 | Val Acc: 50.0 | Val Loss: 1.7788887679576875
Update Train Finetune Iter: 65 | Validation best acc: 50.00
Iter: 70 | Val Acc: 50.0 | Val Loss: 1.6961461681127548
Update Train Finetune Iter: 70 | Validation best acc: 50.00
Iter: 75 | Val Acc: 50.0 | Val Loss: 1.6118087846040725
Update Train Finetune Iter: 75 | Validation best acc: 50.00
Iter: 80 | Val Acc: 50.0 | Val Loss: 1.5286641450226306
Update Train Finetune Iter: 80 | Validation best acc: 50.00
Iter: 85 | Val Acc: 50.0 | Val Loss: 1.4487600696086884
Update Train Finetune Iter: 85 | Validation best acc: 50.00
Iter: 90 | Val Acc: 50.0 | Val Loss: 1.3733269034326077
Update Train Finetune Iter: 90 | Validation best acc: 50.00
Iter: 95 | Val Acc: 50.0 | Val Loss: 1.3032588584721088
Update Train Finetune Iter: 95 | Validation best acc: 50.00
Iter: 100 | Val Acc: 50.0 | Val Loss: 1.2385169542580843
Update Train Finetune Iter: 100 | Validation best acc: 50.00
Iter: 105 | Val Acc: 50.0 | Val Loss: 1.1794025406986475
Update Train Finetune Iter: 105 | Validation best acc: 50.00
Iter: 110 | Val Acc: 50.0 | Val Loss: 1.126498585641384
Update Train Finetune Iter: 110 | Validation best acc: 50.00
Iter: 115 | Val Acc: 50.0 | Val Loss: 1.0788632394373416
Update Train Finetune Iter: 115 | Validation best acc: 50.00
Iter: 120 | Val Acc: 50.0 | Val Loss: 1.0363958667963744
Update Train Finetune Iter: 120 | Validation best acc: 50.00
Iter: 125 | Val Acc: 50.0 | Val Loss: 0.9985248708724975
Update Train Finetune Iter: 125 | Validation best acc: 50.00
Iter: 130 | Val Acc: 50.0 | Val Loss: 0.9650255477428437
Update Train Finetune Iter: 130 | Validation best acc: 50.00
Iter: 135 | Val Acc: 50.0 | Val Loss: 0.9351202621310949
Update Train Finetune Iter: 135 | Validation best acc: 50.00
Iter: 140 | Val Acc: 51.5 | Val Loss: 0.9079837682843208
Update Train Finetune Iter: 140 | Validation best acc: 51.50
Iter: 145 | Val Acc: 54.0 | Val Loss: 0.8829719967395068
Update Train Finetune Iter: 145 | Validation best acc: 54.00
Iter: 150 | Val Acc: 56.0 | Val Loss: 0.8603951569646597
Update Train Finetune Iter: 150 | Validation best acc: 56.00
Iter: 155 | Val Acc: 58.5 | Val Loss: 0.8397002905607224
Update Train Finetune Iter: 155 | Validation best acc: 58.50
Iter: 160 | Val Acc: 61.0 | Val Loss: 0.8213158014416695
Update Train Finetune Iter: 160 | Validation best acc: 61.00
Iter: 165 | Val Acc: 61.5 | Val Loss: 0.8048678253963589
Update Train Finetune Iter: 165 | Validation best acc: 61.50
Iter: 170 | Val Acc: 63.5 | Val Loss: 0.7894587194919587
Update Train Finetune Iter: 170 | Validation best acc: 63.50
Iter: 175 | Val Acc: 67.0 | Val Loss: 0.7744506699964404
Update Train Finetune Iter: 175 | Validation best acc: 67.00
Iter: 180 | Val Acc: 69.0 | Val Loss: 0.7608122212067246
Update Train Finetune Iter: 180 | Validation best acc: 69.00
Iter: 185 | Val Acc: 70.0 | Val Loss: 0.7481789833307266
Update Train Finetune Iter: 185 | Validation best acc: 70.00
Iter: 190 | Val Acc: 71.0 | Val Loss: 0.7361952768266201
Update Train Finetune Iter: 190 | Validation best acc: 71.00
Iter: 195 | Val Acc: 72.0 | Val Loss: 0.7252532981708646
Update Train Finetune Iter: 195 | Validation best acc: 72.00
Iter: 200 | Val Acc: 73.5 | Val Loss: 0.7148603075742721
Update Train Finetune Iter: 200 | Validation best acc: 73.50
Iter: 205 | Val Acc: 75.5 | Val Loss: 0.704952290803194
Iter: 210 | Val Acc: 75.0 | Val Loss: 0.6957842520624399
Update Train Finetune Iter: 210 | Validation best acc: 75.00
Iter: 215 | Val Acc: 75.5 | Val Loss: 0.6869774670153856
Iter: 220 | Val Acc: 76.0 | Val Loss: 0.6784032500162721
Update Train Finetune Iter: 220 | Validation best acc: 76.00
Iter: 225 | Val Acc: 76.5 | Val Loss: 0.6699147923663259
Iter: 230 | Val Acc: 76.5 | Val Loss: 0.6622190039791167
Update Train Finetune Iter: 230 | Validation best acc: 76.50
Iter: 235 | Val Acc: 78.0 | Val Loss: 0.6543904894031585
Iter: 240 | Val Acc: 78.0 | Val Loss: 0.6462337497621775
Update Train Finetune Iter: 240 | Validation best acc: 78.00
Iter: 245 | Val Acc: 77.5 | Val Loss: 0.6388049979135394
Iter: 250 | Val Acc: 78.0 | Val Loss: 0.631823410037905
Update Train Finetune Iter: 250 | Validation best acc: 78.00
Iter: 255 | Val Acc: 78.0 | Val Loss: 0.6252459893561899
Iter: 260 | Val Acc: 78.5 | Val Loss: 0.6187001545727253
Update Train Finetune Iter: 260 | Validation best acc: 78.50
Iter: 265 | Val Acc: 78.5 | Val Loss: 0.613532877638936
Iter: 270 | Val Acc: 78.5 | Val Loss: 0.6076716145128012
Update Train Finetune Iter: 270 | Validation best acc: 78.50
Iter: 275 | Val Acc: 77.5 | Val Loss: 0.6014186529628932
Iter: 280 | Val Acc: 77.5 | Val Loss: 0.5960135155916214
Update Train Finetune Iter: 280 | Validation best acc: 77.50
Iter: 285 | Val Acc: 77.0 | Val Loss: 0.5914265703503042
Iter: 290 | Val Acc: 78.0 | Val Loss: 0.5876355147268623
Iter: 295 | Val Acc: 77.5 | Val Loss: 0.5844672080408782
Update Train Finetune Iter: 295 | Validation best acc: 77.50
Iter: 300 | Val Acc: 77.5 | Val Loss: 0.579948744084686
Iter: 305 | Val Acc: 76.0 | Val Loss: 0.5755506390705705
Iter: 310 | Val Acc: 75.0 | Val Loss: 0.5720828515850007
Update Train Finetune Iter: 310 | Validation best acc: 75.00
Iter: 315 | Val Acc: 75.5 | Val Loss: 0.5692799195228144
Iter: 320 | Val Acc: 75.0 | Val Loss: 0.566192455268465
Iter: 325 | Val Acc: 75.5 | Val Loss: 0.5639804122596979
Iter: 330 | Val Acc: 75.0 | Val Loss: 0.5617633817438036
Update Train Finetune Iter: 330 | Validation best acc: 75.00
Iter: 335 | Val Acc: 75.0 | Val Loss: 0.5600709896255285
Iter: 340 | Val Acc: 75.5 | Val Loss: 0.5584581351815723
Iter: 345 | Val Acc: 75.5 | Val Loss: 0.5573178576095961
Iter: 350 | Val Acc: 75.5 | Val Loss: 0.5564442745526321
Iter: 355 | Val Acc: 75.5 | Val Loss: 0.5551116584124975
Iter: 360 | Val Acc: 75.5 | Val Loss: 0.5548642735136673
Iter: 365 | Val Acc: 75.5 | Val Loss: 0.5550772783113643
Iter: 370 | Val Acc: 75.0 | Val Loss: 0.5551169792248402
Iter: 375 | Val Acc: 76.0 | Val Loss: 0.554251833363669
Iter: 380 | Val Acc: 75.5 | Val Loss: 0.5535015116864815
Iter: 0 | Val Acc: 50.0 | Val Loss: 1.4811578797397669
Update Train Finetune Iter: 0 | Validation best acc: 50.00
Iter: 5 | Val Acc: 50.0 | Val Loss: 1.466695195561624
Update Train Finetune Iter: 5 | Validation best acc: 50.00
Iter: 10 | Val Acc: 50.0 | Val Loss: 1.4512025592155988
Update Train Finetune Iter: 10 | Validation best acc: 50.00
Iter: 15 | Val Acc: 50.0 | Val Loss: 1.4363148952656775
Update Train Finetune Iter: 15 | Validation best acc: 50.00
Iter: 20 | Val Acc: 50.0 | Val Loss: 1.4213185984591836
Update Train Finetune Iter: 20 | Validation best acc: 50.00
Iter: 25 | Val Acc: 50.0 | Val Loss: 1.4052965991500241
Update Train Finetune Iter: 25 | Validation best acc: 50.00
Iter: 30 | Val Acc: 50.0 | Val Loss: 1.3912188717180107
Update Train Finetune Iter: 30 | Validation best acc: 50.00
Iter: 35 | Val Acc: 50.0 | Val Loss: 1.3778645677419263
Update Train Finetune Iter: 35 | Validation best acc: 50.00
Iter: 40 | Val Acc: 50.0 | Val Loss: 1.3575050286855548
Update Train Finetune Iter: 40 | Validation best acc: 50.00
Iter: 45 | Val Acc: 50.0 | Val Loss: 1.3379679695345112
Update Train Finetune Iter: 45 | Validation best acc: 50.00
Iter: 50 | Val Acc: 50.0 | Val Loss: 1.3195415284050978
Update Train Finetune Iter: 50 | Validation best acc: 50.00
Iter: 55 | Val Acc: 50.0 | Val Loss: 1.298115094708919
Update Train Finetune Iter: 55 | Validation best acc: 50.00
Iter: 60 | Val Acc: 50.0 | Val Loss: 1.2744596980216738
Update Train Finetune Iter: 60 | Validation best acc: 50.00
Iter: 65 | Val Acc: 50.0 | Val Loss: 1.2486072907043855
Update Train Finetune Iter: 65 | Validation best acc: 50.00
Iter: 70 | Val Acc: 50.0 | Val Loss: 1.220792741914338
Update Train Finetune Iter: 70 | Validation best acc: 50.00
Iter: 75 | Val Acc: 50.0 | Val Loss: 1.187252505030483
Update Train Finetune Iter: 75 | Validation best acc: 50.00
Iter: 80 | Val Acc: 50.0 | Val Loss: 1.1503804830339504
Update Train Finetune Iter: 80 | Validation best acc: 50.00
Iter: 85 | Val Acc: 50.0 | Val Loss: 1.1144012738083255
Update Train Finetune Iter: 85 | Validation best acc: 50.00
Iter: 90 | Val Acc: 50.0 | Val Loss: 1.0728432255063671
Update Train Finetune Iter: 90 | Validation best acc: 50.00
Iter: 95 | Val Acc: 50.0 | Val Loss: 1.027770951197017
Update Train Finetune Iter: 95 | Validation best acc: 50.00
Iter: 100 | Val Acc: 50.0 | Val Loss: 0.9836436751880683
Update Train Finetune Iter: 100 | Validation best acc: 50.00
Iter: 105 | Val Acc: 50.0 | Val Loss: 0.9357862059911713
Update Train Finetune Iter: 105 | Validation best acc: 50.00
Iter: 110 | Val Acc: 50.0 | Val Loss: 0.8860057038953528
Update Train Finetune Iter: 110 | Validation best acc: 50.00
Iter: 115 | Val Acc: 49.5 | Val Loss: 0.8452465349715204
Update Train Finetune Iter: 115 | Validation best acc: 49.50
Iter: 120 | Val Acc: 55.0 | Val Loss: 0.8029028359614313
Update Train Finetune Iter: 120 | Validation best acc: 55.00
Iter: 125 | Val Acc: 70.0 | Val Loss: 0.7671662751026451
Update Train Finetune Iter: 125 | Validation best acc: 70.00
Iter: 130 | Val Acc: 79.0 | Val Loss: 0.7304965631663799
Update Train Finetune Iter: 130 | Validation best acc: 79.00
Iter: 135 | Val Acc: 79.5 | Val Loss: 0.6951758381351829
Update Train Finetune Iter: 135 | Validation best acc: 79.50
Iter: 140 | Val Acc: 82.0 | Val Loss: 0.6754428512603045
Update Train Finetune Iter: 140 | Validation best acc: 82.00
Iter: 145 | Val Acc: 79.5 | Val Loss: 0.6585935762152075
Update Train Finetune Iter: 145 | Validation best acc: 79.50
Iter: 150 | Val Acc: 76.0 | Val Loss: 0.6390473564341664
Update Train Finetune Iter: 150 | Validation best acc: 76.00
Iter: 155 | Val Acc: 76.5 | Val Loss: 0.6144733311422169
Update Train Finetune Iter: 155 | Validation best acc: 76.50
Iter: 160 | Val Acc: 75.5 | Val Loss: 0.6024030985310673
Update Train Finetune Iter: 160 | Validation best acc: 75.50
Iter: 165 | Val Acc: 74.0 | Val Loss: 0.5919332392979413
Update Train Finetune Iter: 165 | Validation best acc: 74.00
Iter: 170 | Val Acc: 77.0 | Val Loss: 0.5653146707825363
Update Train Finetune Iter: 170 | Validation best acc: 77.00
Iter: 175 | Val Acc: 76.5 | Val Loss: 0.5540495760459453
Update Train Finetune Iter: 175 | Validation best acc: 76.50
Iter: 180 | Val Acc: 78.0 | Val Loss: 0.5256015338376164
Update Train Finetune Iter: 180 | Validation best acc: 78.00
Iter: 185 | Val Acc: 76.5 | Val Loss: 0.5335973754292354
Iter: 190 | Val Acc: 77.5 | Val Loss: 0.527701598489657
Iter: 195 | Val Acc: 78.0 | Val Loss: 0.5149203330031014
Update Train Finetune Iter: 195 | Validation best acc: 78.00
Iter: 200 | Val Acc: 79.0 | Val Loss: 0.5070572923350847
Iter: 205 | Val Acc: 76.5 | Val Loss: 0.5433668748277705
Iter: 210 | Val Acc: 79.0 | Val Loss: 0.5085432222626696
Iter: 215 | Val Acc: 80.5 | Val Loss: 0.46338699494026514
Update Train Finetune Iter: 215 | Validation best acc: 80.50
Iter: 220 | Val Acc: 78.0 | Val Loss: 0.516558766642047
Iter: 225 | Val Acc: 79.5 | Val Loss: 0.4827598068443695
Iter: 230 | Val Acc: 80.0 | Val Loss: 0.4650788871175064
Iter: 235 | Val Acc: 79.0 | Val Loss: 0.49574690633642604
Iter: 240 | Val Acc: 79.5 | Val Loss: 0.47534125152064005
Iter: 245 | Val Acc: 82.0 | Val Loss: 0.45158351811183367
Update Train Finetune Iter: 245 | Validation best acc: 82.00
Iter: 250 | Val Acc: 79.5 | Val Loss: 0.4899469533658703
Iter: 255 | Val Acc: 79.5 | Val Loss: 0.5011158882207019
Iter: 260 | Val Acc: 83.0 | Val Loss: 0.44954604990274677
Iter: 265 | Val Acc: 81.0 | Val Loss: 0.46704620950657955
Iter: 270 | Val Acc: 80.0 | Val Loss: 0.49167430144674656
Iter: 275 | Val Acc: 81.0 | Val Loss: 0.4752419522341916
Iter: 280 | Val Acc: 81.5 | Val Loss: 0.4637194201472903
Iter: 285 | Val Acc: 80.0 | Val Loss: 0.4900532632248269
Iter: 290 | Val Acc: 81.5 | Val Loss: 0.4773643979627695
Iter: 295 | Val Acc: 82.5 | Val Loss: 0.4752466624316639
Iter: 0 | Val Acc: 50.0 | Val Loss: 1.4995553124707657
Update Train Finetune Iter: 0 | Validation best acc: 50.00
Iter: 5 | Val Acc: 50.0 | Val Loss: 1.4679248277505395
Update Train Finetune Iter: 5 | Validation best acc: 50.00
Iter: 10 | Val Acc: 50.0 | Val Loss: 1.4501622618277907
Update Train Finetune Iter: 10 | Validation best acc: 50.00
Iter: 15 | Val Acc: 50.0 | Val Loss: 1.43705456514057
Update Train Finetune Iter: 15 | Validation best acc: 50.00
Iter: 20 | Val Acc: 50.0 | Val Loss: 1.422677464306471
Update Train Finetune Iter: 20 | Validation best acc: 50.00
Iter: 25 | Val Acc: 50.0 | Val Loss: 1.4066998244404385
Update Train Finetune Iter: 25 | Validation best acc: 50.00
Iter: 30 | Val Acc: 50.0 | Val Loss: 1.3914951009280048
Update Train Finetune Iter: 30 | Validation best acc: 50.00
Iter: 35 | Val Acc: 50.0 | Val Loss: 1.3762123807921307
Update Train Finetune Iter: 35 | Validation best acc: 50.00
Iter: 40 | Val Acc: 50.0 | Val Loss: 1.3606866920746687
Update Train Finetune Iter: 40 | Validation best acc: 50.00
Iter: 45 | Val Acc: 50.0 | Val Loss: 1.3414435293407587
Update Train Finetune Iter: 45 | Validation best acc: 50.00
Iter: 50 | Val Acc: 50.0 | Val Loss: 1.3198341578200052
Update Train Finetune Iter: 50 | Validation best acc: 50.00
Iter: 55 | Val Acc: 50.0 | Val Loss: 1.2982193499019195
Update Train Finetune Iter: 55 | Validation best acc: 50.00
Iter: 60 | Val Acc: 50.0 | Val Loss: 1.2736479226811206
Update Train Finetune Iter: 60 | Validation best acc: 50.00
Iter: 65 | Val Acc: 50.0 | Val Loss: 1.2464090147249225
Update Train Finetune Iter: 65 | Validation best acc: 50.00
Iter: 70 | Val Acc: 50.0 | Val Loss: 1.217347429691872
Update Train Finetune Iter: 70 | Validation best acc: 50.00
Iter: 75 | Val Acc: 50.0 | Val Loss: 1.1855246690599597
Update Train Finetune Iter: 75 | Validation best acc: 50.00
Iter: 80 | Val Acc: 50.0 | Val Loss: 1.153373350648326
Update Train Finetune Iter: 80 | Validation best acc: 50.00
Iter: 85 | Val Acc: 50.0 | Val Loss: 1.116255497347447
Update Train Finetune Iter: 85 | Validation best acc: 50.00
Iter: 90 | Val Acc: 50.0 | Val Loss: 1.0769562022015453
Update Train Finetune Iter: 90 | Validation best acc: 50.00
Iter: 95 | Val Acc: 50.0 | Val Loss: 1.0352903316123412
Update Train Finetune Iter: 95 | Validation best acc: 50.00
Iter: 100 | Val Acc: 50.0 | Val Loss: 0.9915566220274195
Update Train Finetune Iter: 100 | Validation best acc: 50.00
Iter: 105 | Val Acc: 50.0 | Val Loss: 0.9434434577450156
Update Train Finetune Iter: 105 | Validation best acc: 50.00
Iter: 110 | Val Acc: 50.0 | Val Loss: 0.8961478657461703
Update Train Finetune Iter: 110 | Validation best acc: 50.00
Iter: 115 | Val Acc: 49.5 | Val Loss: 0.8533797927573323
Update Train Finetune Iter: 115 | Validation best acc: 49.50
Iter: 120 | Val Acc: 53.0 | Val Loss: 0.8176812852360308
Update Train Finetune Iter: 120 | Validation best acc: 53.00
Iter: 125 | Val Acc: 65.0 | Val Loss: 0.7763956878706813
Update Train Finetune Iter: 125 | Validation best acc: 65.00
Iter: 130 | Val Acc: 75.5 | Val Loss: 0.7404980147257447
Update Train Finetune Iter: 130 | Validation best acc: 75.50
Iter: 135 | Val Acc: 79.0 | Val Loss: 0.7141385874524713
Update Train Finetune Iter: 135 | Validation best acc: 79.00
Iter: 140 | Val Acc: 82.5 | Val Loss: 0.6966663859039545
Update Train Finetune Iter: 140 | Validation best acc: 82.50
Iter: 145 | Val Acc: 80.0 | Val Loss: 0.6695814388990402
Update Train Finetune Iter: 145 | Validation best acc: 80.00
Iter: 150 | Val Acc: 77.5 | Val Loss: 0.6421025014668703
Update Train Finetune Iter: 150 | Validation best acc: 77.50
Iter: 155 | Val Acc: 76.0 | Val Loss: 0.6217003529332579
Update Train Finetune Iter: 155 | Validation best acc: 76.00
Iter: 160 | Val Acc: 76.0 | Val Loss: 0.5957301755808294
Update Train Finetune Iter: 160 | Validation best acc: 76.00
Iter: 165 | Val Acc: 73.5 | Val Loss: 0.6023954622633755
Iter: 170 | Val Acc: 76.0 | Val Loss: 0.5788753440510481
Update Train Finetune Iter: 170 | Validation best acc: 76.00
Iter: 175 | Val Acc: 79.0 | Val Loss: 0.5377933961874806
Update Train Finetune Iter: 175 | Validation best acc: 79.00
Iter: 180 | Val Acc: 77.5 | Val Loss: 0.5359372280910611
Iter: 185 | Val Acc: 78.5 | Val Loss: 0.5225299330917187
Update Train Finetune Iter: 185 | Validation best acc: 78.50
Iter: 190 | Val Acc: 79.0 | Val Loss: 0.5163209333608393
Iter: 195 | Val Acc: 80.0 | Val Loss: 0.49530964946839956
Update Train Finetune Iter: 195 | Validation best acc: 80.00
Iter: 200 | Val Acc: 80.0 | Val Loss: 0.4963428079272853
Iter: 205 | Val Acc: 79.5 | Val Loss: 0.48086765468819065
Update Train Finetune Iter: 205 | Validation best acc: 79.50
Iter: 210 | Val Acc: 79.5 | Val Loss: 0.48028778416482965
Iter: 215 | Val Acc: 80.5 | Val Loss: 0.49118624494964025
Iter: 220 | Val Acc: 79.0 | Val Loss: 0.4952098248661787
Iter: 225 | Val Acc: 78.5 | Val Loss: 0.4904329217844497
Iter: 230 | Val Acc: 80.0 | Val Loss: 0.46339170965278753
Update Train Finetune Iter: 230 | Validation best acc: 80.00
Iter: 235 | Val Acc: 79.5 | Val Loss: 0.4659774133591054
Iter: 240 | Val Acc: 79.5 | Val Loss: 0.47755853355509315
Iter: 245 | Val Acc: 80.0 | Val Loss: 0.46507068716229694
Iter: 250 | Val Acc: 80.5 | Val Loss: 0.46425895530312117
Iter: 255 | Val Acc: 80.5 | Val Loss: 0.46069701044831163
Iter: 260 | Val Acc: 79.5 | Val Loss: 0.48448638133506394
Iter: 265 | Val Acc: 80.5 | Val Loss: 0.4690810742860322
Iter: 270 | Val Acc: 84.0 | Val Loss: 0.4442854440948622
Update Train Finetune Iter: 270 | Validation best acc: 84.00
Iter: 275 | Val Acc: 83.0 | Val Loss: 0.46070389774216436
Iter: 280 | Val Acc: 80.5 | Val Loss: 0.4739595859403653
Iter: 285 | Val Acc: 80.0 | Val Loss: 0.49276205320918054
Iter: 290 | Val Acc: 81.0 | Val Loss: 0.4775403355240087
Iter: 295 | Val Acc: 80.5 | Val Loss: 0.47623748379422975
Iter: 300 | Val Acc: 82.5 | Val Loss: 0.46620311338283044
Iter: 305 | Val Acc: 83.0 | Val Loss: 0.4679632827960063
Iter: 310 | Val Acc: 83.0 | Val Loss: 0.46728953815862495
Iter: 315 | Val Acc: 82.5 | Val Loss: 0.4842508982025629
Iter: 320 | Val Acc: 82.5 | Val Loss: 0.4719142218012007
Iter: 0 | Val Acc: 0.0 | Val Loss: 2.3041093015670775
Update Train Finetune Iter: 0 | Validation best acc: 0.00
Iter: 5 | Val Acc: 0.0 | Val Loss: 2.289524499177933
Update Train Finetune Iter: 5 | Validation best acc: 0.00
Iter: 10 | Val Acc: 0.0 | Val Loss: 2.2744541704654693
Update Train Finetune Iter: 10 | Validation best acc: 0.00
Iter: 15 | Val Acc: 5.5 | Val Loss: 2.257905207872391
Update Train Finetune Iter: 15 | Validation best acc: 5.50
Iter: 20 | Val Acc: 18.0 | Val Loss: 2.2389542484283447
Update Train Finetune Iter: 20 | Validation best acc: 18.00
Iter: 25 | Val Acc: 35.0 | Val Loss: 2.2165000039339064
Update Train Finetune Iter: 25 | Validation best acc: 35.00
Iter: 30 | Val Acc: 42.5 | Val Loss: 2.190349828004837
Update Train Finetune Iter: 30 | Validation best acc: 42.50
Iter: 35 | Val Acc: 45.5 | Val Loss: 2.159794030189514
Update Train Finetune Iter: 35 | Validation best acc: 45.50
Iter: 40 | Val Acc: 45.5 | Val Loss: 2.1243323051929472
Update Train Finetune Iter: 40 | Validation best acc: 45.50
Iter: 45 | Val Acc: 46.0 | Val Loss: 2.0840448743104933
Update Train Finetune Iter: 45 | Validation best acc: 46.00
Iter: 50 | Val Acc: 49.5 | Val Loss: 2.0390920251607896
Update Train Finetune Iter: 50 | Validation best acc: 49.50
Iter: 55 | Val Acc: 55.5 | Val Loss: 1.9884286272525786
Update Train Finetune Iter: 55 | Validation best acc: 55.50
Iter: 60 | Val Acc: 54.0 | Val Loss: 1.9306726479530334
Update Train Finetune Iter: 60 | Validation best acc: 54.00
Iter: 65 | Val Acc: 53.5 | Val Loss: 1.8663633394241332
Update Train Finetune Iter: 65 | Validation best acc: 53.50
Iter: 70 | Val Acc: 50.5 | Val Loss: 1.7963301721215248
Update Train Finetune Iter: 70 | Validation best acc: 50.50
Iter: 75 | Val Acc: 50.5 | Val Loss: 1.7221702247858048
Update Train Finetune Iter: 75 | Validation best acc: 50.50
Iter: 80 | Val Acc: 50.5 | Val Loss: 1.6456311056017876
Update Train Finetune Iter: 80 | Validation best acc: 50.50
Iter: 85 | Val Acc: 50.0 | Val Loss: 1.569948073476553
Update Train Finetune Iter: 85 | Validation best acc: 50.00
Iter: 90 | Val Acc: 50.0 | Val Loss: 1.4965467556566
Update Train Finetune Iter: 90 | Validation best acc: 50.00
Iter: 95 | Val Acc: 50.0 | Val Loss: 1.4274076841026544
Update Train Finetune Iter: 95 | Validation best acc: 50.00
Iter: 100 | Val Acc: 50.0 | Val Loss: 1.3633155880495906
Update Train Finetune Iter: 100 | Validation best acc: 50.00
Iter: 105 | Val Acc: 50.0 | Val Loss: 1.3029930274561048
Update Train Finetune Iter: 105 | Validation best acc: 50.00
Iter: 110 | Val Acc: 50.0 | Val Loss: 1.2459989289194346
Update Train Finetune Iter: 110 | Validation best acc: 50.00
Iter: 115 | Val Acc: 50.5 | Val Loss: 1.1926761877536773
Update Train Finetune Iter: 115 | Validation best acc: 50.50
Iter: 120 | Val Acc: 50.5 | Val Loss: 1.1429476882703602
Update Train Finetune Iter: 120 | Validation best acc: 50.50
Iter: 125 | Val Acc: 51.5 | Val Loss: 1.097210155762732
Update Train Finetune Iter: 125 | Validation best acc: 51.50
Iter: 130 | Val Acc: 55.0 | Val Loss: 1.0546436293236912
Update Train Finetune Iter: 130 | Validation best acc: 55.00
Iter: 135 | Val Acc: 57.0 | Val Loss: 1.0144454181939364
Update Train Finetune Iter: 135 | Validation best acc: 57.00
Iter: 140 | Val Acc: 60.0 | Val Loss: 0.9771995607391
Update Train Finetune Iter: 140 | Validation best acc: 60.00
Iter: 145 | Val Acc: 62.5 | Val Loss: 0.9426715315692127
Update Train Finetune Iter: 145 | Validation best acc: 62.50
Iter: 150 | Val Acc: 67.0 | Val Loss: 0.9109043337963522
Update Train Finetune Iter: 150 | Validation best acc: 67.00
Iter: 155 | Val Acc: 72.5 | Val Loss: 0.8818133846111595
Update Train Finetune Iter: 155 | Validation best acc: 72.50
Iter: 160 | Val Acc: 73.5 | Val Loss: 0.854430344235152
Update Train Finetune Iter: 160 | Validation best acc: 73.50
Iter: 165 | Val Acc: 74.0 | Val Loss: 0.8286578997597098
Update Train Finetune Iter: 165 | Validation best acc: 74.00
Iter: 170 | Val Acc: 74.5 | Val Loss: 0.8048346505500377
Update Train Finetune Iter: 170 | Validation best acc: 74.50
Iter: 175 | Val Acc: 75.0 | Val Loss: 0.7824869229830802
Update Train Finetune Iter: 175 | Validation best acc: 75.00
Iter: 180 | Val Acc: 77.0 | Val Loss: 0.7614564085938036
Update Train Finetune Iter: 180 | Validation best acc: 77.00
Iter: 185 | Val Acc: 78.0 | Val Loss: 0.741468044705689
Update Train Finetune Iter: 185 | Validation best acc: 78.00
Iter: 190 | Val Acc: 78.0 | Val Loss: 0.7224080025590957
Update Train Finetune Iter: 190 | Validation best acc: 78.00
Iter: 195 | Val Acc: 79.0 | Val Loss: 0.7044420795887709
Update Train Finetune Iter: 195 | Validation best acc: 79.00
Iter: 200 | Val Acc: 79.0 | Val Loss: 0.6871187959238887
Update Train Finetune Iter: 200 | Validation best acc: 79.00
Iter: 205 | Val Acc: 80.0 | Val Loss: 0.6704168451949954
Update Train Finetune Iter: 205 | Validation best acc: 80.00
Iter: 210 | Val Acc: 80.5 | Val Loss: 0.6548449736461044
Update Train Finetune Iter: 210 | Validation best acc: 80.50
Iter: 215 | Val Acc: 82.0 | Val Loss: 0.6400786085147411
Update Train Finetune Iter: 215 | Validation best acc: 82.00
Iter: 220 | Val Acc: 82.5 | Val Loss: 0.6259974989388138
Update Train Finetune Iter: 220 | Validation best acc: 82.50
Iter: 225 | Val Acc: 83.5 | Val Loss: 0.6123373753204941
Update Train Finetune Iter: 225 | Validation best acc: 83.50
Iter: 230 | Val Acc: 84.0 | Val Loss: 0.5988454950135201
Update Train Finetune Iter: 230 | Validation best acc: 84.00
Iter: 235 | Val Acc: 84.5 | Val Loss: 0.5860828461684287
Update Train Finetune Iter: 235 | Validation best acc: 84.50
Iter: 240 | Val Acc: 84.5 | Val Loss: 0.5749825953505934
Update Train Finetune Iter: 240 | Validation best acc: 84.50
Iter: 245 | Val Acc: 84.5 | Val Loss: 0.5641495648119599
Update Train Finetune Iter: 245 | Validation best acc: 84.50
Iter: 250 | Val Acc: 84.5 | Val Loss: 0.5534857214149088
Update Train Finetune Iter: 250 | Validation best acc: 84.50
Iter: 255 | Val Acc: 84.5 | Val Loss: 0.5434272643225267
Update Train Finetune Iter: 255 | Validation best acc: 84.50
Iter: 260 | Val Acc: 84.0 | Val Loss: 0.5342605542717501
Iter: 265 | Val Acc: 84.0 | Val Loss: 0.5251222686748952
Update Train Finetune Iter: 265 | Validation best acc: 84.00
Iter: 270 | Val Acc: 83.5 | Val Loss: 0.5164956509415061
Iter: 275 | Val Acc: 83.5 | Val Loss: 0.5089504690701142
Update Train Finetune Iter: 275 | Validation best acc: 83.50
Iter: 280 | Val Acc: 84.0 | Val Loss: 0.5018785182386637
Iter: 285 | Val Acc: 83.5 | Val Loss: 0.494163467802573
Update Train Finetune Iter: 285 | Validation best acc: 83.50
Iter: 290 | Val Acc: 84.0 | Val Loss: 0.4877194826444611
Iter: 295 | Val Acc: 85.0 | Val Loss: 0.4824144797353074
Update Train Finetune Iter: 295 | Validation best acc: 85.00
Iter: 300 | Val Acc: 84.5 | Val Loss: 0.475951298167929
Iter: 305 | Val Acc: 84.0 | Val Loss: 0.4699223714438267
Update Train Finetune Iter: 305 | Validation best acc: 84.00
Iter: 310 | Val Acc: 84.0 | Val Loss: 0.4648057980067097
Iter: 315 | Val Acc: 85.0 | Val Loss: 0.4607339305325877
Iter: 320 | Val Acc: 85.0 | Val Loss: 0.4562838842894416
Update Train Finetune Iter: 320 | Validation best acc: 85.00
Iter: 325 | Val Acc: 85.0 | Val Loss: 0.45185169722419233
Iter: 330 | Val Acc: 85.0 | Val Loss: 0.44823607278289274
Iter: 335 | Val Acc: 84.5 | Val Loss: 0.4448695951688569
Update Train Finetune Iter: 335 | Validation best acc: 84.50
Iter: 340 | Val Acc: 85.0 | Val Loss: 0.44107994641293774
Iter: 345 | Val Acc: 85.0 | Val Loss: 0.43785893233842216
Iter: 350 | Val Acc: 85.0 | Val Loss: 0.4350443532149075
Iter: 355 | Val Acc: 85.0 | Val Loss: 0.43292317252838985
Update Train Finetune Iter: 355 | Validation best acc: 85.00
Iter: 360 | Val Acc: 85.0 | Val Loss: 0.43141297019668856
Iter: 365 | Val Acc: 85.0 | Val Loss: 0.42949020355765244
Iter: 370 | Val Acc: 85.0 | Val Loss: 0.42720936046622227
Iter: 375 | Val Acc: 85.5 | Val Loss: 0.42496475064952394
Iter: 380 | Val Acc: 85.0 | Val Loss: 0.4228383182635298
Update Train Finetune Iter: 380 | Validation best acc: 85.00
Iter: 385 | Val Acc: 85.5 | Val Loss: 0.42083231039985547
Iter: 390 | Val Acc: 85.0 | Val Loss: 0.4193177725217538
Iter: 395 | Val Acc: 85.5 | Val Loss: 0.41844570245273643
Iter: 400 | Val Acc: 85.5 | Val Loss: 0.4184690914297244
Iter: 405 | Val Acc: 85.5 | Val Loss: 0.41742062694916965
Iter: 410 | Val Acc: 85.5 | Val Loss: 0.41684611655393383
Iter: 415 | Val Acc: 85.5 | Val Loss: 0.41568186113319827
Iter: 420 | Val Acc: 85.0 | Val Loss: 0.4163542368335766
Iter: 425 | Val Acc: 85.5 | Val Loss: 0.41644814584811685
Iter: 430 | Val Acc: 85.0 | Val Loss: 0.41681236229953356
Iter: 0 | Val Acc: 50.0 | Val Loss: 1.447504803830525
Update Train Finetune Iter: 0 | Validation best acc: 50.00
Iter: 5 | Val Acc: 50.0 | Val Loss: 1.4224181340489304
Update Train Finetune Iter: 5 | Validation best acc: 50.00
Iter: 10 | Val Acc: 50.0 | Val Loss: 1.4035321939742424
Update Train Finetune Iter: 10 | Validation best acc: 50.00
Iter: 15 | Val Acc: 50.0 | Val Loss: 1.3876419355918188
Update Train Finetune Iter: 15 | Validation best acc: 50.00
Iter: 20 | Val Acc: 50.0 | Val Loss: 1.366743306532735
Update Train Finetune Iter: 20 | Validation best acc: 50.00
Iter: 25 | Val Acc: 50.0 | Val Loss: 1.3422836419334636
Update Train Finetune Iter: 25 | Validation best acc: 50.00
Iter: 30 | Val Acc: 50.0 | Val Loss: 1.31971599934157
Update Train Finetune Iter: 30 | Validation best acc: 50.00
Iter: 35 | Val Acc: 50.0 | Val Loss: 1.2967661009926814
Update Train Finetune Iter: 35 | Validation best acc: 50.00
Iter: 40 | Val Acc: 50.0 | Val Loss: 1.2730527907877696
Update Train Finetune Iter: 40 | Validation best acc: 50.00
Iter: 45 | Val Acc: 50.0 | Val Loss: 1.2423795050947228
Update Train Finetune Iter: 45 | Validation best acc: 50.00
Iter: 50 | Val Acc: 50.0 | Val Loss: 1.2113551415700932
Update Train Finetune Iter: 50 | Validation best acc: 50.00
Iter: 55 | Val Acc: 50.0 | Val Loss: 1.1824426373397001
Update Train Finetune Iter: 55 | Validation best acc: 50.00
Iter: 60 | Val Acc: 50.0 | Val Loss: 1.1496620258060284
Update Train Finetune Iter: 60 | Validation best acc: 50.00
Iter: 65 | Val Acc: 50.0 | Val Loss: 1.112566760048503
Update Train Finetune Iter: 65 | Validation best acc: 50.00
Iter: 70 | Val Acc: 50.0 | Val Loss: 1.078324843250448
Update Train Finetune Iter: 70 | Validation best acc: 50.00
Iter: 75 | Val Acc: 50.0 | Val Loss: 1.0407437994447537
Update Train Finetune Iter: 75 | Validation best acc: 50.00
Iter: 80 | Val Acc: 50.0 | Val Loss: 0.9974085134314373
Update Train Finetune Iter: 80 | Validation best acc: 50.00
Iter: 85 | Val Acc: 50.0 | Val Loss: 0.9583519896143116
Update Train Finetune Iter: 85 | Validation best acc: 50.00
Iter: 90 | Val Acc: 50.0 | Val Loss: 0.9186456652125343
Update Train Finetune Iter: 90 | Validation best acc: 50.00
Iter: 95 | Val Acc: 50.0 | Val Loss: 0.8777553157228977
Update Train Finetune Iter: 95 | Validation best acc: 50.00
Iter: 100 | Val Acc: 50.0 | Val Loss: 0.8355315234838053
Update Train Finetune Iter: 100 | Validation best acc: 50.00
Iter: 105 | Val Acc: 50.0 | Val Loss: 0.7919236934371292
Update Train Finetune Iter: 105 | Validation best acc: 50.00
Iter: 110 | Val Acc: 50.0 | Val Loss: 0.7535795134119689
Update Train Finetune Iter: 110 | Validation best acc: 50.00
Iter: 115 | Val Acc: 50.0 | Val Loss: 0.7113078502006829
Update Train Finetune Iter: 115 | Validation best acc: 50.00
Iter: 120 | Val Acc: 50.0 | Val Loss: 0.6692895756661892
Update Train Finetune Iter: 120 | Validation best acc: 50.00
Iter: 125 | Val Acc: 58.5 | Val Loss: 0.6343053319118916
Update Train Finetune Iter: 125 | Validation best acc: 58.50
Iter: 130 | Val Acc: 79.0 | Val Loss: 0.6051682461053133
Update Train Finetune Iter: 130 | Validation best acc: 79.00
Iter: 135 | Val Acc: 87.5 | Val Loss: 0.5754682888649404
Update Train Finetune Iter: 135 | Validation best acc: 87.50
Iter: 140 | Val Acc: 86.0 | Val Loss: 0.5479076978005469
Update Train Finetune Iter: 140 | Validation best acc: 86.00
Iter: 145 | Val Acc: 89.5 | Val Loss: 0.5298153332807124
Update Train Finetune Iter: 145 | Validation best acc: 89.50
Iter: 150 | Val Acc: 89.0 | Val Loss: 0.5237931730598211
Iter: 155 | Val Acc: 88.0 | Val Loss: 0.5008476085402072
Update Train Finetune Iter: 155 | Validation best acc: 88.00
Iter: 160 | Val Acc: 88.0 | Val Loss: 0.4725301231816411
Update Train Finetune Iter: 160 | Validation best acc: 88.00
Iter: 165 | Val Acc: 88.0 | Val Loss: 0.4612466362677515
Update Train Finetune Iter: 165 | Validation best acc: 88.00
Iter: 170 | Val Acc: 87.5 | Val Loss: 0.4521085004787892
Iter: 175 | Val Acc: 88.0 | Val Loss: 0.43285901627969
Update Train Finetune Iter: 175 | Validation best acc: 88.00
Iter: 180 | Val Acc: 88.0 | Val Loss: 0.4081188453058712
Update Train Finetune Iter: 180 | Validation best acc: 88.00
Iter: 185 | Val Acc: 87.0 | Val Loss: 0.41135692534968255
Iter: 190 | Val Acc: 88.0 | Val Loss: 0.3880462852749042
Update Train Finetune Iter: 190 | Validation best acc: 88.00
Iter: 195 | Val Acc: 88.0 | Val Loss: 0.37673448558314704
Update Train Finetune Iter: 195 | Validation best acc: 88.00
Iter: 200 | Val Acc: 88.0 | Val Loss: 0.37707946821465155
Iter: 205 | Val Acc: 88.5 | Val Loss: 0.35398235667147676
Update Train Finetune Iter: 205 | Validation best acc: 88.50
Iter: 210 | Val Acc: 88.5 | Val Loss: 0.35517240352521184
Iter: 215 | Val Acc: 88.0 | Val Loss: 0.35947884556197096
Iter: 220 | Val Acc: 88.0 | Val Loss: 0.34630068819911686
Iter: 225 | Val Acc: 88.5 | Val Loss: 0.33257122640061426
Update Train Finetune Iter: 225 | Validation best acc: 88.50
Iter: 230 | Val Acc: 88.5 | Val Loss: 0.3277179651655024
Iter: 235 | Val Acc: 88.5 | Val Loss: 0.3303519565871102
Iter: 240 | Val Acc: 88.5 | Val Loss: 0.3423380794894183
Iter: 245 | Val Acc: 89.0 | Val Loss: 0.31470720805824387
Update Train Finetune Iter: 245 | Validation best acc: 89.00
Iter: 250 | Val Acc: 88.5 | Val Loss: 0.3266731307387818
Iter: 255 | Val Acc: 88.0 | Val Loss: 0.33133092986798146
Iter: 260 | Val Acc: 89.5 | Val Loss: 0.3058554836388066
Iter: 265 | Val Acc: 89.5 | Val Loss: 0.30740316025650827
Iter: 270 | Val Acc: 86.5 | Val Loss: 0.33777999796846414
Iter: 275 | Val Acc: 88.0 | Val Loss: 0.3210298531314766
Iter: 280 | Val Acc: 89.5 | Val Loss: 0.2917315607758064
Update Train Finetune Iter: 280 | Validation best acc: 89.50
Iter: 285 | Val Acc: 89.5 | Val Loss: 0.29257774068904835
Iter: 290 | Val Acc: 88.5 | Val Loss: 0.312790613681791
Iter: 295 | Val Acc: 89.5 | Val Loss: 0.3015935278978577
Iter: 300 | Val Acc: 89.5 | Val Loss: 0.2890324758628776
Iter: 305 | Val Acc: 89.0 | Val Loss: 0.3034070845041424
Iter: 310 | Val Acc: 89.0 | Val Loss: 0.29860723091482216
Iter: 315 | Val Acc: 90.0 | Val Loss: 0.27931154575115213
Update Train Finetune Iter: 315 | Validation best acc: 90.00
Iter: 320 | Val Acc: 88.5 | Val Loss: 0.3011578887376163
Iter: 325 | Val Acc: 89.0 | Val Loss: 0.28315861537557796
Iter: 330 | Val Acc: 89.0 | Val Loss: 0.2812564464901698
Iter: 335 | Val Acc: 89.0 | Val Loss: 0.2870309684612585
Iter: 340 | Val Acc: 90.0 | Val Loss: 0.2776220428156557
Iter: 345 | Val Acc: 89.0 | Val Loss: 0.2777609080152251
Iter: 350 | Val Acc: 89.0 | Val Loss: 0.2820170332470843
Iter: 355 | Val Acc: 88.5 | Val Loss: 0.28854241682924114
Iter: 360 | Val Acc: 90.5 | Val Loss: 0.2720726102739172
Iter: 365 | Val Acc: 89.5 | Val Loss: 0.279974786408402
Iter: 0 | Val Acc: 50.0 | Val Loss: 1.4632564367644953
Update Train Finetune Iter: 0 | Validation best acc: 50.00
Iter: 5 | Val Acc: 50.0 | Val Loss: 1.4233870046533412
Update Train Finetune Iter: 5 | Validation best acc: 50.00
Iter: 10 | Val Acc: 50.0 | Val Loss: 1.402650841352879
Update Train Finetune Iter: 10 | Validation best acc: 50.00
Iter: 15 | Val Acc: 50.0 | Val Loss: 1.3882685656886316
Update Train Finetune Iter: 15 | Validation best acc: 50.00
Iter: 20 | Val Acc: 50.0 | Val Loss: 1.369148266002885
Update Train Finetune Iter: 20 | Validation best acc: 50.00
Iter: 25 | Val Acc: 50.0 | Val Loss: 1.3483440397400408
Update Train Finetune Iter: 25 | Validation best acc: 50.00
Iter: 30 | Val Acc: 50.0 | Val Loss: 1.3259265373810194
Update Train Finetune Iter: 30 | Validation best acc: 50.00
Iter: 35 | Val Acc: 50.0 | Val Loss: 1.301956941933604
Update Train Finetune Iter: 35 | Validation best acc: 50.00
Iter: 40 | Val Acc: 50.0 | Val Loss: 1.278004651244264
Update Train Finetune Iter: 40 | Validation best acc: 50.00
Iter: 45 | Val Acc: 50.0 | Val Loss: 1.247826710359077
Update Train Finetune Iter: 45 | Validation best acc: 50.00
Iter: 50 | Val Acc: 50.0 | Val Loss: 1.2167586251557805
Update Train Finetune Iter: 50 | Validation best acc: 50.00
Iter: 55 | Val Acc: 50.0 | Val Loss: 1.1881514542666265
Update Train Finetune Iter: 55 | Validation best acc: 50.00
Iter: 60 | Val Acc: 50.0 | Val Loss: 1.157070006481372
Update Train Finetune Iter: 60 | Validation best acc: 50.00
Iter: 65 | Val Acc: 50.0 | Val Loss: 1.1222495289973449
Update Train Finetune Iter: 65 | Validation best acc: 50.00
Iter: 70 | Val Acc: 50.0 | Val Loss: 1.0882730167882984
Update Train Finetune Iter: 70 | Validation best acc: 50.00
Iter: 75 | Val Acc: 50.0 | Val Loss: 1.0503731964319014
Update Train Finetune Iter: 75 | Validation best acc: 50.00
Iter: 80 | Val Acc: 50.0 | Val Loss: 1.0123441708227618
Update Train Finetune Iter: 80 | Validation best acc: 50.00
Iter: 85 | Val Acc: 50.0 | Val Loss: 0.968582147685811
Update Train Finetune Iter: 85 | Validation best acc: 50.00
Iter: 90 | Val Acc: 50.0 | Val Loss: 0.9256533808144741
Update Train Finetune Iter: 90 | Validation best acc: 50.00
Iter: 95 | Val Acc: 50.0 | Val Loss: 0.8853950543841347
Update Train Finetune Iter: 95 | Validation best acc: 50.00
Iter: 100 | Val Acc: 50.0 | Val Loss: 0.8451693416526541
Update Train Finetune Iter: 100 | Validation best acc: 50.00
Iter: 105 | Val Acc: 50.0 | Val Loss: 0.8035288097150624
Update Train Finetune Iter: 105 | Validation best acc: 50.00
Iter: 110 | Val Acc: 50.0 | Val Loss: 0.7623228190746159
Update Train Finetune Iter: 110 | Validation best acc: 50.00
Iter: 115 | Val Acc: 50.0 | Val Loss: 0.7209829878434539
Update Train Finetune Iter: 115 | Validation best acc: 50.00
Iter: 120 | Val Acc: 50.0 | Val Loss: 0.6821752358786761
Update Train Finetune Iter: 120 | Validation best acc: 50.00
Iter: 125 | Val Acc: 57.0 | Val Loss: 0.6452808286808431
Update Train Finetune Iter: 125 | Validation best acc: 57.00
Iter: 130 | Val Acc: 75.0 | Val Loss: 0.6164258146099746
Update Train Finetune Iter: 130 | Validation best acc: 75.00
Iter: 135 | Val Acc: 84.5 | Val Loss: 0.5884544801712036
Update Train Finetune Iter: 135 | Validation best acc: 84.50
Iter: 140 | Val Acc: 86.0 | Val Loss: 0.5642227816581726
Update Train Finetune Iter: 140 | Validation best acc: 86.00
Iter: 145 | Val Acc: 88.5 | Val Loss: 0.5450546223670244
Update Train Finetune Iter: 145 | Validation best acc: 88.50
Iter: 150 | Val Acc: 89.5 | Val Loss: 0.5278688455186784
Update Train Finetune Iter: 150 | Validation best acc: 89.50
Iter: 155 | Val Acc: 89.5 | Val Loss: 0.5044991393573582
Update Train Finetune Iter: 155 | Validation best acc: 89.50
Iter: 160 | Val Acc: 88.0 | Val Loss: 0.48929958425462244
Update Train Finetune Iter: 160 | Validation best acc: 88.00
Iter: 165 | Val Acc: 88.0 | Val Loss: 0.4723648131452501
Update Train Finetune Iter: 165 | Validation best acc: 88.00
Iter: 170 | Val Acc: 88.0 | Val Loss: 0.45617397359572354
Update Train Finetune Iter: 170 | Validation best acc: 88.00
Iter: 175 | Val Acc: 88.0 | Val Loss: 0.4326043045800179
Update Train Finetune Iter: 175 | Validation best acc: 88.00
Iter: 180 | Val Acc: 88.0 | Val Loss: 0.43442202974576505
Iter: 185 | Val Acc: 88.0 | Val Loss: 0.41370197993703184
Update Train Finetune Iter: 185 | Validation best acc: 88.00
Iter: 190 | Val Acc: 88.5 | Val Loss: 0.39127676144009454
Update Train Finetune Iter: 190 | Validation best acc: 88.50
Iter: 195 | Val Acc: 88.0 | Val Loss: 0.3934940121904947
Iter: 200 | Val Acc: 88.5 | Val Loss: 0.3817488774238154
Iter: 205 | Val Acc: 88.5 | Val Loss: 0.37048580642906015
Update Train Finetune Iter: 205 | Validation best acc: 88.50
Iter: 210 | Val Acc: 88.5 | Val Loss: 0.35787789036985485
Update Train Finetune Iter: 210 | Validation best acc: 88.50
Iter: 215 | Val Acc: 88.5 | Val Loss: 0.3589246175129665
Iter: 220 | Val Acc: 88.5 | Val Loss: 0.3519641757835052
Iter: 225 | Val Acc: 88.5 | Val Loss: 0.3454820391681278
Update Train Finetune Iter: 225 | Validation best acc: 88.50
Iter: 230 | Val Acc: 88.5 | Val Loss: 0.32846456411571123
Update Train Finetune Iter: 230 | Validation best acc: 88.50
Iter: 235 | Val Acc: 89.0 | Val Loss: 0.3347747738452745
Iter: 240 | Val Acc: 88.5 | Val Loss: 0.32472287413023876
Iter: 245 | Val Acc: 88.0 | Val Loss: 0.33576976578944595
Iter: 250 | Val Acc: 89.0 | Val Loss: 0.3226277853234205
Iter: 255 | Val Acc: 89.5 | Val Loss: 0.31180483948162874
Update Train Finetune Iter: 255 | Validation best acc: 89.50
Iter: 260 | Val Acc: 89.5 | Val Loss: 0.3167333118598617
Iter: 265 | Val Acc: 89.5 | Val Loss: 0.3088171749731555
Iter: 270 | Val Acc: 88.5 | Val Loss: 0.3231364694501099
Iter: 275 | Val Acc: 89.5 | Val Loss: 0.30911598600701834
Iter: 280 | Val Acc: 89.5 | Val Loss: 0.3026180820260197
Iter: 285 | Val Acc: 89.5 | Val Loss: 0.30120595425454666
Update Train Finetune Iter: 285 | Validation best acc: 89.50
Iter: 290 | Val Acc: 89.5 | Val Loss: 0.2963317635314888
Iter: 295 | Val Acc: 89.0 | Val Loss: 0.30435019069635016
Iter: 300 | Val Acc: 89.0 | Val Loss: 0.30132207960734375
Iter: 305 | Val Acc: 89.5 | Val Loss: 0.2892715735526144
Update Train Finetune Iter: 305 | Validation best acc: 89.50
Iter: 310 | Val Acc: 89.5 | Val Loss: 0.2963217647516649
Iter: 315 | Val Acc: 89.5 | Val Loss: 0.28621409860912533
Iter: 320 | Val Acc: 90.0 | Val Loss: 0.2824930047489033
Iter: 325 | Val Acc: 89.5 | Val Loss: 0.29107521512290985
Iter: 330 | Val Acc: 89.5 | Val Loss: 0.2883075596338858
Iter: 335 | Val Acc: 89.5 | Val Loss: 0.2774178157068309
Update Train Finetune Iter: 335 | Validation best acc: 89.50
Iter: 340 | Val Acc: 89.0 | Val Loss: 0.29046809694444164
Iter: 345 | Val Acc: 90.0 | Val Loss: 0.28208436582090146
Iter: 350 | Val Acc: 89.5 | Val Loss: 0.2688136263738397
Iter: 355 | Val Acc: 89.0 | Val Loss: 0.2894881406586319
Iter: 360 | Val Acc: 89.5 | Val Loss: 0.28326998870210446
Iter: 365 | Val Acc: 90.0 | Val Loss: 0.27426192195775
Iter: 370 | Val Acc: 89.0 | Val Loss: 0.28532110821045537
Iter: 375 | Val Acc: 89.5 | Val Loss: 0.2804565017092136
Iter: 380 | Val Acc: 89.5 | Val Loss: 0.28107477361843847
Iter: 385 | Val Acc: 88.5 | Val Loss: 0.2880048291842286
Iter: 0 | Val Acc: 0.0 | Val Loss: 2.297263264656067
Update Train Finetune Iter: 0 | Validation best acc: 0.00
Iter: 5 | Val Acc: 0.0 | Val Loss: 2.2775616240501404
Update Train Finetune Iter: 5 | Validation best acc: 0.00
Iter: 10 | Val Acc: 0.0 | Val Loss: 2.2579622006416322
Update Train Finetune Iter: 10 | Validation best acc: 0.00
Iter: 15 | Val Acc: 10.0 | Val Loss: 2.237019263505936
Update Train Finetune Iter: 15 | Validation best acc: 10.00
Iter: 20 | Val Acc: 34.5 | Val Loss: 2.2134420216083526
Update Train Finetune Iter: 20 | Validation best acc: 34.50
Iter: 25 | Val Acc: 52.5 | Val Loss: 2.1862040293216705
Update Train Finetune Iter: 25 | Validation best acc: 52.50
Iter: 30 | Val Acc: 69.0 | Val Loss: 2.15366540312767
Update Train Finetune Iter: 30 | Validation best acc: 69.00
Iter: 35 | Val Acc: 70.5 | Val Loss: 2.1150349974632263
Update Train Finetune Iter: 35 | Validation best acc: 70.50
Iter: 40 | Val Acc: 62.5 | Val Loss: 2.0691865599155426
Update Train Finetune Iter: 40 | Validation best acc: 62.50
Iter: 45 | Val Acc: 59.0 | Val Loss: 2.014881238937378
Update Train Finetune Iter: 45 | Validation best acc: 59.00
Iter: 50 | Val Acc: 54.5 | Val Loss: 1.9524666357040406
Update Train Finetune Iter: 50 | Validation best acc: 54.50
Iter: 55 | Val Acc: 52.5 | Val Loss: 1.882304682135582
Update Train Finetune Iter: 55 | Validation best acc: 52.50
Iter: 60 | Val Acc: 51.0 | Val Loss: 1.8043402099609376
Update Train Finetune Iter: 60 | Validation best acc: 51.00
Iter: 65 | Val Acc: 50.0 | Val Loss: 1.7208958211541177
Update Train Finetune Iter: 65 | Validation best acc: 50.00
Iter: 70 | Val Acc: 50.0 | Val Loss: 1.6348240604996682
Update Train Finetune Iter: 70 | Validation best acc: 50.00
Iter: 75 | Val Acc: 50.0 | Val Loss: 1.5479689359664917
Update Train Finetune Iter: 75 | Validation best acc: 50.00
Iter: 80 | Val Acc: 50.0 | Val Loss: 1.4625281223654747
Update Train Finetune Iter: 80 | Validation best acc: 50.00
Iter: 85 | Val Acc: 50.0 | Val Loss: 1.380797858685255
Update Train Finetune Iter: 85 | Validation best acc: 50.00
Iter: 90 | Val Acc: 50.0 | Val Loss: 1.3044198133051395
Update Train Finetune Iter: 90 | Validation best acc: 50.00
Iter: 95 | Val Acc: 50.0 | Val Loss: 1.2350012117624283
Update Train Finetune Iter: 95 | Validation best acc: 50.00
Iter: 100 | Val Acc: 50.0 | Val Loss: 1.1724381195753812
Update Train Finetune Iter: 100 | Validation best acc: 50.00
Iter: 105 | Val Acc: 50.0 | Val Loss: 1.1161944372206927
Update Train Finetune Iter: 105 | Validation best acc: 50.00
Iter: 110 | Val Acc: 50.0 | Val Loss: 1.0659012327343225
Update Train Finetune Iter: 110 | Validation best acc: 50.00
Iter: 115 | Val Acc: 50.0 | Val Loss: 1.020731271803379
Update Train Finetune Iter: 115 | Validation best acc: 50.00
Iter: 120 | Val Acc: 50.0 | Val Loss: 0.9803111802786588
Update Train Finetune Iter: 120 | Validation best acc: 50.00
Iter: 125 | Val Acc: 50.0 | Val Loss: 0.9443817745149136
Update Train Finetune Iter: 125 | Validation best acc: 50.00
Iter: 130 | Val Acc: 50.0 | Val Loss: 0.9121864577382803
Update Train Finetune Iter: 130 | Validation best acc: 50.00
Iter: 135 | Val Acc: 49.5 | Val Loss: 0.8830005978792905
Update Train Finetune Iter: 135 | Validation best acc: 49.50
Iter: 140 | Val Acc: 50.0 | Val Loss: 0.8565363229066133
Update Train Finetune Iter: 140 | Validation best acc: 50.00
Iter: 145 | Val Acc: 51.5 | Val Loss: 0.8325052165240049
Update Train Finetune Iter: 145 | Validation best acc: 51.50
Iter: 150 | Val Acc: 51.5 | Val Loss: 0.8108661866188049
Update Train Finetune Iter: 150 | Validation best acc: 51.50
Iter: 155 | Val Acc: 53.0 | Val Loss: 0.7913257307559252
Update Train Finetune Iter: 155 | Validation best acc: 53.00
Iter: 160 | Val Acc: 55.5 | Val Loss: 0.7735692630708217
Update Train Finetune Iter: 160 | Validation best acc: 55.50
Iter: 165 | Val Acc: 59.0 | Val Loss: 0.7573464281857014
Update Train Finetune Iter: 165 | Validation best acc: 59.00
Iter: 170 | Val Acc: 60.0 | Val Loss: 0.7422293739765883
Update Train Finetune Iter: 170 | Validation best acc: 60.00
Iter: 175 | Val Acc: 61.0 | Val Loss: 0.7280590494722128
Update Train Finetune Iter: 175 | Validation best acc: 61.00
Iter: 180 | Val Acc: 62.5 | Val Loss: 0.7148817458748817
Update Train Finetune Iter: 180 | Validation best acc: 62.50
Iter: 185 | Val Acc: 63.0 | Val Loss: 0.7023203530907631
Update Train Finetune Iter: 185 | Validation best acc: 63.00
Iter: 190 | Val Acc: 65.5 | Val Loss: 0.6907594764232635
Update Train Finetune Iter: 190 | Validation best acc: 65.50
Iter: 195 | Val Acc: 67.0 | Val Loss: 0.6799329072982073
Update Train Finetune Iter: 195 | Validation best acc: 67.00
Iter: 200 | Val Acc: 67.5 | Val Loss: 0.6695063917338848
Update Train Finetune Iter: 200 | Validation best acc: 67.50
Iter: 205 | Val Acc: 69.0 | Val Loss: 0.6597137476503849
Iter: 210 | Val Acc: 70.5 | Val Loss: 0.6503092795610428
Update Train Finetune Iter: 210 | Validation best acc: 70.50
Iter: 215 | Val Acc: 71.5 | Val Loss: 0.6411295048892498
Iter: 220 | Val Acc: 72.0 | Val Loss: 0.6323295191675424
Update Train Finetune Iter: 220 | Validation best acc: 72.00
Iter: 225 | Val Acc: 73.0 | Val Loss: 0.6238659466803074
Iter: 230 | Val Acc: 74.5 | Val Loss: 0.6160180184990167
Update Train Finetune Iter: 230 | Validation best acc: 74.50
Iter: 235 | Val Acc: 76.0 | Val Loss: 0.607813411206007
Iter: 240 | Val Acc: 76.0 | Val Loss: 0.5996641693264246
Update Train Finetune Iter: 240 | Validation best acc: 76.00
Iter: 245 | Val Acc: 76.5 | Val Loss: 0.5919431581348181
Iter: 250 | Val Acc: 77.0 | Val Loss: 0.5844207777455449
Update Train Finetune Iter: 250 | Validation best acc: 77.00
Iter: 255 | Val Acc: 80.0 | Val Loss: 0.5772159671038389
Iter: 260 | Val Acc: 80.5 | Val Loss: 0.5701862604171037
Update Train Finetune Iter: 260 | Validation best acc: 80.50
Iter: 265 | Val Acc: 83.0 | Val Loss: 0.5639125877618789
Iter: 270 | Val Acc: 84.5 | Val Loss: 0.5575255352258682
Update Train Finetune Iter: 270 | Validation best acc: 84.50
Iter: 275 | Val Acc: 85.0 | Val Loss: 0.550362995006144
Iter: 280 | Val Acc: 85.0 | Val Loss: 0.5436312676221132
Update Train Finetune Iter: 280 | Validation best acc: 85.00
Iter: 285 | Val Acc: 85.0 | Val Loss: 0.5363467794656753
Iter: 290 | Val Acc: 84.5 | Val Loss: 0.5292451806738973
Update Train Finetune Iter: 290 | Validation best acc: 84.50
Iter: 295 | Val Acc: 85.0 | Val Loss: 0.5226534830033779
Iter: 300 | Val Acc: 85.0 | Val Loss: 0.5161653201095759
Update Train Finetune Iter: 300 | Validation best acc: 85.00
Iter: 305 | Val Acc: 85.5 | Val Loss: 0.5099811192415654
Iter: 310 | Val Acc: 85.5 | Val Loss: 0.503774371612817
Update Train Finetune Iter: 310 | Validation best acc: 85.50
Iter: 315 | Val Acc: 85.5 | Val Loss: 0.4977136730216444
Iter: 320 | Val Acc: 86.0 | Val Loss: 0.4916852763853967
Update Train Finetune Iter: 320 | Validation best acc: 86.00
Iter: 325 | Val Acc: 86.0 | Val Loss: 0.4850324727222323
Iter: 330 | Val Acc: 86.0 | Val Loss: 0.4788184610940516
Update Train Finetune Iter: 330 | Validation best acc: 86.00
Iter: 335 | Val Acc: 87.5 | Val Loss: 0.47362914744764567
Iter: 340 | Val Acc: 87.5 | Val Loss: 0.4677302175760269
Update Train Finetune Iter: 340 | Validation best acc: 87.50
Iter: 345 | Val Acc: 87.5 | Val Loss: 0.4618198120035231
Iter: 350 | Val Acc: 88.0 | Val Loss: 0.4566427196748555
Update Train Finetune Iter: 350 | Validation best acc: 88.00
Iter: 355 | Val Acc: 89.5 | Val Loss: 0.4519709192030132
Iter: 360 | Val Acc: 89.5 | Val Loss: 0.4462386418227106
Update Train Finetune Iter: 360 | Validation best acc: 89.50
Iter: 365 | Val Acc: 89.5 | Val Loss: 0.4406934529542923
Iter: 370 | Val Acc: 89.5 | Val Loss: 0.4356855720281601
Update Train Finetune Iter: 370 | Validation best acc: 89.50
Iter: 375 | Val Acc: 89.5 | Val Loss: 0.4308350275270641
Iter: 380 | Val Acc: 89.5 | Val Loss: 0.42637831905856727
Iter: 385 | Val Acc: 89.5 | Val Loss: 0.42165120721794663
Update Train Finetune Iter: 385 | Validation best acc: 89.50
Iter: 390 | Val Acc: 89.5 | Val Loss: 0.41754159064032137
Iter: 395 | Val Acc: 89.5 | Val Loss: 0.41360278487205504
Iter: 400 | Val Acc: 89.0 | Val Loss: 0.41036332041025164
Update Train Finetune Iter: 400 | Validation best acc: 89.00
Iter: 405 | Val Acc: 89.0 | Val Loss: 0.40667568053118885
Iter: 410 | Val Acc: 89.5 | Val Loss: 0.40204726833384485
Iter: 415 | Val Acc: 89.5 | Val Loss: 0.3979323668545112
Update Train Finetune Iter: 415 | Validation best acc: 89.50
Iter: 420 | Val Acc: 89.0 | Val Loss: 0.3947004637029022
Iter: 425 | Val Acc: 89.5 | Val Loss: 0.39144084669649604
Iter: 430 | Val Acc: 89.0 | Val Loss: 0.38875502333045003
Iter: 435 | Val Acc: 89.0 | Val Loss: 0.38592214915901424
Update Train Finetune Iter: 435 | Validation best acc: 89.00
Iter: 440 | Val Acc: 89.0 | Val Loss: 0.3819410506775603
Iter: 445 | Val Acc: 89.0 | Val Loss: 0.3792441272363067
Iter: 450 | Val Acc: 89.0 | Val Loss: 0.3777351959934458
Iter: 455 | Val Acc: 89.0 | Val Loss: 0.3747834678227082
Update Train Finetune Iter: 455 | Validation best acc: 89.00
Iter: 460 | Val Acc: 89.0 | Val Loss: 0.37138456002110615
Iter: 465 | Val Acc: 89.0 | Val Loss: 0.36841468035941943
Iter: 470 | Val Acc: 89.0 | Val Loss: 0.36615714119514453
Iter: 475 | Val Acc: 89.0 | Val Loss: 0.3647413339954801
Update Train Finetune Iter: 475 | Validation best acc: 89.00
Iter: 480 | Val Acc: 89.0 | Val Loss: 0.3618359791091643
Iter: 485 | Val Acc: 89.0 | Val Loss: 0.3587898856657557
Iter: 490 | Val Acc: 89.0 | Val Loss: 0.35624569101724773
Iter: 495 | Val Acc: 89.0 | Val Loss: 0.354324696410913
Update Train Finetune Iter: 495 | Validation best acc: 89.00
Iter: 0 | Val Acc: 50.0 | Val Loss: 1.3721375346725835
Update Train Finetune Iter: 0 | Validation best acc: 50.00
Iter: 5 | Val Acc: 50.0 | Val Loss: 1.3408216588962931
Update Train Finetune Iter: 5 | Validation best acc: 50.00
Iter: 10 | Val Acc: 50.0 | Val Loss: 1.322416648374483
Update Train Finetune Iter: 10 | Validation best acc: 50.00
Iter: 15 | Val Acc: 50.0 | Val Loss: 1.3067655956006137
Update Train Finetune Iter: 15 | Validation best acc: 50.00
Iter: 20 | Val Acc: 50.0 | Val Loss: 1.2923842887227965
Update Train Finetune Iter: 20 | Validation best acc: 50.00
Iter: 25 | Val Acc: 50.0 | Val Loss: 1.2772734072517482
Update Train Finetune Iter: 25 | Validation best acc: 50.00
Iter: 30 | Val Acc: 50.0 | Val Loss: 1.263453317901392
Update Train Finetune Iter: 30 | Validation best acc: 50.00
Iter: 35 | Val Acc: 50.0 | Val Loss: 1.2496591389189258
Update Train Finetune Iter: 35 | Validation best acc: 50.00
Iter: 40 | Val Acc: 50.0 | Val Loss: 1.2360687809892545
Update Train Finetune Iter: 40 | Validation best acc: 50.00
Iter: 45 | Val Acc: 50.0 | Val Loss: 1.22090640046991
Update Train Finetune Iter: 45 | Validation best acc: 50.00
Iter: 50 | Val Acc: 50.0 | Val Loss: 1.2056112017644383
Update Train Finetune Iter: 50 | Validation best acc: 50.00
Iter: 55 | Val Acc: 50.0 | Val Loss: 1.1889780402841565
Update Train Finetune Iter: 55 | Validation best acc: 50.00
Iter: 60 | Val Acc: 50.0 | Val Loss: 1.1724373410746567
Update Train Finetune Iter: 60 | Validation best acc: 50.00
Iter: 65 | Val Acc: 50.0 | Val Loss: 1.152472570502652
Update Train Finetune Iter: 65 | Validation best acc: 50.00
Iter: 70 | Val Acc: 50.0 | Val Loss: 1.1305765758071358
Update Train Finetune Iter: 70 | Validation best acc: 50.00
Iter: 75 | Val Acc: 50.0 | Val Loss: 1.107294161477759
Update Train Finetune Iter: 75 | Validation best acc: 50.00
Iter: 80 | Val Acc: 50.0 | Val Loss: 1.083086666244898
Update Train Finetune Iter: 80 | Validation best acc: 50.00
Iter: 85 | Val Acc: 50.0 | Val Loss: 1.054658687193962
Update Train Finetune Iter: 85 | Validation best acc: 50.00
Iter: 90 | Val Acc: 50.0 | Val Loss: 1.0234788712544036
Update Train Finetune Iter: 90 | Validation best acc: 50.00
Iter: 95 | Val Acc: 50.0 | Val Loss: 0.990745388760865
Update Train Finetune Iter: 95 | Validation best acc: 50.00
Iter: 100 | Val Acc: 50.0 | Val Loss: 0.9535021483948591
Update Train Finetune Iter: 100 | Validation best acc: 50.00
Iter: 105 | Val Acc: 50.0 | Val Loss: 0.913986257080665
Update Train Finetune Iter: 105 | Validation best acc: 50.00
Iter: 110 | Val Acc: 50.0 | Val Loss: 0.8724888460469328
Update Train Finetune Iter: 110 | Validation best acc: 50.00
Iter: 115 | Val Acc: 50.0 | Val Loss: 0.8271171309996623
Update Train Finetune Iter: 115 | Validation best acc: 50.00
Iter: 120 | Val Acc: 50.0 | Val Loss: 0.7774937238446
Update Train Finetune Iter: 120 | Validation best acc: 50.00
Iter: 125 | Val Acc: 50.0 | Val Loss: 0.7283680047664121
Update Train Finetune Iter: 125 | Validation best acc: 50.00
Iter: 130 | Val Acc: 54.5 | Val Loss: 0.6764396243827833
Update Train Finetune Iter: 130 | Validation best acc: 54.50
Iter: 135 | Val Acc: 70.5 | Val Loss: 0.6235004418735025
Update Train Finetune Iter: 135 | Validation best acc: 70.50
Iter: 140 | Val Acc: 90.0 | Val Loss: 0.5721384941417046
Update Train Finetune Iter: 140 | Validation best acc: 90.00
Iter: 145 | Val Acc: 93.5 | Val Loss: 0.5254184979356978
Update Train Finetune Iter: 145 | Validation best acc: 93.50
Iter: 150 | Val Acc: 92.5 | Val Loss: 0.4813484089178564
Update Train Finetune Iter: 150 | Validation best acc: 92.50
Iter: 155 | Val Acc: 92.0 | Val Loss: 0.4431127453950785
Update Train Finetune Iter: 155 | Validation best acc: 92.00
Iter: 160 | Val Acc: 92.0 | Val Loss: 0.40062612002349396
Update Train Finetune Iter: 160 | Validation best acc: 92.00
Iter: 165 | Val Acc: 89.0 | Val Loss: 0.38022709054139797
Update Train Finetune Iter: 165 | Validation best acc: 89.00
Iter: 170 | Val Acc: 87.0 | Val Loss: 0.3638831399380183
Update Train Finetune Iter: 170 | Validation best acc: 87.00
Iter: 175 | Val Acc: 88.0 | Val Loss: 0.3415199821251926
Update Train Finetune Iter: 175 | Validation best acc: 88.00
Iter: 180 | Val Acc: 87.5 | Val Loss: 0.3264837074601523
Update Train Finetune Iter: 180 | Validation best acc: 87.50
Iter: 185 | Val Acc: 89.0 | Val Loss: 0.30856305545491164
Update Train Finetune Iter: 185 | Validation best acc: 89.00
Iter: 190 | Val Acc: 90.0 | Val Loss: 0.2986102638142236
Iter: 195 | Val Acc: 88.5 | Val Loss: 0.29559234136376145
Update Train Finetune Iter: 195 | Validation best acc: 88.50
Iter: 200 | Val Acc: 90.0 | Val Loss: 0.28186378600372447
Update Train Finetune Iter: 200 | Validation best acc: 90.00
Iter: 205 | Val Acc: 91.0 | Val Loss: 0.27078112430045703
Update Train Finetune Iter: 205 | Validation best acc: 91.00
Iter: 210 | Val Acc: 90.0 | Val Loss: 0.2716609069985557
Iter: 215 | Val Acc: 88.5 | Val Loss: 0.27703462403114926
Iter: 220 | Val Acc: 91.5 | Val Loss: 0.25570999737024724
Update Train Finetune Iter: 220 | Validation best acc: 91.50
Iter: 225 | Val Acc: 91.5 | Val Loss: 0.25376664809572547
Iter: 230 | Val Acc: 90.5 | Val Loss: 0.25958492691719515
Iter: 235 | Val Acc: 92.5 | Val Loss: 0.24071094954336858
Update Train Finetune Iter: 235 | Validation best acc: 92.50
Iter: 240 | Val Acc: 92.0 | Val Loss: 0.24602312208195073
Iter: 245 | Val Acc: 92.5 | Val Loss: 0.2393062410243284
Iter: 250 | Val Acc: 92.5 | Val Loss: 0.23756784878597323
Iter: 255 | Val Acc: 92.0 | Val Loss: 0.2509611960276267
Iter: 260 | Val Acc: 92.5 | Val Loss: 0.23800516659494586
Iter: 265 | Val Acc: 92.0 | Val Loss: 0.23521366432882995
Iter: 270 | Val Acc: 92.5 | Val Loss: 0.2368823119631414
Iter: 275 | Val Acc: 92.5 | Val Loss: 0.23535810880916713
Iter: 280 | Val Acc: 92.0 | Val Loss: 0.2352299550076772
Iter: 285 | Val Acc: 92.0 | Val Loss: 0.23012179962362075
Update Train Finetune Iter: 285 | Validation best acc: 92.00
Iter: 290 | Val Acc: 92.5 | Val Loss: 0.2324251555091329
Iter: 295 | Val Acc: 92.0 | Val Loss: 0.2290245826873318
Iter: 300 | Val Acc: 92.0 | Val Loss: 0.22866161738038054
Iter: 305 | Val Acc: 92.0 | Val Loss: 0.22676767728329178
Iter: 310 | Val Acc: 93.0 | Val Loss: 0.2330200570370509
Iter: 315 | Val Acc: 92.5 | Val Loss: 0.22714345071980496
Iter: 320 | Val Acc: 91.5 | Val Loss: 0.22231904141619296
Iter: 325 | Val Acc: 93.5 | Val Loss: 0.22981013316349827
Iter: 330 | Val Acc: 93.0 | Val Loss: 0.22835761337133836
Iter: 335 | Val Acc: 92.5 | Val Loss: 0.22359636657898566
Iter: 0 | Val Acc: 50.0 | Val Loss: 1.4145540623768467
Update Train Finetune Iter: 0 | Validation best acc: 50.00
Iter: 5 | Val Acc: 50.0 | Val Loss: 1.3530845102172315
Update Train Finetune Iter: 5 | Validation best acc: 50.00
Iter: 10 | Val Acc: 50.0 | Val Loss: 1.3251267638317221
Update Train Finetune Iter: 10 | Validation best acc: 50.00
Iter: 15 | Val Acc: 50.0 | Val Loss: 1.3087893134255502
Update Train Finetune Iter: 15 | Validation best acc: 50.00
Iter: 20 | Val Acc: 50.0 | Val Loss: 1.2940822173698325
Update Train Finetune Iter: 20 | Validation best acc: 50.00
Iter: 25 | Val Acc: 50.0 | Val Loss: 1.2800160437119734
Update Train Finetune Iter: 25 | Validation best acc: 50.00
Iter: 30 | Val Acc: 50.0 | Val Loss: 1.2662546502241003
Update Train Finetune Iter: 30 | Validation best acc: 50.00
Iter: 35 | Val Acc: 50.0 | Val Loss: 1.2518659029223955
Update Train Finetune Iter: 35 | Validation best acc: 50.00
Iter: 40 | Val Acc: 50.0 | Val Loss: 1.2371417525164987
Update Train Finetune Iter: 40 | Validation best acc: 50.00
Iter: 45 | Val Acc: 50.0 | Val Loss: 1.2235188368646164
Update Train Finetune Iter: 45 | Validation best acc: 50.00
Iter: 50 | Val Acc: 50.0 | Val Loss: 1.207294791395527
Update Train Finetune Iter: 50 | Validation best acc: 50.00
Iter: 55 | Val Acc: 50.0 | Val Loss: 1.189569751741583
Update Train Finetune Iter: 55 | Validation best acc: 50.00
Iter: 60 | Val Acc: 50.0 | Val Loss: 1.1712323203101578
Update Train Finetune Iter: 60 | Validation best acc: 50.00
Iter: 65 | Val Acc: 50.0 | Val Loss: 1.152191313481851
Update Train Finetune Iter: 65 | Validation best acc: 50.00
Iter: 70 | Val Acc: 50.0 | Val Loss: 1.1311997072370747
Update Train Finetune Iter: 70 | Validation best acc: 50.00
Iter: 75 | Val Acc: 50.0 | Val Loss: 1.1089377698718268
Update Train Finetune Iter: 75 | Validation best acc: 50.00
Iter: 80 | Val Acc: 50.0 | Val Loss: 1.0847037472013896
Update Train Finetune Iter: 80 | Validation best acc: 50.00
Iter: 85 | Val Acc: 50.0 | Val Loss: 1.0553620105571637
Update Train Finetune Iter: 85 | Validation best acc: 50.00
Iter: 90 | Val Acc: 50.0 | Val Loss: 1.0234258379846175
Update Train Finetune Iter: 90 | Validation best acc: 50.00
Iter: 95 | Val Acc: 50.0 | Val Loss: 0.9897640690153128
Update Train Finetune Iter: 95 | Validation best acc: 50.00
Iter: 100 | Val Acc: 50.0 | Val Loss: 0.9530776635544703
Update Train Finetune Iter: 100 | Validation best acc: 50.00
Iter: 105 | Val Acc: 50.0 | Val Loss: 0.9144677536013261
Update Train Finetune Iter: 105 | Validation best acc: 50.00
Iter: 110 | Val Acc: 50.0 | Val Loss: 0.8715586931538024
Update Train Finetune Iter: 110 | Validation best acc: 50.00
Iter: 115 | Val Acc: 50.0 | Val Loss: 0.8251090031884565
Update Train Finetune Iter: 115 | Validation best acc: 50.00
Iter: 120 | Val Acc: 50.0 | Val Loss: 0.7766433738875957
Update Train Finetune Iter: 120 | Validation best acc: 50.00
Iter: 125 | Val Acc: 50.0 | Val Loss: 0.7267712674562086
Update Train Finetune Iter: 125 | Validation best acc: 50.00
Iter: 130 | Val Acc: 54.5 | Val Loss: 0.673855322576278
Update Train Finetune Iter: 130 | Validation best acc: 54.50
Iter: 135 | Val Acc: 75.5 | Val Loss: 0.6246561933215253
Update Train Finetune Iter: 135 | Validation best acc: 75.50
Iter: 140 | Val Acc: 89.5 | Val Loss: 0.5752785058123118
Update Train Finetune Iter: 140 | Validation best acc: 89.50
Iter: 145 | Val Acc: 92.5 | Val Loss: 0.5281997842577857
Update Train Finetune Iter: 145 | Validation best acc: 92.50
Iter: 150 | Val Acc: 93.0 | Val Loss: 0.4875892407998799
Update Train Finetune Iter: 150 | Validation best acc: 93.00
Iter: 155 | Val Acc: 91.5 | Val Loss: 0.45161529655851607
Update Train Finetune Iter: 155 | Validation best acc: 91.50
Iter: 160 | Val Acc: 91.5 | Val Loss: 0.4201226483495975
Update Train Finetune Iter: 160 | Validation best acc: 91.50
Iter: 165 | Val Acc: 89.0 | Val Loss: 0.389703512620008
Update Train Finetune Iter: 165 | Validation best acc: 89.00
Iter: 170 | Val Acc: 87.0 | Val Loss: 0.3728415091378486
Update Train Finetune Iter: 170 | Validation best acc: 87.00
Iter: 175 | Val Acc: 87.5 | Val Loss: 0.3497527402203582
Update Train Finetune Iter: 175 | Validation best acc: 87.50
Iter: 180 | Val Acc: 87.5 | Val Loss: 0.3302053373170455
Update Train Finetune Iter: 180 | Validation best acc: 87.50
Iter: 185 | Val Acc: 87.5 | Val Loss: 0.3209940724118053
Iter: 190 | Val Acc: 91.0 | Val Loss: 0.29862947356627834
Update Train Finetune Iter: 190 | Validation best acc: 91.00
Iter: 195 | Val Acc: 88.0 | Val Loss: 0.299742512471137
Iter: 200 | Val Acc: 88.0 | Val Loss: 0.2948076718908041
Iter: 205 | Val Acc: 88.5 | Val Loss: 0.2910036483566084
Iter: 210 | Val Acc: 91.0 | Val Loss: 0.2682197187500702
Update Train Finetune Iter: 210 | Validation best acc: 91.00
Iter: 215 | Val Acc: 91.0 | Val Loss: 0.26290054662726847
Iter: 220 | Val Acc: 89.5 | Val Loss: 0.2733410923355717
Iter: 225 | Val Acc: 90.5 | Val Loss: 0.25735058885037276
Update Train Finetune Iter: 225 | Validation best acc: 90.50
Iter: 230 | Val Acc: 90.5 | Val Loss: 0.25462601932980056
Iter: 235 | Val Acc: 91.5 | Val Loss: 0.24593524953644605
Update Train Finetune Iter: 235 | Validation best acc: 91.50
Iter: 240 | Val Acc: 91.0 | Val Loss: 0.2530257025084008
Iter: 245 | Val Acc: 91.5 | Val Loss: 0.2468536797650743
Iter: 250 | Val Acc: 92.0 | Val Loss: 0.23421400921227398
Update Train Finetune Iter: 250 | Validation best acc: 92.00
Iter: 255 | Val Acc: 92.5 | Val Loss: 0.24762247345143915
Iter: 260 | Val Acc: 92.5 | Val Loss: 0.23103639646481405
Iter: 265 | Val Acc: 92.5 | Val Loss: 0.23335693349116948
Iter: 270 | Val Acc: 93.0 | Val Loss: 0.2359330496377441
Iter: 275 | Val Acc: 92.5 | Val Loss: 0.22814910579201556
Iter: 280 | Val Acc: 93.0 | Val Loss: 0.22986659519191782
Iter: 285 | Val Acc: 92.5 | Val Loss: 0.2263098586625553
Iter: 290 | Val Acc: 92.0 | Val Loss: 0.22491682555999212
Iter: 295 | Val Acc: 92.0 | Val Loss: 0.223027581838013
Update Train Finetune Iter: 295 | Validation best acc: 92.00
Iter: 300 | Val Acc: 92.0 | Val Loss: 0.2287768458466766
Iter: 305 | Val Acc: 92.0 | Val Loss: 0.23373693390589717
Iter: 310 | Val Acc: 91.5 | Val Loss: 0.22057122588758726
Iter: 315 | Val Acc: 92.0 | Val Loss: 0.22153498577909528
Iter: 320 | Val Acc: 92.0 | Val Loss: 0.2212627051357425
Iter: 325 | Val Acc: 93.0 | Val Loss: 0.22585204934656156
Iter: 330 | Val Acc: 91.5 | Val Loss: 0.221173215112825
Iter: 335 | Val Acc: 92.5 | Val Loss: 0.22822562027861573
Iter: 340 | Val Acc: 91.5 | Val Loss: 0.22028419162277305
Iter: 345 | Val Acc: 91.5 | Val Loss: 0.22228566901334973
Iter: 0 | Val Acc: 12.5 | Val Loss: 2.265694111585617
Update Train Finetune Iter: 0 | Validation best acc: 12.50
Iter: 5 | Val Acc: 46.0 | Val Loss: 2.246286941766739
Update Train Finetune Iter: 5 | Validation best acc: 46.00
Iter: 10 | Val Acc: 50.0 | Val Loss: 2.2260271275043486
Update Train Finetune Iter: 10 | Validation best acc: 50.00
Iter: 15 | Val Acc: 51.5 | Val Loss: 2.203508994579315
Update Train Finetune Iter: 15 | Validation best acc: 51.50
Iter: 20 | Val Acc: 58.5 | Val Loss: 2.177785189151764
Update Train Finetune Iter: 20 | Validation best acc: 58.50
Iter: 25 | Val Acc: 74.0 | Val Loss: 2.147936242818832
Update Train Finetune Iter: 25 | Validation best acc: 74.00
Iter: 30 | Val Acc: 82.5 | Val Loss: 2.113236029148102
Update Train Finetune Iter: 30 | Validation best acc: 82.50
Iter: 35 | Val Acc: 86.5 | Val Loss: 2.0731504398584364
Update Train Finetune Iter: 35 | Validation best acc: 86.50
Iter: 40 | Val Acc: 86.5 | Val Loss: 2.027467496395111
Update Train Finetune Iter: 40 | Validation best acc: 86.50
Iter: 45 | Val Acc: 88.0 | Val Loss: 1.9756188303232194
Update Train Finetune Iter: 45 | Validation best acc: 88.00
Iter: 50 | Val Acc: 86.0 | Val Loss: 1.9170713728666307
Update Train Finetune Iter: 50 | Validation best acc: 86.00
Iter: 55 | Val Acc: 79.5 | Val Loss: 1.8515240556001664
Update Train Finetune Iter: 55 | Validation best acc: 79.50
Iter: 60 | Val Acc: 73.0 | Val Loss: 1.779499538242817
Update Train Finetune Iter: 60 | Validation best acc: 73.00
Iter: 65 | Val Acc: 65.0 | Val Loss: 1.7024882647395134
Update Train Finetune Iter: 65 | Validation best acc: 65.00
Iter: 70 | Val Acc: 60.0 | Val Loss: 1.6216883778572082
Update Train Finetune Iter: 70 | Validation best acc: 60.00
Iter: 75 | Val Acc: 57.0 | Val Loss: 1.5384525418281556
Update Train Finetune Iter: 75 | Validation best acc: 57.00
Iter: 80 | Val Acc: 56.5 | Val Loss: 1.4551310275495053
Update Train Finetune Iter: 80 | Validation best acc: 56.50
Iter: 85 | Val Acc: 54.5 | Val Loss: 1.375006206035614
Update Train Finetune Iter: 85 | Validation best acc: 54.50
Iter: 90 | Val Acc: 52.5 | Val Loss: 1.2992390602827073
Update Train Finetune Iter: 90 | Validation best acc: 52.50
Iter: 95 | Val Acc: 51.0 | Val Loss: 1.2289866132289171
Update Train Finetune Iter: 95 | Validation best acc: 51.00
Iter: 100 | Val Acc: 51.0 | Val Loss: 1.1645294289290904
Update Train Finetune Iter: 100 | Validation best acc: 51.00
Iter: 105 | Val Acc: 50.0 | Val Loss: 1.1058415026217698
Update Train Finetune Iter: 105 | Validation best acc: 50.00
Iter: 110 | Val Acc: 50.0 | Val Loss: 1.0528603922575712
Update Train Finetune Iter: 110 | Validation best acc: 50.00
Iter: 115 | Val Acc: 50.0 | Val Loss: 1.0056295960024
Update Train Finetune Iter: 115 | Validation best acc: 50.00
Iter: 120 | Val Acc: 50.0 | Val Loss: 0.9633672774210572
Update Train Finetune Iter: 120 | Validation best acc: 50.00
Iter: 125 | Val Acc: 51.0 | Val Loss: 0.9256657020375133
Update Train Finetune Iter: 125 | Validation best acc: 51.00
Iter: 130 | Val Acc: 51.0 | Val Loss: 0.8915001374855638
Update Train Finetune Iter: 130 | Validation best acc: 51.00
Iter: 135 | Val Acc: 51.5 | Val Loss: 0.8608350541070103
Update Train Finetune Iter: 135 | Validation best acc: 51.50
Iter: 140 | Val Acc: 53.5 | Val Loss: 0.8323952340334654
Update Train Finetune Iter: 140 | Validation best acc: 53.50
Iter: 145 | Val Acc: 56.0 | Val Loss: 0.806490032710135
Update Train Finetune Iter: 145 | Validation best acc: 56.00
Iter: 150 | Val Acc: 57.0 | Val Loss: 0.7829023012518883
Update Train Finetune Iter: 150 | Validation best acc: 57.00
Iter: 155 | Val Acc: 56.5 | Val Loss: 0.7608783744648099
Update Train Finetune Iter: 155 | Validation best acc: 56.50
Iter: 160 | Val Acc: 58.0 | Val Loss: 0.7402103683725
Update Train Finetune Iter: 160 | Validation best acc: 58.00
Iter: 165 | Val Acc: 60.5 | Val Loss: 0.7209785459563136
Update Train Finetune Iter: 165 | Validation best acc: 60.50
Iter: 170 | Val Acc: 61.0 | Val Loss: 0.7028514536842704
Update Train Finetune Iter: 170 | Validation best acc: 61.00
Iter: 175 | Val Acc: 65.0 | Val Loss: 0.6858973221853375
Update Train Finetune Iter: 175 | Validation best acc: 65.00
Iter: 180 | Val Acc: 68.5 | Val Loss: 0.6699823357909918
Update Train Finetune Iter: 180 | Validation best acc: 68.50
Iter: 185 | Val Acc: 71.5 | Val Loss: 0.6547673112154007
Update Train Finetune Iter: 185 | Validation best acc: 71.50
Iter: 190 | Val Acc: 75.5 | Val Loss: 0.6402674768306315
Update Train Finetune Iter: 190 | Validation best acc: 75.50
Iter: 195 | Val Acc: 79.5 | Val Loss: 0.6261543869599699
Update Train Finetune Iter: 195 | Validation best acc: 79.50
Iter: 200 | Val Acc: 81.0 | Val Loss: 0.6124603771977126
Update Train Finetune Iter: 200 | Validation best acc: 81.00
Iter: 205 | Val Acc: 81.0 | Val Loss: 0.5992217562161386
Update Train Finetune Iter: 205 | Validation best acc: 81.00
Iter: 210 | Val Acc: 82.0 | Val Loss: 0.5866735645756126
Update Train Finetune Iter: 210 | Validation best acc: 82.00
Iter: 215 | Val Acc: 84.0 | Val Loss: 0.5741560276970268
Update Train Finetune Iter: 215 | Validation best acc: 84.00
Iter: 220 | Val Acc: 84.5 | Val Loss: 0.5622546608000993
Update Train Finetune Iter: 220 | Validation best acc: 84.50
Iter: 225 | Val Acc: 85.0 | Val Loss: 0.5505888188630342
Update Train Finetune Iter: 225 | Validation best acc: 85.00
Iter: 230 | Val Acc: 86.0 | Val Loss: 0.5391746897436679
Update Train Finetune Iter: 230 | Validation best acc: 86.00
Iter: 235 | Val Acc: 88.5 | Val Loss: 0.5277734224125743
Update Train Finetune Iter: 235 | Validation best acc: 88.50
Iter: 240 | Val Acc: 89.0 | Val Loss: 0.5163642396684736
Update Train Finetune Iter: 240 | Validation best acc: 89.00
Iter: 245 | Val Acc: 89.5 | Val Loss: 0.5053451355174183
Update Train Finetune Iter: 245 | Validation best acc: 89.50
Iter: 250 | Val Acc: 90.5 | Val Loss: 0.4944250547233969
Update Train Finetune Iter: 250 | Validation best acc: 90.50
Iter: 255 | Val Acc: 90.5 | Val Loss: 0.48366783645004036
Update Train Finetune Iter: 255 | Validation best acc: 90.50
Iter: 260 | Val Acc: 90.5 | Val Loss: 0.47321880150586365
Update Train Finetune Iter: 260 | Validation best acc: 90.50
Iter: 265 | Val Acc: 90.5 | Val Loss: 0.46263402327895164
Update Train Finetune Iter: 265 | Validation best acc: 90.50
Iter: 270 | Val Acc: 89.5 | Val Loss: 0.45246273137163373
Update Train Finetune Iter: 270 | Validation best acc: 89.50
Iter: 275 | Val Acc: 89.5 | Val Loss: 0.4423910520970821
Update Train Finetune Iter: 275 | Validation best acc: 89.50
Iter: 280 | Val Acc: 89.5 | Val Loss: 0.43283620281610635
Iter: 285 | Val Acc: 90.0 | Val Loss: 0.42370947951916604
Update Train Finetune Iter: 285 | Validation best acc: 90.00
Iter: 290 | Val Acc: 90.5 | Val Loss: 0.4145761122414842
Iter: 295 | Val Acc: 91.0 | Val Loss: 0.405783353340812
Update Train Finetune Iter: 295 | Validation best acc: 91.00
Iter: 300 | Val Acc: 91.0 | Val Loss: 0.39733311945106836
Iter: 305 | Val Acc: 91.0 | Val Loss: 0.38956631420413035
Update Train Finetune Iter: 305 | Validation best acc: 91.00
Iter: 310 | Val Acc: 90.5 | Val Loss: 0.38202769349794835
Iter: 315 | Val Acc: 91.0 | Val Loss: 0.3740908444602974
Update Train Finetune Iter: 315 | Validation best acc: 91.00
Iter: 320 | Val Acc: 91.0 | Val Loss: 0.3664396404346917
Iter: 325 | Val Acc: 91.0 | Val Loss: 0.3593494114710484
Update Train Finetune Iter: 325 | Validation best acc: 91.00
Iter: 330 | Val Acc: 91.0 | Val Loss: 0.3530534724588506
Iter: 335 | Val Acc: 91.5 | Val Loss: 0.3461504870187491
Update Train Finetune Iter: 335 | Validation best acc: 91.50
Iter: 340 | Val Acc: 91.5 | Val Loss: 0.33982600924908185
Iter: 345 | Val Acc: 91.5 | Val Loss: 0.3339876012626337
Update Train Finetune Iter: 345 | Validation best acc: 91.50
Iter: 350 | Val Acc: 91.5 | Val Loss: 0.32820671094814313
Iter: 355 | Val Acc: 91.5 | Val Loss: 0.3227114674123004
Update Train Finetune Iter: 355 | Validation best acc: 91.50
Iter: 360 | Val Acc: 91.5 | Val Loss: 0.31737936234567315
Iter: 365 | Val Acc: 91.0 | Val Loss: 0.31273881474335213
Iter: 370 | Val Acc: 91.0 | Val Loss: 0.3082519395177951
Update Train Finetune Iter: 370 | Validation best acc: 91.00
Iter: 375 | Val Acc: 91.0 | Val Loss: 0.3044673096938641
Iter: 380 | Val Acc: 91.5 | Val Loss: 0.30099419189355103
Iter: 385 | Val Acc: 91.5 | Val Loss: 0.2975970971467905
Update Train Finetune Iter: 385 | Validation best acc: 91.50
Iter: 390 | Val Acc: 91.0 | Val Loss: 0.2939318581635598
Iter: 395 | Val Acc: 91.0 | Val Loss: 0.29044437664444556
Iter: 400 | Val Acc: 91.0 | Val Loss: 0.2871678005854483
Update Train Finetune Iter: 400 | Validation best acc: 91.00
Iter: 405 | Val Acc: 91.0 | Val Loss: 0.28411185357748764
Iter: 410 | Val Acc: 91.0 | Val Loss: 0.2816109143938229
Iter: 415 | Val Acc: 91.0 | Val Loss: 0.2786229697486851
Iter: 420 | Val Acc: 90.5 | Val Loss: 0.27560692196333547
Update Train Finetune Iter: 420 | Validation best acc: 90.50
Iter: 425 | Val Acc: 90.5 | Val Loss: 0.2731584669761651
Iter: 430 | Val Acc: 91.0 | Val Loss: 0.27122636256623084
Iter: 435 | Val Acc: 91.0 | Val Loss: 0.2693652588882105
Iter: 440 | Val Acc: 91.0 | Val Loss: 0.2676210823599831
Iter: 445 | Val Acc: 90.5 | Val Loss: 0.2656791378181515
Iter: 450 | Val Acc: 90.5 | Val Loss: 0.26397245384949203
Update Train Finetune Iter: 450 | Validation best acc: 90.50
Iter: 455 | Val Acc: 91.0 | Val Loss: 0.2623830918479507
Iter: 460 | Val Acc: 90.5 | Val Loss: 0.26037217863129625
Iter: 465 | Val Acc: 90.5 | Val Loss: 0.258575684933312
Iter: 470 | Val Acc: 90.5 | Val Loss: 0.2572310383434524
Iter: 475 | Val Acc: 90.5 | Val Loss: 0.25586166952642087
Iter: 480 | Val Acc: 90.5 | Val Loss: 0.2546393648400408
Iter: 485 | Val Acc: 91.0 | Val Loss: 0.2537089061606093
Update Train Finetune Iter: 485 | Validation best acc: 91.00
Iter: 490 | Val Acc: 91.0 | Val Loss: 0.252334131696407
Iter: 495 | Val Acc: 91.0 | Val Loss: 0.2511953934146732
Iter: 0 | Val Acc: 50.0 | Val Loss: 1.4691268179815962
Update Train Finetune Iter: 0 | Validation best acc: 50.00
Iter: 5 | Val Acc: 50.0 | Val Loss: 1.4490931190063565
Update Train Finetune Iter: 5 | Validation best acc: 50.00
Iter: 10 | Val Acc: 50.0 | Val Loss: 1.4289945787777834
Update Train Finetune Iter: 10 | Validation best acc: 50.00
Iter: 15 | Val Acc: 50.0 | Val Loss: 1.408523682888772
Update Train Finetune Iter: 15 | Validation best acc: 50.00
Iter: 20 | Val Acc: 50.0 | Val Loss: 1.387403859394981
Update Train Finetune Iter: 20 | Validation best acc: 50.00
Iter: 25 | Val Acc: 50.0 | Val Loss: 1.3657445574556915
Update Train Finetune Iter: 25 | Validation best acc: 50.00
Iter: 30 | Val Acc: 50.0 | Val Loss: 1.3423578121497122
Update Train Finetune Iter: 30 | Validation best acc: 50.00
Iter: 35 | Val Acc: 50.0 | Val Loss: 1.317723225321024
Update Train Finetune Iter: 35 | Validation best acc: 50.00
Iter: 40 | Val Acc: 50.0 | Val Loss: 1.2912061776617338
Update Train Finetune Iter: 40 | Validation best acc: 50.00
Iter: 45 | Val Acc: 50.0 | Val Loss: 1.2633332414652978
Update Train Finetune Iter: 45 | Validation best acc: 50.00
Iter: 50 | Val Acc: 50.0 | Val Loss: 1.2332112541673268
Update Train Finetune Iter: 50 | Validation best acc: 50.00
Iter: 55 | Val Acc: 50.0 | Val Loss: 1.2014150570281346
Update Train Finetune Iter: 55 | Validation best acc: 50.00
Iter: 60 | Val Acc: 50.0 | Val Loss: 1.1683825593947403
Update Train Finetune Iter: 60 | Validation best acc: 50.00
Iter: 65 | Val Acc: 50.0 | Val Loss: 1.1342916271611465
Update Train Finetune Iter: 65 | Validation best acc: 50.00
Iter: 70 | Val Acc: 50.0 | Val Loss: 1.0991969051134947
Update Train Finetune Iter: 70 | Validation best acc: 50.00
Iter: 75 | Val Acc: 50.0 | Val Loss: 1.0621705990252668
Update Train Finetune Iter: 75 | Validation best acc: 50.00
Iter: 80 | Val Acc: 50.0 | Val Loss: 1.023583181760332
Update Train Finetune Iter: 80 | Validation best acc: 50.00
Iter: 85 | Val Acc: 50.0 | Val Loss: 0.9824043115309905
Update Train Finetune Iter: 85 | Validation best acc: 50.00
Iter: 90 | Val Acc: 50.0 | Val Loss: 0.9378595085057896
Update Train Finetune Iter: 90 | Validation best acc: 50.00
Iter: 95 | Val Acc: 50.0 | Val Loss: 0.8915241190325469
Update Train Finetune Iter: 95 | Validation best acc: 50.00
Iter: 100 | Val Acc: 50.0 | Val Loss: 0.8425583620974794
Update Train Finetune Iter: 100 | Validation best acc: 50.00
Iter: 105 | Val Acc: 50.0 | Val Loss: 0.790744848116301
Update Train Finetune Iter: 105 | Validation best acc: 50.00
Iter: 110 | Val Acc: 50.0 | Val Loss: 0.7403293091943488
Update Train Finetune Iter: 110 | Validation best acc: 50.00
Iter: 115 | Val Acc: 55.0 | Val Loss: 0.6957174574770033
Update Train Finetune Iter: 115 | Validation best acc: 55.00
Iter: 120 | Val Acc: 73.0 | Val Loss: 0.6532062803721055
Update Train Finetune Iter: 120 | Validation best acc: 73.00
Iter: 125 | Val Acc: 81.0 | Val Loss: 0.6145065033761784
Update Train Finetune Iter: 125 | Validation best acc: 81.00
Iter: 130 | Val Acc: 82.0 | Val Loss: 0.587134509193711
Update Train Finetune Iter: 130 | Validation best acc: 82.00
Iter: 135 | Val Acc: 82.5 | Val Loss: 0.5631349868234247
Update Train Finetune Iter: 135 | Validation best acc: 82.50
Iter: 140 | Val Acc: 81.5 | Val Loss: 0.5450143590057269
Update Train Finetune Iter: 140 | Validation best acc: 81.50
Iter: 145 | Val Acc: 80.0 | Val Loss: 0.5258138917479664
Update Train Finetune Iter: 145 | Validation best acc: 80.00
Iter: 150 | Val Acc: 80.0 | Val Loss: 0.5057343887118623
Update Train Finetune Iter: 150 | Validation best acc: 80.00
Iter: 155 | Val Acc: 79.0 | Val Loss: 0.49539487169124186
Update Train Finetune Iter: 155 | Validation best acc: 79.00
Iter: 160 | Val Acc: 80.0 | Val Loss: 0.48036299758590756
Update Train Finetune Iter: 160 | Validation best acc: 80.00
Iter: 165 | Val Acc: 81.5 | Val Loss: 0.4677058217395097
Update Train Finetune Iter: 165 | Validation best acc: 81.50
Iter: 170 | Val Acc: 82.0 | Val Loss: 0.4675764455460012
Iter: 175 | Val Acc: 83.0 | Val Loss: 0.44266121565771754
Update Train Finetune Iter: 175 | Validation best acc: 83.00
Iter: 180 | Val Acc: 84.5 | Val Loss: 0.44429668920871335
Iter: 185 | Val Acc: 84.5 | Val Loss: 0.43083460261055734
Update Train Finetune Iter: 185 | Validation best acc: 84.50
Iter: 190 | Val Acc: 84.0 | Val Loss: 0.42101496554940243
Iter: 195 | Val Acc: 84.0 | Val Loss: 0.4285760445409687
Iter: 200 | Val Acc: 84.0 | Val Loss: 0.41548858036956515
Update Train Finetune Iter: 200 | Validation best acc: 84.00
Iter: 205 | Val Acc: 83.5 | Val Loss: 0.4075462291421718
Iter: 210 | Val Acc: 83.5 | Val Loss: 0.40437843259540385
Update Train Finetune Iter: 210 | Validation best acc: 83.50
Iter: 215 | Val Acc: 83.0 | Val Loss: 0.39971150683646556
Iter: 220 | Val Acc: 83.5 | Val Loss: 0.3897614237443486
Update Train Finetune Iter: 220 | Validation best acc: 83.50
Iter: 225 | Val Acc: 83.5 | Val Loss: 0.3801711485817941
Iter: 230 | Val Acc: 83.0 | Val Loss: 0.38966999682925235
Iter: 235 | Val Acc: 83.5 | Val Loss: 0.38133243346077506
Iter: 240 | Val Acc: 83.0 | Val Loss: 0.3843751007253013
Iter: 245 | Val Acc: 84.5 | Val Loss: 0.36860560664536024
Update Train Finetune Iter: 245 | Validation best acc: 84.50
Iter: 250 | Val Acc: 84.5 | Val Loss: 0.3659943366252992
Iter: 255 | Val Acc: 84.5 | Val Loss: 0.3737775056681858
Iter: 260 | Val Acc: 84.5 | Val Loss: 0.37533281141473707
Iter: 265 | Val Acc: 84.5 | Val Loss: 0.3617538853618862
Iter: 270 | Val Acc: 85.0 | Val Loss: 0.3625746521333167
Iter: 275 | Val Acc: 85.0 | Val Loss: 0.362270400390571
Iter: 280 | Val Acc: 85.0 | Val Loss: 0.3648443842259803
Iter: 285 | Val Acc: 83.5 | Val Loss: 0.37357944805287846
Iter: 290 | Val Acc: 85.0 | Val Loss: 0.36314547806098746
Iter: 295 | Val Acc: 85.0 | Val Loss: 0.3511443428687198
Update Train Finetune Iter: 295 | Validation best acc: 85.00
Iter: 300 | Val Acc: 85.5 | Val Loss: 0.35718008755438857
Iter: 305 | Val Acc: 85.0 | Val Loss: 0.365132924018435
Iter: 310 | Val Acc: 85.0 | Val Loss: 0.3556096952973257
Iter: 315 | Val Acc: 85.5 | Val Loss: 0.36046689179331226
Iter: 320 | Val Acc: 86.0 | Val Loss: 0.35302720470712756
Iter: 325 | Val Acc: 85.5 | Val Loss: 0.35493818705045216
Iter: 330 | Val Acc: 86.0 | Val Loss: 0.3590843438565207
Iter: 335 | Val Acc: 86.5 | Val Loss: 0.3491331738206009
Iter: 340 | Val Acc: 86.0 | Val Loss: 0.350468683370882
Iter: 345 | Val Acc: 86.0 | Val Loss: 0.3556256418623252
Iter: 0 | Val Acc: 50.0 | Val Loss: 1.4790557665599045
Update Train Finetune Iter: 0 | Validation best acc: 50.00
Iter: 5 | Val Acc: 50.0 | Val Loss: 1.4491826237217174
Update Train Finetune Iter: 5 | Validation best acc: 50.00
Iter: 10 | Val Acc: 50.0 | Val Loss: 1.429676636048971
Update Train Finetune Iter: 10 | Validation best acc: 50.00
Iter: 15 | Val Acc: 50.0 | Val Loss: 1.4080683006204344
Update Train Finetune Iter: 15 | Validation best acc: 50.00
Iter: 20 | Val Acc: 50.0 | Val Loss: 1.386085365668405
Update Train Finetune Iter: 20 | Validation best acc: 50.00
Iter: 25 | Val Acc: 50.0 | Val Loss: 1.363187756044208
Update Train Finetune Iter: 25 | Validation best acc: 50.00
Iter: 30 | Val Acc: 50.0 | Val Loss: 1.3384086903615389
Update Train Finetune Iter: 30 | Validation best acc: 50.00
Iter: 35 | Val Acc: 50.0 | Val Loss: 1.3119426408542494
Update Train Finetune Iter: 35 | Validation best acc: 50.00
Iter: 40 | Val Acc: 50.0 | Val Loss: 1.2839134594726056
Update Train Finetune Iter: 40 | Validation best acc: 50.00
Iter: 45 | Val Acc: 50.0 | Val Loss: 1.254007032814552
Update Train Finetune Iter: 45 | Validation best acc: 50.00
Iter: 50 | Val Acc: 50.0 | Val Loss: 1.222214197656358
Update Train Finetune Iter: 50 | Validation best acc: 50.00
Iter: 55 | Val Acc: 50.0 | Val Loss: 1.1890247147974151
Update Train Finetune Iter: 55 | Validation best acc: 50.00
Iter: 60 | Val Acc: 50.0 | Val Loss: 1.1546206619450823
Update Train Finetune Iter: 60 | Validation best acc: 50.00
Iter: 65 | Val Acc: 50.0 | Val Loss: 1.119091905894893
Update Train Finetune Iter: 65 | Validation best acc: 50.00
Iter: 70 | Val Acc: 50.0 | Val Loss: 1.0814684609152028
Update Train Finetune Iter: 70 | Validation best acc: 50.00
Iter: 75 | Val Acc: 50.0 | Val Loss: 1.0437386951514054
Update Train Finetune Iter: 75 | Validation best acc: 50.00
Iter: 80 | Val Acc: 50.0 | Val Loss: 1.0052909222932067
Update Train Finetune Iter: 80 | Validation best acc: 50.00
Iter: 85 | Val Acc: 50.0 | Val Loss: 0.961038302439847
Update Train Finetune Iter: 85 | Validation best acc: 50.00
Iter: 90 | Val Acc: 50.0 | Val Loss: 0.9124839588755276
Update Train Finetune Iter: 90 | Validation best acc: 50.00
Iter: 95 | Val Acc: 50.0 | Val Loss: 0.8643337854545098
Update Train Finetune Iter: 95 | Validation best acc: 50.00
Iter: 100 | Val Acc: 50.0 | Val Loss: 0.8141883892845363
Update Train Finetune Iter: 100 | Validation best acc: 50.00
Iter: 105 | Val Acc: 50.0 | Val Loss: 0.7633539160015061
Update Train Finetune Iter: 105 | Validation best acc: 50.00
Iter: 110 | Val Acc: 50.5 | Val Loss: 0.7142620469117538
Update Train Finetune Iter: 110 | Validation best acc: 50.50
Iter: 115 | Val Acc: 63.5 | Val Loss: 0.6701048116153107
Update Train Finetune Iter: 115 | Validation best acc: 63.50
Iter: 120 | Val Acc: 80.0 | Val Loss: 0.6353590844012796
Update Train Finetune Iter: 120 | Validation best acc: 80.00
Iter: 125 | Val Acc: 81.5 | Val Loss: 0.6033583530038595
Update Train Finetune Iter: 125 | Validation best acc: 81.50
Iter: 130 | Val Acc: 82.5 | Val Loss: 0.5760134048946202
Update Train Finetune Iter: 130 | Validation best acc: 82.50
Iter: 135 | Val Acc: 81.5 | Val Loss: 0.5595448411535472
Update Train Finetune Iter: 135 | Validation best acc: 81.50
Iter: 140 | Val Acc: 78.0 | Val Loss: 0.5420047388132662
Update Train Finetune Iter: 140 | Validation best acc: 78.00
Iter: 145 | Val Acc: 78.0 | Val Loss: 0.5233901732135564
Update Train Finetune Iter: 145 | Validation best acc: 78.00
Iter: 150 | Val Acc: 79.5 | Val Loss: 0.5001000777143054
Update Train Finetune Iter: 150 | Validation best acc: 79.50
Iter: 155 | Val Acc: 80.5 | Val Loss: 0.48347119263140487
Update Train Finetune Iter: 155 | Validation best acc: 80.50
Iter: 160 | Val Acc: 79.5 | Val Loss: 0.4887695842073299
Iter: 165 | Val Acc: 80.0 | Val Loss: 0.4700130740145687
Update Train Finetune Iter: 165 | Validation best acc: 80.00
Iter: 170 | Val Acc: 82.0 | Val Loss: 0.46578063325956465
Iter: 175 | Val Acc: 82.0 | Val Loss: 0.46158239970973225
Iter: 180 | Val Acc: 84.0 | Val Loss: 0.44138836130616255
Update Train Finetune Iter: 180 | Validation best acc: 84.00
Iter: 185 | Val Acc: 84.0 | Val Loss: 0.4371326725475956
Iter: 190 | Val Acc: 84.0 | Val Loss: 0.4292941194825107
Update Train Finetune Iter: 190 | Validation best acc: 84.00
Iter: 195 | Val Acc: 83.5 | Val Loss: 0.41818734789470907
Update Train Finetune Iter: 195 | Validation best acc: 83.50
Iter: 200 | Val Acc: 83.5 | Val Loss: 0.41877882631670216
Iter: 205 | Val Acc: 83.5 | Val Loss: 0.41263138431517293
Iter: 210 | Val Acc: 83.0 | Val Loss: 0.3921958075864677
Update Train Finetune Iter: 210 | Validation best acc: 83.00
Iter: 215 | Val Acc: 82.5 | Val Loss: 0.39350339978700505
Iter: 220 | Val Acc: 82.5 | Val Loss: 0.3946991590388643
Iter: 225 | Val Acc: 83.0 | Val Loss: 0.38818413785629674
Iter: 230 | Val Acc: 83.5 | Val Loss: 0.3822257048528263
Iter: 235 | Val Acc: 83.5 | Val Loss: 0.3818936735697207
Update Train Finetune Iter: 235 | Validation best acc: 83.50
Iter: 240 | Val Acc: 83.0 | Val Loss: 0.38613287277454217
Iter: 245 | Val Acc: 83.5 | Val Loss: 0.3742647850159483
Iter: 250 | Val Acc: 83.0 | Val Loss: 0.38782920952900896
Iter: 255 | Val Acc: 84.0 | Val Loss: 0.37199803872150367
Iter: 260 | Val Acc: 85.0 | Val Loss: 0.3641902535351255
Update Train Finetune Iter: 260 | Validation best acc: 85.00
Iter: 265 | Val Acc: 85.0 | Val Loss: 0.3654633371780801
Iter: 270 | Val Acc: 84.0 | Val Loss: 0.3723346731385027
Iter: 275 | Val Acc: 85.0 | Val Loss: 0.3658471180334527
Iter: 280 | Val Acc: 85.5 | Val Loss: 0.3557530511229015
Iter: 285 | Val Acc: 84.0 | Val Loss: 0.36822086286494593
Iter: 290 | Val Acc: 84.5 | Val Loss: 0.3741576352318043
Iter: 295 | Val Acc: 85.5 | Val Loss: 0.35426553791176046
Iter: 300 | Val Acc: 86.0 | Val Loss: 0.35778591459726156
Iter: 305 | Val Acc: 86.5 | Val Loss: 0.3583893223995983
Iter: 310 | Val Acc: 85.5 | Val Loss: 0.3526717240260814
Update Train Finetune Iter: 310 | Validation best acc: 85.50
Iter: 315 | Val Acc: 86.0 | Val Loss: 0.3538988775376947
Iter: 320 | Val Acc: 85.5 | Val Loss: 0.3520908400692269
Iter: 325 | Val Acc: 86.5 | Val Loss: 0.3631385006572509
Iter: 330 | Val Acc: 86.0 | Val Loss: 0.3610300727019694
Iter: 335 | Val Acc: 86.0 | Val Loss: 0.35213760093790825
Iter: 340 | Val Acc: 85.5 | Val Loss: 0.3547311851759855
Iter: 345 | Val Acc: 86.0 | Val Loss: 0.35082278955183027
Iter: 350 | Val Acc: 86.0 | Val Loss: 0.35570624278721197
Iter: 355 | Val Acc: 86.5 | Val Loss: 0.3547151753233061
Iter: 360 | Val Acc: 86.5 | Val Loss: 0.3564546569205868
Iter: 0 | Val Acc: 14.0 | Val Loss: 2.26854522228241
Update Train Finetune Iter: 0 | Validation best acc: 14.00
Iter: 5 | Val Acc: 33.0 | Val Loss: 2.2503583526611326
Update Train Finetune Iter: 5 | Validation best acc: 33.00
Iter: 10 | Val Acc: 47.5 | Val Loss: 2.2315527963638306
Update Train Finetune Iter: 10 | Validation best acc: 47.50
Iter: 15 | Val Acc: 58.5 | Val Loss: 2.2109044790267944
Update Train Finetune Iter: 15 | Validation best acc: 58.50
Iter: 20 | Val Acc: 68.5 | Val Loss: 2.187500548362732
Update Train Finetune Iter: 20 | Validation best acc: 68.50
Iter: 25 | Val Acc: 76.0 | Val Loss: 2.1601153659820556
Update Train Finetune Iter: 25 | Validation best acc: 76.00
Iter: 30 | Val Acc: 79.0 | Val Loss: 2.1273142129182814
Update Train Finetune Iter: 30 | Validation best acc: 79.00
Iter: 35 | Val Acc: 81.0 | Val Loss: 2.0881709867715834
Update Train Finetune Iter: 35 | Validation best acc: 81.00
Iter: 40 | Val Acc: 80.5 | Val Loss: 2.0417176562547685
Update Train Finetune Iter: 40 | Validation best acc: 80.50
Iter: 45 | Val Acc: 78.0 | Val Loss: 1.988464657664299
Update Train Finetune Iter: 45 | Validation best acc: 78.00
Iter: 50 | Val Acc: 77.5 | Val Loss: 1.9292539590597153
Update Train Finetune Iter: 50 | Validation best acc: 77.50
Iter: 55 | Val Acc: 76.5 | Val Loss: 1.8644644099473953
Update Train Finetune Iter: 55 | Validation best acc: 76.50
Iter: 60 | Val Acc: 71.0 | Val Loss: 1.7934707152843474
Update Train Finetune Iter: 60 | Validation best acc: 71.00
Iter: 65 | Val Acc: 68.0 | Val Loss: 1.7176032236218453
Update Train Finetune Iter: 65 | Validation best acc: 68.00
Iter: 70 | Val Acc: 65.0 | Val Loss: 1.6384222987294197
Update Train Finetune Iter: 70 | Validation best acc: 65.00
Iter: 75 | Val Acc: 62.0 | Val Loss: 1.5569755724072456
Update Train Finetune Iter: 75 | Validation best acc: 62.00
Iter: 80 | Val Acc: 61.0 | Val Loss: 1.4743647408485412
Update Train Finetune Iter: 80 | Validation best acc: 61.00
Iter: 85 | Val Acc: 59.0 | Val Loss: 1.3932554461061954
Update Train Finetune Iter: 85 | Validation best acc: 59.00
Iter: 90 | Val Acc: 59.0 | Val Loss: 1.3159818109869956
Update Train Finetune Iter: 90 | Validation best acc: 59.00
Iter: 95 | Val Acc: 57.5 | Val Loss: 1.2442002783715724
Update Train Finetune Iter: 95 | Validation best acc: 57.50
Iter: 100 | Val Acc: 55.5 | Val Loss: 1.1783063700795173
Update Train Finetune Iter: 100 | Validation best acc: 55.50
Iter: 105 | Val Acc: 54.5 | Val Loss: 1.1183585344254972
Update Train Finetune Iter: 105 | Validation best acc: 54.50
Iter: 110 | Val Acc: 54.0 | Val Loss: 1.0638608509302139
Update Train Finetune Iter: 110 | Validation best acc: 54.00
Iter: 115 | Val Acc: 54.5 | Val Loss: 1.0138087318837643
Update Train Finetune Iter: 115 | Validation best acc: 54.50
Iter: 120 | Val Acc: 57.0 | Val Loss: 0.9686197143048048
Update Train Finetune Iter: 120 | Validation best acc: 57.00
Iter: 125 | Val Acc: 59.0 | Val Loss: 0.9279752829670906
Update Train Finetune Iter: 125 | Validation best acc: 59.00
Iter: 130 | Val Acc: 59.0 | Val Loss: 0.892417546287179
Update Train Finetune Iter: 130 | Validation best acc: 59.00
Iter: 135 | Val Acc: 59.5 | Val Loss: 0.8605558851361275
Update Train Finetune Iter: 135 | Validation best acc: 59.50
Iter: 140 | Val Acc: 62.0 | Val Loss: 0.8317302220314741
Update Train Finetune Iter: 140 | Validation best acc: 62.00
Iter: 145 | Val Acc: 63.0 | Val Loss: 0.8057528036087751
Update Train Finetune Iter: 145 | Validation best acc: 63.00
Iter: 150 | Val Acc: 63.5 | Val Loss: 0.7827741848677396
Update Train Finetune Iter: 150 | Validation best acc: 63.50
Iter: 155 | Val Acc: 65.5 | Val Loss: 0.7622047249227762
Update Train Finetune Iter: 155 | Validation best acc: 65.50
Iter: 160 | Val Acc: 66.5 | Val Loss: 0.7427408703416586
Update Train Finetune Iter: 160 | Validation best acc: 66.50
Iter: 165 | Val Acc: 70.0 | Val Loss: 0.7246580274403095
Update Train Finetune Iter: 165 | Validation best acc: 70.00
Iter: 170 | Val Acc: 71.0 | Val Loss: 0.7078593280166388
Update Train Finetune Iter: 170 | Validation best acc: 71.00
Iter: 175 | Val Acc: 72.0 | Val Loss: 0.692146323248744
Update Train Finetune Iter: 175 | Validation best acc: 72.00
Iter: 180 | Val Acc: 72.0 | Val Loss: 0.6774769566953183
Update Train Finetune Iter: 180 | Validation best acc: 72.00
Iter: 185 | Val Acc: 74.0 | Val Loss: 0.6631768339127302
Update Train Finetune Iter: 185 | Validation best acc: 74.00
Iter: 190 | Val Acc: 75.5 | Val Loss: 0.6490709194540978
Update Train Finetune Iter: 190 | Validation best acc: 75.50
Iter: 195 | Val Acc: 77.0 | Val Loss: 0.6361316801980138
Update Train Finetune Iter: 195 | Validation best acc: 77.00
Iter: 200 | Val Acc: 78.0 | Val Loss: 0.62361497618258
Update Train Finetune Iter: 200 | Validation best acc: 78.00
Iter: 205 | Val Acc: 78.5 | Val Loss: 0.6114761917293072
Update Train Finetune Iter: 205 | Validation best acc: 78.50
Iter: 210 | Val Acc: 80.0 | Val Loss: 0.600200313217938
Update Train Finetune Iter: 210 | Validation best acc: 80.00
Iter: 215 | Val Acc: 82.0 | Val Loss: 0.5890058213844895
Update Train Finetune Iter: 215 | Validation best acc: 82.00
Iter: 220 | Val Acc: 81.5 | Val Loss: 0.5787270528636873
Update Train Finetune Iter: 220 | Validation best acc: 81.50
Iter: 225 | Val Acc: 83.0 | Val Loss: 0.5687902017496527
Iter: 230 | Val Acc: 83.0 | Val Loss: 0.5595854886434972
Update Train Finetune Iter: 230 | Validation best acc: 83.00
Iter: 235 | Val Acc: 83.0 | Val Loss: 0.5507925121672451
Iter: 240 | Val Acc: 84.0 | Val Loss: 0.5423088435642421
Update Train Finetune Iter: 240 | Validation best acc: 84.00
Iter: 245 | Val Acc: 84.5 | Val Loss: 0.5335734832659363
Iter: 250 | Val Acc: 85.0 | Val Loss: 0.5248876661621034
Update Train Finetune Iter: 250 | Validation best acc: 85.00
Iter: 255 | Val Acc: 85.0 | Val Loss: 0.5169793132320046
Iter: 260 | Val Acc: 85.0 | Val Loss: 0.5098776710126549
Update Train Finetune Iter: 260 | Validation best acc: 85.00
Iter: 265 | Val Acc: 85.0 | Val Loss: 0.5028713381756097
Iter: 270 | Val Acc: 85.0 | Val Loss: 0.4960787568520755
Update Train Finetune Iter: 270 | Validation best acc: 85.00
Iter: 275 | Val Acc: 85.0 | Val Loss: 0.48938996797427536
Iter: 280 | Val Acc: 85.5 | Val Loss: 0.48285796691663563
Update Train Finetune Iter: 280 | Validation best acc: 85.50
Iter: 285 | Val Acc: 85.5 | Val Loss: 0.476931240381673
Iter: 290 | Val Acc: 85.5 | Val Loss: 0.4713628377951682
Update Train Finetune Iter: 290 | Validation best acc: 85.50
Iter: 295 | Val Acc: 85.0 | Val Loss: 0.4656932869274169
Iter: 300 | Val Acc: 84.5 | Val Loss: 0.45993772683199496
Update Train Finetune Iter: 300 | Validation best acc: 84.50
Iter: 305 | Val Acc: 85.0 | Val Loss: 0.4549656914919615
Iter: 310 | Val Acc: 84.5 | Val Loss: 0.4498285681568086
Update Train Finetune Iter: 310 | Validation best acc: 84.50
Iter: 315 | Val Acc: 84.5 | Val Loss: 0.4448168017249554
Iter: 320 | Val Acc: 84.5 | Val Loss: 0.44039287335705013
Iter: 325 | Val Acc: 84.5 | Val Loss: 0.43617822468746453
Update Train Finetune Iter: 325 | Validation best acc: 84.50
Iter: 330 | Val Acc: 84.5 | Val Loss: 0.4320185702573508
Iter: 335 | Val Acc: 84.5 | Val Loss: 0.42793853260809556
Iter: 340 | Val Acc: 84.5 | Val Loss: 0.4243638091068715
Update Train Finetune Iter: 340 | Validation best acc: 84.50
Iter: 345 | Val Acc: 84.5 | Val Loss: 0.4213600042741746
Iter: 350 | Val Acc: 84.5 | Val Loss: 0.4174199493881315
Iter: 355 | Val Acc: 84.5 | Val Loss: 0.41392531401244925
Update Train Finetune Iter: 355 | Validation best acc: 84.50
Iter: 360 | Val Acc: 84.5 | Val Loss: 0.41092785506509244
Iter: 365 | Val Acc: 84.5 | Val Loss: 0.408182625900954
Iter: 370 | Val Acc: 84.5 | Val Loss: 0.4057990595395677
Iter: 375 | Val Acc: 84.5 | Val Loss: 0.4031647545727901
Update Train Finetune Iter: 375 | Validation best acc: 84.50
Iter: 380 | Val Acc: 84.5 | Val Loss: 0.4006711152580101
Iter: 385 | Val Acc: 85.0 | Val Loss: 0.3977379827445839
Iter: 390 | Val Acc: 85.0 | Val Loss: 0.3953204455692321
Iter: 395 | Val Acc: 85.0 | Val Loss: 0.39330537732923404
Iter: 400 | Val Acc: 85.0 | Val Loss: 0.3913270655076485
Update Train Finetune Iter: 400 | Validation best acc: 85.00
Iter: 405 | Val Acc: 85.0 | Val Loss: 0.38930819211760537
Iter: 410 | Val Acc: 85.0 | Val Loss: 0.3871535893017426
Iter: 415 | Val Acc: 84.5 | Val Loss: 0.38538049930590207
Iter: 420 | Val Acc: 84.0 | Val Loss: 0.3838484138215426
Iter: 425 | Val Acc: 84.0 | Val Loss: 0.38314064977224915
Iter: 430 | Val Acc: 83.5 | Val Loss: 0.38155094991205263
Iter: 435 | Val Acc: 85.0 | Val Loss: 0.38028854805103035
Update Train Finetune Iter: 435 | Validation best acc: 85.00
Iter: 440 | Val Acc: 84.5 | Val Loss: 0.37945643609855323
Iter: 445 | Val Acc: 84.5 | Val Loss: 0.3780913429753855
Iter: 450 | Val Acc: 84.5 | Val Loss: 0.3766807846206939
Iter: 455 | Val Acc: 84.5 | Val Loss: 0.3754482110426761
Iter: 460 | Val Acc: 85.0 | Val Loss: 0.37432026978523936
Iter: 465 | Val Acc: 85.0 | Val Loss: 0.3736267352756113
Iter: 470 | Val Acc: 85.0 | Val Loss: 0.37275444248167333
Iter: 475 | Val Acc: 84.5 | Val Loss: 0.3718173118232517
Iter: 480 | Val Acc: 85.0 | Val Loss: 0.37131834000349045
Iter: 485 | Val Acc: 85.0 | Val Loss: 0.3706647691782564
Iter: 0 | Val Acc: 50.0 | Val Loss: 1.8922938141506165
Update Train Finetune Iter: 0 | Validation best acc: 50.00
Iter: 5 | Val Acc: 50.0 | Val Loss: 1.8605677141435444
Update Train Finetune Iter: 5 | Validation best acc: 50.00
Iter: 10 | Val Acc: 50.0 | Val Loss: 1.824761846549809
Update Train Finetune Iter: 10 | Validation best acc: 50.00
Iter: 15 | Val Acc: 50.0 | Val Loss: 1.7879761928971858
Update Train Finetune Iter: 15 | Validation best acc: 50.00
Iter: 20 | Val Acc: 50.0 | Val Loss: 1.7525333717465401
Update Train Finetune Iter: 20 | Validation best acc: 50.00
Iter: 25 | Val Acc: 50.0 | Val Loss: 1.7171845826040952
Update Train Finetune Iter: 25 | Validation best acc: 50.00
Iter: 30 | Val Acc: 50.0 | Val Loss: 1.6812415260076523
Update Train Finetune Iter: 30 | Validation best acc: 50.00
Iter: 35 | Val Acc: 50.0 | Val Loss: 1.643617617767304
Update Train Finetune Iter: 35 | Validation best acc: 50.00
Iter: 40 | Val Acc: 50.0 | Val Loss: 1.6058906732778997
Update Train Finetune Iter: 40 | Validation best acc: 50.00
Iter: 45 | Val Acc: 50.0 | Val Loss: 1.5638109395699575
Update Train Finetune Iter: 45 | Validation best acc: 50.00
Iter: 50 | Val Acc: 50.0 | Val Loss: 1.5202270365785808
Update Train Finetune Iter: 50 | Validation best acc: 50.00
Iter: 55 | Val Acc: 50.0 | Val Loss: 1.4736608645878733
Update Train Finetune Iter: 55 | Validation best acc: 50.00
Iter: 60 | Val Acc: 50.0 | Val Loss: 1.4214455614052712
Update Train Finetune Iter: 60 | Validation best acc: 50.00
Iter: 65 | Val Acc: 50.0 | Val Loss: 1.3671455681603402
Update Train Finetune Iter: 65 | Validation best acc: 50.00
Iter: 70 | Val Acc: 50.0 | Val Loss: 1.3090267098881305
Update Train Finetune Iter: 70 | Validation best acc: 50.00
Iter: 75 | Val Acc: 50.0 | Val Loss: 1.2484112471155822
Update Train Finetune Iter: 75 | Validation best acc: 50.00
Iter: 80 | Val Acc: 50.0 | Val Loss: 1.1860282579995691
Update Train Finetune Iter: 80 | Validation best acc: 50.00
Iter: 85 | Val Acc: 50.0 | Val Loss: 1.1218682946264744
Update Train Finetune Iter: 85 | Validation best acc: 50.00
Iter: 90 | Val Acc: 50.0 | Val Loss: 1.0565906280092896
Update Train Finetune Iter: 90 | Validation best acc: 50.00
Iter: 95 | Val Acc: 50.0 | Val Loss: 0.9886504087597132
Update Train Finetune Iter: 95 | Validation best acc: 50.00
Iter: 100 | Val Acc: 50.0 | Val Loss: 0.9202693339064717
Update Train Finetune Iter: 100 | Validation best acc: 50.00
Iter: 105 | Val Acc: 50.0 | Val Loss: 0.8588826744630933
Update Train Finetune Iter: 105 | Validation best acc: 50.00
Iter: 110 | Val Acc: 51.0 | Val Loss: 0.8090720870345831
Update Train Finetune Iter: 110 | Validation best acc: 51.00
Iter: 115 | Val Acc: 67.5 | Val Loss: 0.7698505535721779
Update Train Finetune Iter: 115 | Validation best acc: 67.50
Iter: 120 | Val Acc: 69.0 | Val Loss: 0.748565849661827
Update Train Finetune Iter: 120 | Validation best acc: 69.00
Iter: 125 | Val Acc: 64.5 | Val Loss: 0.7284129086136818
Update Train Finetune Iter: 125 | Validation best acc: 64.50
Iter: 130 | Val Acc: 64.5 | Val Loss: 0.7136287554353475
Update Train Finetune Iter: 130 | Validation best acc: 64.50
Iter: 135 | Val Acc: 64.5 | Val Loss: 0.7038347798585892
Iter: 140 | Val Acc: 64.0 | Val Loss: 0.695292044878006
Update Train Finetune Iter: 140 | Validation best acc: 64.00
Iter: 145 | Val Acc: 64.0 | Val Loss: 0.6902627362310887
Iter: 150 | Val Acc: 63.5 | Val Loss: 0.6866565475612879
Iter: 155 | Val Acc: 61.5 | Val Loss: 0.692751363068819
Iter: 160 | Val Acc: 63.0 | Val Loss: 0.684355069771409
Update Train Finetune Iter: 160 | Validation best acc: 63.00
Iter: 165 | Val Acc: 65.0 | Val Loss: 0.6730833965539932
Update Train Finetune Iter: 165 | Validation best acc: 65.00
Iter: 170 | Val Acc: 64.5 | Val Loss: 0.6743431858718395
Iter: 175 | Val Acc: 62.0 | Val Loss: 0.6862607921659947
Iter: 180 | Val Acc: 64.5 | Val Loss: 0.6721707890927792
Iter: 185 | Val Acc: 65.5 | Val Loss: 0.6654147097840906
Iter: 190 | Val Acc: 65.5 | Val Loss: 0.665372176580131
Iter: 195 | Val Acc: 65.0 | Val Loss: 0.669384995661676
Iter: 200 | Val Acc: 67.0 | Val Loss: 0.6555252745002508
Update Train Finetune Iter: 200 | Validation best acc: 67.00
Iter: 205 | Val Acc: 67.0 | Val Loss: 0.654425244294107
Iter: 210 | Val Acc: 67.0 | Val Loss: 0.6548587770015001
Iter: 215 | Val Acc: 66.5 | Val Loss: 0.6521345076337457
Iter: 220 | Val Acc: 66.0 | Val Loss: 0.655319037195295
Iter: 225 | Val Acc: 66.5 | Val Loss: 0.6513003932870924
Iter: 230 | Val Acc: 66.5 | Val Loss: 0.6479152967222035
Iter: 235 | Val Acc: 66.0 | Val Loss: 0.6469121597334743
Iter: 240 | Val Acc: 66.5 | Val Loss: 0.6403889967501164
Update Train Finetune Iter: 240 | Validation best acc: 66.50
Iter: 245 | Val Acc: 66.5 | Val Loss: 0.6434723220206797
Iter: 250 | Val Acc: 66.5 | Val Loss: 0.6412704760953784
Iter: 255 | Val Acc: 66.5 | Val Loss: 0.637277198145166
Iter: 260 | Val Acc: 66.0 | Val Loss: 0.639542098166421
Iter: 265 | Val Acc: 67.0 | Val Loss: 0.6374585010390729
Iter: 270 | Val Acc: 67.0 | Val Loss: 0.636204179264605
Iter: 275 | Val Acc: 67.0 | Val Loss: 0.6367833813652396
Iter: 280 | Val Acc: 67.5 | Val Loss: 0.632452351693064
Iter: 285 | Val Acc: 68.0 | Val Loss: 0.6301700235903263
Update Train Finetune Iter: 285 | Validation best acc: 68.00
Iter: 290 | Val Acc: 68.0 | Val Loss: 0.6336321055795997
Iter: 295 | Val Acc: 68.0 | Val Loss: 0.6336977588292211
Iter: 300 | Val Acc: 68.0 | Val Loss: 0.6334866950754077
Iter: 305 | Val Acc: 68.0 | Val Loss: 0.6336240195529536
Iter: 310 | Val Acc: 69.0 | Val Loss: 0.6248924874747172
Iter: 315 | Val Acc: 68.0 | Val Loss: 0.6321644875919447
Iter: 320 | Val Acc: 68.0 | Val Loss: 0.6286502876970917
Iter: 325 | Val Acc: 70.0 | Val Loss: 0.6188991161249578
Update Train Finetune Iter: 325 | Validation best acc: 70.00
Iter: 330 | Val Acc: 68.0 | Val Loss: 0.6306448581581935
Iter: 335 | Val Acc: 69.0 | Val Loss: 0.6267252101516351
Iter: 340 | Val Acc: 69.5 | Val Loss: 0.623275357442908
Iter: 345 | Val Acc: 70.0 | Val Loss: 0.6221707310667262
Iter: 350 | Val Acc: 69.5 | Val Loss: 0.6188516166713088
Iter: 355 | Val Acc: 70.0 | Val Loss: 0.6202869897452183
Iter: 360 | Val Acc: 69.0 | Val Loss: 0.6167864831187763
Iter: 365 | Val Acc: 69.0 | Val Loss: 0.6174225412565284
Iter: 370 | Val Acc: 68.5 | Val Loss: 0.6169368179934099
Iter: 375 | Val Acc: 68.5 | Val Loss: 0.6171703619975597
Iter: 0 | Val Acc: 50.0 | Val Loss: 1.9551443062047473
Update Train Finetune Iter: 0 | Validation best acc: 50.00
Iter: 5 | Val Acc: 50.0 | Val Loss: 1.861633209194988
Update Train Finetune Iter: 5 | Validation best acc: 50.00
Iter: 10 | Val Acc: 50.0 | Val Loss: 1.838459484130144
Update Train Finetune Iter: 10 | Validation best acc: 50.00
Iter: 15 | Val Acc: 50.0 | Val Loss: 1.8101008399017156
Update Train Finetune Iter: 15 | Validation best acc: 50.00
Iter: 20 | Val Acc: 50.0 | Val Loss: 1.7705227154493333
Update Train Finetune Iter: 20 | Validation best acc: 50.00
Iter: 25 | Val Acc: 50.0 | Val Loss: 1.7300882447790356
Update Train Finetune Iter: 25 | Validation best acc: 50.00
Iter: 30 | Val Acc: 50.0 | Val Loss: 1.6933859048970044
Update Train Finetune Iter: 30 | Validation best acc: 50.00
Iter: 35 | Val Acc: 50.0 | Val Loss: 1.6587304538488388
Update Train Finetune Iter: 35 | Validation best acc: 50.00
Iter: 40 | Val Acc: 50.0 | Val Loss: 1.6229923844709992
Update Train Finetune Iter: 40 | Validation best acc: 50.00
Iter: 45 | Val Acc: 50.0 | Val Loss: 1.583352271085605
Update Train Finetune Iter: 45 | Validation best acc: 50.00
Iter: 50 | Val Acc: 50.0 | Val Loss: 1.5398210403881967
Update Train Finetune Iter: 50 | Validation best acc: 50.00
Iter: 55 | Val Acc: 50.0 | Val Loss: 1.4949699057731778
Update Train Finetune Iter: 55 | Validation best acc: 50.00
Iter: 60 | Val Acc: 50.0 | Val Loss: 1.446331362305209
Update Train Finetune Iter: 60 | Validation best acc: 50.00
Iter: 65 | Val Acc: 50.0 | Val Loss: 1.394787555169314
Update Train Finetune Iter: 65 | Validation best acc: 50.00
Iter: 70 | Val Acc: 50.0 | Val Loss: 1.3418451610952615
Update Train Finetune Iter: 70 | Validation best acc: 50.00
Iter: 75 | Val Acc: 50.0 | Val Loss: 1.285789259755984
Update Train Finetune Iter: 75 | Validation best acc: 50.00
Iter: 80 | Val Acc: 50.0 | Val Loss: 1.2272597068920732
Update Train Finetune Iter: 80 | Validation best acc: 50.00
Iter: 85 | Val Acc: 50.0 | Val Loss: 1.1663837769068777
Update Train Finetune Iter: 85 | Validation best acc: 50.00
Iter: 90 | Val Acc: 50.0 | Val Loss: 1.1036204613931477
Update Train Finetune Iter: 90 | Validation best acc: 50.00
Iter: 95 | Val Acc: 50.0 | Val Loss: 1.0361754814721644
Update Train Finetune Iter: 95 | Validation best acc: 50.00
Iter: 100 | Val Acc: 50.0 | Val Loss: 0.9702003780752421
Update Train Finetune Iter: 100 | Validation best acc: 50.00
Iter: 105 | Val Acc: 50.0 | Val Loss: 0.907527760528028
Update Train Finetune Iter: 105 | Validation best acc: 50.00
Iter: 110 | Val Acc: 50.0 | Val Loss: 0.8509336900338531
Update Train Finetune Iter: 110 | Validation best acc: 50.00
Iter: 115 | Val Acc: 51.0 | Val Loss: 0.8031358331441879
Update Train Finetune Iter: 115 | Validation best acc: 51.00
Iter: 120 | Val Acc: 65.5 | Val Loss: 0.7682952177524567
Update Train Finetune Iter: 120 | Validation best acc: 65.50
Iter: 125 | Val Acc: 68.5 | Val Loss: 0.7446917196363211
Update Train Finetune Iter: 125 | Validation best acc: 68.50
Iter: 130 | Val Acc: 64.5 | Val Loss: 0.7286799763143063
Update Train Finetune Iter: 130 | Validation best acc: 64.50
Iter: 135 | Val Acc: 64.5 | Val Loss: 0.7174621893465519
Update Train Finetune Iter: 135 | Validation best acc: 64.50
Iter: 140 | Val Acc: 63.5 | Val Loss: 0.7086638715863228
Iter: 145 | Val Acc: 63.5 | Val Loss: 0.7003830245882273
Update Train Finetune Iter: 145 | Validation best acc: 63.50
Iter: 150 | Val Acc: 64.0 | Val Loss: 0.6889552421867847
Update Train Finetune Iter: 150 | Validation best acc: 64.00
Iter: 155 | Val Acc: 62.0 | Val Loss: 0.6937234243750572
Iter: 160 | Val Acc: 62.5 | Val Loss: 0.6900322004407644
Iter: 165 | Val Acc: 64.0 | Val Loss: 0.6825713837891817
Iter: 170 | Val Acc: 62.5 | Val Loss: 0.6868562100082636
Iter: 175 | Val Acc: 62.5 | Val Loss: 0.6875875732302665
Iter: 180 | Val Acc: 64.0 | Val Loss: 0.6803973211348057
Iter: 185 | Val Acc: 65.0 | Val Loss: 0.6666983471438289
Update Train Finetune Iter: 185 | Validation best acc: 65.00
Iter: 190 | Val Acc: 67.0 | Val Loss: 0.6627712028101087
Iter: 195 | Val Acc: 66.0 | Val Loss: 0.6643322263285518
Iter: 200 | Val Acc: 66.5 | Val Loss: 0.6558516631275415
Update Train Finetune Iter: 200 | Validation best acc: 66.50
Iter: 205 | Val Acc: 65.5 | Val Loss: 0.6599901182577014
Iter: 210 | Val Acc: 65.5 | Val Loss: 0.658370278030634
Iter: 215 | Val Acc: 65.5 | Val Loss: 0.6601193096488714
Iter: 220 | Val Acc: 65.0 | Val Loss: 0.657141974400729
Iter: 225 | Val Acc: 65.5 | Val Loss: 0.6562745275907218
Iter: 230 | Val Acc: 65.0 | Val Loss: 0.6570171419344842
Iter: 235 | Val Acc: 66.0 | Val Loss: 0.6461601232551039
Iter: 240 | Val Acc: 66.5 | Val Loss: 0.6443959931470453
Update Train Finetune Iter: 240 | Validation best acc: 66.50
Iter: 245 | Val Acc: 67.0 | Val Loss: 0.646808198094368
Iter: 250 | Val Acc: 66.0 | Val Loss: 0.6433036608621479
Iter: 255 | Val Acc: 65.5 | Val Loss: 0.6505183855444193
Iter: 260 | Val Acc: 64.5 | Val Loss: 0.6605126811936498
Iter: 265 | Val Acc: 66.0 | Val Loss: 0.6374197423458099
Iter: 270 | Val Acc: 66.0 | Val Loss: 0.6356043123081326
Iter: 275 | Val Acc: 65.0 | Val Loss: 0.640656953882426
Iter: 280 | Val Acc: 64.5 | Val Loss: 0.6416138530988246
Iter: 285 | Val Acc: 66.0 | Val Loss: 0.6397055783495307
Iter: 290 | Val Acc: 67.0 | Val Loss: 0.6351461882982403
Iter: 0 | Val Acc: 0.0 | Val Loss: 2.346013503074646
Update Train Finetune Iter: 0 | Validation best acc: 0.00
Iter: 5 | Val Acc: 0.0 | Val Loss: 2.3241338074207305
Update Train Finetune Iter: 5 | Validation best acc: 0.00
Iter: 10 | Val Acc: 0.0 | Val Loss: 2.300647588968277
Update Train Finetune Iter: 10 | Validation best acc: 0.00
Iter: 15 | Val Acc: 5.0 | Val Loss: 2.2735160434246064
Update Train Finetune Iter: 15 | Validation best acc: 5.00
Iter: 20 | Val Acc: 21.5 | Val Loss: 2.2423519551754
Update Train Finetune Iter: 20 | Validation best acc: 21.50
Iter: 25 | Val Acc: 42.5 | Val Loss: 2.206197313070297
Update Train Finetune Iter: 25 | Validation best acc: 42.50
Iter: 30 | Val Acc: 47.0 | Val Loss: 2.164139356613159
Update Train Finetune Iter: 30 | Validation best acc: 47.00
Iter: 35 | Val Acc: 48.5 | Val Loss: 2.1161974203586578
Update Train Finetune Iter: 35 | Validation best acc: 48.50
Iter: 40 | Val Acc: 50.0 | Val Loss: 2.0620911860466005
Update Train Finetune Iter: 40 | Validation best acc: 50.00
Iter: 45 | Val Acc: 50.0 | Val Loss: 2.0012248182296752
Update Train Finetune Iter: 45 | Validation best acc: 50.00
Iter: 50 | Val Acc: 50.0 | Val Loss: 1.9330104559659957
Update Train Finetune Iter: 50 | Validation best acc: 50.00
Iter: 55 | Val Acc: 50.0 | Val Loss: 1.8558299052715301
Update Train Finetune Iter: 55 | Validation best acc: 50.00
Iter: 60 | Val Acc: 50.0 | Val Loss: 1.7708858829736709
Update Train Finetune Iter: 60 | Validation best acc: 50.00
Iter: 65 | Val Acc: 50.0 | Val Loss: 1.6800175046920776
Update Train Finetune Iter: 65 | Validation best acc: 50.00
Iter: 70 | Val Acc: 51.5 | Val Loss: 1.585537781715393
Update Train Finetune Iter: 70 | Validation best acc: 51.50
Iter: 75 | Val Acc: 61.0 | Val Loss: 1.4906679582595825
Update Train Finetune Iter: 75 | Validation best acc: 61.00
Iter: 80 | Val Acc: 64.5 | Val Loss: 1.3983432933688165
Update Train Finetune Iter: 80 | Validation best acc: 64.50
Iter: 85 | Val Acc: 54.5 | Val Loss: 1.3110018271207808
Update Train Finetune Iter: 85 | Validation best acc: 54.50
Iter: 90 | Val Acc: 53.0 | Val Loss: 1.2302178677916527
Update Train Finetune Iter: 90 | Validation best acc: 53.00
Iter: 95 | Val Acc: 50.0 | Val Loss: 1.1574086821079255
Update Train Finetune Iter: 95 | Validation best acc: 50.00
Iter: 100 | Val Acc: 49.5 | Val Loss: 1.0929991593956947
Update Train Finetune Iter: 100 | Validation best acc: 49.50
Iter: 105 | Val Acc: 50.0 | Val Loss: 1.037440857887268
Update Train Finetune Iter: 105 | Validation best acc: 50.00
Iter: 110 | Val Acc: 50.0 | Val Loss: 0.990388252735138
Update Train Finetune Iter: 110 | Validation best acc: 50.00
Iter: 115 | Val Acc: 50.0 | Val Loss: 0.951226532459259
Update Train Finetune Iter: 115 | Validation best acc: 50.00
Iter: 120 | Val Acc: 50.0 | Val Loss: 0.9184220668673515
Update Train Finetune Iter: 120 | Validation best acc: 50.00
Iter: 125 | Val Acc: 50.0 | Val Loss: 0.8910575425624847
Update Train Finetune Iter: 125 | Validation best acc: 50.00
Iter: 130 | Val Acc: 50.0 | Val Loss: 0.8678432503342628
Update Train Finetune Iter: 130 | Validation best acc: 50.00
Iter: 135 | Val Acc: 50.0 | Val Loss: 0.8482235696911812
Update Train Finetune Iter: 135 | Validation best acc: 50.00
Iter: 140 | Val Acc: 50.0 | Val Loss: 0.8316083383560181
Update Train Finetune Iter: 140 | Validation best acc: 50.00
Iter: 145 | Val Acc: 50.0 | Val Loss: 0.817279267013073
Update Train Finetune Iter: 145 | Validation best acc: 50.00
Iter: 150 | Val Acc: 50.0 | Val Loss: 0.8047033455967904
Update Train Finetune Iter: 150 | Validation best acc: 50.00
Iter: 155 | Val Acc: 50.0 | Val Loss: 0.793827254474163
Update Train Finetune Iter: 155 | Validation best acc: 50.00
Iter: 160 | Val Acc: 50.0 | Val Loss: 0.7844870436191559
Iter: 165 | Val Acc: 51.0 | Val Loss: 0.7762124058604241
Update Train Finetune Iter: 165 | Validation best acc: 51.00
Iter: 170 | Val Acc: 50.5 | Val Loss: 0.7688810431957245
Iter: 175 | Val Acc: 49.5 | Val Loss: 0.762373349070549
Update Train Finetune Iter: 175 | Validation best acc: 49.50
Iter: 180 | Val Acc: 51.0 | Val Loss: 0.7565402302145958
Iter: 185 | Val Acc: 51.5 | Val Loss: 0.7512926629185677
Update Train Finetune Iter: 185 | Validation best acc: 51.50
Iter: 190 | Val Acc: 51.0 | Val Loss: 0.7466794663667679
Iter: 195 | Val Acc: 51.0 | Val Loss: 0.7426556769013405
Iter: 200 | Val Acc: 51.0 | Val Loss: 0.7388374947011471
Update Train Finetune Iter: 200 | Validation best acc: 51.00
Iter: 205 | Val Acc: 51.5 | Val Loss: 0.7349983039498329
Iter: 210 | Val Acc: 51.5 | Val Loss: 0.7315185767412186
Iter: 215 | Val Acc: 51.5 | Val Loss: 0.7284057089686393
Update Train Finetune Iter: 215 | Validation best acc: 51.50
Iter: 220 | Val Acc: 53.5 | Val Loss: 0.7254116481542587
Iter: 225 | Val Acc: 53.0 | Val Loss: 0.7227689619362354
Iter: 230 | Val Acc: 54.0 | Val Loss: 0.7198389488458633
Iter: 235 | Val Acc: 53.5 | Val Loss: 0.7174359087646007
Update Train Finetune Iter: 235 | Validation best acc: 53.50
Iter: 240 | Val Acc: 54.0 | Val Loss: 0.7154263457655907
Iter: 245 | Val Acc: 53.0 | Val Loss: 0.713456556648016
Iter: 250 | Val Acc: 53.5 | Val Loss: 0.7108839099109173
Iter: 255 | Val Acc: 57.5 | Val Loss: 0.7084689725935459
Iter: 260 | Val Acc: 61.0 | Val Loss: 0.7063944984972477
Update Train Finetune Iter: 260 | Validation best acc: 61.00
Iter: 265 | Val Acc: 59.5 | Val Loss: 0.7045433914661408
Iter: 270 | Val Acc: 54.5 | Val Loss: 0.7031984448432922
Iter: 275 | Val Acc: 53.5 | Val Loss: 0.7019334034621716
Iter: 280 | Val Acc: 53.5 | Val Loss: 0.700311576128006
Iter: 285 | Val Acc: 55.5 | Val Loss: 0.6981104134023189
Iter: 290 | Val Acc: 60.0 | Val Loss: 0.6960688279569149
Update Train Finetune Iter: 290 | Validation best acc: 60.00
Iter: 295 | Val Acc: 62.5 | Val Loss: 0.6943985030055047
Iter: 300 | Val Acc: 62.5 | Val Loss: 0.6928714540600777
Iter: 305 | Val Acc: 59.5 | Val Loss: 0.6913513097167016
Iter: 310 | Val Acc: 59.0 | Val Loss: 0.6898816281557083
Iter: 315 | Val Acc: 59.5 | Val Loss: 0.6882227113842965
Iter: 320 | Val Acc: 60.0 | Val Loss: 0.686799460798502
Iter: 325 | Val Acc: 59.0 | Val Loss: 0.6856103819608689
Update Train Finetune Iter: 325 | Validation best acc: 59.00
Iter: 330 | Val Acc: 62.5 | Val Loss: 0.6836913910508156
Iter: 335 | Val Acc: 63.0 | Val Loss: 0.6821354466676712
Iter: 340 | Val Acc: 63.0 | Val Loss: 0.6810881626605988
Iter: 345 | Val Acc: 63.0 | Val Loss: 0.6794417518377304
Iter: 350 | Val Acc: 63.0 | Val Loss: 0.6780863080918789
Iter: 355 | Val Acc: 64.0 | Val Loss: 0.6767697368562221
Iter: 360 | Val Acc: 63.0 | Val Loss: 0.6754885274171829
Update Train Finetune Iter: 360 | Validation best acc: 63.00
Iter: 365 | Val Acc: 63.5 | Val Loss: 0.6746125806868076
Iter: 370 | Val Acc: 63.5 | Val Loss: 0.6739474561810493
Iter: 375 | Val Acc: 64.0 | Val Loss: 0.6721958985924721
Iter: 380 | Val Acc: 64.0 | Val Loss: 0.6710887144505978
Iter: 385 | Val Acc: 63.0 | Val Loss: 0.6705631840229035
Iter: 390 | Val Acc: 63.5 | Val Loss: 0.670245679616928
Iter: 395 | Val Acc: 63.5 | Val Loss: 0.6685338766872883
Iter: 400 | Val Acc: 64.0 | Val Loss: 0.6672929820418357
Iter: 405 | Val Acc: 63.5 | Val Loss: 0.6667668703198433
Iter: 410 | Val Acc: 63.5 | Val Loss: 0.6660595852136612
Iter: 0 | Val Acc: 50.0 | Val Loss: 1.6748027207463747
Update Train Finetune Iter: 0 | Validation best acc: 50.00
Iter: 5 | Val Acc: 50.0 | Val Loss: 1.6340898096794263
Update Train Finetune Iter: 5 | Validation best acc: 50.00
Iter: 10 | Val Acc: 50.0 | Val Loss: 1.5955721666899627
Update Train Finetune Iter: 10 | Validation best acc: 50.00
Iter: 15 | Val Acc: 50.0 | Val Loss: 1.5609383404700201
Update Train Finetune Iter: 15 | Validation best acc: 50.00
Iter: 20 | Val Acc: 50.0 | Val Loss: 1.5292362371610944
Update Train Finetune Iter: 20 | Validation best acc: 50.00
Iter: 25 | Val Acc: 50.0 | Val Loss: 1.4993857315334025
Update Train Finetune Iter: 25 | Validation best acc: 50.00
Iter: 30 | Val Acc: 50.0 | Val Loss: 1.466058086987905
Update Train Finetune Iter: 30 | Validation best acc: 50.00
Iter: 35 | Val Acc: 50.0 | Val Loss: 1.4315735680283979
Update Train Finetune Iter: 35 | Validation best acc: 50.00
Iter: 40 | Val Acc: 50.0 | Val Loss: 1.391371988052997
Update Train Finetune Iter: 40 | Validation best acc: 50.00
Iter: 45 | Val Acc: 50.0 | Val Loss: 1.360228049821162
Update Train Finetune Iter: 45 | Validation best acc: 50.00
Iter: 50 | Val Acc: 50.0 | Val Loss: 1.3266231631912524
Update Train Finetune Iter: 50 | Validation best acc: 50.00
Iter: 55 | Val Acc: 50.0 | Val Loss: 1.2838181523035745
Update Train Finetune Iter: 55 | Validation best acc: 50.00
Iter: 60 | Val Acc: 50.0 | Val Loss: 1.2433547973675012
Update Train Finetune Iter: 60 | Validation best acc: 50.00
Iter: 65 | Val Acc: 50.0 | Val Loss: 1.2063556859371602
Update Train Finetune Iter: 65 | Validation best acc: 50.00
Iter: 70 | Val Acc: 50.0 | Val Loss: 1.1701161804012372
Update Train Finetune Iter: 70 | Validation best acc: 50.00
Iter: 75 | Val Acc: 50.0 | Val Loss: 1.1302999334354535
Update Train Finetune Iter: 75 | Validation best acc: 50.00
Iter: 80 | Val Acc: 50.0 | Val Loss: 1.0886159277430851
Update Train Finetune Iter: 80 | Validation best acc: 50.00
Iter: 85 | Val Acc: 50.0 | Val Loss: 1.0506335446576123
Update Train Finetune Iter: 85 | Validation best acc: 50.00
Iter: 90 | Val Acc: 50.0 | Val Loss: 1.0124270931631327
Update Train Finetune Iter: 90 | Validation best acc: 50.00
Iter: 95 | Val Acc: 50.0 | Val Loss: 0.9749996281217318
Update Train Finetune Iter: 95 | Validation best acc: 50.00
Iter: 100 | Val Acc: 50.0 | Val Loss: 0.9363806766248308
Update Train Finetune Iter: 100 | Validation best acc: 50.00
Iter: 105 | Val Acc: 50.0 | Val Loss: 0.8923311164311599
Update Train Finetune Iter: 105 | Validation best acc: 50.00
Iter: 110 | Val Acc: 50.0 | Val Loss: 0.8505919420649297
Update Train Finetune Iter: 110 | Validation best acc: 50.00
Iter: 115 | Val Acc: 50.0 | Val Loss: 0.8128271259716712
Update Train Finetune Iter: 115 | Validation best acc: 50.00
Iter: 120 | Val Acc: 50.0 | Val Loss: 0.7756831707525998
Update Train Finetune Iter: 120 | Validation best acc: 50.00
Iter: 125 | Val Acc: 50.0 | Val Loss: 0.7407521667703986
Update Train Finetune Iter: 125 | Validation best acc: 50.00
Iter: 130 | Val Acc: 50.0 | Val Loss: 0.7071768708527089
Update Train Finetune Iter: 130 | Validation best acc: 50.00
Iter: 135 | Val Acc: 55.5 | Val Loss: 0.6772131644701586
Update Train Finetune Iter: 135 | Validation best acc: 55.50
Iter: 140 | Val Acc: 77.0 | Val Loss: 0.6475650893477723
Update Train Finetune Iter: 140 | Validation best acc: 77.00
Iter: 145 | Val Acc: 74.0 | Val Loss: 0.6223880999162793
Update Train Finetune Iter: 145 | Validation best acc: 74.00
Iter: 150 | Val Acc: 73.0 | Val Loss: 0.6026300412323325
Update Train Finetune Iter: 150 | Validation best acc: 73.00
Iter: 155 | Val Acc: 72.5 | Val Loss: 0.5910378330433741
Update Train Finetune Iter: 155 | Validation best acc: 72.50
Iter: 160 | Val Acc: 71.0 | Val Loss: 0.5833357909647748
Iter: 165 | Val Acc: 71.0 | Val Loss: 0.5754403709550389
Update Train Finetune Iter: 165 | Validation best acc: 71.00
Iter: 170 | Val Acc: 70.0 | Val Loss: 0.5695217786123976
Iter: 175 | Val Acc: 69.5 | Val Loss: 0.5679711449495517
Iter: 180 | Val Acc: 70.0 | Val Loss: 0.5616523944481742
Update Train Finetune Iter: 180 | Validation best acc: 70.00
Iter: 185 | Val Acc: 70.0 | Val Loss: 0.5576950289722299
Iter: 190 | Val Acc: 70.5 | Val Loss: 0.5540040345641318
Iter: 195 | Val Acc: 70.5 | Val Loss: 0.5592895990694524
Iter: 200 | Val Acc: 70.5 | Val Loss: 0.555770493701857
Iter: 205 | Val Acc: 70.0 | Val Loss: 0.5603710895829136
Iter: 210 | Val Acc: 70.0 | Val Loss: 0.5595352124210331
Iter: 215 | Val Acc: 70.5 | Val Loss: 0.5528559693456918
Iter: 220 | Val Acc: 70.5 | Val Loss: 0.5533712480928807
Iter: 225 | Val Acc: 71.0 | Val Loss: 0.5491759996644396
Update Train Finetune Iter: 225 | Validation best acc: 71.00
Iter: 230 | Val Acc: 71.0 | Val Loss: 0.5500936336067389
Iter: 235 | Val Acc: 71.5 | Val Loss: 0.5483437977862923
Iter: 240 | Val Acc: 71.5 | Val Loss: 0.5462595851032893
Iter: 245 | Val Acc: 72.0 | Val Loss: 0.5403276674675727
Iter: 250 | Val Acc: 72.0 | Val Loss: 0.5396102327487461
Iter: 255 | Val Acc: 71.5 | Val Loss: 0.5442457436767654
Iter: 260 | Val Acc: 72.0 | Val Loss: 0.5388146709987268
Update Train Finetune Iter: 260 | Validation best acc: 72.00
Iter: 265 | Val Acc: 72.0 | Val Loss: 0.5362533650085425
Iter: 270 | Val Acc: 71.5 | Val Loss: 0.5438172615681651
Iter: 275 | Val Acc: 71.0 | Val Loss: 0.5437847870431324
Iter: 280 | Val Acc: 72.0 | Val Loss: 0.539791307532887
Iter: 285 | Val Acc: 72.0 | Val Loss: 0.5311192658464279
Iter: 290 | Val Acc: 71.5 | Val Loss: 0.5329081926755361
Iter: 295 | Val Acc: 71.5 | Val Loss: 0.5425880961650364
Iter: 300 | Val Acc: 71.5 | Val Loss: 0.5437137609274578
Iter: 305 | Val Acc: 71.5 | Val Loss: 0.5406697774408759
Iter: 310 | Val Acc: 71.5 | Val Loss: 0.5401878002647209
Iter: 0 | Val Acc: 50.0 | Val Loss: 1.6912145477463492
Update Train Finetune Iter: 0 | Validation best acc: 50.00
Iter: 5 | Val Acc: 50.0 | Val Loss: 1.64534637661709
Update Train Finetune Iter: 5 | Validation best acc: 50.00
Iter: 10 | Val Acc: 50.0 | Val Loss: 1.6153333302185637
Update Train Finetune Iter: 10 | Validation best acc: 50.00
Iter: 15 | Val Acc: 50.0 | Val Loss: 1.578484372664243
Update Train Finetune Iter: 15 | Validation best acc: 50.00
Iter: 20 | Val Acc: 50.0 | Val Loss: 1.5410218729951886
Update Train Finetune Iter: 20 | Validation best acc: 50.00
Iter: 25 | Val Acc: 50.0 | Val Loss: 1.5069156294735149
Update Train Finetune Iter: 25 | Validation best acc: 50.00
Iter: 30 | Val Acc: 50.0 | Val Loss: 1.4735462546633789
Update Train Finetune Iter: 30 | Validation best acc: 50.00
Iter: 35 | Val Acc: 50.0 | Val Loss: 1.4402743474526505
Update Train Finetune Iter: 35 | Validation best acc: 50.00
Iter: 40 | Val Acc: 50.0 | Val Loss: 1.4086198222488746
Update Train Finetune Iter: 40 | Validation best acc: 50.00
Iter: 45 | Val Acc: 50.0 | Val Loss: 1.3739857256381947
Update Train Finetune Iter: 45 | Validation best acc: 50.00
Iter: 50 | Val Acc: 50.0 | Val Loss: 1.3356154162573513
Update Train Finetune Iter: 50 | Validation best acc: 50.00
Iter: 55 | Val Acc: 50.0 | Val Loss: 1.2982857807593247
Update Train Finetune Iter: 55 | Validation best acc: 50.00
Iter: 60 | Val Acc: 50.0 | Val Loss: 1.258383625967981
Update Train Finetune Iter: 60 | Validation best acc: 50.00
Iter: 65 | Val Acc: 50.0 | Val Loss: 1.2203166437488107
Update Train Finetune Iter: 65 | Validation best acc: 50.00
Iter: 70 | Val Acc: 50.0 | Val Loss: 1.184688352686062
Update Train Finetune Iter: 70 | Validation best acc: 50.00
Iter: 75 | Val Acc: 50.0 | Val Loss: 1.1468346531290445
Update Train Finetune Iter: 75 | Validation best acc: 50.00
Iter: 80 | Val Acc: 50.0 | Val Loss: 1.110415671551018
Update Train Finetune Iter: 80 | Validation best acc: 50.00
Iter: 85 | Val Acc: 50.0 | Val Loss: 1.0701808376342523
Update Train Finetune Iter: 85 | Validation best acc: 50.00
Iter: 90 | Val Acc: 50.0 | Val Loss: 1.028815032861312
Update Train Finetune Iter: 90 | Validation best acc: 50.00
Iter: 95 | Val Acc: 50.0 | Val Loss: 0.987757476978004
Update Train Finetune Iter: 95 | Validation best acc: 50.00
Iter: 100 | Val Acc: 50.0 | Val Loss: 0.9491147972270846
Update Train Finetune Iter: 100 | Validation best acc: 50.00
Iter: 105 | Val Acc: 50.0 | Val Loss: 0.9088455210439861
Update Train Finetune Iter: 105 | Validation best acc: 50.00
Iter: 110 | Val Acc: 50.0 | Val Loss: 0.8693782620690763
Update Train Finetune Iter: 110 | Validation best acc: 50.00
Iter: 115 | Val Acc: 50.0 | Val Loss: 0.8292428566678427
Update Train Finetune Iter: 115 | Validation best acc: 50.00
Iter: 120 | Val Acc: 50.0 | Val Loss: 0.790569204587955
Update Train Finetune Iter: 120 | Validation best acc: 50.00
Iter: 125 | Val Acc: 50.0 | Val Loss: 0.7551742803258822
Update Train Finetune Iter: 125 | Validation best acc: 50.00
Iter: 130 | Val Acc: 50.0 | Val Loss: 0.7202147976309061
Update Train Finetune Iter: 130 | Validation best acc: 50.00
Iter: 135 | Val Acc: 49.5 | Val Loss: 0.6871872865408659
Update Train Finetune Iter: 135 | Validation best acc: 49.50
Iter: 140 | Val Acc: 66.0 | Val Loss: 0.6596245104726404
Update Train Finetune Iter: 140 | Validation best acc: 66.00
Iter: 145 | Val Acc: 76.5 | Val Loss: 0.6413784076180309
Update Train Finetune Iter: 145 | Validation best acc: 76.50
Iter: 150 | Val Acc: 73.0 | Val Loss: 0.6208659712504595
Update Train Finetune Iter: 150 | Validation best acc: 73.00
Iter: 155 | Val Acc: 71.0 | Val Loss: 0.6031828019861132
Update Train Finetune Iter: 155 | Validation best acc: 71.00
Iter: 160 | Val Acc: 71.5 | Val Loss: 0.5912290837895126
Update Train Finetune Iter: 160 | Validation best acc: 71.50
Iter: 165 | Val Acc: 71.0 | Val Loss: 0.5833529978943989
Iter: 170 | Val Acc: 70.5 | Val Loss: 0.5791151743382216
Update Train Finetune Iter: 170 | Validation best acc: 70.50
Iter: 175 | Val Acc: 70.0 | Val Loss: 0.5752398946764878
Iter: 180 | Val Acc: 70.0 | Val Loss: 0.5705225683911703
Iter: 185 | Val Acc: 70.0 | Val Loss: 0.5675301213213243
Update Train Finetune Iter: 185 | Validation best acc: 70.00
Iter: 190 | Val Acc: 70.0 | Val Loss: 0.5629730598907918
Iter: 195 | Val Acc: 70.5 | Val Loss: 0.5562946573639056
Update Train Finetune Iter: 195 | Validation best acc: 70.50
Iter: 200 | Val Acc: 70.5 | Val Loss: 0.555775327127194
Iter: 205 | Val Acc: 70.0 | Val Loss: 0.5646136510113138
Iter: 210 | Val Acc: 70.5 | Val Loss: 0.5588889918063069
Iter: 215 | Val Acc: 71.0 | Val Loss: 0.5495090957239154
Iter: 220 | Val Acc: 71.0 | Val Loss: 0.5443611389567377
Update Train Finetune Iter: 220 | Validation best acc: 71.00
Iter: 225 | Val Acc: 71.0 | Val Loss: 0.5468583719381422
Iter: 230 | Val Acc: 70.5 | Val Loss: 0.5542116822845128
Iter: 235 | Val Acc: 70.5 | Val Loss: 0.5596112375720986
Iter: 240 | Val Acc: 70.5 | Val Loss: 0.5558206636903197
Iter: 245 | Val Acc: 71.0 | Val Loss: 0.5485714034006014
Iter: 250 | Val Acc: 71.0 | Val Loss: 0.5477994166317877
Iter: 255 | Val Acc: 71.5 | Val Loss: 0.5468126994948398
Iter: 260 | Val Acc: 72.0 | Val Loss: 0.539449585961338
Iter: 265 | Val Acc: 72.0 | Val Loss: 0.5381777162716207
Iter: 270 | Val Acc: 72.0 | Val Loss: 0.5426047797088904
Iter: 0 | Val Acc: 0.0 | Val Loss: 2.3654363679885866
Update Train Finetune Iter: 0 | Validation best acc: 0.00
Iter: 5 | Val Acc: 0.0 | Val Loss: 2.344011334180832
Update Train Finetune Iter: 5 | Validation best acc: 0.00
Iter: 10 | Val Acc: 0.0 | Val Loss: 2.3207743096351625
Update Train Finetune Iter: 10 | Validation best acc: 0.00
Iter: 15 | Val Acc: 1.5 | Val Loss: 2.2948125422000887
Update Train Finetune Iter: 15 | Validation best acc: 1.50
Iter: 20 | Val Acc: 9.0 | Val Loss: 2.264581867456436
Update Train Finetune Iter: 20 | Validation best acc: 9.00
Iter: 25 | Val Acc: 32.5 | Val Loss: 2.227548978328705
Update Train Finetune Iter: 25 | Validation best acc: 32.50
Iter: 30 | Val Acc: 52.5 | Val Loss: 2.181910206079483
Update Train Finetune Iter: 30 | Validation best acc: 52.50
Iter: 35 | Val Acc: 59.5 | Val Loss: 2.128016564249992
Update Train Finetune Iter: 35 | Validation best acc: 59.50
Iter: 40 | Val Acc: 64.0 | Val Loss: 2.065139669775963
Update Train Finetune Iter: 40 | Validation best acc: 64.00
Iter: 45 | Val Acc: 67.0 | Val Loss: 1.9933307152986526
Update Train Finetune Iter: 45 | Validation best acc: 67.00
Iter: 50 | Val Acc: 69.0 | Val Loss: 1.914091900587082
Update Train Finetune Iter: 50 | Validation best acc: 69.00
Iter: 55 | Val Acc: 71.0 | Val Loss: 1.8281445425748826
Update Train Finetune Iter: 55 | Validation best acc: 71.00
Iter: 60 | Val Acc: 69.0 | Val Loss: 1.7369993650913238
Update Train Finetune Iter: 60 | Validation best acc: 69.00
Iter: 65 | Val Acc: 71.5 | Val Loss: 1.6437089422345161
Update Train Finetune Iter: 65 | Validation best acc: 71.50
Iter: 70 | Val Acc: 66.5 | Val Loss: 1.550005620419979
Update Train Finetune Iter: 70 | Validation best acc: 66.50
Iter: 75 | Val Acc: 58.5 | Val Loss: 1.457851912677288
Update Train Finetune Iter: 75 | Validation best acc: 58.50
Iter: 80 | Val Acc: 54.5 | Val Loss: 1.3695882552862166
Update Train Finetune Iter: 80 | Validation best acc: 54.50
Iter: 85 | Val Acc: 53.5 | Val Loss: 1.2867414236068726
Update Train Finetune Iter: 85 | Validation best acc: 53.50
Iter: 90 | Val Acc: 51.5 | Val Loss: 1.2107592821121216
Update Train Finetune Iter: 90 | Validation best acc: 51.50
Iter: 95 | Val Acc: 50.5 | Val Loss: 1.1428351971507071
Update Train Finetune Iter: 95 | Validation best acc: 50.50
Iter: 100 | Val Acc: 50.5 | Val Loss: 1.083006613701582
Update Train Finetune Iter: 100 | Validation best acc: 50.50
Iter: 105 | Val Acc: 50.0 | Val Loss: 1.0308974732458591
Update Train Finetune Iter: 105 | Validation best acc: 50.00
Iter: 110 | Val Acc: 50.0 | Val Loss: 0.9861076633632183
Update Train Finetune Iter: 110 | Validation best acc: 50.00
Iter: 115 | Val Acc: 50.0 | Val Loss: 0.9474478873610497
Update Train Finetune Iter: 115 | Validation best acc: 50.00
Iter: 120 | Val Acc: 50.0 | Val Loss: 0.9143077509105205
Update Train Finetune Iter: 120 | Validation best acc: 50.00
Iter: 125 | Val Acc: 50.0 | Val Loss: 0.8855996376276016
Update Train Finetune Iter: 125 | Validation best acc: 50.00
Iter: 130 | Val Acc: 51.0 | Val Loss: 0.8605955526232719
Update Train Finetune Iter: 130 | Validation best acc: 51.00
Iter: 135 | Val Acc: 52.5 | Val Loss: 0.8386963795125485
Update Train Finetune Iter: 135 | Validation best acc: 52.50
Iter: 140 | Val Acc: 53.5 | Val Loss: 0.8194030943512917
Update Train Finetune Iter: 140 | Validation best acc: 53.50
Iter: 145 | Val Acc: 56.5 | Val Loss: 0.8025452236831189
Update Train Finetune Iter: 145 | Validation best acc: 56.50
Iter: 150 | Val Acc: 58.0 | Val Loss: 0.787825608253479
Update Train Finetune Iter: 150 | Validation best acc: 58.00
Iter: 155 | Val Acc: 60.5 | Val Loss: 0.7745489083230496
Update Train Finetune Iter: 155 | Validation best acc: 60.50
Iter: 160 | Val Acc: 62.0 | Val Loss: 0.7626600414514542
Update Train Finetune Iter: 160 | Validation best acc: 62.00
Iter: 165 | Val Acc: 67.0 | Val Loss: 0.7517165456712246
Update Train Finetune Iter: 165 | Validation best acc: 67.00
Iter: 170 | Val Acc: 69.5 | Val Loss: 0.7417562399804593
Iter: 175 | Val Acc: 69.0 | Val Loss: 0.7322563773393631
Update Train Finetune Iter: 175 | Validation best acc: 69.00
Iter: 180 | Val Acc: 71.0 | Val Loss: 0.7236977170407772
Iter: 185 | Val Acc: 71.5 | Val Loss: 0.7160139913856983
Update Train Finetune Iter: 185 | Validation best acc: 71.50
Iter: 190 | Val Acc: 70.0 | Val Loss: 0.7079687514901161
Iter: 195 | Val Acc: 70.0 | Val Loss: 0.700095481723547
Update Train Finetune Iter: 195 | Validation best acc: 70.00
Iter: 200 | Val Acc: 71.0 | Val Loss: 0.6927457609772683
Iter: 205 | Val Acc: 71.5 | Val Loss: 0.6858939161896705
Update Train Finetune Iter: 205 | Validation best acc: 71.50
Iter: 210 | Val Acc: 71.0 | Val Loss: 0.679208727478981
Iter: 215 | Val Acc: 71.0 | Val Loss: 0.6726285856962204
Update Train Finetune Iter: 215 | Validation best acc: 71.00
Iter: 220 | Val Acc: 71.0 | Val Loss: 0.6659032506495715
Iter: 225 | Val Acc: 71.0 | Val Loss: 0.6597195798158646
Update Train Finetune Iter: 225 | Validation best acc: 71.00
Iter: 230 | Val Acc: 72.0 | Val Loss: 0.6544046642631293
Iter: 235 | Val Acc: 72.0 | Val Loss: 0.6489578492939472
Update Train Finetune Iter: 235 | Validation best acc: 72.00
Iter: 240 | Val Acc: 71.0 | Val Loss: 0.6433402777463197
Iter: 245 | Val Acc: 71.5 | Val Loss: 0.6381385624408722
Update Train Finetune Iter: 245 | Validation best acc: 71.50
Iter: 250 | Val Acc: 72.0 | Val Loss: 0.6335365875065326
Iter: 255 | Val Acc: 72.5 | Val Loss: 0.6288013128936291
Iter: 260 | Val Acc: 71.0 | Val Loss: 0.6238821389526129
Update Train Finetune Iter: 260 | Validation best acc: 71.00
Iter: 265 | Val Acc: 71.5 | Val Loss: 0.6188629055023194
Iter: 270 | Val Acc: 71.0 | Val Loss: 0.614296799749136
Iter: 275 | Val Acc: 71.5 | Val Loss: 0.6093827868625522
Update Train Finetune Iter: 275 | Validation best acc: 71.50
Iter: 280 | Val Acc: 71.5 | Val Loss: 0.6048855834826827
Iter: 285 | Val Acc: 72.0 | Val Loss: 0.6012151430547238
Iter: 290 | Val Acc: 72.5 | Val Loss: 0.5968925403058529
Update Train Finetune Iter: 290 | Validation best acc: 72.50
Iter: 295 | Val Acc: 72.5 | Val Loss: 0.5924143191799521
Iter: 300 | Val Acc: 72.5 | Val Loss: 0.5885404724627733
Iter: 305 | Val Acc: 73.0 | Val Loss: 0.584990283548832
Update Train Finetune Iter: 305 | Validation best acc: 73.00
Iter: 310 | Val Acc: 73.0 | Val Loss: 0.5816435515508056
Iter: 315 | Val Acc: 72.5 | Val Loss: 0.5772946514561772
Iter: 320 | Val Acc: 72.0 | Val Loss: 0.5733725486882031
Update Train Finetune Iter: 320 | Validation best acc: 72.00
Iter: 325 | Val Acc: 72.0 | Val Loss: 0.5695986120216548
Iter: 330 | Val Acc: 72.5 | Val Loss: 0.565780094768852
Iter: 335 | Val Acc: 72.5 | Val Loss: 0.5630414361692965
Update Train Finetune Iter: 335 | Validation best acc: 72.50
Iter: 340 | Val Acc: 73.0 | Val Loss: 0.5608696769736707
Iter: 345 | Val Acc: 74.0 | Val Loss: 0.5590506763756276
Iter: 350 | Val Acc: 74.0 | Val Loss: 0.5567943459004163
Iter: 355 | Val Acc: 74.0 | Val Loss: 0.5534975650720299
Iter: 360 | Val Acc: 73.0 | Val Loss: 0.5500457815546542
Update Train Finetune Iter: 360 | Validation best acc: 73.00
Iter: 365 | Val Acc: 72.5 | Val Loss: 0.5473332207370549
Iter: 370 | Val Acc: 72.5 | Val Loss: 0.544973899256438
Iter: 375 | Val Acc: 73.0 | Val Loss: 0.5424189059529454
Iter: 380 | Val Acc: 72.5 | Val Loss: 0.5407704179361462
Iter: 385 | Val Acc: 73.0 | Val Loss: 0.5383496585581452
Update Train Finetune Iter: 385 | Validation best acc: 73.00
Iter: 390 | Val Acc: 72.5 | Val Loss: 0.5359723387099803
Iter: 395 | Val Acc: 72.0 | Val Loss: 0.5341935903020203
Iter: 400 | Val Acc: 73.0 | Val Loss: 0.5336777129024267
Iter: 405 | Val Acc: 72.5 | Val Loss: 0.5323711855057627
Iter: 410 | Val Acc: 72.5 | Val Loss: 0.53029085253831
Iter: 415 | Val Acc: 72.5 | Val Loss: 0.5296776351798326
Iter: 420 | Val Acc: 73.0 | Val Loss: 0.5283779328456149
Iter: 425 | Val Acc: 73.5 | Val Loss: 0.527202779892832
Update Train Finetune Iter: 425 | Validation best acc: 73.50
Iter: 430 | Val Acc: 73.5 | Val Loss: 0.5272948329942301
Iter: 435 | Val Acc: 73.5 | Val Loss: 0.526651066634804
Iter: 440 | Val Acc: 73.5 | Val Loss: 0.5238411151617766
Iter: 445 | Val Acc: 72.0 | Val Loss: 0.5222378741111606
Iter: 450 | Val Acc: 72.0 | Val Loss: 0.5217962405411527
Iter: 455 | Val Acc: 71.5 | Val Loss: 0.5209812762308865
Iter: 460 | Val Acc: 72.0 | Val Loss: 0.521148202358745
Iter: 465 | Val Acc: 72.0 | Val Loss: 0.5203944174433127
Iter: 470 | Val Acc: 72.0 | Val Loss: 0.5196000427659601
Iter: 475 | Val Acc: 73.5 | Val Loss: 0.5212362964474596
#####  Calibration Start#####
 Calibration time consuming = 0.010521173477172852 secods
#####  Calibration End#####
Iter: 0 | Val Acc: 100.0 | Val Loss: 2.182319189310074
Update Train Finetune Iter: 0 | Validation best acc: 100.00
Iter: 5 | Val Acc: 100.0 | Val Loss: 2.1623766791820525
Update Train Finetune Iter: 5 | Validation best acc: 100.00
Iter: 10 | Val Acc: 100.0 | Val Loss: 2.1380112385749817
Update Train Finetune Iter: 10 | Validation best acc: 100.00
Iter: 15 | Val Acc: 100.0 | Val Loss: 2.103449665307999
Update Train Finetune Iter: 15 | Validation best acc: 100.00
Iter: 20 | Val Acc: 100.0 | Val Loss: 2.0529419374465943
Update Train Finetune Iter: 20 | Validation best acc: 100.00
Iter: 25 | Val Acc: 100.0 | Val Loss: 1.9797491109371186
Update Train Finetune Iter: 25 | Validation best acc: 100.00
Iter: 30 | Val Acc: 100.0 | Val Loss: 1.8754062688350677
Update Train Finetune Iter: 30 | Validation best acc: 100.00
Iter: 35 | Val Acc: 100.0 | Val Loss: 1.7304884243011474
Update Train Finetune Iter: 35 | Validation best acc: 100.00
Iter: 40 | Val Acc: 100.0 | Val Loss: 1.5368516844511033
Update Train Finetune Iter: 40 | Validation best acc: 100.00
Iter: 45 | Val Acc: 100.0 | Val Loss: 1.2885056841373443
Update Train Finetune Iter: 45 | Validation best acc: 100.00
Iter: 50 | Val Acc: 100.0 | Val Loss: 0.9969985365867615
Update Train Finetune Iter: 50 | Validation best acc: 100.00
Iter: 55 | Val Acc: 100.0 | Val Loss: 0.697427912056446
Update Train Finetune Iter: 55 | Validation best acc: 100.00
Iter: 60 | Val Acc: 100.0 | Val Loss: 0.4428559695929289
Update Train Finetune Iter: 60 | Validation best acc: 100.00
Iter: 65 | Val Acc: 100.0 | Val Loss: 0.26766039690002796
Update Train Finetune Iter: 65 | Validation best acc: 100.00
Iter: 70 | Val Acc: 100.0 | Val Loss: 0.1646750207617879
Update Train Finetune Iter: 70 | Validation best acc: 100.00
Iter: 75 | Val Acc: 100.0 | Val Loss: 0.10779295642394572
Update Train Finetune Iter: 75 | Validation best acc: 100.00
Iter: 80 | Val Acc: 100.0 | Val Loss: 0.07568115561502055
Update Train Finetune Iter: 80 | Validation best acc: 100.00
Iter: 85 | Val Acc: 100.0 | Val Loss: 0.05667407839559019
Update Train Finetune Iter: 85 | Validation best acc: 100.00
Iter: 90 | Val Acc: 100.0 | Val Loss: 0.044375236755004155
Update Train Finetune Iter: 90 | Validation best acc: 100.00
Iter: 95 | Val Acc: 100.0 | Val Loss: 0.03603222350910073
Iter: 100 | Val Acc: 100.0 | Val Loss: 0.030082811385800597
Update Train Finetune Iter: 100 | Validation best acc: 100.00
Iter: 105 | Val Acc: 100.0 | Val Loss: 0.025623386346705957
Iter: 110 | Val Acc: 100.0 | Val Loss: 0.022209014100881178
Iter: 115 | Val Acc: 100.0 | Val Loss: 0.01951870473429153
Update Train Finetune Iter: 115 | Validation best acc: 100.00
Iter: 120 | Val Acc: 100.0 | Val Loss: 0.017264996020567195
Iter: 125 | Val Acc: 100.0 | Val Loss: 0.01534356286887487
Iter: 130 | Val Acc: 100.0 | Val Loss: 0.013764133801032585
Iter: 135 | Val Acc: 100.0 | Val Loss: 0.012390906617820292
Iter: 140 | Val Acc: 100.0 | Val Loss: 0.011194539087773592
Iter: 145 | Val Acc: 100.0 | Val Loss: 0.010173128828528206
Iter: 150 | Val Acc: 100.0 | Val Loss: 0.009289842689872785
Update Train Finetune Iter: 150 | Validation best acc: 100.00
Iter: 155 | Val Acc: 100.0 | Val Loss: 0.00851670316192667
Iter: 160 | Val Acc: 100.0 | Val Loss: 0.007838203948062982
Iter: 165 | Val Acc: 100.0 | Val Loss: 0.0072444537463616145
Iter: 170 | Val Acc: 100.0 | Val Loss: 0.006709853346374075
Iter: 175 | Val Acc: 100.0 | Val Loss: 0.006243060510969372
Iter: 180 | Val Acc: 100.0 | Val Loss: 0.005829490035010849
Iter: 185 | Val Acc: 100.0 | Val Loss: 0.005454132347257428
Iter: 190 | Val Acc: 100.0 | Val Loss: 0.005105068791008307
Iter: 195 | Val Acc: 100.0 | Val Loss: 0.004771564257220006
Iter: 200 | Val Acc: 100.0 | Val Loss: 0.004478688922266656
Iter: 0 | Val Acc: 100.0 | Val Loss: 2.1823381567001343
Update Train Finetune Iter: 0 | Validation best acc: 100.00
Iter: 5 | Val Acc: 100.0 | Val Loss: 2.162355675697327
Update Train Finetune Iter: 5 | Validation best acc: 100.00
Iter: 10 | Val Acc: 100.0 | Val Loss: 2.1380496406555176
Update Train Finetune Iter: 10 | Validation best acc: 100.00
Iter: 15 | Val Acc: 100.0 | Val Loss: 2.103751755952835
Update Train Finetune Iter: 15 | Validation best acc: 100.00
Iter: 20 | Val Acc: 100.0 | Val Loss: 2.0532075387239455
Update Train Finetune Iter: 20 | Validation best acc: 100.00
Iter: 25 | Val Acc: 100.0 | Val Loss: 1.98003373503685
Update Train Finetune Iter: 25 | Validation best acc: 100.00
Iter: 30 | Val Acc: 100.0 | Val Loss: 1.8760685700178146
Update Train Finetune Iter: 30 | Validation best acc: 100.00
Iter: 35 | Val Acc: 100.0 | Val Loss: 1.7314244812726975
Update Train Finetune Iter: 35 | Validation best acc: 100.00
Iter: 40 | Val Acc: 100.0 | Val Loss: 1.5369065421819688
Update Train Finetune Iter: 40 | Validation best acc: 100.00
Iter: 45 | Val Acc: 100.0 | Val Loss: 1.2882823792099953
Update Train Finetune Iter: 45 | Validation best acc: 100.00
Iter: 50 | Val Acc: 100.0 | Val Loss: 0.996836179792881
Update Train Finetune Iter: 50 | Validation best acc: 100.00
Iter: 55 | Val Acc: 100.0 | Val Loss: 0.6962977086007595
Update Train Finetune Iter: 55 | Validation best acc: 100.00
Iter: 60 | Val Acc: 100.0 | Val Loss: 0.44271277837455275
Update Train Finetune Iter: 60 | Validation best acc: 100.00
Iter: 65 | Val Acc: 100.0 | Val Loss: 0.2683361293375492
Update Train Finetune Iter: 65 | Validation best acc: 100.00
Iter: 70 | Val Acc: 100.0 | Val Loss: 0.16506306224968284
Update Train Finetune Iter: 70 | Validation best acc: 100.00
Iter: 75 | Val Acc: 100.0 | Val Loss: 0.10757752091856673
Update Train Finetune Iter: 75 | Validation best acc: 100.00
Iter: 80 | Val Acc: 100.0 | Val Loss: 0.07512446099543013
Update Train Finetune Iter: 80 | Validation best acc: 100.00
Iter: 85 | Val Acc: 100.0 | Val Loss: 0.05610173569701146
Update Train Finetune Iter: 85 | Validation best acc: 100.00
Iter: 90 | Val Acc: 100.0 | Val Loss: 0.04393220630387077
Update Train Finetune Iter: 90 | Validation best acc: 100.00
Iter: 95 | Val Acc: 100.0 | Val Loss: 0.035718362430779964
Iter: 100 | Val Acc: 100.0 | Val Loss: 0.029915302577865076
Update Train Finetune Iter: 100 | Validation best acc: 100.00
Iter: 105 | Val Acc: 100.0 | Val Loss: 0.025618821736061365
Iter: 110 | Val Acc: 100.0 | Val Loss: 0.022299322764738463
Iter: 115 | Val Acc: 100.0 | Val Loss: 0.019585830662326772
Update Train Finetune Iter: 115 | Validation best acc: 100.00
Iter: 120 | Val Acc: 100.0 | Val Loss: 0.017359997640814983
Iter: 125 | Val Acc: 100.0 | Val Loss: 0.015553303891374525
Iter: 130 | Val Acc: 100.0 | Val Loss: 0.014038773624506576
Iter: 135 | Val Acc: 100.0 | Val Loss: 0.012670365845051492
Iter: 140 | Val Acc: 100.0 | Val Loss: 0.011515929051638523
Iter: 145 | Val Acc: 100.0 | Val Loss: 0.01050856895072684
Iter: 150 | Val Acc: 100.0 | Val Loss: 0.009618739569991703
Iter: 155 | Val Acc: 100.0 | Val Loss: 0.008852267883212335
Update Train Finetune Iter: 155 | Validation best acc: 100.00
Iter: 160 | Val Acc: 100.0 | Val Loss: 0.008183926414462804
Iter: 165 | Val Acc: 100.0 | Val Loss: 0.007574651602719768
Iter: 170 | Val Acc: 100.0 | Val Loss: 0.007011246913402829
Iter: 175 | Val Acc: 100.0 | Val Loss: 0.006514856957253414
Iter: 180 | Val Acc: 100.0 | Val Loss: 0.006076495588562238
Iter: 185 | Val Acc: 100.0 | Val Loss: 0.005705680323559364
Iter: 190 | Val Acc: 100.0 | Val Loss: 0.005345923770855734
Iter: 195 | Val Acc: 100.0 | Val Loss: 0.005020653566521105
Iter: 200 | Val Acc: 100.0 | Val Loss: 0.0047298473771377305
Iter: 205 | Val Acc: 100.0 | Val Loss: 0.004462514651381184
Train mix Iter 0 | Validation best acc: 4.00
Train mix Iter 15 | Validation best acc: 4.50
Train mix Iter 30 | Validation best acc: 5.00
Train mix Iter 40 | Validation best acc: 5.50
Train mix Iter 50 | Validation best acc: 6.50
Train mix Iter 60 | Validation best acc: 8.00
Train mix Iter 70 | Validation best acc: 11.50
Train mix Iter 75 | Validation best acc: 12.00
Train mix Iter 80 | Validation best acc: 13.00
Train mix Iter 85 | Validation best acc: 14.00
Train mix Iter 90 | Validation best acc: 16.00
Train mix Iter 95 | Validation best acc: 16.50
Train mix Iter 100 | Validation best acc: 17.50
Train mix Iter 105 | Validation best acc: 20.50
Train mix Iter 110 | Validation best acc: 21.00
Train mix Iter 115 | Validation best acc: 21.50
Train mix Iter 120 | Validation best acc: 23.50
Train mix Iter 125 | Validation best acc: 25.50
Train mix Iter 130 | Validation best acc: 27.00
Train mix Iter 135 | Validation best acc: 30.50
Train mix Iter 140 | Validation best acc: 32.50
Train mix Iter 145 | Validation best acc: 35.50
Train mix Iter 150 | Validation best acc: 41.50
Train mix Iter 155 | Validation best acc: 44.50
Train mix Iter 160 | Validation best acc: 49.50
Train mix Iter 165 | Validation best acc: 55.50
Train mix Iter 170 | Validation best acc: 60.50
Train mix Iter 175 | Validation best acc: 62.00
Train mix Iter 180 | Validation best acc: 64.50
Train mix Iter 185 | Validation best acc: 72.00
Train mix Iter 190 | Validation best acc: 74.50
Train mix Iter 195 | Validation best acc: 77.50
Train mix Iter 200 | Validation best acc: 79.50
Train mix Iter 205 | Validation best acc: 82.00
Train mix Iter 210 | Validation best acc: 85.50
Train mix Iter 215 | Validation best acc: 90.00
Train mix Iter 220 | Validation best acc: 91.50
Train mix Iter 225 | Validation best acc: 93.00
Train mix Iter 230 | Validation best acc: 94.00
Train mix Iter 235 | Validation best acc: 94.50
Train mix Iter 240 | Validation best acc: 95.50
Train mix Iter 245 | Validation best acc: 96.00
Train mix Iter 250 | Validation best acc: 97.00
Train mix Iter 255 | Validation best acc: 98.00
Train mix Iter 260 | Validation best acc: 98.50
Train mix Iter 265 | Validation best acc: 99.00
Train mix Iter 270 | Validation best acc: 100.00
Train mix Iter 275 | Validation best acc: 100.00
Train mix Iter 280 | Validation best acc: 100.00
Train mix Iter 285 | Validation best acc: 100.00
Train mix Iter 290 | Validation best acc: 100.00
Train mix Iter 295 | Validation best acc: 100.00
Train mix Iter 300 | Validation best acc: 100.00
Train mix Iter 305 | Validation best acc: 100.00
Train mix Iter 310 | Validation best acc: 100.00
Train mix Iter 315 | Validation best acc: 100.00
Train mix Iter 320 | Validation best acc: 100.00
Train mix Iter 325 | Validation best acc: 100.00
Train mix Iter 330 | Validation best acc: 100.00
Train mix Iter 335 | Validation best acc: 100.00
Train mix Iter 340 | Validation best acc: 100.00
Train mix Iter 345 | Validation best acc: 100.00
Train mix Iter 350 | Validation best acc: 100.00
Train mix Iter 355 | Validation best acc: 100.00
Train mix Iter 360 | Validation best acc: 100.00
Train mix Iter 365 | Validation best acc: 100.00
Train mix Iter 370 | Validation best acc: 100.00
Train mix Iter 375 | Validation best acc: 100.00
Train mix Iter 380 | Validation best acc: 100.00
Train mix Iter 385 | Validation best acc: 100.00
Train mix Iter 390 | Validation best acc: 100.00
Train mix Iter 395 | Validation best acc: 100.00
Train mix Iter 400 | Validation best acc: 100.00
Train mix Iter 405 | Validation best acc: 100.00
Train mix Iter 410 | Validation best acc: 100.00
Train mix Iter 415 | Validation best acc: 100.00
Train mix Iter 420 | Validation best acc: 100.00
Train mix Iter 425 | Validation best acc: 100.00
Train mix Iter 430 | Validation best acc: 100.00
Train mix Iter 435 | Validation best acc: 100.00
Train mix Iter 440 | Validation best acc: 100.00
Train mix Iter 445 | Validation best acc: 100.00
Train mix Iter 450 | Validation best acc: 100.00
Train mix Iter 455 | Validation best acc: 100.00
Train mix Iter 460 | Validation best acc: 100.00
Train mix Iter 465 | Validation best acc: 100.00
Train mix Iter 470 | Validation best acc: 100.00
Train mix Iter 475 | Validation best acc: 100.00
Train mix Iter 480 | Validation best acc: 100.00
Train mix Iter 485 | Validation best acc: 100.00
Train mix Iter 490 | Validation best acc: 100.00
Train mix Iter 495 | Validation best acc: 100.00
Iter: 0 | Val Acc: 50.0 | Val Loss: 2.2099706041812897
Update Train Finetune Iter: 0 | Validation best acc: 50.00
Iter: 5 | Val Acc: 50.0 | Val Loss: 2.196758607625961
Update Train Finetune Iter: 5 | Validation best acc: 50.00
Iter: 10 | Val Acc: 50.0 | Val Loss: 2.181148386001587
Update Train Finetune Iter: 10 | Validation best acc: 50.00
Iter: 15 | Val Acc: 50.0 | Val Loss: 2.1615582692623136
Update Train Finetune Iter: 15 | Validation best acc: 50.00
Iter: 20 | Val Acc: 50.0 | Val Loss: 2.135720672607422
Update Train Finetune Iter: 20 | Validation best acc: 50.00
Iter: 25 | Val Acc: 50.0 | Val Loss: 2.099938175678253
Update Train Finetune Iter: 25 | Validation best acc: 50.00
Iter: 30 | Val Acc: 50.0 | Val Loss: 2.049752190709114
Update Train Finetune Iter: 30 | Validation best acc: 50.00
Iter: 35 | Val Acc: 50.0 | Val Loss: 1.9796357440948487
Update Train Finetune Iter: 35 | Validation best acc: 50.00
Iter: 40 | Val Acc: 50.0 | Val Loss: 1.8834061050415039
Update Train Finetune Iter: 40 | Validation best acc: 50.00
Iter: 45 | Val Acc: 50.0 | Val Loss: 1.7571780955791474
Update Train Finetune Iter: 45 | Validation best acc: 50.00
Iter: 50 | Val Acc: 50.0 | Val Loss: 1.600595433115959
Update Train Finetune Iter: 50 | Validation best acc: 50.00
Iter: 55 | Val Acc: 50.0 | Val Loss: 1.4194000303745269
Update Train Finetune Iter: 55 | Validation best acc: 50.00
Iter: 60 | Val Acc: 50.0 | Val Loss: 1.2311320707201958
Update Train Finetune Iter: 60 | Validation best acc: 50.00
Iter: 65 | Val Acc: 50.0 | Val Loss: 1.062322505414486
Update Train Finetune Iter: 65 | Validation best acc: 50.00
Iter: 70 | Val Acc: 67.5 | Val Loss: 0.9310695815086365
Update Train Finetune Iter: 70 | Validation best acc: 67.50
Iter: 75 | Val Acc: 59.0 | Val Loss: 0.8404390066862106
Update Train Finetune Iter: 75 | Validation best acc: 59.00
Iter: 80 | Val Acc: 51.0 | Val Loss: 0.7846117085218429
Update Train Finetune Iter: 80 | Validation best acc: 51.00
Iter: 85 | Val Acc: 50.5 | Val Loss: 0.7514660231769085
Update Train Finetune Iter: 85 | Validation best acc: 50.50
Iter: 90 | Val Acc: 51.0 | Val Loss: 0.7284881255030632
Update Train Finetune Iter: 90 | Validation best acc: 51.00
Iter: 95 | Val Acc: 53.0 | Val Loss: 0.7128917783498764
Update Train Finetune Iter: 95 | Validation best acc: 53.00
Iter: 100 | Val Acc: 54.0 | Val Loss: 0.7029084721207619
Iter: 105 | Val Acc: 59.0 | Val Loss: 0.694918208271265
Update Train Finetune Iter: 105 | Validation best acc: 59.00
Iter: 110 | Val Acc: 59.5 | Val Loss: 0.6881207890808583
Iter: 115 | Val Acc: 55.5 | Val Loss: 0.6892770984768868
Iter: 120 | Val Acc: 62.0 | Val Loss: 0.6799408073723316
Update Train Finetune Iter: 120 | Validation best acc: 62.00
Iter: 125 | Val Acc: 64.0 | Val Loss: 0.6745105116069317
Iter: 130 | Val Acc: 63.0 | Val Loss: 0.6686885178089141
Update Train Finetune Iter: 130 | Validation best acc: 63.00
Iter: 135 | Val Acc: 63.5 | Val Loss: 0.6659200987219811
Iter: 140 | Val Acc: 63.5 | Val Loss: 0.6646560880541802
Iter: 145 | Val Acc: 62.0 | Val Loss: 0.6598546319454909
Iter: 150 | Val Acc: 63.5 | Val Loss: 0.6555882935971021
Update Train Finetune Iter: 150 | Validation best acc: 63.50
Iter: 155 | Val Acc: 63.5 | Val Loss: 0.6539472091943026
Iter: 160 | Val Acc: 63.5 | Val Loss: 0.6541767497360707
Iter: 165 | Val Acc: 62.0 | Val Loss: 0.6558407431095838
Iter: 170 | Val Acc: 65.0 | Val Loss: 0.6499177554249763
Iter: 175 | Val Acc: 65.5 | Val Loss: 0.6481718757003546
Iter: 180 | Val Acc: 66.0 | Val Loss: 0.6479356519132853
Iter: 185 | Val Acc: 66.5 | Val Loss: 0.6437861045449972
Update Train Finetune Iter: 185 | Validation best acc: 66.50
Iter: 190 | Val Acc: 67.0 | Val Loss: 0.6398573654890061
Iter: 195 | Val Acc: 66.5 | Val Loss: 0.6491443730890751
Iter: 200 | Val Acc: 64.5 | Val Loss: 0.6570258434489369
Iter: 205 | Val Acc: 67.5 | Val Loss: 0.6424641327932477
Iter: 210 | Val Acc: 67.5 | Val Loss: 0.6396731182932853
Iter: 215 | Val Acc: 67.5 | Val Loss: 0.6428291578218341
Iter: 220 | Val Acc: 67.5 | Val Loss: 0.6474592735618353
Iter: 225 | Val Acc: 67.5 | Val Loss: 0.64585433319211
Iter: 230 | Val Acc: 68.0 | Val Loss: 0.6510827203094959
Iter: 235 | Val Acc: 68.0 | Val Loss: 0.6559441274031996
Iter: 0 | Val Acc: 50.0 | Val Loss: 2.2099732768535616
Update Train Finetune Iter: 0 | Validation best acc: 50.00
Iter: 5 | Val Acc: 50.0 | Val Loss: 2.196720061302185
Update Train Finetune Iter: 5 | Validation best acc: 50.00
Iter: 10 | Val Acc: 50.0 | Val Loss: 2.181055382490158
Update Train Finetune Iter: 10 | Validation best acc: 50.00
Iter: 15 | Val Acc: 50.0 | Val Loss: 2.161229619979858
Update Train Finetune Iter: 15 | Validation best acc: 50.00
Iter: 20 | Val Acc: 50.0 | Val Loss: 2.135379388332367
Update Train Finetune Iter: 20 | Validation best acc: 50.00
Iter: 25 | Val Acc: 50.0 | Val Loss: 2.099649865627289
Update Train Finetune Iter: 25 | Validation best acc: 50.00
Iter: 30 | Val Acc: 50.0 | Val Loss: 2.0496631270647048
Update Train Finetune Iter: 30 | Validation best acc: 50.00
Iter: 35 | Val Acc: 50.0 | Val Loss: 1.979305475950241
Update Train Finetune Iter: 35 | Validation best acc: 50.00
Iter: 40 | Val Acc: 50.0 | Val Loss: 1.882947536110878
Update Train Finetune Iter: 40 | Validation best acc: 50.00
Iter: 45 | Val Acc: 50.0 | Val Loss: 1.7565582412481309
Update Train Finetune Iter: 45 | Validation best acc: 50.00
Iter: 50 | Val Acc: 50.0 | Val Loss: 1.6001492404937745
Update Train Finetune Iter: 50 | Validation best acc: 50.00
Iter: 55 | Val Acc: 50.0 | Val Loss: 1.4197921550273895
Update Train Finetune Iter: 55 | Validation best acc: 50.00
Iter: 60 | Val Acc: 50.0 | Val Loss: 1.2339614605903626
Update Train Finetune Iter: 60 | Validation best acc: 50.00
Iter: 65 | Val Acc: 51.5 | Val Loss: 1.0661726823449136
Update Train Finetune Iter: 65 | Validation best acc: 51.50
Iter: 70 | Val Acc: 66.0 | Val Loss: 0.9326303106546402
Update Train Finetune Iter: 70 | Validation best acc: 66.00
Iter: 75 | Val Acc: 54.5 | Val Loss: 0.8413061606884003
Update Train Finetune Iter: 75 | Validation best acc: 54.50
Iter: 80 | Val Acc: 50.5 | Val Loss: 0.7853751647472381
Update Train Finetune Iter: 80 | Validation best acc: 50.50
Iter: 85 | Val Acc: 50.5 | Val Loss: 0.7513350529968739
Update Train Finetune Iter: 85 | Validation best acc: 50.50
Iter: 90 | Val Acc: 50.5 | Val Loss: 0.7310327050089837
Update Train Finetune Iter: 90 | Validation best acc: 50.50
Iter: 95 | Val Acc: 50.5 | Val Loss: 0.7185784505307674
Update Train Finetune Iter: 95 | Validation best acc: 50.50
Iter: 100 | Val Acc: 50.5 | Val Loss: 0.7103035727143288
Iter: 105 | Val Acc: 54.0 | Val Loss: 0.6977050811052322
Update Train Finetune Iter: 105 | Validation best acc: 54.00
Iter: 110 | Val Acc: 58.5 | Val Loss: 0.6904239386320115
Iter: 115 | Val Acc: 55.0 | Val Loss: 0.6896898277103901
Iter: 120 | Val Acc: 57.0 | Val Loss: 0.6853815023601055
Update Train Finetune Iter: 120 | Validation best acc: 57.00
Iter: 125 | Val Acc: 61.5 | Val Loss: 0.6781021392345429
Iter: 130 | Val Acc: 61.5 | Val Loss: 0.6757815249264241
Iter: 135 | Val Acc: 63.5 | Val Loss: 0.6674927251040935
Update Train Finetune Iter: 135 | Validation best acc: 63.50
Iter: 140 | Val Acc: 63.0 | Val Loss: 0.6619427672028542
Iter: 145 | Val Acc: 63.5 | Val Loss: 0.6611473169177771
Iter: 150 | Val Acc: 62.5 | Val Loss: 0.6575648100674152
Iter: 155 | Val Acc: 63.0 | Val Loss: 0.6549010743945837
Update Train Finetune Iter: 155 | Validation best acc: 63.00
Iter: 160 | Val Acc: 64.5 | Val Loss: 0.6518312896043063
Iter: 165 | Val Acc: 65.0 | Val Loss: 0.6503283812105656
Iter: 170 | Val Acc: 66.5 | Val Loss: 0.6485255361348391
Iter: 175 | Val Acc: 65.0 | Val Loss: 0.6496055389195681
Iter: 180 | Val Acc: 65.5 | Val Loss: 0.6499500841647387
Iter: 185 | Val Acc: 66.0 | Val Loss: 0.6451389531791211
Iter: 190 | Val Acc: 66.5 | Val Loss: 0.6473537913709879
Iter: 195 | Val Acc: 66.5 | Val Loss: 0.6445237080007792
Update Train Finetune Iter: 195 | Validation best acc: 66.50
Iter: 200 | Val Acc: 67.0 | Val Loss: 0.6432214223220944
Iter: 205 | Val Acc: 67.0 | Val Loss: 0.645673054382205
Iter: 210 | Val Acc: 65.5 | Val Loss: 0.6549404236674309
Iter: 215 | Val Acc: 65.5 | Val Loss: 0.6558594961091876
Iter: 220 | Val Acc: 66.5 | Val Loss: 0.6437514581531286
Iter: 225 | Val Acc: 66.5 | Val Loss: 0.6437979210540652
Iter: 230 | Val Acc: 67.0 | Val Loss: 0.6514107600226998
Iter: 235 | Val Acc: 65.5 | Val Loss: 0.6679910634830594
Iter: 240 | Val Acc: 68.0 | Val Loss: 0.6550911800190806
Iter: 245 | Val Acc: 66.5 | Val Loss: 0.6520228628441691
Train mix Iter 0 | Validation best acc: 1.00
Train mix Iter 5 | Validation best acc: 1.00
Train mix Iter 10 | Validation best acc: 1.00
Train mix Iter 15 | Validation best acc: 1.00
Train mix Iter 20 | Validation best acc: 1.00
Train mix Iter 25 | Validation best acc: 1.00
Train mix Iter 30 | Validation best acc: 1.00
Train mix Iter 35 | Validation best acc: 1.50
Train mix Iter 40 | Validation best acc: 1.50
Train mix Iter 45 | Validation best acc: 2.00
Train mix Iter 50 | Validation best acc: 2.50
Train mix Iter 55 | Validation best acc: 2.50
Train mix Iter 60 | Validation best acc: 3.50
Train mix Iter 65 | Validation best acc: 3.50
Train mix Iter 70 | Validation best acc: 4.50
Train mix Iter 75 | Validation best acc: 5.00
Train mix Iter 80 | Validation best acc: 5.50
Train mix Iter 85 | Validation best acc: 6.50
Train mix Iter 90 | Validation best acc: 6.50
Train mix Iter 95 | Validation best acc: 6.50
Train mix Iter 100 | Validation best acc: 6.50
Train mix Iter 105 | Validation best acc: 6.50
Train mix Iter 110 | Validation best acc: 6.50
Train mix Iter 115 | Validation best acc: 6.50
Train mix Iter 120 | Validation best acc: 6.50
Train mix Iter 125 | Validation best acc: 7.00
Train mix Iter 130 | Validation best acc: 7.00
Train mix Iter 135 | Validation best acc: 7.50
Train mix Iter 140 | Validation best acc: 7.50
Train mix Iter 145 | Validation best acc: 8.50
Train mix Iter 150 | Validation best acc: 8.50
Train mix Iter 155 | Validation best acc: 10.00
Train mix Iter 160 | Validation best acc: 10.50
Train mix Iter 165 | Validation best acc: 11.00
Train mix Iter 170 | Validation best acc: 11.00
Train mix Iter 175 | Validation best acc: 12.00
Train mix Iter 180 | Validation best acc: 12.50
Train mix Iter 185 | Validation best acc: 13.00
Train mix Iter 190 | Validation best acc: 13.50
Train mix Iter 195 | Validation best acc: 14.00
Train mix Iter 200 | Validation best acc: 15.00
Train mix Iter 205 | Validation best acc: 16.00
Train mix Iter 210 | Validation best acc: 16.00
Train mix Iter 215 | Validation best acc: 18.00
Train mix Iter 220 | Validation best acc: 20.50
Train mix Iter 225 | Validation best acc: 21.00
Train mix Iter 230 | Validation best acc: 24.00
Train mix Iter 235 | Validation best acc: 24.50
Train mix Iter 240 | Validation best acc: 25.00
Train mix Iter 245 | Validation best acc: 26.50
Train mix Iter 250 | Validation best acc: 28.50
Train mix Iter 255 | Validation best acc: 32.00
Train mix Iter 260 | Validation best acc: 33.50
Train mix Iter 265 | Validation best acc: 36.00
Train mix Iter 270 | Validation best acc: 38.00
Train mix Iter 275 | Validation best acc: 40.00
Train mix Iter 280 | Validation best acc: 41.00
Train mix Iter 285 | Validation best acc: 41.50
Train mix Iter 290 | Validation best acc: 42.50
Train mix Iter 295 | Validation best acc: 43.50
Train mix Iter 300 | Validation best acc: 43.50
Train mix Iter 305 | Validation best acc: 46.00
Train mix Iter 310 | Validation best acc: 48.00
Train mix Iter 315 | Validation best acc: 48.50
Train mix Iter 320 | Validation best acc: 48.50
Train mix Iter 325 | Validation best acc: 48.50
Train mix Iter 330 | Validation best acc: 48.50
Train mix Iter 335 | Validation best acc: 49.00
Train mix Iter 340 | Validation best acc: 49.00
Train mix Iter 345 | Validation best acc: 49.50
Train mix Iter 350 | Validation best acc: 49.50
Train mix Iter 355 | Validation best acc: 49.50
Train mix Iter 360 | Validation best acc: 50.00
Train mix Iter 365 | Validation best acc: 50.00
Train mix Iter 370 | Validation best acc: 50.00
Train mix Iter 375 | Validation best acc: 50.00
Train mix Iter 380 | Validation best acc: 50.00
Train mix Iter 385 | Validation best acc: 50.00
Train mix Iter 390 | Validation best acc: 50.00
Train mix Iter 395 | Validation best acc: 50.00
Train mix Iter 400 | Validation best acc: 50.00
Train mix Iter 405 | Validation best acc: 50.00
Train mix Iter 410 | Validation best acc: 50.00
Train mix Iter 415 | Validation best acc: 50.00
Train mix Iter 420 | Validation best acc: 50.00
Train mix Iter 425 | Validation best acc: 50.00
Train mix Iter 430 | Validation best acc: 50.00
Train mix Iter 435 | Validation best acc: 50.00
Train mix Iter 440 | Validation best acc: 50.00
Train mix Iter 445 | Validation best acc: 50.00
Train mix Iter 450 | Validation best acc: 50.00
Train mix Iter 455 | Validation best acc: 50.00
Train mix Iter 460 | Validation best acc: 50.00
Train mix Iter 465 | Validation best acc: 50.00
Train mix Iter 470 | Validation best acc: 50.00
Train mix Iter 475 | Validation best acc: 50.00
Train mix Iter 480 | Validation best acc: 50.00
Train mix Iter 485 | Validation best acc: 50.00
Train mix Iter 490 | Validation best acc: 50.00
Train mix Iter 495 | Validation best acc: 50.00
Iter: 0 | Val Acc: 50.0 | Val Loss: 2.20971134185791
Update Train Finetune Iter: 0 | Validation best acc: 50.00
Iter: 5 | Val Acc: 50.0 | Val Loss: 2.192705291509628
Update Train Finetune Iter: 5 | Validation best acc: 50.00
Iter: 10 | Val Acc: 50.0 | Val Loss: 2.1708200669288633
Update Train Finetune Iter: 10 | Validation best acc: 50.00
Iter: 15 | Val Acc: 50.0 | Val Loss: 2.13999116897583
Update Train Finetune Iter: 15 | Validation best acc: 50.00
Iter: 20 | Val Acc: 50.0 | Val Loss: 2.094788691997528
Update Train Finetune Iter: 20 | Validation best acc: 50.00
Iter: 25 | Val Acc: 50.0 | Val Loss: 2.0306716471910478
Update Train Finetune Iter: 25 | Validation best acc: 50.00
Iter: 30 | Val Acc: 50.5 | Val Loss: 1.9430159729719163
Update Train Finetune Iter: 30 | Validation best acc: 50.50
Iter: 35 | Val Acc: 51.0 | Val Loss: 1.82520840883255
Update Train Finetune Iter: 35 | Validation best acc: 51.00
Iter: 40 | Val Acc: 56.5 | Val Loss: 1.6735008877515793
Update Train Finetune Iter: 40 | Validation best acc: 56.50
Iter: 45 | Val Acc: 59.0 | Val Loss: 1.4913081896305085
Update Train Finetune Iter: 45 | Validation best acc: 59.00
Iter: 50 | Val Acc: 52.5 | Val Loss: 1.295787068605423
Update Train Finetune Iter: 50 | Validation best acc: 52.50
Iter: 55 | Val Acc: 50.5 | Val Loss: 1.114315136373043
Update Train Finetune Iter: 55 | Validation best acc: 50.50
Iter: 60 | Val Acc: 50.0 | Val Loss: 0.9730921122431755
Update Train Finetune Iter: 60 | Validation best acc: 50.00
Iter: 65 | Val Acc: 50.0 | Val Loss: 0.8771826878190041
Update Train Finetune Iter: 65 | Validation best acc: 50.00
Iter: 70 | Val Acc: 50.0 | Val Loss: 0.8170487159490585
Update Train Finetune Iter: 70 | Validation best acc: 50.00
Iter: 75 | Val Acc: 50.0 | Val Loss: 0.779048356115818
Update Train Finetune Iter: 75 | Validation best acc: 50.00
Iter: 80 | Val Acc: 51.5 | Val Loss: 0.7542029231786728
Update Train Finetune Iter: 80 | Validation best acc: 51.50
Iter: 85 | Val Acc: 61.5 | Val Loss: 0.7379074233770371
Update Train Finetune Iter: 85 | Validation best acc: 61.50
Iter: 90 | Val Acc: 62.0 | Val Loss: 0.7265570595860481
Update Train Finetune Iter: 90 | Validation best acc: 62.00
Iter: 95 | Val Acc: 55.5 | Val Loss: 0.718923043012619
Iter: 100 | Val Acc: 53.5 | Val Loss: 0.7128523893654346
Update Train Finetune Iter: 100 | Validation best acc: 53.50
Iter: 105 | Val Acc: 58.0 | Val Loss: 0.70682199716568
Iter: 110 | Val Acc: 64.0 | Val Loss: 0.7019403424859046
Update Train Finetune Iter: 110 | Validation best acc: 64.00
Iter: 115 | Val Acc: 66.0 | Val Loss: 0.698037106692791
Iter: 120 | Val Acc: 60.5 | Val Loss: 0.6946609273552895
Iter: 125 | Val Acc: 63.5 | Val Loss: 0.6909742936491966
Update Train Finetune Iter: 125 | Validation best acc: 63.50
Iter: 130 | Val Acc: 67.0 | Val Loss: 0.6871718388795852
Iter: 135 | Val Acc: 63.5 | Val Loss: 0.6838173201680183
Iter: 140 | Val Acc: 65.5 | Val Loss: 0.6794814702868461
Update Train Finetune Iter: 140 | Validation best acc: 65.50
Iter: 145 | Val Acc: 70.0 | Val Loss: 0.6744982315599919
Iter: 150 | Val Acc: 70.0 | Val Loss: 0.6697298003733159
Iter: 155 | Val Acc: 70.5 | Val Loss: 0.6643786801397801
Update Train Finetune Iter: 155 | Validation best acc: 70.50
Iter: 160 | Val Acc: 69.5 | Val Loss: 0.6586240871250629
Iter: 165 | Val Acc: 70.5 | Val Loss: 0.6525311182439327
Update Train Finetune Iter: 165 | Validation best acc: 70.50
Iter: 170 | Val Acc: 73.5 | Val Loss: 0.645227213203907
Iter: 175 | Val Acc: 73.5 | Val Loss: 0.6378935959935188
Update Train Finetune Iter: 175 | Validation best acc: 73.50
Iter: 180 | Val Acc: 72.5 | Val Loss: 0.6308757269382477
Iter: 185 | Val Acc: 73.5 | Val Loss: 0.6235322815179825
Update Train Finetune Iter: 185 | Validation best acc: 73.50
Iter: 190 | Val Acc: 74.5 | Val Loss: 0.6160007812082767
Iter: 195 | Val Acc: 73.5 | Val Loss: 0.6082717578113079
Update Train Finetune Iter: 195 | Validation best acc: 73.50
Iter: 200 | Val Acc: 71.5 | Val Loss: 0.60120521761477
Iter: 205 | Val Acc: 72.0 | Val Loss: 0.5943438304215669
Update Train Finetune Iter: 205 | Validation best acc: 72.00
Iter: 210 | Val Acc: 74.5 | Val Loss: 0.5891171817481518
Iter: 215 | Val Acc: 73.0 | Val Loss: 0.5819225788861513
Update Train Finetune Iter: 215 | Validation best acc: 73.00
Iter: 220 | Val Acc: 73.0 | Val Loss: 0.5761186441406607
Iter: 225 | Val Acc: 74.0 | Val Loss: 0.5707420134171843
Update Train Finetune Iter: 225 | Validation best acc: 74.00
Iter: 230 | Val Acc: 74.5 | Val Loss: 0.5654780127480626
Iter: 235 | Val Acc: 74.5 | Val Loss: 0.5605980986170471
Update Train Finetune Iter: 235 | Validation best acc: 74.50
Iter: 240 | Val Acc: 74.5 | Val Loss: 0.5553369532339275
Iter: 245 | Val Acc: 74.5 | Val Loss: 0.5501113636046648
Update Train Finetune Iter: 245 | Validation best acc: 74.50
Iter: 250 | Val Acc: 74.5 | Val Loss: 0.5445780634507537
Iter: 255 | Val Acc: 74.0 | Val Loss: 0.5393190127052366
Update Train Finetune Iter: 255 | Validation best acc: 74.00
Iter: 260 | Val Acc: 74.0 | Val Loss: 0.534325007069856
Iter: 265 | Val Acc: 76.0 | Val Loss: 0.5303870733827353
Iter: 270 | Val Acc: 75.5 | Val Loss: 0.5256217701919377
Update Train Finetune Iter: 270 | Validation best acc: 75.50
Iter: 275 | Val Acc: 76.5 | Val Loss: 0.5216832662560046
Iter: 280 | Val Acc: 78.0 | Val Loss: 0.5182132925465703
Iter: 285 | Val Acc: 78.0 | Val Loss: 0.5148606571182609
Update Train Finetune Iter: 285 | Validation best acc: 78.00
Iter: 290 | Val Acc: 78.5 | Val Loss: 0.5120251691807062
Iter: 295 | Val Acc: 77.0 | Val Loss: 0.5101607410237193
Iter: 300 | Val Acc: 77.0 | Val Loss: 0.5075546288490296
Iter: 305 | Val Acc: 78.0 | Val Loss: 0.5062943166214973
Iter: 310 | Val Acc: 78.5 | Val Loss: 0.5053127469215543
Iter: 315 | Val Acc: 78.5 | Val Loss: 0.504366978816688
Update Train Finetune Iter: 315 | Validation best acc: 78.50
Iter: 320 | Val Acc: 79.0 | Val Loss: 0.5045832311967388
Iter: 325 | Val Acc: 80.0 | Val Loss: 0.50500469381921
Iter: 330 | Val Acc: 80.0 | Val Loss: 0.5048952100868337
Iter: 335 | Val Acc: 78.0 | Val Loss: 0.5043216525437311
Iter: 340 | Val Acc: 79.0 | Val Loss: 0.504727155494038
Iter: 345 | Val Acc: 80.0 | Val Loss: 0.5052717489120551
Iter: 350 | Val Acc: 80.0 | Val Loss: 0.5047074965108186
Iter: 355 | Val Acc: 81.0 | Val Loss: 0.5051446524972562
Iter: 360 | Val Acc: 81.0 | Val Loss: 0.5056248306646012
Iter: 365 | Val Acc: 81.0 | Val Loss: 0.5045752714632544
Iter: 0 | Val Acc: 50.0 | Val Loss: 2.209684982299805
Update Train Finetune Iter: 0 | Validation best acc: 50.00
Iter: 5 | Val Acc: 50.0 | Val Loss: 2.192636247873306
Update Train Finetune Iter: 5 | Validation best acc: 50.00
Iter: 10 | Val Acc: 50.0 | Val Loss: 2.1705054676532747
Update Train Finetune Iter: 10 | Validation best acc: 50.00
Iter: 15 | Val Acc: 50.0 | Val Loss: 2.1393439996242525
Update Train Finetune Iter: 15 | Validation best acc: 50.00
Iter: 20 | Val Acc: 50.0 | Val Loss: 2.094042402505875
Update Train Finetune Iter: 20 | Validation best acc: 50.00
Iter: 25 | Val Acc: 50.0 | Val Loss: 2.029898822903633
Update Train Finetune Iter: 25 | Validation best acc: 50.00
Iter: 30 | Val Acc: 50.5 | Val Loss: 1.9418957889080048
Update Train Finetune Iter: 30 | Validation best acc: 50.50
Iter: 35 | Val Acc: 50.5 | Val Loss: 1.824388220310211
Update Train Finetune Iter: 35 | Validation best acc: 50.50
Iter: 40 | Val Acc: 58.0 | Val Loss: 1.6732684880495072
Update Train Finetune Iter: 40 | Validation best acc: 58.00
Iter: 45 | Val Acc: 57.5 | Val Loss: 1.4915280377864837
Update Train Finetune Iter: 45 | Validation best acc: 57.50
Iter: 50 | Val Acc: 51.5 | Val Loss: 1.295980834364891
Update Train Finetune Iter: 50 | Validation best acc: 51.50
Iter: 55 | Val Acc: 50.0 | Val Loss: 1.1152078199386597
Update Train Finetune Iter: 55 | Validation best acc: 50.00
Iter: 60 | Val Acc: 50.0 | Val Loss: 0.9737314441800118
Update Train Finetune Iter: 60 | Validation best acc: 50.00
Iter: 65 | Val Acc: 50.0 | Val Loss: 0.8780097988247871
Update Train Finetune Iter: 65 | Validation best acc: 50.00
Iter: 70 | Val Acc: 50.0 | Val Loss: 0.8175080811977387
Update Train Finetune Iter: 70 | Validation best acc: 50.00
Iter: 75 | Val Acc: 50.5 | Val Loss: 0.7791487917304039
Update Train Finetune Iter: 75 | Validation best acc: 50.50
Iter: 80 | Val Acc: 52.0 | Val Loss: 0.754399200975895
Update Train Finetune Iter: 80 | Validation best acc: 52.00
Iter: 85 | Val Acc: 55.0 | Val Loss: 0.7379919144511223
Update Train Finetune Iter: 85 | Validation best acc: 55.00
Iter: 90 | Val Acc: 58.0 | Val Loss: 0.7264030867815018
Update Train Finetune Iter: 90 | Validation best acc: 58.00
Iter: 95 | Val Acc: 61.0 | Val Loss: 0.7175613847374916
Iter: 100 | Val Acc: 60.0 | Val Loss: 0.7107761621475219
Update Train Finetune Iter: 100 | Validation best acc: 60.00
Iter: 105 | Val Acc: 64.5 | Val Loss: 0.7050265264511109
Iter: 110 | Val Acc: 66.5 | Val Loss: 0.6997453892230987
Update Train Finetune Iter: 110 | Validation best acc: 66.50
Iter: 115 | Val Acc: 67.5 | Val Loss: 0.6947766372561455
Iter: 120 | Val Acc: 66.5 | Val Loss: 0.6903500619530678
Iter: 125 | Val Acc: 68.0 | Val Loss: 0.6862160558998585
Update Train Finetune Iter: 125 | Validation best acc: 68.00
Iter: 130 | Val Acc: 68.5 | Val Loss: 0.6823506955802441
Iter: 135 | Val Acc: 71.0 | Val Loss: 0.6780172120034694
Iter: 140 | Val Acc: 71.5 | Val Loss: 0.6732366953790188
Update Train Finetune Iter: 140 | Validation best acc: 71.50
Iter: 145 | Val Acc: 71.5 | Val Loss: 0.6678763997554779
Iter: 150 | Val Acc: 72.5 | Val Loss: 0.6617171055078507
Update Train Finetune Iter: 150 | Validation best acc: 72.50
Iter: 155 | Val Acc: 73.0 | Val Loss: 0.6550997218489647
Iter: 160 | Val Acc: 71.5 | Val Loss: 0.6480407141149044
Update Train Finetune Iter: 160 | Validation best acc: 71.50
Iter: 165 | Val Acc: 73.0 | Val Loss: 0.6412200284004211
Iter: 170 | Val Acc: 73.5 | Val Loss: 0.6332065117359161
Update Train Finetune Iter: 170 | Validation best acc: 73.50
Iter: 175 | Val Acc: 73.0 | Val Loss: 0.6260832226276398
Iter: 180 | Val Acc: 75.0 | Val Loss: 0.618905622959137
Update Train Finetune Iter: 180 | Validation best acc: 75.00
Iter: 185 | Val Acc: 74.0 | Val Loss: 0.6111121331900358
Iter: 190 | Val Acc: 71.5 | Val Loss: 0.6045110546797514
Update Train Finetune Iter: 190 | Validation best acc: 71.50
Iter: 195 | Val Acc: 74.5 | Val Loss: 0.5949725518375635
Iter: 200 | Val Acc: 74.0 | Val Loss: 0.5877690073102713
Update Train Finetune Iter: 200 | Validation best acc: 74.00
Iter: 205 | Val Acc: 74.5 | Val Loss: 0.5814106690138579
Iter: 210 | Val Acc: 75.5 | Val Loss: 0.5759277122095228
Update Train Finetune Iter: 210 | Validation best acc: 75.50
Iter: 215 | Val Acc: 75.5 | Val Loss: 0.5703804663196206
Iter: 220 | Val Acc: 76.0 | Val Loss: 0.5633449895679951
Update Train Finetune Iter: 220 | Validation best acc: 76.00
Iter: 225 | Val Acc: 73.5 | Val Loss: 0.5572974096983672
Iter: 230 | Val Acc: 75.0 | Val Loss: 0.5517412146180868
Update Train Finetune Iter: 230 | Validation best acc: 75.00
Iter: 235 | Val Acc: 75.0 | Val Loss: 0.5471569520235061
Iter: 240 | Val Acc: 75.5 | Val Loss: 0.541526996139437
Update Train Finetune Iter: 240 | Validation best acc: 75.50
Iter: 245 | Val Acc: 75.5 | Val Loss: 0.5357134519517421
Iter: 250 | Val Acc: 75.5 | Val Loss: 0.5302089716680348
Update Train Finetune Iter: 250 | Validation best acc: 75.50
Iter: 255 | Val Acc: 75.5 | Val Loss: 0.5250665293447674
Iter: 260 | Val Acc: 76.5 | Val Loss: 0.5211775842867792
Iter: 265 | Val Acc: 76.5 | Val Loss: 0.5192361446842552
Update Train Finetune Iter: 265 | Validation best acc: 76.50
Iter: 270 | Val Acc: 76.5 | Val Loss: 0.5167898062057793
Iter: 275 | Val Acc: 77.0 | Val Loss: 0.512203865442425
Iter: 280 | Val Acc: 78.0 | Val Loss: 0.5094161146879196
Iter: 285 | Val Acc: 78.5 | Val Loss: 0.5083344943728298
Update Train Finetune Iter: 285 | Validation best acc: 78.50
Iter: 290 | Val Acc: 76.0 | Val Loss: 0.5077303231041879
Iter: 295 | Val Acc: 77.0 | Val Loss: 0.5059174885228276
Iter: 300 | Val Acc: 77.5 | Val Loss: 0.5044688277272508
Iter: 305 | Val Acc: 78.0 | Val Loss: 0.5033057745173574
Iter: 310 | Val Acc: 80.5 | Val Loss: 0.5034658496966585
Iter: 315 | Val Acc: 80.5 | Val Loss: 0.5039149846625515
Iter: 320 | Val Acc: 79.0 | Val Loss: 0.5037777939275838
Iter: 325 | Val Acc: 80.0 | Val Loss: 0.5038140604225919
Iter: 330 | Val Acc: 81.0 | Val Loss: 0.5042932588700205
Iter: 335 | Val Acc: 80.5 | Val Loss: 0.5043220646632836
Train mix Iter 0 | Validation best acc: 3.00
Train mix Iter 15 | Validation best acc: 3.00
Train mix Iter 25 | Validation best acc: 3.00
Train mix Iter 35 | Validation best acc: 3.50
Train mix Iter 45 | Validation best acc: 3.50
Train mix Iter 55 | Validation best acc: 3.50
Train mix Iter 60 | Validation best acc: 3.50
Train mix Iter 65 | Validation best acc: 3.50
Train mix Iter 70 | Validation best acc: 3.50
Train mix Iter 75 | Validation best acc: 3.50
Train mix Iter 80 | Validation best acc: 3.50
Train mix Iter 85 | Validation best acc: 3.50
Train mix Iter 90 | Validation best acc: 3.50
Train mix Iter 95 | Validation best acc: 3.50
Train mix Iter 100 | Validation best acc: 4.00
Train mix Iter 105 | Validation best acc: 4.00
Train mix Iter 110 | Validation best acc: 4.00
Train mix Iter 115 | Validation best acc: 4.00
Train mix Iter 120 | Validation best acc: 4.00
Train mix Iter 125 | Validation best acc: 4.00
Train mix Iter 130 | Validation best acc: 4.00
Train mix Iter 135 | Validation best acc: 4.00
Train mix Iter 140 | Validation best acc: 4.00
Train mix Iter 145 | Validation best acc: 4.50
Train mix Iter 150 | Validation best acc: 4.50
Train mix Iter 155 | Validation best acc: 4.50
Train mix Iter 160 | Validation best acc: 4.50
Train mix Iter 165 | Validation best acc: 4.50
Train mix Iter 170 | Validation best acc: 5.50
Train mix Iter 175 | Validation best acc: 5.50
Train mix Iter 180 | Validation best acc: 5.50
Train mix Iter 185 | Validation best acc: 5.50
Train mix Iter 190 | Validation best acc: 5.50
Train mix Iter 195 | Validation best acc: 5.50
Train mix Iter 200 | Validation best acc: 6.00
Train mix Iter 205 | Validation best acc: 6.00
Train mix Iter 210 | Validation best acc: 6.50
Train mix Iter 215 | Validation best acc: 7.00
Train mix Iter 220 | Validation best acc: 7.00
Train mix Iter 225 | Validation best acc: 7.50
Train mix Iter 230 | Validation best acc: 7.50
Train mix Iter 235 | Validation best acc: 8.00
Train mix Iter 240 | Validation best acc: 9.50
Train mix Iter 245 | Validation best acc: 10.50
Train mix Iter 250 | Validation best acc: 12.50
Train mix Iter 255 | Validation best acc: 15.00
Train mix Iter 260 | Validation best acc: 17.50
Train mix Iter 265 | Validation best acc: 18.00
Train mix Iter 270 | Validation best acc: 19.00
Train mix Iter 275 | Validation best acc: 21.00
Train mix Iter 280 | Validation best acc: 23.50
Train mix Iter 285 | Validation best acc: 24.50
Train mix Iter 290 | Validation best acc: 29.50
Train mix Iter 295 | Validation best acc: 32.00
Train mix Iter 300 | Validation best acc: 34.50
Train mix Iter 305 | Validation best acc: 38.50
Train mix Iter 310 | Validation best acc: 40.50
Train mix Iter 315 | Validation best acc: 42.00
Train mix Iter 320 | Validation best acc: 43.50
Train mix Iter 325 | Validation best acc: 44.50
Train mix Iter 330 | Validation best acc: 45.50
Train mix Iter 335 | Validation best acc: 46.00
Train mix Iter 340 | Validation best acc: 46.50
Train mix Iter 345 | Validation best acc: 48.00
Train mix Iter 350 | Validation best acc: 48.50
Train mix Iter 355 | Validation best acc: 49.00
Train mix Iter 360 | Validation best acc: 49.00
Train mix Iter 365 | Validation best acc: 49.00
Train mix Iter 370 | Validation best acc: 50.00
Train mix Iter 375 | Validation best acc: 50.00
Train mix Iter 380 | Validation best acc: 50.00
Train mix Iter 385 | Validation best acc: 50.00
Train mix Iter 390 | Validation best acc: 50.00
Train mix Iter 395 | Validation best acc: 50.00
Train mix Iter 400 | Validation best acc: 50.00
Train mix Iter 405 | Validation best acc: 50.00
Train mix Iter 410 | Validation best acc: 50.00
Train mix Iter 415 | Validation best acc: 50.00
Train mix Iter 420 | Validation best acc: 50.00
Train mix Iter 425 | Validation best acc: 50.00
Train mix Iter 430 | Validation best acc: 50.00
Train mix Iter 435 | Validation best acc: 50.00
Train mix Iter 440 | Validation best acc: 50.00
Train mix Iter 445 | Validation best acc: 50.00
Train mix Iter 450 | Validation best acc: 50.00
Train mix Iter 455 | Validation best acc: 50.00
Train mix Iter 460 | Validation best acc: 50.00
Train mix Iter 465 | Validation best acc: 50.00
Train mix Iter 470 | Validation best acc: 50.00
Train mix Iter 475 | Validation best acc: 50.00
Train mix Iter 480 | Validation best acc: 50.00
Train mix Iter 485 | Validation best acc: 50.00
Train mix Iter 490 | Validation best acc: 50.00
Train mix Iter 495 | Validation best acc: 50.00
Iter: 0 | Val Acc: 50.0 | Val Loss: 2.2790968763828277
Update Train Finetune Iter: 0 | Validation best acc: 50.00
Iter: 5 | Val Acc: 50.0 | Val Loss: 2.2657891380786896
Update Train Finetune Iter: 5 | Validation best acc: 50.00
Iter: 10 | Val Acc: 50.0 | Val Loss: 2.249822299480438
Update Train Finetune Iter: 10 | Validation best acc: 50.00
Iter: 15 | Val Acc: 50.0 | Val Loss: 2.2289904153347013
Update Train Finetune Iter: 15 | Validation best acc: 50.00
Iter: 20 | Val Acc: 50.0 | Val Loss: 2.201044659614563
Update Train Finetune Iter: 20 | Validation best acc: 50.00
Iter: 25 | Val Acc: 50.0 | Val Loss: 2.1624270701408386
Update Train Finetune Iter: 25 | Validation best acc: 50.00
Iter: 30 | Val Acc: 50.0 | Val Loss: 2.1080994707345964
Update Train Finetune Iter: 30 | Validation best acc: 50.00
Iter: 35 | Val Acc: 50.0 | Val Loss: 2.0313685923814773
Update Train Finetune Iter: 35 | Validation best acc: 50.00
Iter: 40 | Val Acc: 50.0 | Val Loss: 1.923425326347351
Update Train Finetune Iter: 40 | Validation best acc: 50.00
Iter: 45 | Val Acc: 50.0 | Val Loss: 1.7773258113861083
Update Train Finetune Iter: 45 | Validation best acc: 50.00
Iter: 50 | Val Acc: 50.0 | Val Loss: 1.5948105508089065
Update Train Finetune Iter: 50 | Validation best acc: 50.00
Iter: 55 | Val Acc: 50.0 | Val Loss: 1.389893198311329
Update Train Finetune Iter: 55 | Validation best acc: 50.00
Iter: 60 | Val Acc: 50.0 | Val Loss: 1.1886278679966926
Update Train Finetune Iter: 60 | Validation best acc: 50.00
Iter: 65 | Val Acc: 50.0 | Val Loss: 1.0203864097595214
Update Train Finetune Iter: 65 | Validation best acc: 50.00
Iter: 70 | Val Acc: 50.5 | Val Loss: 0.898049618601799
Update Train Finetune Iter: 70 | Validation best acc: 50.50
Iter: 75 | Val Acc: 54.5 | Val Loss: 0.8190344572067261
Update Train Finetune Iter: 75 | Validation best acc: 54.50
Iter: 80 | Val Acc: 61.5 | Val Loss: 0.769682711660862
Update Train Finetune Iter: 80 | Validation best acc: 61.50
Iter: 85 | Val Acc: 63.0 | Val Loss: 0.7381109264492989
Update Train Finetune Iter: 85 | Validation best acc: 63.00
Iter: 90 | Val Acc: 61.5 | Val Loss: 0.7188322421908379
Update Train Finetune Iter: 90 | Validation best acc: 61.50
Iter: 95 | Val Acc: 63.0 | Val Loss: 0.7034719741344452
Update Train Finetune Iter: 95 | Validation best acc: 63.00
Iter: 100 | Val Acc: 63.5 | Val Loss: 0.6911584742367267
Update Train Finetune Iter: 100 | Validation best acc: 63.50
Iter: 105 | Val Acc: 69.5 | Val Loss: 0.6770143075287343
Update Train Finetune Iter: 105 | Validation best acc: 69.50
Iter: 110 | Val Acc: 69.5 | Val Loss: 0.6670835895836353
Iter: 115 | Val Acc: 66.0 | Val Loss: 0.6621042755246163
Update Train Finetune Iter: 115 | Validation best acc: 66.00
Iter: 120 | Val Acc: 67.5 | Val Loss: 0.6528431658446788
Iter: 125 | Val Acc: 71.0 | Val Loss: 0.6415384095907212
Update Train Finetune Iter: 125 | Validation best acc: 71.00
Iter: 130 | Val Acc: 71.0 | Val Loss: 0.6331794981658458
Iter: 135 | Val Acc: 70.0 | Val Loss: 0.625915530771017
Update Train Finetune Iter: 135 | Validation best acc: 70.00
Iter: 140 | Val Acc: 72.0 | Val Loss: 0.615657374560833
Update Train Finetune Iter: 140 | Validation best acc: 72.00
Iter: 145 | Val Acc: 72.0 | Val Loss: 0.6088328556716442
Iter: 150 | Val Acc: 71.5 | Val Loss: 0.6018680441379547
Update Train Finetune Iter: 150 | Validation best acc: 71.50
Iter: 155 | Val Acc: 73.5 | Val Loss: 0.5904890935122967
Update Train Finetune Iter: 155 | Validation best acc: 73.50
Iter: 160 | Val Acc: 73.5 | Val Loss: 0.583068893328309
Iter: 165 | Val Acc: 73.5 | Val Loss: 0.5757478983700275
Update Train Finetune Iter: 165 | Validation best acc: 73.50
Iter: 170 | Val Acc: 75.0 | Val Loss: 0.566382109746337
Iter: 175 | Val Acc: 77.0 | Val Loss: 0.5595431902259588
Update Train Finetune Iter: 175 | Validation best acc: 77.00
Iter: 180 | Val Acc: 76.0 | Val Loss: 0.5517500913888216
Iter: 185 | Val Acc: 76.5 | Val Loss: 0.5450033053010702
Update Train Finetune Iter: 185 | Validation best acc: 76.50
Iter: 190 | Val Acc: 76.5 | Val Loss: 0.5398973389714956
Iter: 195 | Val Acc: 76.5 | Val Loss: 0.532290071286261
Update Train Finetune Iter: 195 | Validation best acc: 76.50
Iter: 200 | Val Acc: 77.5 | Val Loss: 0.5228467734158039
Iter: 205 | Val Acc: 79.5 | Val Loss: 0.5159855750203133
Update Train Finetune Iter: 205 | Validation best acc: 79.50
Iter: 210 | Val Acc: 80.0 | Val Loss: 0.5080333814769983
Iter: 215 | Val Acc: 80.0 | Val Loss: 0.5002998953312635
Update Train Finetune Iter: 215 | Validation best acc: 80.00
Iter: 220 | Val Acc: 80.0 | Val Loss: 0.4931461451202631
Iter: 225 | Val Acc: 81.5 | Val Loss: 0.4854572470858693
Update Train Finetune Iter: 225 | Validation best acc: 81.50
Iter: 230 | Val Acc: 82.0 | Val Loss: 0.47921558387577534
Iter: 235 | Val Acc: 80.5 | Val Loss: 0.47478334641084075
Update Train Finetune Iter: 235 | Validation best acc: 80.50
Iter: 240 | Val Acc: 82.0 | Val Loss: 0.46838544787839054
Iter: 245 | Val Acc: 81.5 | Val Loss: 0.46274550111964347
Update Train Finetune Iter: 245 | Validation best acc: 81.50
Iter: 250 | Val Acc: 81.0 | Val Loss: 0.4596285481750965
Iter: 255 | Val Acc: 82.5 | Val Loss: 0.45436603160575034
Iter: 260 | Val Acc: 82.5 | Val Loss: 0.4493453722260892
Update Train Finetune Iter: 260 | Validation best acc: 82.50
Iter: 265 | Val Acc: 82.5 | Val Loss: 0.448701560460031
Iter: 270 | Val Acc: 83.0 | Val Loss: 0.45510591074824336
Iter: 275 | Val Acc: 84.0 | Val Loss: 0.4429678010661155
Iter: 280 | Val Acc: 84.5 | Val Loss: 0.43978863388299944
Iter: 285 | Val Acc: 84.5 | Val Loss: 0.43879508254118266
Update Train Finetune Iter: 285 | Validation best acc: 84.50
Iter: 290 | Val Acc: 85.5 | Val Loss: 0.4376225010864437
Iter: 295 | Val Acc: 85.5 | Val Loss: 0.43693210252560677
Iter: 300 | Val Acc: 84.5 | Val Loss: 0.4384806047193706
Iter: 305 | Val Acc: 85.0 | Val Loss: 0.4352544236462563
Iter: 310 | Val Acc: 85.0 | Val Loss: 0.4351598100597039
Iter: 315 | Val Acc: 85.0 | Val Loss: 0.433255855680909
Iter: 320 | Val Acc: 84.5 | Val Loss: 0.4346284467796795
Iter: 325 | Val Acc: 85.0 | Val Loss: 0.4327404669160023
Iter: 330 | Val Acc: 84.5 | Val Loss: 0.4342571000242606
Iter: 335 | Val Acc: 85.5 | Val Loss: 0.4414327071653679
Iter: 0 | Val Acc: 50.0 | Val Loss: 2.2791133236885073
Update Train Finetune Iter: 0 | Validation best acc: 50.00
Iter: 5 | Val Acc: 50.0 | Val Loss: 2.265768463611603
Update Train Finetune Iter: 5 | Validation best acc: 50.00
Iter: 10 | Val Acc: 50.0 | Val Loss: 2.2497165524959564
Update Train Finetune Iter: 10 | Validation best acc: 50.00
Iter: 15 | Val Acc: 50.0 | Val Loss: 2.2288591265678406
Update Train Finetune Iter: 15 | Validation best acc: 50.00
Iter: 20 | Val Acc: 50.0 | Val Loss: 2.2010085344314576
Update Train Finetune Iter: 20 | Validation best acc: 50.00
Iter: 25 | Val Acc: 50.0 | Val Loss: 2.1625441193580626
Update Train Finetune Iter: 25 | Validation best acc: 50.00
Iter: 30 | Val Acc: 50.0 | Val Loss: 2.108699977993965
Update Train Finetune Iter: 30 | Validation best acc: 50.00
Iter: 35 | Val Acc: 50.0 | Val Loss: 2.0316573572158814
Update Train Finetune Iter: 35 | Validation best acc: 50.00
Iter: 40 | Val Acc: 50.0 | Val Loss: 1.9239533317089081
Update Train Finetune Iter: 40 | Validation best acc: 50.00
Iter: 45 | Val Acc: 50.0 | Val Loss: 1.7786053657531737
Update Train Finetune Iter: 45 | Validation best acc: 50.00
Iter: 50 | Val Acc: 50.0 | Val Loss: 1.5956338989734649
Update Train Finetune Iter: 50 | Validation best acc: 50.00
Iter: 55 | Val Acc: 50.0 | Val Loss: 1.3889113569259643
Update Train Finetune Iter: 55 | Validation best acc: 50.00
Iter: 60 | Val Acc: 50.0 | Val Loss: 1.1863726302981377
Update Train Finetune Iter: 60 | Validation best acc: 50.00
Iter: 65 | Val Acc: 50.0 | Val Loss: 1.0176288628578185
Update Train Finetune Iter: 65 | Validation best acc: 50.00
Iter: 70 | Val Acc: 50.0 | Val Loss: 0.8952544549107552
Update Train Finetune Iter: 70 | Validation best acc: 50.00
Iter: 75 | Val Acc: 55.5 | Val Loss: 0.817374343574047
Update Train Finetune Iter: 75 | Validation best acc: 55.50
Iter: 80 | Val Acc: 61.0 | Val Loss: 0.768172527551651
Update Train Finetune Iter: 80 | Validation best acc: 61.00
Iter: 85 | Val Acc: 61.5 | Val Loss: 0.7378592562675476
Update Train Finetune Iter: 85 | Validation best acc: 61.50
Iter: 90 | Val Acc: 63.0 | Val Loss: 0.7180835291743278
Update Train Finetune Iter: 90 | Validation best acc: 63.00
Iter: 95 | Val Acc: 63.5 | Val Loss: 0.702632590830326
Update Train Finetune Iter: 95 | Validation best acc: 63.50
Iter: 100 | Val Acc: 63.5 | Val Loss: 0.6922282621264457
Update Train Finetune Iter: 100 | Validation best acc: 63.50
Iter: 105 | Val Acc: 65.0 | Val Loss: 0.6822434839606285
Iter: 110 | Val Acc: 67.0 | Val Loss: 0.671342938542366
Update Train Finetune Iter: 110 | Validation best acc: 67.00
Iter: 115 | Val Acc: 68.0 | Val Loss: 0.6619510315358639
Iter: 120 | Val Acc: 66.0 | Val Loss: 0.6558238190412521
Update Train Finetune Iter: 120 | Validation best acc: 66.00
Iter: 125 | Val Acc: 68.0 | Val Loss: 0.6457895709574223
Update Train Finetune Iter: 125 | Validation best acc: 68.00
Iter: 130 | Val Acc: 68.5 | Val Loss: 0.6379416246712207
Iter: 135 | Val Acc: 68.5 | Val Loss: 0.6307974241673946
Update Train Finetune Iter: 135 | Validation best acc: 68.50
Iter: 140 | Val Acc: 68.0 | Val Loss: 0.6239979295432567
Iter: 145 | Val Acc: 71.5 | Val Loss: 0.6104543809592724
Update Train Finetune Iter: 145 | Validation best acc: 71.50
Iter: 150 | Val Acc: 72.5 | Val Loss: 0.6004965418577194
Iter: 155 | Val Acc: 74.0 | Val Loss: 0.5909812580049038
Update Train Finetune Iter: 155 | Validation best acc: 74.00
Iter: 160 | Val Acc: 73.5 | Val Loss: 0.5826890691369772
Iter: 165 | Val Acc: 75.0 | Val Loss: 0.5757298897206783
Update Train Finetune Iter: 165 | Validation best acc: 75.00
Iter: 170 | Val Acc: 74.5 | Val Loss: 0.5664484141021967
Iter: 175 | Val Acc: 75.0 | Val Loss: 0.5580765941739082
Update Train Finetune Iter: 175 | Validation best acc: 75.00
Iter: 180 | Val Acc: 76.0 | Val Loss: 0.5497261737287045
Iter: 185 | Val Acc: 76.5 | Val Loss: 0.5424143987521529
Update Train Finetune Iter: 185 | Validation best acc: 76.50
Iter: 190 | Val Acc: 77.0 | Val Loss: 0.5359954292699695
Iter: 195 | Val Acc: 77.5 | Val Loss: 0.5279804334044457
Update Train Finetune Iter: 195 | Validation best acc: 77.50
Iter: 200 | Val Acc: 78.5 | Val Loss: 0.5194376315176487
Iter: 205 | Val Acc: 79.5 | Val Loss: 0.5126090198382736
Update Train Finetune Iter: 205 | Validation best acc: 79.50
Iter: 210 | Val Acc: 80.5 | Val Loss: 0.5052640634402633
Iter: 215 | Val Acc: 80.5 | Val Loss: 0.4989187804609537
Update Train Finetune Iter: 215 | Validation best acc: 80.50
Iter: 220 | Val Acc: 80.0 | Val Loss: 0.4928677662834525
Iter: 225 | Val Acc: 80.5 | Val Loss: 0.4861995350383222
Update Train Finetune Iter: 225 | Validation best acc: 80.50
Iter: 230 | Val Acc: 80.5 | Val Loss: 0.4801724538393319
Iter: 235 | Val Acc: 81.0 | Val Loss: 0.47500058460980654
Update Train Finetune Iter: 235 | Validation best acc: 81.00
Iter: 240 | Val Acc: 81.0 | Val Loss: 0.46976657506078484
Iter: 245 | Val Acc: 81.5 | Val Loss: 0.466452129073441
Iter: 250 | Val Acc: 82.0 | Val Loss: 0.46405566861853004
Update Train Finetune Iter: 250 | Validation best acc: 82.00
Iter: 255 | Val Acc: 82.5 | Val Loss: 0.4569630487635732
Iter: 260 | Val Acc: 82.5 | Val Loss: 0.4539898223988712
Update Train Finetune Iter: 260 | Validation best acc: 82.50
Iter: 265 | Val Acc: 83.0 | Val Loss: 0.45256751688197255
Iter: 270 | Val Acc: 83.5 | Val Loss: 0.4465339897479862
Iter: 275 | Val Acc: 83.0 | Val Loss: 0.44484803436324
Iter: 280 | Val Acc: 83.5 | Val Loss: 0.44149514083750546
Update Train Finetune Iter: 280 | Validation best acc: 83.50
Iter: 285 | Val Acc: 84.5 | Val Loss: 0.4379666639957577
Iter: 290 | Val Acc: 83.0 | Val Loss: 0.43873721893876794
Iter: 295 | Val Acc: 83.5 | Val Loss: 0.4411813885625452
Iter: 300 | Val Acc: 84.5 | Val Loss: 0.4346867621922865
Iter: 305 | Val Acc: 84.5 | Val Loss: 0.43369956254493447
Iter: 310 | Val Acc: 84.5 | Val Loss: 0.4330531139159575
Iter: 315 | Val Acc: 85.0 | Val Loss: 0.42989858508575707
Update Train Finetune Iter: 315 | Validation best acc: 85.00
Iter: 320 | Val Acc: 84.0 | Val Loss: 0.4321561105456203
Iter: 325 | Val Acc: 84.5 | Val Loss: 0.43344742770306766
Iter: 330 | Val Acc: 84.5 | Val Loss: 0.43073100679321213
Iter: 335 | Val Acc: 84.0 | Val Loss: 0.43253199611091986
Iter: 340 | Val Acc: 84.0 | Val Loss: 0.4319765562820248
Iter: 345 | Val Acc: 85.0 | Val Loss: 0.4294151440553833
Iter: 350 | Val Acc: 85.0 | Val Loss: 0.42956717882654627
Iter: 355 | Val Acc: 85.0 | Val Loss: 0.4314952662505675
Iter: 360 | Val Acc: 85.0 | Val Loss: 0.43060016903677023
Iter: 365 | Val Acc: 85.0 | Val Loss: 0.43056026232778094
Train mix Iter 0 | Validation best acc: 0.50
Train mix Iter 5 | Validation best acc: 0.50
Train mix Iter 10 | Validation best acc: 0.50
Train mix Iter 15 | Validation best acc: 0.50
Train mix Iter 20 | Validation best acc: 0.50
Train mix Iter 25 | Validation best acc: 0.50
Train mix Iter 30 | Validation best acc: 0.50
Train mix Iter 35 | Validation best acc: 0.50
Train mix Iter 40 | Validation best acc: 0.50
Train mix Iter 45 | Validation best acc: 0.50
Train mix Iter 50 | Validation best acc: 0.50
Train mix Iter 55 | Validation best acc: 0.50
Train mix Iter 60 | Validation best acc: 0.50
Train mix Iter 65 | Validation best acc: 0.50
Train mix Iter 70 | Validation best acc: 0.50
Train mix Iter 75 | Validation best acc: 0.50
Train mix Iter 80 | Validation best acc: 0.50
Train mix Iter 85 | Validation best acc: 0.50
Train mix Iter 90 | Validation best acc: 0.50
Train mix Iter 95 | Validation best acc: 0.50
Train mix Iter 100 | Validation best acc: 1.00
Train mix Iter 105 | Validation best acc: 1.00
Train mix Iter 110 | Validation best acc: 1.00
Train mix Iter 115 | Validation best acc: 2.00
Train mix Iter 120 | Validation best acc: 2.00
Train mix Iter 125 | Validation best acc: 2.00
Train mix Iter 130 | Validation best acc: 2.50
Train mix Iter 135 | Validation best acc: 3.50
Train mix Iter 140 | Validation best acc: 4.00
Train mix Iter 145 | Validation best acc: 4.00
Train mix Iter 150 | Validation best acc: 5.00
Train mix Iter 155 | Validation best acc: 6.00
Train mix Iter 160 | Validation best acc: 7.00
Train mix Iter 165 | Validation best acc: 9.00
Train mix Iter 170 | Validation best acc: 10.00
Train mix Iter 175 | Validation best acc: 12.00
Train mix Iter 180 | Validation best acc: 14.50
Train mix Iter 185 | Validation best acc: 17.00
Train mix Iter 190 | Validation best acc: 19.00
Train mix Iter 195 | Validation best acc: 22.50
Train mix Iter 200 | Validation best acc: 25.50
Train mix Iter 205 | Validation best acc: 27.00
Train mix Iter 210 | Validation best acc: 28.00
Train mix Iter 215 | Validation best acc: 31.00
Train mix Iter 220 | Validation best acc: 32.50
Train mix Iter 225 | Validation best acc: 34.50
Train mix Iter 230 | Validation best acc: 37.00
Train mix Iter 235 | Validation best acc: 37.50
Train mix Iter 240 | Validation best acc: 39.00
Train mix Iter 245 | Validation best acc: 40.00
Train mix Iter 250 | Validation best acc: 40.50
Train mix Iter 255 | Validation best acc: 42.50
Train mix Iter 260 | Validation best acc: 43.50
Train mix Iter 265 | Validation best acc: 44.00
Train mix Iter 270 | Validation best acc: 44.50
Train mix Iter 275 | Validation best acc: 45.00
Train mix Iter 280 | Validation best acc: 45.00
Train mix Iter 285 | Validation best acc: 45.50
Train mix Iter 290 | Validation best acc: 46.00
Train mix Iter 295 | Validation best acc: 46.00
Train mix Iter 300 | Validation best acc: 46.50
Train mix Iter 305 | Validation best acc: 47.50
Train mix Iter 310 | Validation best acc: 47.50
Train mix Iter 315 | Validation best acc: 48.00
Train mix Iter 320 | Validation best acc: 49.00
Train mix Iter 325 | Validation best acc: 49.50
Train mix Iter 330 | Validation best acc: 49.50
Train mix Iter 335 | Validation best acc: 50.00
Train mix Iter 340 | Validation best acc: 50.00
Train mix Iter 345 | Validation best acc: 50.00
Train mix Iter 350 | Validation best acc: 50.00
Train mix Iter 355 | Validation best acc: 50.00
Train mix Iter 360 | Validation best acc: 50.00
Train mix Iter 365 | Validation best acc: 50.00
Train mix Iter 370 | Validation best acc: 50.00
Train mix Iter 375 | Validation best acc: 50.00
Train mix Iter 380 | Validation best acc: 50.00
Train mix Iter 385 | Validation best acc: 50.00
Train mix Iter 390 | Validation best acc: 50.00
Train mix Iter 395 | Validation best acc: 50.00
Train mix Iter 400 | Validation best acc: 50.00
Train mix Iter 405 | Validation best acc: 50.00
Train mix Iter 410 | Validation best acc: 50.00
Train mix Iter 415 | Validation best acc: 50.00
Train mix Iter 420 | Validation best acc: 50.00
Train mix Iter 425 | Validation best acc: 50.00
Train mix Iter 430 | Validation best acc: 50.00
Train mix Iter 435 | Validation best acc: 50.00
Train mix Iter 440 | Validation best acc: 50.00
Train mix Iter 445 | Validation best acc: 50.00
Train mix Iter 450 | Validation best acc: 50.00
Train mix Iter 455 | Validation best acc: 50.00
Train mix Iter 460 | Validation best acc: 50.00
Train mix Iter 465 | Validation best acc: 50.00
Train mix Iter 470 | Validation best acc: 50.00
Train mix Iter 475 | Validation best acc: 50.00
Train mix Iter 480 | Validation best acc: 50.00
Train mix Iter 485 | Validation best acc: 50.00
Train mix Iter 490 | Validation best acc: 50.00
Train mix Iter 495 | Validation best acc: 50.00
Iter: 0 | Val Acc: 50.0 | Val Loss: 2.2516431367397307
Update Train Finetune Iter: 0 | Validation best acc: 50.00
Iter: 5 | Val Acc: 50.0 | Val Loss: 2.240174001455307
Update Train Finetune Iter: 5 | Validation best acc: 50.00
Iter: 10 | Val Acc: 50.0 | Val Loss: 2.2289851558208467
Update Train Finetune Iter: 10 | Validation best acc: 50.00
Iter: 15 | Val Acc: 50.0 | Val Loss: 2.2165672755241395
Update Train Finetune Iter: 15 | Validation best acc: 50.00
Iter: 20 | Val Acc: 50.0 | Val Loss: 2.2012643206119535
Update Train Finetune Iter: 20 | Validation best acc: 50.00
Iter: 25 | Val Acc: 50.0 | Val Loss: 2.1813194489479066
Update Train Finetune Iter: 25 | Validation best acc: 50.00
Iter: 30 | Val Acc: 50.0 | Val Loss: 2.15323845744133
Update Train Finetune Iter: 30 | Validation best acc: 50.00
Iter: 35 | Val Acc: 50.0 | Val Loss: 2.113421745300293
Update Train Finetune Iter: 35 | Validation best acc: 50.00
Iter: 40 | Val Acc: 50.0 | Val Loss: 2.056400353908539
Update Train Finetune Iter: 40 | Validation best acc: 50.00
Iter: 45 | Val Acc: 50.0 | Val Loss: 1.9769835883378983
Update Train Finetune Iter: 45 | Validation best acc: 50.00
Iter: 50 | Val Acc: 50.0 | Val Loss: 1.8687853497266769
Update Train Finetune Iter: 50 | Validation best acc: 50.00
Iter: 55 | Val Acc: 50.0 | Val Loss: 1.7254786187410354
Update Train Finetune Iter: 55 | Validation best acc: 50.00
Iter: 60 | Val Acc: 50.0 | Val Loss: 1.5462417554855348
Update Train Finetune Iter: 60 | Validation best acc: 50.00
Iter: 65 | Val Acc: 50.0 | Val Loss: 1.3467744943499564
Update Train Finetune Iter: 65 | Validation best acc: 50.00
Iter: 70 | Val Acc: 50.0 | Val Loss: 1.1515056139230728
Update Train Finetune Iter: 70 | Validation best acc: 50.00
Iter: 75 | Val Acc: 61.0 | Val Loss: 0.9886634162068367
Update Train Finetune Iter: 75 | Validation best acc: 61.00
Iter: 80 | Val Acc: 63.5 | Val Loss: 0.87247293561697
Update Train Finetune Iter: 80 | Validation best acc: 63.50
Iter: 85 | Val Acc: 51.0 | Val Loss: 0.8028142011165619
Update Train Finetune Iter: 85 | Validation best acc: 51.00
Iter: 90 | Val Acc: 50.5 | Val Loss: 0.7585298743844032
Update Train Finetune Iter: 90 | Validation best acc: 50.50
Iter: 95 | Val Acc: 53.5 | Val Loss: 0.7230337378382683
Update Train Finetune Iter: 95 | Validation best acc: 53.50
Iter: 100 | Val Acc: 64.5 | Val Loss: 0.6982652501761913
Update Train Finetune Iter: 100 | Validation best acc: 64.50
Iter: 105 | Val Acc: 68.5 | Val Loss: 0.6809088091552258
Update Train Finetune Iter: 105 | Validation best acc: 68.50
Iter: 110 | Val Acc: 61.5 | Val Loss: 0.6704105189442635
Update Train Finetune Iter: 110 | Validation best acc: 61.50
Iter: 115 | Val Acc: 71.5 | Val Loss: 0.6565784579515457
Update Train Finetune Iter: 115 | Validation best acc: 71.50
Iter: 120 | Val Acc: 72.5 | Val Loss: 0.6471350637078285
Iter: 125 | Val Acc: 68.5 | Val Loss: 0.6406431047618389
Update Train Finetune Iter: 125 | Validation best acc: 68.50
Iter: 130 | Val Acc: 71.5 | Val Loss: 0.6325311577320099
Iter: 135 | Val Acc: 73.0 | Val Loss: 0.6245598001778125
Update Train Finetune Iter: 135 | Validation best acc: 73.00
Iter: 140 | Val Acc: 71.5 | Val Loss: 0.6207116302102804
Iter: 145 | Val Acc: 74.5 | Val Loss: 0.6112609415501357
Update Train Finetune Iter: 145 | Validation best acc: 74.50
Iter: 150 | Val Acc: 76.5 | Val Loss: 0.605391608029604
Iter: 155 | Val Acc: 78.5 | Val Loss: 0.5947333218157291
Update Train Finetune Iter: 155 | Validation best acc: 78.50
Iter: 160 | Val Acc: 76.5 | Val Loss: 0.595963213481009
Iter: 165 | Val Acc: 76.5 | Val Loss: 0.5911671065911651
Iter: 170 | Val Acc: 80.0 | Val Loss: 0.5760222745686769
Update Train Finetune Iter: 170 | Validation best acc: 80.00
Iter: 175 | Val Acc: 80.0 | Val Loss: 0.5722276636213064
Iter: 180 | Val Acc: 77.5 | Val Loss: 0.5795522316545249
Iter: 185 | Val Acc: 77.5 | Val Loss: 0.577014888022095
Iter: 190 | Val Acc: 80.5 | Val Loss: 0.5635136485099792
Update Train Finetune Iter: 190 | Validation best acc: 80.50
Iter: 195 | Val Acc: 79.5 | Val Loss: 0.5612339069321751
Iter: 200 | Val Acc: 80.5 | Val Loss: 0.5588800712116062
Iter: 205 | Val Acc: 81.5 | Val Loss: 0.5522463598661125
Update Train Finetune Iter: 205 | Validation best acc: 81.50
Iter: 210 | Val Acc: 81.5 | Val Loss: 0.5481520692817867
Iter: 215 | Val Acc: 81.5 | Val Loss: 0.5456807976029814
Iter: 220 | Val Acc: 81.5 | Val Loss: 0.542834354955703
Iter: 225 | Val Acc: 81.5 | Val Loss: 0.5392506839707494
Update Train Finetune Iter: 225 | Validation best acc: 81.50
Iter: 230 | Val Acc: 81.5 | Val Loss: 0.5360470260120929
Iter: 235 | Val Acc: 81.0 | Val Loss: 0.528729600533843
Update Train Finetune Iter: 235 | Validation best acc: 81.00
Iter: 240 | Val Acc: 82.5 | Val Loss: 0.5355281149595976
Iter: 245 | Val Acc: 81.5 | Val Loss: 0.529732808638364
Iter: 250 | Val Acc: 81.0 | Val Loss: 0.5208498829975724
Iter: 255 | Val Acc: 81.5 | Val Loss: 0.5174691171757877
Update Train Finetune Iter: 255 | Validation best acc: 81.50
Iter: 260 | Val Acc: 81.0 | Val Loss: 0.5139480882510543
Iter: 265 | Val Acc: 80.5 | Val Loss: 0.5072638083994389
Update Train Finetune Iter: 265 | Validation best acc: 80.50
Iter: 270 | Val Acc: 81.0 | Val Loss: 0.5076376406103372
Iter: 275 | Val Acc: 83.0 | Val Loss: 0.5094947687909007
Iter: 280 | Val Acc: 83.0 | Val Loss: 0.5083442855626344
Iter: 285 | Val Acc: 81.0 | Val Loss: 0.49675961463712154
Update Train Finetune Iter: 285 | Validation best acc: 81.00
Iter: 290 | Val Acc: 80.0 | Val Loss: 0.4898929199762642
Iter: 295 | Val Acc: 81.5 | Val Loss: 0.4923676180560142
Iter: 300 | Val Acc: 83.5 | Val Loss: 0.4974271286744624
Iter: 305 | Val Acc: 82.5 | Val Loss: 0.4857729426585138
Update Train Finetune Iter: 305 | Validation best acc: 82.50
Iter: 310 | Val Acc: 80.5 | Val Loss: 0.4806177458446473
Iter: 315 | Val Acc: 82.0 | Val Loss: 0.47998780470341446
Iter: 320 | Val Acc: 82.0 | Val Loss: 0.477363173654303
Iter: 325 | Val Acc: 82.5 | Val Loss: 0.4752225135080516
Update Train Finetune Iter: 325 | Validation best acc: 82.50
Iter: 330 | Val Acc: 81.5 | Val Loss: 0.46896829416044056
Iter: 335 | Val Acc: 83.5 | Val Loss: 0.4687855371274054
Iter: 340 | Val Acc: 82.0 | Val Loss: 0.46361208220943806
Update Train Finetune Iter: 340 | Validation best acc: 82.00
Iter: 345 | Val Acc: 81.5 | Val Loss: 0.45981174260377883
Iter: 350 | Val Acc: 82.5 | Val Loss: 0.45943802429363134
Iter: 355 | Val Acc: 83.5 | Val Loss: 0.4582690376136452
Iter: 360 | Val Acc: 82.0 | Val Loss: 0.4514429155550897
Update Train Finetune Iter: 360 | Validation best acc: 82.00
Iter: 365 | Val Acc: 82.0 | Val Loss: 0.44463710687123237
Iter: 370 | Val Acc: 82.0 | Val Loss: 0.4431134099885821
Iter: 375 | Val Acc: 82.5 | Val Loss: 0.4392151030339301
Update Train Finetune Iter: 375 | Validation best acc: 82.50
Iter: 380 | Val Acc: 82.5 | Val Loss: 0.43559441561810675
Iter: 385 | Val Acc: 84.5 | Val Loss: 0.4354497403744608
Iter: 390 | Val Acc: 85.0 | Val Loss: 0.43032448096200826
Iter: 395 | Val Acc: 85.0 | Val Loss: 0.42619323666673153
Update Train Finetune Iter: 395 | Validation best acc: 85.00
Iter: 400 | Val Acc: 84.5 | Val Loss: 0.4200648196553811
Iter: 405 | Val Acc: 84.5 | Val Loss: 0.4163707181159407
Iter: 410 | Val Acc: 85.5 | Val Loss: 0.4129426555056125
Update Train Finetune Iter: 410 | Validation best acc: 85.50
Iter: 415 | Val Acc: 86.0 | Val Loss: 0.40957465533632786
Iter: 420 | Val Acc: 86.0 | Val Loss: 0.40465985224116596
Iter: 425 | Val Acc: 86.0 | Val Loss: 0.39990874581970276
Update Train Finetune Iter: 425 | Validation best acc: 86.00
Iter: 430 | Val Acc: 86.0 | Val Loss: 0.3971775283990428
Iter: 435 | Val Acc: 86.5 | Val Loss: 0.3960950146615505
Iter: 440 | Val Acc: 87.0 | Val Loss: 0.391306719109416
Iter: 445 | Val Acc: 87.0 | Val Loss: 0.38977527843322607
Update Train Finetune Iter: 445 | Validation best acc: 87.00
Iter: 450 | Val Acc: 87.5 | Val Loss: 0.3875446345517412
Iter: 455 | Val Acc: 88.0 | Val Loss: 0.3843500324804336
Iter: 460 | Val Acc: 88.0 | Val Loss: 0.3795401599491015
Update Train Finetune Iter: 460 | Validation best acc: 88.00
Iter: 465 | Val Acc: 88.5 | Val Loss: 0.37774643666110935
Iter: 470 | Val Acc: 89.0 | Val Loss: 0.3724893849203363
Iter: 475 | Val Acc: 88.5 | Val Loss: 0.3709076619707048
Iter: 480 | Val Acc: 89.0 | Val Loss: 0.36531655316241085
Update Train Finetune Iter: 480 | Validation best acc: 89.00
Iter: 485 | Val Acc: 89.0 | Val Loss: 0.36315622327383607
Iter: 490 | Val Acc: 89.0 | Val Loss: 0.36170455465093254
Iter: 495 | Val Acc: 88.5 | Val Loss: 0.355499813768547
Iter: 0 | Val Acc: 50.0 | Val Loss: 2.251670070886612
Update Train Finetune Iter: 0 | Validation best acc: 50.00
Iter: 5 | Val Acc: 50.0 | Val Loss: 2.240256508588791
Update Train Finetune Iter: 5 | Validation best acc: 50.00
Iter: 10 | Val Acc: 50.0 | Val Loss: 2.2291097366809844
Update Train Finetune Iter: 10 | Validation best acc: 50.00
Iter: 15 | Val Acc: 50.0 | Val Loss: 2.2167358589172363
Update Train Finetune Iter: 15 | Validation best acc: 50.00
Iter: 20 | Val Acc: 50.0 | Val Loss: 2.201382372379303
Update Train Finetune Iter: 20 | Validation best acc: 50.00
Iter: 25 | Val Acc: 50.0 | Val Loss: 2.18120297908783
Update Train Finetune Iter: 25 | Validation best acc: 50.00
Iter: 30 | Val Acc: 50.0 | Val Loss: 2.1535230672359464
Update Train Finetune Iter: 30 | Validation best acc: 50.00
Iter: 35 | Val Acc: 50.0 | Val Loss: 2.113776676654816
Update Train Finetune Iter: 35 | Validation best acc: 50.00
Iter: 40 | Val Acc: 50.0 | Val Loss: 2.0569957065582276
Update Train Finetune Iter: 40 | Validation best acc: 50.00
Iter: 45 | Val Acc: 50.0 | Val Loss: 1.9778247314691544
Update Train Finetune Iter: 45 | Validation best acc: 50.00
Iter: 50 | Val Acc: 50.0 | Val Loss: 1.8700842076539994
Update Train Finetune Iter: 50 | Validation best acc: 50.00
Iter: 55 | Val Acc: 50.0 | Val Loss: 1.7281910693645477
Update Train Finetune Iter: 55 | Validation best acc: 50.00
Iter: 60 | Val Acc: 50.0 | Val Loss: 1.5504806572198868
Update Train Finetune Iter: 60 | Validation best acc: 50.00
Iter: 65 | Val Acc: 50.0 | Val Loss: 1.3516445595026017
Update Train Finetune Iter: 65 | Validation best acc: 50.00
Iter: 70 | Val Acc: 50.0 | Val Loss: 1.1562260270118714
Update Train Finetune Iter: 70 | Validation best acc: 50.00
Iter: 75 | Val Acc: 60.0 | Val Loss: 0.9909966248273849
Update Train Finetune Iter: 75 | Validation best acc: 60.00
Iter: 80 | Val Acc: 65.0 | Val Loss: 0.8739428478479385
Update Train Finetune Iter: 80 | Validation best acc: 65.00
Iter: 85 | Val Acc: 51.0 | Val Loss: 0.799993714094162
Update Train Finetune Iter: 85 | Validation best acc: 51.00
Iter: 90 | Val Acc: 51.5 | Val Loss: 0.7537011195719242
Update Train Finetune Iter: 90 | Validation best acc: 51.50
Iter: 95 | Val Acc: 52.5 | Val Loss: 0.7238118405640125
Update Train Finetune Iter: 95 | Validation best acc: 52.50
Iter: 100 | Val Acc: 53.5 | Val Loss: 0.7029720294475555
Update Train Finetune Iter: 100 | Validation best acc: 53.50
Iter: 105 | Val Acc: 52.0 | Val Loss: 0.6911803360283375
Update Train Finetune Iter: 105 | Validation best acc: 52.00
Iter: 110 | Val Acc: 56.5 | Val Loss: 0.6758176058530807
Update Train Finetune Iter: 110 | Validation best acc: 56.50
Iter: 115 | Val Acc: 66.0 | Val Loss: 0.6614838409423828
Update Train Finetune Iter: 115 | Validation best acc: 66.00
Iter: 120 | Val Acc: 63.5 | Val Loss: 0.6533897944539785
Iter: 125 | Val Acc: 63.0 | Val Loss: 0.6461260132491589
Update Train Finetune Iter: 125 | Validation best acc: 63.00
Iter: 130 | Val Acc: 71.5 | Val Loss: 0.6320087266713381
Update Train Finetune Iter: 130 | Validation best acc: 71.50
Iter: 135 | Val Acc: 74.0 | Val Loss: 0.6221250103414059
Iter: 140 | Val Acc: 73.0 | Val Loss: 0.6170293149352074
Update Train Finetune Iter: 140 | Validation best acc: 73.00
Iter: 145 | Val Acc: 73.5 | Val Loss: 0.6110074167698621
Iter: 150 | Val Acc: 74.0 | Val Loss: 0.6047833462059498
Update Train Finetune Iter: 150 | Validation best acc: 74.00
Iter: 155 | Val Acc: 76.0 | Val Loss: 0.599243837185204
Iter: 160 | Val Acc: 75.0 | Val Loss: 0.5975934989750386
Iter: 165 | Val Acc: 74.5 | Val Loss: 0.5990145165473223
Iter: 170 | Val Acc: 79.0 | Val Loss: 0.5848821784555912
Update Train Finetune Iter: 170 | Validation best acc: 79.00
Iter: 175 | Val Acc: 79.5 | Val Loss: 0.5765873134508729
Iter: 180 | Val Acc: 79.0 | Val Loss: 0.5712776109576225
Update Train Finetune Iter: 180 | Validation best acc: 79.00
Iter: 185 | Val Acc: 79.0 | Val Loss: 0.5751628101058305
Iter: 190 | Val Acc: 79.5 | Val Loss: 0.5659169629588723
Iter: 195 | Val Acc: 80.0 | Val Loss: 0.5625296840071679
Iter: 200 | Val Acc: 80.5 | Val Loss: 0.5663605484180152
Iter: 205 | Val Acc: 81.5 | Val Loss: 0.556006445735693
Update Train Finetune Iter: 205 | Validation best acc: 81.50
Iter: 210 | Val Acc: 81.5 | Val Loss: 0.5515013691596686
Iter: 215 | Val Acc: 82.5 | Val Loss: 0.5526620873063802
Iter: 220 | Val Acc: 82.0 | Val Loss: 0.5462324477359652
Iter: 225 | Val Acc: 82.0 | Val Loss: 0.5424028444290161
Update Train Finetune Iter: 225 | Validation best acc: 82.00
Iter: 230 | Val Acc: 81.5 | Val Loss: 0.5346925591677427
Iter: 235 | Val Acc: 81.5 | Val Loss: 0.5338392787612974
Iter: 240 | Val Acc: 82.0 | Val Loss: 0.5325124116800726
Iter: 245 | Val Acc: 81.5 | Val Loss: 0.5301460945978761
Update Train Finetune Iter: 245 | Validation best acc: 81.50
Iter: 250 | Val Acc: 82.0 | Val Loss: 0.5264850475080312
Iter: 255 | Val Acc: 82.5 | Val Loss: 0.5217147760093213
Iter: 260 | Val Acc: 82.5 | Val Loss: 0.5185544212721288
Update Train Finetune Iter: 260 | Validation best acc: 82.50
Iter: 265 | Val Acc: 83.0 | Val Loss: 0.5146324758976698
Iter: 270 | Val Acc: 83.0 | Val Loss: 0.5138986285682767
Iter: 275 | Val Acc: 81.0 | Val Loss: 0.5066386669687927
Update Train Finetune Iter: 275 | Validation best acc: 81.00
Iter: 280 | Val Acc: 82.5 | Val Loss: 0.5044151283893734
Iter: 285 | Val Acc: 83.0 | Val Loss: 0.5020970534998923
Iter: 290 | Val Acc: 82.5 | Val Loss: 0.49941246819682417
Iter: 295 | Val Acc: 82.5 | Val Loss: 0.49590306091122327
Update Train Finetune Iter: 295 | Validation best acc: 82.50
Iter: 300 | Val Acc: 82.5 | Val Loss: 0.49050899060443043
Iter: 305 | Val Acc: 83.0 | Val Loss: 0.4909937353245914
Iter: 310 | Val Acc: 83.5 | Val Loss: 0.4915916766691953
Iter: 315 | Val Acc: 82.5 | Val Loss: 0.48284287145361304
Update Train Finetune Iter: 315 | Validation best acc: 82.50
Iter: 320 | Val Acc: 81.5 | Val Loss: 0.4771862597577274
Iter: 325 | Val Acc: 82.5 | Val Loss: 0.47527892167679964
Iter: 330 | Val Acc: 84.0 | Val Loss: 0.4781461988016963
Iter: 335 | Val Acc: 83.0 | Val Loss: 0.4686736997310072
Update Train Finetune Iter: 335 | Validation best acc: 83.00
Iter: 340 | Val Acc: 82.0 | Val Loss: 0.4635834893211722
Iter: 345 | Val Acc: 81.5 | Val Loss: 0.4602619369141758
Iter: 350 | Val Acc: 83.5 | Val Loss: 0.46099763063713906
Iter: 355 | Val Acc: 84.0 | Val Loss: 0.4609121883101761
Iter: 360 | Val Acc: 83.0 | Val Loss: 0.45215296914801
Update Train Finetune Iter: 360 | Validation best acc: 83.00
Iter: 365 | Val Acc: 82.5 | Val Loss: 0.44773341025225816
Iter: 370 | Val Acc: 83.0 | Val Loss: 0.4453063747566193
Iter: 375 | Val Acc: 83.0 | Val Loss: 0.43994828552007675
Update Train Finetune Iter: 375 | Validation best acc: 83.00
Iter: 380 | Val Acc: 84.0 | Val Loss: 0.43661786112003026
Iter: 385 | Val Acc: 84.5 | Val Loss: 0.4338836980238557
Iter: 390 | Val Acc: 85.0 | Val Loss: 0.42945222414564344
Update Train Finetune Iter: 390 | Validation best acc: 85.00
Iter: 395 | Val Acc: 85.5 | Val Loss: 0.42551745117176326
Iter: 400 | Val Acc: 85.5 | Val Loss: 0.42328886561561374
Iter: 405 | Val Acc: 85.0 | Val Loss: 0.4215703728562221
Iter: 410 | Val Acc: 86.0 | Val Loss: 0.4121206053905189
Update Train Finetune Iter: 410 | Validation best acc: 86.00
Iter: 415 | Val Acc: 86.0 | Val Loss: 0.4091793952835724
Iter: 420 | Val Acc: 85.5 | Val Loss: 0.40939504398498683
Iter: 425 | Val Acc: 86.0 | Val Loss: 0.40084839408285916
Update Train Finetune Iter: 425 | Validation best acc: 86.00
Iter: 430 | Val Acc: 86.0 | Val Loss: 0.3977152355667204
Iter: 435 | Val Acc: 86.5 | Val Loss: 0.39803890564944594
Iter: 440 | Val Acc: 86.5 | Val Loss: 0.39515917959157376
Iter: 445 | Val Acc: 86.5 | Val Loss: 0.394901588736102
Iter: 450 | Val Acc: 87.0 | Val Loss: 0.3896207438362762
Update Train Finetune Iter: 450 | Validation best acc: 87.00
Iter: 455 | Val Acc: 87.5 | Val Loss: 0.3855202228249982
Iter: 460 | Val Acc: 87.5 | Val Loss: 0.38018344504758717
Iter: 465 | Val Acc: 88.0 | Val Loss: 0.37744312976952643
Update Train Finetune Iter: 465 | Validation best acc: 88.00
Iter: 470 | Val Acc: 88.0 | Val Loss: 0.37873613071627915
Iter: 475 | Val Acc: 88.5 | Val Loss: 0.36937020843382923
Iter: 480 | Val Acc: 89.0 | Val Loss: 0.36662519806763155
Update Train Finetune Iter: 480 | Validation best acc: 89.00
Iter: 485 | Val Acc: 88.5 | Val Loss: 0.3701856843032874
Iter: 490 | Val Acc: 89.0 | Val Loss: 0.36086716818623243
Iter: 495 | Val Acc: 89.0 | Val Loss: 0.35949641540413724
Train mix Iter 0 | Validation best acc: 0.50
Train mix Iter 20 | Validation best acc: 0.50
Train mix Iter 30 | Validation best acc: 0.50
Train mix Iter 40 | Validation best acc: 0.50
Train mix Iter 55 | Validation best acc: 0.50
Train mix Iter 65 | Validation best acc: 0.50
Train mix Iter 80 | Validation best acc: 0.50
Train mix Iter 95 | Validation best acc: 0.50
Train mix Iter 110 | Validation best acc: 0.50
Train mix Iter 120 | Validation best acc: 0.50
Train mix Iter 125 | Validation best acc: 0.50
Train mix Iter 130 | Validation best acc: 0.50
Train mix Iter 135 | Validation best acc: 0.50
Train mix Iter 140 | Validation best acc: 0.00
Train mix Iter 145 | Validation best acc: 0.00
Train mix Iter 150 | Validation best acc: 0.00
Train mix Iter 155 | Validation best acc: 0.00
Train mix Iter 160 | Validation best acc: 0.00
Train mix Iter 165 | Validation best acc: 0.00
Train mix Iter 170 | Validation best acc: 0.00
Train mix Iter 175 | Validation best acc: 0.00
Train mix Iter 180 | Validation best acc: 0.00
Train mix Iter 185 | Validation best acc: 0.00
Train mix Iter 190 | Validation best acc: 0.00
Train mix Iter 195 | Validation best acc: 0.00
Train mix Iter 200 | Validation best acc: 0.00
Train mix Iter 205 | Validation best acc: 0.00
Train mix Iter 210 | Validation best acc: 0.00
Train mix Iter 215 | Validation best acc: 0.00
Train mix Iter 220 | Validation best acc: 0.00
Train mix Iter 225 | Validation best acc: 0.00
Train mix Iter 230 | Validation best acc: 0.00
Train mix Iter 235 | Validation best acc: 0.00
Train mix Iter 240 | Validation best acc: 0.00
Train mix Iter 245 | Validation best acc: 0.00
Train mix Iter 250 | Validation best acc: 0.00
Train mix Iter 255 | Validation best acc: 0.00
Train mix Iter 260 | Validation best acc: 0.00
Train mix Iter 265 | Validation best acc: 0.00
Train mix Iter 270 | Validation best acc: 0.00
Train mix Iter 275 | Validation best acc: 0.00
Train mix Iter 280 | Validation best acc: 0.00
Train mix Iter 285 | Validation best acc: 0.00
Train mix Iter 290 | Validation best acc: 0.00
Train mix Iter 295 | Validation best acc: 0.00
Train mix Iter 300 | Validation best acc: 0.00
Train mix Iter 305 | Validation best acc: 0.00
Train mix Iter 310 | Validation best acc: 0.00
Train mix Iter 315 | Validation best acc: 0.00
Train mix Iter 320 | Validation best acc: 0.00
Train mix Iter 325 | Validation best acc: 0.00
Train mix Iter 330 | Validation best acc: 0.00
Train mix Iter 335 | Validation best acc: 0.00
Train mix Iter 340 | Validation best acc: 0.00
Train mix Iter 345 | Validation best acc: 0.00
Train mix Iter 350 | Validation best acc: 0.00
Train mix Iter 355 | Validation best acc: 0.00
Train mix Iter 360 | Validation best acc: 0.00
Train mix Iter 365 | Validation best acc: 0.50
Train mix Iter 370 | Validation best acc: 1.00
Train mix Iter 375 | Validation best acc: 1.50
Train mix Iter 380 | Validation best acc: 4.00
Train mix Iter 385 | Validation best acc: 7.00
Train mix Iter 390 | Validation best acc: 13.50
Train mix Iter 395 | Validation best acc: 19.50
Train mix Iter 400 | Validation best acc: 23.50
Train mix Iter 405 | Validation best acc: 27.50
Train mix Iter 410 | Validation best acc: 31.50
Train mix Iter 415 | Validation best acc: 38.00
Train mix Iter 420 | Validation best acc: 41.50
Train mix Iter 425 | Validation best acc: 45.00
Train mix Iter 430 | Validation best acc: 47.00
Train mix Iter 435 | Validation best acc: 49.00
Train mix Iter 440 | Validation best acc: 49.00
Train mix Iter 445 | Validation best acc: 49.50
Train mix Iter 450 | Validation best acc: 49.50
Train mix Iter 455 | Validation best acc: 49.50
Train mix Iter 460 | Validation best acc: 49.50
Train mix Iter 465 | Validation best acc: 50.00
Train mix Iter 470 | Validation best acc: 50.00
Train mix Iter 475 | Validation best acc: 50.00
Train mix Iter 480 | Validation best acc: 50.00
Train mix Iter 485 | Validation best acc: 50.00
Train mix Iter 490 | Validation best acc: 50.00
Train mix Iter 495 | Validation best acc: 50.00
Iter: 0 | Val Acc: 50.0 | Val Loss: 2.1943947649002076
Update Train Finetune Iter: 0 | Validation best acc: 50.00
Iter: 5 | Val Acc: 50.0 | Val Loss: 2.1800287783145906
Update Train Finetune Iter: 5 | Validation best acc: 50.00
Iter: 10 | Val Acc: 50.5 | Val Loss: 2.1633846282958986
Update Train Finetune Iter: 10 | Validation best acc: 50.50
Iter: 15 | Val Acc: 50.5 | Val Loss: 2.1420876705646514
Update Train Finetune Iter: 15 | Validation best acc: 50.50
Iter: 20 | Val Acc: 50.5 | Val Loss: 2.1125727021694183
Update Train Finetune Iter: 20 | Validation best acc: 50.50
Iter: 25 | Val Acc: 50.5 | Val Loss: 2.069345816373825
Update Train Finetune Iter: 25 | Validation best acc: 50.50
Iter: 30 | Val Acc: 50.0 | Val Loss: 2.006560735106468
Update Train Finetune Iter: 30 | Validation best acc: 50.00
Iter: 35 | Val Acc: 50.0 | Val Loss: 1.9182591354846954
Update Train Finetune Iter: 35 | Validation best acc: 50.00
Iter: 40 | Val Acc: 50.0 | Val Loss: 1.7969437044858934
Update Train Finetune Iter: 40 | Validation best acc: 50.00
Iter: 45 | Val Acc: 50.0 | Val Loss: 1.6415665900707246
Update Train Finetune Iter: 45 | Validation best acc: 50.00
Iter: 50 | Val Acc: 50.0 | Val Loss: 1.4577370256185531
Update Train Finetune Iter: 50 | Validation best acc: 50.00
Iter: 55 | Val Acc: 50.0 | Val Loss: 1.2627619740366935
Update Train Finetune Iter: 55 | Validation best acc: 50.00
Iter: 60 | Val Acc: 51.0 | Val Loss: 1.0846028420329095
Update Train Finetune Iter: 60 | Validation best acc: 51.00
Iter: 65 | Val Acc: 64.5 | Val Loss: 0.947365545630455
Update Train Finetune Iter: 65 | Validation best acc: 64.50
Iter: 70 | Val Acc: 76.5 | Val Loss: 0.8540090784430504
Update Train Finetune Iter: 70 | Validation best acc: 76.50
Iter: 75 | Val Acc: 73.0 | Val Loss: 0.7942988702654838
Update Train Finetune Iter: 75 | Validation best acc: 73.00
Iter: 80 | Val Acc: 68.0 | Val Loss: 0.7566992634534836
Update Train Finetune Iter: 80 | Validation best acc: 68.00
Iter: 85 | Val Acc: 58.5 | Val Loss: 0.7321474015712738
Update Train Finetune Iter: 85 | Validation best acc: 58.50
Iter: 90 | Val Acc: 68.5 | Val Loss: 0.7145671094954014
Update Train Finetune Iter: 90 | Validation best acc: 68.50
Iter: 95 | Val Acc: 76.0 | Val Loss: 0.7014097031950951
Update Train Finetune Iter: 95 | Validation best acc: 76.00
Iter: 100 | Val Acc: 78.0 | Val Loss: 0.6909880584478378
Update Train Finetune Iter: 100 | Validation best acc: 78.00
Iter: 105 | Val Acc: 77.0 | Val Loss: 0.6792878986895085
Update Train Finetune Iter: 105 | Validation best acc: 77.00
Iter: 110 | Val Acc: 75.0 | Val Loss: 0.6696446700394154
Iter: 115 | Val Acc: 75.5 | Val Loss: 0.6606064157187939
Update Train Finetune Iter: 115 | Validation best acc: 75.50
Iter: 120 | Val Acc: 77.0 | Val Loss: 0.6519701384007931
Iter: 125 | Val Acc: 77.5 | Val Loss: 0.6426198929548264
Update Train Finetune Iter: 125 | Validation best acc: 77.50
Iter: 130 | Val Acc: 76.5 | Val Loss: 0.6332990188896656
Iter: 135 | Val Acc: 77.0 | Val Loss: 0.6237508608400821
Update Train Finetune Iter: 135 | Validation best acc: 77.00
Iter: 140 | Val Acc: 77.0 | Val Loss: 0.6146733592450618
Iter: 145 | Val Acc: 78.0 | Val Loss: 0.6052720376849174
Update Train Finetune Iter: 145 | Validation best acc: 78.00
Iter: 150 | Val Acc: 77.5 | Val Loss: 0.5949307169020176
Update Train Finetune Iter: 150 | Validation best acc: 77.50
Iter: 155 | Val Acc: 77.0 | Val Loss: 0.5845128261297942
Update Train Finetune Iter: 155 | Validation best acc: 77.00
Iter: 160 | Val Acc: 78.5 | Val Loss: 0.5734405102580786
Update Train Finetune Iter: 160 | Validation best acc: 78.50
Iter: 165 | Val Acc: 78.0 | Val Loss: 0.5623807361721993
Update Train Finetune Iter: 165 | Validation best acc: 78.00
Iter: 170 | Val Acc: 78.5 | Val Loss: 0.5526024041324854
Iter: 175 | Val Acc: 78.5 | Val Loss: 0.5405011244118214
Update Train Finetune Iter: 175 | Validation best acc: 78.50
Iter: 180 | Val Acc: 78.5 | Val Loss: 0.5298360723257065
Update Train Finetune Iter: 180 | Validation best acc: 78.50
Iter: 185 | Val Acc: 79.5 | Val Loss: 0.5204586193710565
Iter: 190 | Val Acc: 79.5 | Val Loss: 0.5101329070329667
Update Train Finetune Iter: 190 | Validation best acc: 79.50
Iter: 195 | Val Acc: 80.0 | Val Loss: 0.49852135527879
Update Train Finetune Iter: 195 | Validation best acc: 80.00
Iter: 200 | Val Acc: 81.0 | Val Loss: 0.48904532492160796
Iter: 205 | Val Acc: 81.0 | Val Loss: 0.47770302433520556
Update Train Finetune Iter: 205 | Validation best acc: 81.00
Iter: 210 | Val Acc: 81.5 | Val Loss: 0.4682486730441451
Iter: 215 | Val Acc: 81.5 | Val Loss: 0.45779336703941226
Update Train Finetune Iter: 215 | Validation best acc: 81.50
Iter: 220 | Val Acc: 81.5 | Val Loss: 0.45103290973231197
Iter: 225 | Val Acc: 82.5 | Val Loss: 0.4391549913585186
Update Train Finetune Iter: 225 | Validation best acc: 82.50
Iter: 230 | Val Acc: 83.0 | Val Loss: 0.4312193236872554
Iter: 235 | Val Acc: 84.5 | Val Loss: 0.4250033565983176
Update Train Finetune Iter: 235 | Validation best acc: 84.50
Iter: 240 | Val Acc: 84.5 | Val Loss: 0.4145612995047122
Update Train Finetune Iter: 240 | Validation best acc: 84.50
Iter: 245 | Val Acc: 86.0 | Val Loss: 0.40632908046245575
Iter: 250 | Val Acc: 86.5 | Val Loss: 0.3997420854959637
Update Train Finetune Iter: 250 | Validation best acc: 86.50
Iter: 255 | Val Acc: 86.0 | Val Loss: 0.3955495042353869
Iter: 260 | Val Acc: 86.0 | Val Loss: 0.38867748411372305
Update Train Finetune Iter: 260 | Validation best acc: 86.00
Iter: 265 | Val Acc: 86.0 | Val Loss: 0.3816587097849697
Iter: 270 | Val Acc: 86.0 | Val Loss: 0.3757175889564678
Update Train Finetune Iter: 270 | Validation best acc: 86.00
Iter: 275 | Val Acc: 86.0 | Val Loss: 0.3703666601842269
Iter: 280 | Val Acc: 86.5 | Val Loss: 0.3656425874866545
Update Train Finetune Iter: 280 | Validation best acc: 86.50
Iter: 285 | Val Acc: 86.0 | Val Loss: 0.36196438459213826
Iter: 290 | Val Acc: 85.5 | Val Loss: 0.3583066357439384
Iter: 295 | Val Acc: 85.5 | Val Loss: 0.3555819310480729
Update Train Finetune Iter: 295 | Validation best acc: 85.50
Iter: 300 | Val Acc: 87.0 | Val Loss: 0.3539069860428572
Iter: 305 | Val Acc: 86.5 | Val Loss: 0.35100265057990326
Iter: 310 | Val Acc: 87.0 | Val Loss: 0.3488919815397821
Iter: 315 | Val Acc: 87.0 | Val Loss: 0.34691646188497544
Iter: 320 | Val Acc: 86.5 | Val Loss: 0.3455308027425781
Update Train Finetune Iter: 320 | Validation best acc: 86.50
Iter: 325 | Val Acc: 87.5 | Val Loss: 0.34287156296195465
Iter: 330 | Val Acc: 86.5 | Val Loss: 0.3425208519154694
Iter: 335 | Val Acc: 87.0 | Val Loss: 0.34458480422501453
Iter: 340 | Val Acc: 87.5 | Val Loss: 0.339823343596654
Iter: 345 | Val Acc: 87.5 | Val Loss: 0.3384144204494078
Iter: 350 | Val Acc: 86.5 | Val Loss: 0.3395737612317316
Iter: 355 | Val Acc: 87.5 | Val Loss: 0.33688027147669347
Iter: 360 | Val Acc: 87.5 | Val Loss: 0.33620758208155166
Iter: 365 | Val Acc: 87.5 | Val Loss: 0.33634750653523954
Iter: 370 | Val Acc: 86.5 | Val Loss: 0.33815462702594234
Iter: 0 | Val Acc: 50.0 | Val Loss: 2.1943827617168425
Update Train Finetune Iter: 0 | Validation best acc: 50.00
Iter: 5 | Val Acc: 50.0 | Val Loss: 2.179947462081909
Update Train Finetune Iter: 5 | Validation best acc: 50.00
Iter: 10 | Val Acc: 50.5 | Val Loss: 2.163134813308716
Update Train Finetune Iter: 10 | Validation best acc: 50.50
Iter: 15 | Val Acc: 51.0 | Val Loss: 2.1414721167087554
Update Train Finetune Iter: 15 | Validation best acc: 51.00
Iter: 20 | Val Acc: 50.5 | Val Loss: 2.1112939035892486
Update Train Finetune Iter: 20 | Validation best acc: 50.50
Iter: 25 | Val Acc: 50.0 | Val Loss: 2.067479233145714
Update Train Finetune Iter: 25 | Validation best acc: 50.00
Iter: 30 | Val Acc: 50.0 | Val Loss: 2.004223005771637
Update Train Finetune Iter: 30 | Validation best acc: 50.00
Iter: 35 | Val Acc: 50.0 | Val Loss: 1.916421602368355
Update Train Finetune Iter: 35 | Validation best acc: 50.00
Iter: 40 | Val Acc: 50.0 | Val Loss: 1.7959433794021606
Update Train Finetune Iter: 40 | Validation best acc: 50.00
Iter: 45 | Val Acc: 50.0 | Val Loss: 1.6413791120052337
Update Train Finetune Iter: 45 | Validation best acc: 50.00
Iter: 50 | Val Acc: 50.0 | Val Loss: 1.45943219602108
Update Train Finetune Iter: 50 | Validation best acc: 50.00
Iter: 55 | Val Acc: 50.0 | Val Loss: 1.2668934154510498
Update Train Finetune Iter: 55 | Validation best acc: 50.00
Iter: 60 | Val Acc: 53.0 | Val Loss: 1.0910384440422058
Update Train Finetune Iter: 60 | Validation best acc: 53.00
Iter: 65 | Val Acc: 77.0 | Val Loss: 0.9538145613670349
Update Train Finetune Iter: 65 | Validation best acc: 77.00
Iter: 70 | Val Acc: 76.5 | Val Loss: 0.8593679547309876
Update Train Finetune Iter: 70 | Validation best acc: 76.50
Iter: 75 | Val Acc: 73.0 | Val Loss: 0.7992581513524055
Update Train Finetune Iter: 75 | Validation best acc: 73.00
Iter: 80 | Val Acc: 69.5 | Val Loss: 0.7610909563302993
Update Train Finetune Iter: 80 | Validation best acc: 69.50
Iter: 85 | Val Acc: 72.0 | Val Loss: 0.7354154989123345
Update Train Finetune Iter: 85 | Validation best acc: 72.00
Iter: 90 | Val Acc: 77.0 | Val Loss: 0.7171800157427788
Update Train Finetune Iter: 90 | Validation best acc: 77.00
Iter: 95 | Val Acc: 77.5 | Val Loss: 0.7027551141381264
Update Train Finetune Iter: 95 | Validation best acc: 77.50
Iter: 100 | Val Acc: 78.0 | Val Loss: 0.6909592905640602
Update Train Finetune Iter: 100 | Validation best acc: 78.00
Iter: 105 | Val Acc: 77.0 | Val Loss: 0.6803340667486191
Update Train Finetune Iter: 105 | Validation best acc: 77.00
Iter: 110 | Val Acc: 77.0 | Val Loss: 0.6705425015091896
Iter: 115 | Val Acc: 76.0 | Val Loss: 0.6624855832755565
Update Train Finetune Iter: 115 | Validation best acc: 76.00
Iter: 120 | Val Acc: 78.5 | Val Loss: 0.6542467319965363
Iter: 125 | Val Acc: 76.5 | Val Loss: 0.642678645849228
Update Train Finetune Iter: 125 | Validation best acc: 76.50
Iter: 130 | Val Acc: 76.5 | Val Loss: 0.6331868684291839
Iter: 135 | Val Acc: 77.0 | Val Loss: 0.624206574112177
Update Train Finetune Iter: 135 | Validation best acc: 77.00
Iter: 140 | Val Acc: 76.5 | Val Loss: 0.6156278391182423
Iter: 145 | Val Acc: 76.5 | Val Loss: 0.6052600035071373
Update Train Finetune Iter: 145 | Validation best acc: 76.50
Iter: 150 | Val Acc: 76.0 | Val Loss: 0.5948013587296009
Update Train Finetune Iter: 150 | Validation best acc: 76.00
Iter: 155 | Val Acc: 77.0 | Val Loss: 0.5843116416037083
Update Train Finetune Iter: 155 | Validation best acc: 77.00
Iter: 160 | Val Acc: 77.0 | Val Loss: 0.5730336777120829
Update Train Finetune Iter: 160 | Validation best acc: 77.00
Iter: 165 | Val Acc: 76.5 | Val Loss: 0.5619477841258049
Update Train Finetune Iter: 165 | Validation best acc: 76.50
Iter: 170 | Val Acc: 77.5 | Val Loss: 0.550899064913392
Update Train Finetune Iter: 170 | Validation best acc: 77.50
Iter: 175 | Val Acc: 77.5 | Val Loss: 0.5395923360437155
Update Train Finetune Iter: 175 | Validation best acc: 77.50
Iter: 180 | Val Acc: 78.0 | Val Loss: 0.529686975851655
Iter: 185 | Val Acc: 78.5 | Val Loss: 0.5201769211143256
Update Train Finetune Iter: 185 | Validation best acc: 78.50
Iter: 190 | Val Acc: 78.5 | Val Loss: 0.5110974015295505
Iter: 195 | Val Acc: 79.0 | Val Loss: 0.5033492715284228
Update Train Finetune Iter: 195 | Validation best acc: 79.00
Iter: 200 | Val Acc: 78.5 | Val Loss: 0.4952700100466609
Iter: 205 | Val Acc: 79.5 | Val Loss: 0.4867367559671402
Update Train Finetune Iter: 205 | Validation best acc: 79.50
Iter: 210 | Val Acc: 80.5 | Val Loss: 0.47730524487793446
Iter: 215 | Val Acc: 81.0 | Val Loss: 0.47022688034921883
Update Train Finetune Iter: 215 | Validation best acc: 81.00
Iter: 220 | Val Acc: 80.5 | Val Loss: 0.46000266859307887
Update Train Finetune Iter: 220 | Validation best acc: 80.50
Iter: 225 | Val Acc: 81.5 | Val Loss: 0.45232625845819713
Iter: 230 | Val Acc: 81.5 | Val Loss: 0.44493020568042996
Update Train Finetune Iter: 230 | Validation best acc: 81.50
Iter: 235 | Val Acc: 82.0 | Val Loss: 0.4399359527602792
Iter: 240 | Val Acc: 83.0 | Val Loss: 0.4293036041781306
Update Train Finetune Iter: 240 | Validation best acc: 83.00
Iter: 245 | Val Acc: 83.5 | Val Loss: 0.4184478290565312
Update Train Finetune Iter: 245 | Validation best acc: 83.50
Iter: 250 | Val Acc: 84.0 | Val Loss: 0.4146111661940813
Iter: 255 | Val Acc: 84.0 | Val Loss: 0.4071678807027638
Update Train Finetune Iter: 255 | Validation best acc: 84.00
Iter: 260 | Val Acc: 85.0 | Val Loss: 0.39865091821178794
Iter: 265 | Val Acc: 86.0 | Val Loss: 0.3920917414687574
Update Train Finetune Iter: 265 | Validation best acc: 86.00
Iter: 270 | Val Acc: 86.0 | Val Loss: 0.3887889256887138
Iter: 275 | Val Acc: 86.0 | Val Loss: 0.38084002777934073
Update Train Finetune Iter: 275 | Validation best acc: 86.00
Iter: 280 | Val Acc: 86.0 | Val Loss: 0.37578740865457805
Iter: 285 | Val Acc: 85.5 | Val Loss: 0.37076115446630864
Update Train Finetune Iter: 285 | Validation best acc: 85.50
Iter: 290 | Val Acc: 86.0 | Val Loss: 0.3666048059379682
Iter: 295 | Val Acc: 86.0 | Val Loss: 0.36426448649726806
Iter: 300 | Val Acc: 85.0 | Val Loss: 0.3600212184898555
Update Train Finetune Iter: 300 | Validation best acc: 85.00
Iter: 305 | Val Acc: 85.5 | Val Loss: 0.35684140623081473
Iter: 310 | Val Acc: 85.5 | Val Loss: 0.35438123961444945
Iter: 315 | Val Acc: 86.0 | Val Loss: 0.35259995152708146
Iter: 320 | Val Acc: 87.0 | Val Loss: 0.3509985790005885
Iter: 325 | Val Acc: 86.0 | Val Loss: 0.3493424299126491
Update Train Finetune Iter: 325 | Validation best acc: 86.00
Iter: 330 | Val Acc: 86.5 | Val Loss: 0.3473763604206033
Iter: 335 | Val Acc: 86.5 | Val Loss: 0.34587197641609235
Iter: 340 | Val Acc: 86.5 | Val Loss: 0.34429137146333233
Iter: 345 | Val Acc: 87.5 | Val Loss: 0.3435019400017336
Iter: 350 | Val Acc: 87.0 | Val Loss: 0.3420821220765356
Iter: 355 | Val Acc: 86.5 | Val Loss: 0.3421257673064247
Iter: 360 | Val Acc: 88.0 | Val Loss: 0.34144341221079233
Iter: 365 | Val Acc: 86.5 | Val Loss: 0.3408712392533198
Iter: 370 | Val Acc: 86.5 | Val Loss: 0.339743404139881
Iter: 375 | Val Acc: 86.5 | Val Loss: 0.3383624348201556
Update Train Finetune Iter: 375 | Validation best acc: 86.50
Iter: 380 | Val Acc: 87.0 | Val Loss: 0.3374551223847084
Iter: 385 | Val Acc: 86.0 | Val Loss: 0.3383747711381875
Iter: 390 | Val Acc: 87.5 | Val Loss: 0.33654244808945805
Iter: 395 | Val Acc: 88.0 | Val Loss: 0.3359687185176881
Iter: 400 | Val Acc: 86.0 | Val Loss: 0.33583091238338963
Iter: 405 | Val Acc: 86.0 | Val Loss: 0.3363606478803558
Iter: 410 | Val Acc: 86.5 | Val Loss: 0.33569357103056974
Iter: 415 | Val Acc: 86.0 | Val Loss: 0.33508606674178737
Iter: 420 | Val Acc: 87.0 | Val Loss: 0.3340431415574858
Iter: 425 | Val Acc: 87.0 | Val Loss: 0.3342248320960789
Train mix Iter 0 | Validation best acc: 1.50
Train mix Iter 15 | Validation best acc: 1.50
Train mix Iter 25 | Validation best acc: 1.50
Train mix Iter 30 | Validation best acc: 1.50
Train mix Iter 35 | Validation best acc: 1.50
Train mix Iter 40 | Validation best acc: 1.00
Train mix Iter 45 | Validation best acc: 1.00
Train mix Iter 50 | Validation best acc: 1.00
Train mix Iter 55 | Validation best acc: 1.00
Train mix Iter 60 | Validation best acc: 1.00
Train mix Iter 65 | Validation best acc: 1.00
Train mix Iter 70 | Validation best acc: 1.00
Train mix Iter 75 | Validation best acc: 1.00
Train mix Iter 80 | Validation best acc: 1.00
Train mix Iter 85 | Validation best acc: 1.00
Train mix Iter 90 | Validation best acc: 1.00
Train mix Iter 95 | Validation best acc: 1.00
Train mix Iter 100 | Validation best acc: 1.00
Train mix Iter 105 | Validation best acc: 1.00
Train mix Iter 110 | Validation best acc: 1.00
Train mix Iter 115 | Validation best acc: 1.00
Train mix Iter 120 | Validation best acc: 1.00
Train mix Iter 125 | Validation best acc: 0.50
Train mix Iter 130 | Validation best acc: 0.50
Train mix Iter 135 | Validation best acc: 0.50
Train mix Iter 140 | Validation best acc: 0.50
Train mix Iter 145 | Validation best acc: 0.50
Train mix Iter 150 | Validation best acc: 0.50
Train mix Iter 155 | Validation best acc: 0.50
Train mix Iter 160 | Validation best acc: 0.50
Train mix Iter 165 | Validation best acc: 0.50
Train mix Iter 170 | Validation best acc: 0.50
Train mix Iter 175 | Validation best acc: 0.50
Train mix Iter 180 | Validation best acc: 0.50
Train mix Iter 185 | Validation best acc: 0.50
Train mix Iter 190 | Validation best acc: 0.50
Train mix Iter 195 | Validation best acc: 0.00
Train mix Iter 200 | Validation best acc: 0.00
Train mix Iter 205 | Validation best acc: 0.00
Train mix Iter 210 | Validation best acc: 0.00
Train mix Iter 215 | Validation best acc: 0.00
Train mix Iter 220 | Validation best acc: 0.00
Train mix Iter 225 | Validation best acc: 0.00
Train mix Iter 230 | Validation best acc: 0.00
Train mix Iter 235 | Validation best acc: 0.00
Train mix Iter 240 | Validation best acc: 0.00
Train mix Iter 245 | Validation best acc: 0.00
Train mix Iter 250 | Validation best acc: 0.00
Train mix Iter 255 | Validation best acc: 0.00
Train mix Iter 260 | Validation best acc: 0.00
Train mix Iter 265 | Validation best acc: 0.00
Train mix Iter 270 | Validation best acc: 0.00
Train mix Iter 275 | Validation best acc: 0.00
Train mix Iter 280 | Validation best acc: 0.00
Train mix Iter 285 | Validation best acc: 0.00
Train mix Iter 290 | Validation best acc: 0.00
Train mix Iter 295 | Validation best acc: 0.00
Train mix Iter 300 | Validation best acc: 0.00
Train mix Iter 305 | Validation best acc: 0.00
Train mix Iter 310 | Validation best acc: 0.00
Train mix Iter 315 | Validation best acc: 0.00
Train mix Iter 320 | Validation best acc: 0.00
Train mix Iter 325 | Validation best acc: 0.00
Train mix Iter 330 | Validation best acc: 0.00
Train mix Iter 335 | Validation best acc: 0.00
Train mix Iter 340 | Validation best acc: 0.00
Train mix Iter 345 | Validation best acc: 0.00
Train mix Iter 350 | Validation best acc: 0.00
Train mix Iter 355 | Validation best acc: 1.00
Train mix Iter 360 | Validation best acc: 2.00
Train mix Iter 365 | Validation best acc: 2.50
Train mix Iter 370 | Validation best acc: 4.50
Train mix Iter 375 | Validation best acc: 7.00
Train mix Iter 380 | Validation best acc: 8.00
Train mix Iter 385 | Validation best acc: 13.00
Train mix Iter 390 | Validation best acc: 18.00
Train mix Iter 395 | Validation best acc: 23.50
Train mix Iter 400 | Validation best acc: 30.00
Train mix Iter 405 | Validation best acc: 36.50
Train mix Iter 410 | Validation best acc: 40.00
Train mix Iter 415 | Validation best acc: 41.50
Train mix Iter 420 | Validation best acc: 42.00
Train mix Iter 425 | Validation best acc: 44.00
Train mix Iter 430 | Validation best acc: 45.00
Train mix Iter 435 | Validation best acc: 46.50
Train mix Iter 440 | Validation best acc: 48.00
Train mix Iter 445 | Validation best acc: 49.00
Train mix Iter 450 | Validation best acc: 49.50
Train mix Iter 455 | Validation best acc: 50.00
Train mix Iter 460 | Validation best acc: 50.00
Train mix Iter 465 | Validation best acc: 50.00
Train mix Iter 470 | Validation best acc: 50.00
Train mix Iter 475 | Validation best acc: 50.00
Train mix Iter 480 | Validation best acc: 50.00
Train mix Iter 485 | Validation best acc: 50.00
Train mix Iter 490 | Validation best acc: 50.00
Train mix Iter 495 | Validation best acc: 50.00
Iter: 0 | Val Acc: 50.0 | Val Loss: 2.263001688718796
Update Train Finetune Iter: 0 | Validation best acc: 50.00
Iter: 5 | Val Acc: 50.0 | Val Loss: 2.250227690935135
Update Train Finetune Iter: 5 | Validation best acc: 50.00
Iter: 10 | Val Acc: 50.0 | Val Loss: 2.236163947582245
Update Train Finetune Iter: 10 | Validation best acc: 50.00
Iter: 15 | Val Acc: 50.0 | Val Loss: 2.21931137919426
Update Train Finetune Iter: 15 | Validation best acc: 50.00
Iter: 20 | Val Acc: 50.0 | Val Loss: 2.1986406099796296
Update Train Finetune Iter: 20 | Validation best acc: 50.00
Iter: 25 | Val Acc: 50.0 | Val Loss: 2.1727267861366273
Update Train Finetune Iter: 25 | Validation best acc: 50.00
Iter: 30 | Val Acc: 50.0 | Val Loss: 2.138650510907173
Update Train Finetune Iter: 30 | Validation best acc: 50.00
Iter: 35 | Val Acc: 50.0 | Val Loss: 2.090452995300293
Update Train Finetune Iter: 35 | Validation best acc: 50.00
Iter: 40 | Val Acc: 50.0 | Val Loss: 2.0233921182155608
Update Train Finetune Iter: 40 | Validation best acc: 50.00
Iter: 45 | Val Acc: 50.0 | Val Loss: 1.9319776433706284
Update Train Finetune Iter: 45 | Validation best acc: 50.00
Iter: 50 | Val Acc: 50.0 | Val Loss: 1.8110947352647782
Update Train Finetune Iter: 50 | Validation best acc: 50.00
Iter: 55 | Val Acc: 50.0 | Val Loss: 1.6603254139423371
Update Train Finetune Iter: 55 | Validation best acc: 50.00
Iter: 60 | Val Acc: 50.0 | Val Loss: 1.4852876734733582
Update Train Finetune Iter: 60 | Validation best acc: 50.00
Iter: 65 | Val Acc: 50.0 | Val Loss: 1.2981048852205277
Update Train Finetune Iter: 65 | Validation best acc: 50.00
Iter: 70 | Val Acc: 50.0 | Val Loss: 1.1186316007375716
Update Train Finetune Iter: 70 | Validation best acc: 50.00
Iter: 75 | Val Acc: 51.5 | Val Loss: 0.9668793272972107
Update Train Finetune Iter: 75 | Validation best acc: 51.50
Iter: 80 | Val Acc: 76.5 | Val Loss: 0.8561660766601562
Update Train Finetune Iter: 80 | Validation best acc: 76.50
Iter: 85 | Val Acc: 51.5 | Val Loss: 0.7895756110548973
Update Train Finetune Iter: 85 | Validation best acc: 51.50
Iter: 90 | Val Acc: 51.0 | Val Loss: 0.747615066766739
Update Train Finetune Iter: 90 | Validation best acc: 51.00
Iter: 95 | Val Acc: 52.0 | Val Loss: 0.7188880370557308
Update Train Finetune Iter: 95 | Validation best acc: 52.00
Iter: 100 | Val Acc: 52.0 | Val Loss: 0.6986704996228218
Update Train Finetune Iter: 100 | Validation best acc: 52.00
Iter: 105 | Val Acc: 52.0 | Val Loss: 0.6874558960646391
Update Train Finetune Iter: 105 | Validation best acc: 52.00
Iter: 110 | Val Acc: 58.5 | Val Loss: 0.6686776564270258
Update Train Finetune Iter: 110 | Validation best acc: 58.50
Iter: 115 | Val Acc: 68.5 | Val Loss: 0.6532575300335884
Update Train Finetune Iter: 115 | Validation best acc: 68.50
Iter: 120 | Val Acc: 70.5 | Val Loss: 0.6436069468408823
Iter: 125 | Val Acc: 68.5 | Val Loss: 0.6407397685945034
Update Train Finetune Iter: 125 | Validation best acc: 68.50
Iter: 130 | Val Acc: 68.5 | Val Loss: 0.6376764691248537
Iter: 135 | Val Acc: 71.5 | Val Loss: 0.6244345733523369
Update Train Finetune Iter: 135 | Validation best acc: 71.50
Iter: 140 | Val Acc: 76.0 | Val Loss: 0.6122958658076822
Update Train Finetune Iter: 140 | Validation best acc: 76.00
Iter: 145 | Val Acc: 75.5 | Val Loss: 0.6075755273550749
Iter: 150 | Val Acc: 75.5 | Val Loss: 0.5992633915878832
Update Train Finetune Iter: 150 | Validation best acc: 75.50
Iter: 155 | Val Acc: 75.5 | Val Loss: 0.596836508223787
Iter: 160 | Val Acc: 75.5 | Val Loss: 0.5860766079463064
Update Train Finetune Iter: 160 | Validation best acc: 75.50
Iter: 165 | Val Acc: 75.5 | Val Loss: 0.5882204636465758
Iter: 170 | Val Acc: 75.5 | Val Loss: 0.5812425068952143
Iter: 175 | Val Acc: 75.5 | Val Loss: 0.5737448144797236
Update Train Finetune Iter: 175 | Validation best acc: 75.50
Iter: 180 | Val Acc: 75.5 | Val Loss: 0.5760247953981161
Iter: 185 | Val Acc: 75.5 | Val Loss: 0.5782409208640457
Iter: 190 | Val Acc: 76.5 | Val Loss: 0.5736188505263999
Iter: 195 | Val Acc: 76.0 | Val Loss: 0.5715788927651011
Iter: 200 | Val Acc: 76.5 | Val Loss: 0.5777614802843891
Iter: 205 | Val Acc: 76.0 | Val Loss: 0.5743432931089774
Iter: 210 | Val Acc: 76.5 | Val Loss: 0.5818793454440311
Iter: 215 | Val Acc: 76.0 | Val Loss: 0.5704481936059892
Iter: 220 | Val Acc: 75.5 | Val Loss: 0.560962234006729
Update Train Finetune Iter: 220 | Validation best acc: 75.50
Iter: 225 | Val Acc: 75.5 | Val Loss: 0.5702310588140972
Iter: 230 | Val Acc: 76.0 | Val Loss: 0.5773067054734565
Iter: 235 | Val Acc: 76.0 | Val Loss: 0.5728030959214084
Iter: 240 | Val Acc: 75.5 | Val Loss: 0.555811491040513
Iter: 245 | Val Acc: 75.5 | Val Loss: 0.56058903665049
Iter: 250 | Val Acc: 76.0 | Val Loss: 0.5643844687438104
Iter: 255 | Val Acc: 76.0 | Val Loss: 0.5650184074603021
Iter: 260 | Val Acc: 76.0 | Val Loss: 0.5661482940684073
Iter: 265 | Val Acc: 76.0 | Val Loss: 0.5648596279136836
Iter: 270 | Val Acc: 77.0 | Val Loss: 0.5676851173513568
Iter: 0 | Val Acc: 50.0 | Val Loss: 2.2629750394821166
Update Train Finetune Iter: 0 | Validation best acc: 50.00
Iter: 5 | Val Acc: 50.0 | Val Loss: 2.2501082217693327
Update Train Finetune Iter: 5 | Validation best acc: 50.00
Iter: 10 | Val Acc: 50.0 | Val Loss: 2.2361936521530152
Update Train Finetune Iter: 10 | Validation best acc: 50.00
Iter: 15 | Val Acc: 50.0 | Val Loss: 2.219655628204346
Update Train Finetune Iter: 15 | Validation best acc: 50.00
Iter: 20 | Val Acc: 50.0 | Val Loss: 2.199014962911606
Update Train Finetune Iter: 20 | Validation best acc: 50.00
Iter: 25 | Val Acc: 50.0 | Val Loss: 2.1732831597328186
Update Train Finetune Iter: 25 | Validation best acc: 50.00
Iter: 30 | Val Acc: 50.0 | Val Loss: 2.1394043070077897
Update Train Finetune Iter: 30 | Validation best acc: 50.00
Iter: 35 | Val Acc: 50.0 | Val Loss: 2.0919859445095064
Update Train Finetune Iter: 35 | Validation best acc: 50.00
Iter: 40 | Val Acc: 50.0 | Val Loss: 2.025362269282341
Update Train Finetune Iter: 40 | Validation best acc: 50.00
Iter: 45 | Val Acc: 50.0 | Val Loss: 1.933228679895401
Update Train Finetune Iter: 45 | Validation best acc: 50.00
Iter: 50 | Val Acc: 50.0 | Val Loss: 1.8121252942085266
Update Train Finetune Iter: 50 | Validation best acc: 50.00
Iter: 55 | Val Acc: 50.0 | Val Loss: 1.660569790005684
Update Train Finetune Iter: 55 | Validation best acc: 50.00
Iter: 60 | Val Acc: 50.0 | Val Loss: 1.4828957438468933
Update Train Finetune Iter: 60 | Validation best acc: 50.00
Iter: 65 | Val Acc: 50.0 | Val Loss: 1.2932014086842536
Update Train Finetune Iter: 65 | Validation best acc: 50.00
Iter: 70 | Val Acc: 50.0 | Val Loss: 1.111532167196274
Update Train Finetune Iter: 70 | Validation best acc: 50.00
Iter: 75 | Val Acc: 51.0 | Val Loss: 0.9587959730625153
Update Train Finetune Iter: 75 | Validation best acc: 51.00
Iter: 80 | Val Acc: 76.5 | Val Loss: 0.8478368017077446
Update Train Finetune Iter: 80 | Validation best acc: 76.50
Iter: 85 | Val Acc: 52.5 | Val Loss: 0.782472211420536
Update Train Finetune Iter: 85 | Validation best acc: 52.50
Iter: 90 | Val Acc: 50.5 | Val Loss: 0.74576919041574
Update Train Finetune Iter: 90 | Validation best acc: 50.50
Iter: 95 | Val Acc: 51.0 | Val Loss: 0.7187374839186669
Update Train Finetune Iter: 95 | Validation best acc: 51.00
Iter: 100 | Val Acc: 54.5 | Val Loss: 0.695097174718976
Update Train Finetune Iter: 100 | Validation best acc: 54.50
Iter: 105 | Val Acc: 66.5 | Val Loss: 0.6740933942049742
Update Train Finetune Iter: 105 | Validation best acc: 66.50
Iter: 110 | Val Acc: 67.0 | Val Loss: 0.6621287742257118
Update Train Finetune Iter: 110 | Validation best acc: 67.00
Iter: 115 | Val Acc: 64.0 | Val Loss: 0.657629038989544
Iter: 120 | Val Acc: 69.0 | Val Loss: 0.6448827456682921
Update Train Finetune Iter: 120 | Validation best acc: 69.00
Iter: 125 | Val Acc: 73.5 | Val Loss: 0.627529958486557
Update Train Finetune Iter: 125 | Validation best acc: 73.50
Iter: 130 | Val Acc: 74.5 | Val Loss: 0.6177140969410538
Iter: 135 | Val Acc: 74.5 | Val Loss: 0.6123568201065064
Update Train Finetune Iter: 135 | Validation best acc: 74.50
Iter: 140 | Val Acc: 75.0 | Val Loss: 0.5986288563720882
Update Train Finetune Iter: 140 | Validation best acc: 75.00
Iter: 145 | Val Acc: 75.0 | Val Loss: 0.586961979623884
Update Train Finetune Iter: 145 | Validation best acc: 75.00
Iter: 150 | Val Acc: 75.5 | Val Loss: 0.5872213323134929
Iter: 155 | Val Acc: 75.5 | Val Loss: 0.585715168574825
Iter: 160 | Val Acc: 74.0 | Val Loss: 0.5769375655334443
Update Train Finetune Iter: 160 | Validation best acc: 74.00
Iter: 165 | Val Acc: 75.5 | Val Loss: 0.5823706338601187
Iter: 170 | Val Acc: 74.0 | Val Loss: 0.5785912980558351
Iter: 175 | Val Acc: 74.5 | Val Loss: 0.575963864037767
Iter: 180 | Val Acc: 74.5 | Val Loss: 0.5781756109790877
Iter: 185 | Val Acc: 75.0 | Val Loss: 0.5822955316235311
Iter: 190 | Val Acc: 74.5 | Val Loss: 0.5781600127182901
Iter: 195 | Val Acc: 75.0 | Val Loss: 0.5710815967107191
Iter: 200 | Val Acc: 75.5 | Val Loss: 0.57259623890277
Iter: 205 | Val Acc: 75.0 | Val Loss: 0.5714373491704464
Iter: 210 | Val Acc: 74.5 | Val Loss: 0.5717561366525479
Train mix Iter 0 | Validation best acc: 5.00
Train mix Iter 5 | Validation best acc: 5.00
Train mix Iter 10 | Validation best acc: 5.50
Train mix Iter 15 | Validation best acc: 5.50
Train mix Iter 20 | Validation best acc: 5.50
Train mix Iter 25 | Validation best acc: 5.50
Train mix Iter 30 | Validation best acc: 5.50
Train mix Iter 35 | Validation best acc: 6.00
Train mix Iter 40 | Validation best acc: 6.50
Train mix Iter 45 | Validation best acc: 7.50
Train mix Iter 50 | Validation best acc: 8.00
Train mix Iter 55 | Validation best acc: 8.00
Train mix Iter 60 | Validation best acc: 8.50
Train mix Iter 65 | Validation best acc: 8.50
Train mix Iter 70 | Validation best acc: 8.50
Train mix Iter 75 | Validation best acc: 8.50
Train mix Iter 80 | Validation best acc: 8.50
Train mix Iter 85 | Validation best acc: 8.50
Train mix Iter 90 | Validation best acc: 8.50
Train mix Iter 95 | Validation best acc: 8.50
Train mix Iter 100 | Validation best acc: 9.50
Train mix Iter 105 | Validation best acc: 10.50
Train mix Iter 110 | Validation best acc: 10.50
Train mix Iter 115 | Validation best acc: 11.50
Train mix Iter 120 | Validation best acc: 13.00
Train mix Iter 125 | Validation best acc: 13.50
Train mix Iter 130 | Validation best acc: 13.50
Train mix Iter 135 | Validation best acc: 14.00
Train mix Iter 140 | Validation best acc: 16.00
Train mix Iter 145 | Validation best acc: 16.00
Train mix Iter 150 | Validation best acc: 17.00
Train mix Iter 155 | Validation best acc: 20.50
Train mix Iter 160 | Validation best acc: 21.50
Train mix Iter 165 | Validation best acc: 23.50
Train mix Iter 170 | Validation best acc: 24.00
Train mix Iter 175 | Validation best acc: 25.50
Train mix Iter 180 | Validation best acc: 26.50
Train mix Iter 185 | Validation best acc: 30.50
Train mix Iter 190 | Validation best acc: 31.50
Train mix Iter 195 | Validation best acc: 33.00
Train mix Iter 200 | Validation best acc: 34.50
Train mix Iter 205 | Validation best acc: 35.50
Train mix Iter 210 | Validation best acc: 37.00
Train mix Iter 215 | Validation best acc: 38.00
Train mix Iter 220 | Validation best acc: 40.50
Train mix Iter 225 | Validation best acc: 42.00
Train mix Iter 230 | Validation best acc: 43.00
Train mix Iter 235 | Validation best acc: 44.50
Train mix Iter 240 | Validation best acc: 44.50
Train mix Iter 245 | Validation best acc: 45.00
Train mix Iter 250 | Validation best acc: 46.00
Train mix Iter 255 | Validation best acc: 46.50
Train mix Iter 260 | Validation best acc: 47.00
Train mix Iter 265 | Validation best acc: 47.50
Train mix Iter 270 | Validation best acc: 48.00
Train mix Iter 275 | Validation best acc: 48.00
Train mix Iter 280 | Validation best acc: 48.00
Train mix Iter 285 | Validation best acc: 48.50
Train mix Iter 290 | Validation best acc: 48.50
Train mix Iter 295 | Validation best acc: 49.00
Train mix Iter 300 | Validation best acc: 49.00
Train mix Iter 305 | Validation best acc: 49.50
Train mix Iter 310 | Validation best acc: 49.50
Train mix Iter 315 | Validation best acc: 49.50
Train mix Iter 320 | Validation best acc: 49.50
Train mix Iter 325 | Validation best acc: 49.50
Train mix Iter 330 | Validation best acc: 50.00
Train mix Iter 335 | Validation best acc: 50.00
Train mix Iter 340 | Validation best acc: 50.00
Train mix Iter 345 | Validation best acc: 50.00
Train mix Iter 350 | Validation best acc: 50.00
Train mix Iter 355 | Validation best acc: 50.00
Train mix Iter 360 | Validation best acc: 50.00
Train mix Iter 365 | Validation best acc: 50.00
Train mix Iter 370 | Validation best acc: 50.00
Train mix Iter 375 | Validation best acc: 50.00
Train mix Iter 380 | Validation best acc: 50.00
Train mix Iter 385 | Validation best acc: 50.00
Train mix Iter 390 | Validation best acc: 50.00
Train mix Iter 395 | Validation best acc: 50.00
Train mix Iter 400 | Validation best acc: 50.00
Train mix Iter 405 | Validation best acc: 50.00
Train mix Iter 410 | Validation best acc: 50.00
Train mix Iter 415 | Validation best acc: 50.00
Train mix Iter 420 | Validation best acc: 50.00
Train mix Iter 425 | Validation best acc: 50.00
Train mix Iter 430 | Validation best acc: 50.00
Train mix Iter 435 | Validation best acc: 50.00
Train mix Iter 440 | Validation best acc: 50.00
Train mix Iter 445 | Validation best acc: 50.00
Train mix Iter 450 | Validation best acc: 50.00
Train mix Iter 455 | Validation best acc: 50.00
Train mix Iter 460 | Validation best acc: 50.00
Train mix Iter 465 | Validation best acc: 50.00
Train mix Iter 470 | Validation best acc: 50.00
Train mix Iter 475 | Validation best acc: 50.00
Train mix Iter 480 | Validation best acc: 50.00
Train mix Iter 485 | Validation best acc: 50.00
Train mix Iter 490 | Validation best acc: 50.00
Train mix Iter 495 | Validation best acc: 50.00
Iter: 0 | Val Acc: 50.0 | Val Loss: 2.27486966252327
Update Train Finetune Iter: 0 | Validation best acc: 50.00
Iter: 5 | Val Acc: 50.0 | Val Loss: 2.261885625123978
Update Train Finetune Iter: 5 | Validation best acc: 50.00
Iter: 10 | Val Acc: 50.0 | Val Loss: 2.2459409940242767
Update Train Finetune Iter: 10 | Validation best acc: 50.00
Iter: 15 | Val Acc: 50.0 | Val Loss: 2.2242979288101195
Update Train Finetune Iter: 15 | Validation best acc: 50.00
Iter: 20 | Val Acc: 50.0 | Val Loss: 2.1942088627815246
Update Train Finetune Iter: 20 | Validation best acc: 50.00
Iter: 25 | Val Acc: 50.0 | Val Loss: 2.1531156504154207
Update Train Finetune Iter: 25 | Validation best acc: 50.00
Iter: 30 | Val Acc: 50.0 | Val Loss: 2.0969682258367537
Update Train Finetune Iter: 30 | Validation best acc: 50.00
Iter: 35 | Val Acc: 50.0 | Val Loss: 2.018898863196373
Update Train Finetune Iter: 35 | Validation best acc: 50.00
Iter: 40 | Val Acc: 50.0 | Val Loss: 1.912662307024002
Update Train Finetune Iter: 40 | Validation best acc: 50.00
Iter: 45 | Val Acc: 50.0 | Val Loss: 1.7729103392362595
Update Train Finetune Iter: 45 | Validation best acc: 50.00
Iter: 50 | Val Acc: 50.0 | Val Loss: 1.6001887267827988
Update Train Finetune Iter: 50 | Validation best acc: 50.00
Iter: 55 | Val Acc: 50.0 | Val Loss: 1.402892135977745
Update Train Finetune Iter: 55 | Validation best acc: 50.00
Iter: 60 | Val Acc: 50.0 | Val Loss: 1.2022391095757485
Update Train Finetune Iter: 60 | Validation best acc: 50.00
Iter: 65 | Val Acc: 50.0 | Val Loss: 1.0279141181707383
Update Train Finetune Iter: 65 | Validation best acc: 50.00
Iter: 70 | Val Acc: 50.0 | Val Loss: 0.9023446795344353
Update Train Finetune Iter: 70 | Validation best acc: 50.00
Iter: 75 | Val Acc: 50.0 | Val Loss: 0.8237203678488731
Update Train Finetune Iter: 75 | Validation best acc: 50.00
Iter: 80 | Val Acc: 49.0 | Val Loss: 0.7786740908026695
Update Train Finetune Iter: 80 | Validation best acc: 49.00
Iter: 85 | Val Acc: 50.5 | Val Loss: 0.7532139500975609
Update Train Finetune Iter: 85 | Validation best acc: 50.50
Iter: 90 | Val Acc: 51.5 | Val Loss: 0.7376222637295723
Update Train Finetune Iter: 90 | Validation best acc: 51.50
Iter: 95 | Val Acc: 52.0 | Val Loss: 0.7275175106525421
Update Train Finetune Iter: 95 | Validation best acc: 52.00
Iter: 100 | Val Acc: 49.5 | Val Loss: 0.720364916920662
Iter: 105 | Val Acc: 49.0 | Val Loss: 0.7155783611536026
Update Train Finetune Iter: 105 | Validation best acc: 49.00
Iter: 110 | Val Acc: 50.0 | Val Loss: 0.7123486578464509
Iter: 115 | Val Acc: 50.0 | Val Loss: 0.709088542163372
Iter: 120 | Val Acc: 51.5 | Val Loss: 0.7062190079689026
Iter: 125 | Val Acc: 54.0 | Val Loss: 0.70398766964674
Update Train Finetune Iter: 125 | Validation best acc: 54.00
Iter: 130 | Val Acc: 55.0 | Val Loss: 0.7021494650840759
Iter: 135 | Val Acc: 57.0 | Val Loss: 0.7005411452054977
Iter: 140 | Val Acc: 57.5 | Val Loss: 0.6990564244985581
Iter: 145 | Val Acc: 53.5 | Val Loss: 0.6980085039138794
Iter: 150 | Val Acc: 50.5 | Val Loss: 0.6976498827338219
Iter: 155 | Val Acc: 53.5 | Val Loss: 0.6963184675574303
Iter: 160 | Val Acc: 55.0 | Val Loss: 0.6945986700057983
Iter: 165 | Val Acc: 57.5 | Val Loss: 0.6938426378369331
Update Train Finetune Iter: 165 | Validation best acc: 57.50
Iter: 170 | Val Acc: 60.0 | Val Loss: 0.6924634292721749
Iter: 175 | Val Acc: 55.0 | Val Loss: 0.691324245929718
Iter: 180 | Val Acc: 56.5 | Val Loss: 0.6901962894201279
Iter: 185 | Val Acc: 57.0 | Val Loss: 0.6891724219918252
Iter: 190 | Val Acc: 58.0 | Val Loss: 0.6878936988115311
Iter: 195 | Val Acc: 56.0 | Val Loss: 0.6870754699409009
Iter: 200 | Val Acc: 56.5 | Val Loss: 0.6855049167573452
Iter: 205 | Val Acc: 56.5 | Val Loss: 0.6843038584291935
Iter: 210 | Val Acc: 56.5 | Val Loss: 0.6836890858411789
Update Train Finetune Iter: 210 | Validation best acc: 56.50
Iter: 215 | Val Acc: 55.5 | Val Loss: 0.6822154238820076
Iter: 220 | Val Acc: 58.0 | Val Loss: 0.6802620388567447
Iter: 225 | Val Acc: 57.0 | Val Loss: 0.6786253815889358
Iter: 230 | Val Acc: 57.0 | Val Loss: 0.6771091139316558
Iter: 235 | Val Acc: 57.5 | Val Loss: 0.675847520083189
Iter: 240 | Val Acc: 55.0 | Val Loss: 0.6753561636805534
Iter: 245 | Val Acc: 55.0 | Val Loss: 0.6752468839287757
Iter: 250 | Val Acc: 56.0 | Val Loss: 0.6739315424859523
Iter: 255 | Val Acc: 55.5 | Val Loss: 0.6728698009252548
Update Train Finetune Iter: 255 | Validation best acc: 55.50
Iter: 260 | Val Acc: 58.0 | Val Loss: 0.6701850318908691
Iter: 265 | Val Acc: 59.0 | Val Loss: 0.6683165615797043
Iter: 270 | Val Acc: 56.5 | Val Loss: 0.6682858119904995
Iter: 275 | Val Acc: 55.0 | Val Loss: 0.667837316095829
Iter: 280 | Val Acc: 58.0 | Val Loss: 0.6654779791086912
Iter: 285 | Val Acc: 58.0 | Val Loss: 0.6643902018666268
Iter: 290 | Val Acc: 59.0 | Val Loss: 0.6629525103420019
Iter: 295 | Val Acc: 57.5 | Val Loss: 0.6630216018110514
Iter: 300 | Val Acc: 55.0 | Val Loss: 0.6656767752021551
Iter: 305 | Val Acc: 56.5 | Val Loss: 0.6633749311417341
Iter: 0 | Val Acc: 50.0 | Val Loss: 2.2748859012126923
Update Train Finetune Iter: 0 | Validation best acc: 50.00
Iter: 5 | Val Acc: 50.0 | Val Loss: 2.2620825588703157
Update Train Finetune Iter: 5 | Validation best acc: 50.00
Iter: 10 | Val Acc: 50.0 | Val Loss: 2.2464397883415224
Update Train Finetune Iter: 10 | Validation best acc: 50.00
Iter: 15 | Val Acc: 50.0 | Val Loss: 2.225116202831268
Update Train Finetune Iter: 15 | Validation best acc: 50.00
Iter: 20 | Val Acc: 50.0 | Val Loss: 2.195105055570602
Update Train Finetune Iter: 20 | Validation best acc: 50.00
Iter: 25 | Val Acc: 50.0 | Val Loss: 2.1537275493144987
Update Train Finetune Iter: 25 | Validation best acc: 50.00
Iter: 30 | Val Acc: 50.0 | Val Loss: 2.0964490127563478
Update Train Finetune Iter: 30 | Validation best acc: 50.00
Iter: 35 | Val Acc: 50.0 | Val Loss: 2.0168261134624483
Update Train Finetune Iter: 35 | Validation best acc: 50.00
Iter: 40 | Val Acc: 50.0 | Val Loss: 1.9073471432924272
Update Train Finetune Iter: 40 | Validation best acc: 50.00
Iter: 45 | Val Acc: 50.0 | Val Loss: 1.7632137286663054
Update Train Finetune Iter: 45 | Validation best acc: 50.00
Iter: 50 | Val Acc: 50.0 | Val Loss: 1.5863445854187013
Update Train Finetune Iter: 50 | Validation best acc: 50.00
Iter: 55 | Val Acc: 50.0 | Val Loss: 1.386967625617981
Update Train Finetune Iter: 55 | Validation best acc: 50.00
Iter: 60 | Val Acc: 50.0 | Val Loss: 1.1873454090952873
Update Train Finetune Iter: 60 | Validation best acc: 50.00
Iter: 65 | Val Acc: 50.0 | Val Loss: 1.0176403412222863
Update Train Finetune Iter: 65 | Validation best acc: 50.00
Iter: 70 | Val Acc: 50.0 | Val Loss: 0.8964084947109222
Update Train Finetune Iter: 70 | Validation best acc: 50.00
Iter: 75 | Val Acc: 50.0 | Val Loss: 0.8205847480893135
Update Train Finetune Iter: 75 | Validation best acc: 50.00
Iter: 80 | Val Acc: 52.0 | Val Loss: 0.7765290096402169
Update Train Finetune Iter: 80 | Validation best acc: 52.00
Iter: 85 | Val Acc: 50.5 | Val Loss: 0.7518369248509407
Update Train Finetune Iter: 85 | Validation best acc: 50.50
Iter: 90 | Val Acc: 53.0 | Val Loss: 0.736343288719654
Update Train Finetune Iter: 90 | Validation best acc: 53.00
Iter: 95 | Val Acc: 50.0 | Val Loss: 0.7265198653936387
Iter: 100 | Val Acc: 49.5 | Val Loss: 0.7200456324219704
Update Train Finetune Iter: 100 | Validation best acc: 49.50
Iter: 105 | Val Acc: 49.5 | Val Loss: 0.7152658402919769
Iter: 110 | Val Acc: 53.5 | Val Loss: 0.7114264816045761
Iter: 115 | Val Acc: 55.0 | Val Loss: 0.7093310987949372
Update Train Finetune Iter: 115 | Validation best acc: 55.00
Iter: 120 | Val Acc: 52.0 | Val Loss: 0.7067947816848755
Iter: 125 | Val Acc: 49.5 | Val Loss: 0.7047850096225738
Iter: 130 | Val Acc: 54.0 | Val Loss: 0.7028118425607681
Iter: 135 | Val Acc: 57.0 | Val Loss: 0.7014171543717385
Iter: 140 | Val Acc: 51.0 | Val Loss: 0.6999701908230782
Iter: 145 | Val Acc: 52.5 | Val Loss: 0.6987597361207009
Update Train Finetune Iter: 145 | Validation best acc: 52.50
Iter: 150 | Val Acc: 53.5 | Val Loss: 0.6975713697075844
Iter: 155 | Val Acc: 52.5 | Val Loss: 0.6963411402702332
Iter: 160 | Val Acc: 53.0 | Val Loss: 0.6956758317351341
Iter: 165 | Val Acc: 53.0 | Val Loss: 0.6947921133041381
Iter: 170 | Val Acc: 54.0 | Val Loss: 0.6933637836575508
Iter: 175 | Val Acc: 59.5 | Val Loss: 0.6921831741929054
Iter: 180 | Val Acc: 60.0 | Val Loss: 0.6912180757522584
Iter: 185 | Val Acc: 55.0 | Val Loss: 0.6904489186406135
Iter: 190 | Val Acc: 58.0 | Val Loss: 0.6893114811182022
Iter: 195 | Val Acc: 59.0 | Val Loss: 0.6880117437243461
Update Train Finetune Iter: 195 | Validation best acc: 59.00
Iter: 200 | Val Acc: 56.0 | Val Loss: 0.6870286399126053
Iter: 205 | Val Acc: 56.0 | Val Loss: 0.6857017196714879
Iter: 210 | Val Acc: 59.5 | Val Loss: 0.6843471813201905
Iter: 215 | Val Acc: 58.5 | Val Loss: 0.6830144600570202
Iter: 220 | Val Acc: 55.5 | Val Loss: 0.6823130014538765
Iter: 225 | Val Acc: 56.0 | Val Loss: 0.6806685025990009
Iter: 230 | Val Acc: 56.0 | Val Loss: 0.6791057074069977
Iter: 235 | Val Acc: 58.0 | Val Loss: 0.6777396735548973
Update Train Finetune Iter: 235 | Validation best acc: 58.00
Iter: 240 | Val Acc: 59.5 | Val Loss: 0.6763720478117466
Iter: 245 | Val Acc: 59.5 | Val Loss: 0.6751947149634361
Iter: 250 | Val Acc: 58.0 | Val Loss: 0.6740226683020591
Iter: 255 | Val Acc: 57.5 | Val Loss: 0.6725188234448433
Iter: 260 | Val Acc: 61.0 | Val Loss: 0.6712393653392792
Iter: 265 | Val Acc: 60.5 | Val Loss: 0.6701419776678086
Iter: 270 | Val Acc: 59.0 | Val Loss: 0.6691151347756386
Iter: 275 | Val Acc: 59.5 | Val Loss: 0.6676464842259884
Update Train Finetune Iter: 275 | Validation best acc: 59.50
Iter: 280 | Val Acc: 58.5 | Val Loss: 0.6665832347422839
Iter: 285 | Val Acc: 60.0 | Val Loss: 0.6652773474901914
Iter: 290 | Val Acc: 60.0 | Val Loss: 0.6639934292435646
Iter: 295 | Val Acc: 60.5 | Val Loss: 0.6631067403405905
Iter: 300 | Val Acc: 59.0 | Val Loss: 0.662866517752409
Iter: 305 | Val Acc: 60.0 | Val Loss: 0.6615615615993738
Iter: 310 | Val Acc: 59.5 | Val Loss: 0.6607253563404083
Iter: 315 | Val Acc: 59.0 | Val Loss: 0.660958310291171
Iter: 320 | Val Acc: 60.5 | Val Loss: 0.6591340234875679
Iter: 325 | Val Acc: 60.5 | Val Loss: 0.6586659076809883
Train mix Iter 0 | Validation best acc: 2.50
Train mix Iter 10 | Validation best acc: 2.50
Train mix Iter 20 | Validation best acc: 2.50
Train mix Iter 25 | Validation best acc: 2.50
Train mix Iter 30 | Validation best acc: 2.50
Train mix Iter 35 | Validation best acc: 2.50
Train mix Iter 40 | Validation best acc: 2.50
Train mix Iter 45 | Validation best acc: 2.50
Train mix Iter 50 | Validation best acc: 2.50
Train mix Iter 55 | Validation best acc: 2.50
Train mix Iter 60 | Validation best acc: 2.50
Train mix Iter 65 | Validation best acc: 2.50
Train mix Iter 70 | Validation best acc: 2.50
Train mix Iter 75 | Validation best acc: 2.00
Train mix Iter 80 | Validation best acc: 2.00
Train mix Iter 85 | Validation best acc: 2.00
Train mix Iter 90 | Validation best acc: 2.00
Train mix Iter 95 | Validation best acc: 2.00
Train mix Iter 100 | Validation best acc: 1.00
Train mix Iter 105 | Validation best acc: 0.50
Train mix Iter 110 | Validation best acc: 0.50
Train mix Iter 115 | Validation best acc: 0.50
Train mix Iter 120 | Validation best acc: 0.50
Train mix Iter 125 | Validation best acc: 0.50
Train mix Iter 130 | Validation best acc: 0.50
Train mix Iter 135 | Validation best acc: 0.50
Train mix Iter 140 | Validation best acc: 0.50
Train mix Iter 145 | Validation best acc: 0.50
Train mix Iter 150 | Validation best acc: 0.00
Train mix Iter 155 | Validation best acc: 0.00
Train mix Iter 160 | Validation best acc: 0.00
Train mix Iter 165 | Validation best acc: 0.00
Train mix Iter 170 | Validation best acc: 0.00
Train mix Iter 175 | Validation best acc: 0.00
Train mix Iter 180 | Validation best acc: 0.00
Train mix Iter 185 | Validation best acc: 0.00
Train mix Iter 190 | Validation best acc: 0.00
Train mix Iter 195 | Validation best acc: 0.00
Train mix Iter 200 | Validation best acc: 0.00
Train mix Iter 205 | Validation best acc: 0.00
Train mix Iter 210 | Validation best acc: 0.00
Train mix Iter 215 | Validation best acc: 0.00
Train mix Iter 220 | Validation best acc: 0.00
Train mix Iter 225 | Validation best acc: 0.00
Train mix Iter 230 | Validation best acc: 0.00
Train mix Iter 235 | Validation best acc: 0.00
Train mix Iter 240 | Validation best acc: 0.00
Train mix Iter 245 | Validation best acc: 0.00
Train mix Iter 250 | Validation best acc: 0.00
Train mix Iter 255 | Validation best acc: 0.00
Train mix Iter 260 | Validation best acc: 0.00
Train mix Iter 265 | Validation best acc: 0.00
Train mix Iter 270 | Validation best acc: 0.00
Train mix Iter 275 | Validation best acc: 0.00
Train mix Iter 280 | Validation best acc: 0.00
Train mix Iter 285 | Validation best acc: 0.00
Train mix Iter 290 | Validation best acc: 0.00
Train mix Iter 295 | Validation best acc: 0.00
Train mix Iter 300 | Validation best acc: 0.00
Train mix Iter 305 | Validation best acc: 0.00
Train mix Iter 310 | Validation best acc: 0.00
Train mix Iter 315 | Validation best acc: 0.00
Train mix Iter 320 | Validation best acc: 0.00
Train mix Iter 325 | Validation best acc: 0.00
Train mix Iter 330 | Validation best acc: 0.00
Train mix Iter 335 | Validation best acc: 0.00
Train mix Iter 340 | Validation best acc: 0.00
Train mix Iter 345 | Validation best acc: 0.00
Train mix Iter 350 | Validation best acc: 0.00
Train mix Iter 355 | Validation best acc: 0.00
Train mix Iter 360 | Validation best acc: 0.00
Train mix Iter 365 | Validation best acc: 0.00
Train mix Iter 370 | Validation best acc: 0.00
Train mix Iter 375 | Validation best acc: 0.00
Train mix Iter 380 | Validation best acc: 0.00
Train mix Iter 385 | Validation best acc: 0.00
Train mix Iter 390 | Validation best acc: 0.00
Train mix Iter 395 | Validation best acc: 0.00
Train mix Iter 400 | Validation best acc: 0.00
Train mix Iter 405 | Validation best acc: 0.00
Train mix Iter 410 | Validation best acc: 0.00
Train mix Iter 415 | Validation best acc: 0.00
Train mix Iter 420 | Validation best acc: 0.00
Train mix Iter 425 | Validation best acc: 0.50
Train mix Iter 430 | Validation best acc: 4.50
Train mix Iter 435 | Validation best acc: 8.00
Train mix Iter 440 | Validation best acc: 13.50
Train mix Iter 445 | Validation best acc: 19.50
Train mix Iter 450 | Validation best acc: 27.00
Train mix Iter 455 | Validation best acc: 36.00
Train mix Iter 460 | Validation best acc: 42.00
Train mix Iter 465 | Validation best acc: 44.50
Train mix Iter 470 | Validation best acc: 44.50
Train mix Iter 475 | Validation best acc: 47.50
Train mix Iter 480 | Validation best acc: 47.50
Train mix Iter 485 | Validation best acc: 48.50
Train mix Iter 490 | Validation best acc: 49.00
Train mix Iter 495 | Validation best acc: 50.00
Iter: 0 | Val Acc: 50.0 | Val Loss: 2.2769309282302856
Update Train Finetune Iter: 0 | Validation best acc: 50.00
Iter: 5 | Val Acc: 50.0 | Val Loss: 2.259870946407318
Update Train Finetune Iter: 5 | Validation best acc: 50.00
Iter: 10 | Val Acc: 50.0 | Val Loss: 2.2401578545570375
Update Train Finetune Iter: 10 | Validation best acc: 50.00
Iter: 15 | Val Acc: 50.0 | Val Loss: 2.2140814685821533
Update Train Finetune Iter: 15 | Validation best acc: 50.00
Iter: 20 | Val Acc: 50.0 | Val Loss: 2.1767079436779024
Update Train Finetune Iter: 20 | Validation best acc: 50.00
Iter: 25 | Val Acc: 50.0 | Val Loss: 2.122516518235207
Update Train Finetune Iter: 25 | Validation best acc: 50.00
Iter: 30 | Val Acc: 50.0 | Val Loss: 2.0451595723628997
Update Train Finetune Iter: 30 | Validation best acc: 50.00
Iter: 35 | Val Acc: 50.0 | Val Loss: 1.9377490830421449
Update Train Finetune Iter: 35 | Validation best acc: 50.00
Iter: 40 | Val Acc: 56.5 | Val Loss: 1.796609178185463
Update Train Finetune Iter: 40 | Validation best acc: 56.50
Iter: 45 | Val Acc: 80.0 | Val Loss: 1.6200354707241058
Update Train Finetune Iter: 45 | Validation best acc: 80.00
Iter: 50 | Val Acc: 61.5 | Val Loss: 1.4154125988483428
Update Train Finetune Iter: 50 | Validation best acc: 61.50
Iter: 55 | Val Acc: 54.5 | Val Loss: 1.2087238022685052
Update Train Finetune Iter: 55 | Validation best acc: 54.50
Iter: 60 | Val Acc: 51.0 | Val Loss: 1.0328722536563872
Update Train Finetune Iter: 60 | Validation best acc: 51.00
Iter: 65 | Val Acc: 50.5 | Val Loss: 0.9055097618699074
Update Train Finetune Iter: 65 | Validation best acc: 50.50
Iter: 70 | Val Acc: 50.5 | Val Loss: 0.8224916675686836
Update Train Finetune Iter: 70 | Validation best acc: 50.50
Iter: 75 | Val Acc: 51.0 | Val Loss: 0.7682461728155613
Update Train Finetune Iter: 75 | Validation best acc: 51.00
Iter: 80 | Val Acc: 53.5 | Val Loss: 0.7339252915978431
Update Train Finetune Iter: 80 | Validation best acc: 53.50
Iter: 85 | Val Acc: 57.0 | Val Loss: 0.7125756554305553
Update Train Finetune Iter: 85 | Validation best acc: 57.00
Iter: 90 | Val Acc: 56.0 | Val Loss: 0.6979938618838787
Update Train Finetune Iter: 90 | Validation best acc: 56.00
Iter: 95 | Val Acc: 55.5 | Val Loss: 0.6879395744204522
Update Train Finetune Iter: 95 | Validation best acc: 55.50
Iter: 100 | Val Acc: 58.5 | Val Loss: 0.6803191408514977
Iter: 105 | Val Acc: 64.0 | Val Loss: 0.6747920487821102
Update Train Finetune Iter: 105 | Validation best acc: 64.00
Iter: 110 | Val Acc: 63.0 | Val Loss: 0.6697460989654064
Iter: 115 | Val Acc: 63.0 | Val Loss: 0.6656405332684517
Iter: 120 | Val Acc: 71.0 | Val Loss: 0.6623135446012021
Update Train Finetune Iter: 120 | Validation best acc: 71.00
Iter: 125 | Val Acc: 71.5 | Val Loss: 0.6585062494874001
Iter: 130 | Val Acc: 73.0 | Val Loss: 0.6550089287757873
Iter: 135 | Val Acc: 64.0 | Val Loss: 0.6509156537055969
Update Train Finetune Iter: 135 | Validation best acc: 64.00
Iter: 140 | Val Acc: 66.0 | Val Loss: 0.6473598833382129
Iter: 145 | Val Acc: 69.5 | Val Loss: 0.6434432408213615
Iter: 150 | Val Acc: 74.0 | Val Loss: 0.639737150222063
Update Train Finetune Iter: 150 | Validation best acc: 74.00
Iter: 155 | Val Acc: 76.0 | Val Loss: 0.6352826364338398
Iter: 160 | Val Acc: 75.5 | Val Loss: 0.6303942589461804
Iter: 165 | Val Acc: 79.0 | Val Loss: 0.6258012989163398
Update Train Finetune Iter: 165 | Validation best acc: 79.00
Iter: 170 | Val Acc: 79.0 | Val Loss: 0.620410245358944
Iter: 175 | Val Acc: 76.5 | Val Loss: 0.613833287358284
Update Train Finetune Iter: 175 | Validation best acc: 76.50
Iter: 180 | Val Acc: 77.5 | Val Loss: 0.6078105413913727
Iter: 185 | Val Acc: 79.5 | Val Loss: 0.6016635453701019
Update Train Finetune Iter: 185 | Validation best acc: 79.50
Iter: 190 | Val Acc: 75.5 | Val Loss: 0.594485845118761
Iter: 195 | Val Acc: 79.0 | Val Loss: 0.5880075946450234
Update Train Finetune Iter: 195 | Validation best acc: 79.00
Iter: 200 | Val Acc: 79.0 | Val Loss: 0.580828694999218
Iter: 205 | Val Acc: 78.0 | Val Loss: 0.5731745427846908
Update Train Finetune Iter: 205 | Validation best acc: 78.00
Iter: 210 | Val Acc: 78.5 | Val Loss: 0.5657137378305197
Iter: 215 | Val Acc: 79.0 | Val Loss: 0.5580256635695696
Update Train Finetune Iter: 215 | Validation best acc: 79.00
Iter: 220 | Val Acc: 77.0 | Val Loss: 0.5512620671838522
Iter: 225 | Val Acc: 77.5 | Val Loss: 0.5449377592653036
Update Train Finetune Iter: 225 | Validation best acc: 77.50
Iter: 230 | Val Acc: 76.5 | Val Loss: 0.5383326382189989
Iter: 235 | Val Acc: 78.5 | Val Loss: 0.5314294281601906
Update Train Finetune Iter: 235 | Validation best acc: 78.50
Iter: 240 | Val Acc: 78.0 | Val Loss: 0.525213640704751
Iter: 245 | Val Acc: 76.5 | Val Loss: 0.5188823406770825
Update Train Finetune Iter: 245 | Validation best acc: 76.50
Iter: 250 | Val Acc: 77.0 | Val Loss: 0.5130453485250474
Iter: 255 | Val Acc: 77.0 | Val Loss: 0.5075004337355494
Update Train Finetune Iter: 255 | Validation best acc: 77.00
Iter: 260 | Val Acc: 77.0 | Val Loss: 0.5019781813025475
Iter: 265 | Val Acc: 77.5 | Val Loss: 0.49664041396230457
Update Train Finetune Iter: 265 | Validation best acc: 77.50
Iter: 270 | Val Acc: 76.5 | Val Loss: 0.4918581896647811
Iter: 275 | Val Acc: 77.0 | Val Loss: 0.48814324002712967
Iter: 280 | Val Acc: 78.5 | Val Loss: 0.48540434934198856
Update Train Finetune Iter: 280 | Validation best acc: 78.50
Iter: 285 | Val Acc: 77.0 | Val Loss: 0.48009879153221846
Iter: 290 | Val Acc: 77.0 | Val Loss: 0.47700942754745485
Iter: 295 | Val Acc: 77.0 | Val Loss: 0.4738693210668862
Update Train Finetune Iter: 295 | Validation best acc: 77.00
Iter: 300 | Val Acc: 78.0 | Val Loss: 0.47423356998711824
Iter: 305 | Val Acc: 78.0 | Val Loss: 0.46808146325871347
Iter: 310 | Val Acc: 78.0 | Val Loss: 0.46530362077057363
Iter: 315 | Val Acc: 77.5 | Val Loss: 0.4642774735856801
Iter: 320 | Val Acc: 78.5 | Val Loss: 0.4649055831693113
Iter: 325 | Val Acc: 79.5 | Val Loss: 0.46042755426838994
Update Train Finetune Iter: 325 | Validation best acc: 79.50
Iter: 330 | Val Acc: 79.5 | Val Loss: 0.45910299190320075
Iter: 335 | Val Acc: 78.5 | Val Loss: 0.4625725248176604
Iter: 340 | Val Acc: 79.0 | Val Loss: 0.4580791202560067
Iter: 345 | Val Acc: 79.0 | Val Loss: 0.4573140533827245
Iter: 350 | Val Acc: 79.0 | Val Loss: 0.45644005849957464
Iter: 355 | Val Acc: 79.0 | Val Loss: 0.4553445681929588
Iter: 360 | Val Acc: 78.5 | Val Loss: 0.45392242551781237
Iter: 365 | Val Acc: 79.5 | Val Loss: 0.453283546352759
Iter: 370 | Val Acc: 78.5 | Val Loss: 0.4524617553921416
Iter: 375 | Val Acc: 79.0 | Val Loss: 0.45184036828111857
Iter: 0 | Val Acc: 50.0 | Val Loss: 2.276907204389572
Update Train Finetune Iter: 0 | Validation best acc: 50.00
Iter: 5 | Val Acc: 50.0 | Val Loss: 2.259735782146454
Update Train Finetune Iter: 5 | Validation best acc: 50.00
Iter: 10 | Val Acc: 50.0 | Val Loss: 2.240175083875656
Update Train Finetune Iter: 10 | Validation best acc: 50.00
Iter: 15 | Val Acc: 50.0 | Val Loss: 2.2143435108661653
Update Train Finetune Iter: 15 | Validation best acc: 50.00
Iter: 20 | Val Acc: 50.0 | Val Loss: 2.177318861484528
Update Train Finetune Iter: 20 | Validation best acc: 50.00
Iter: 25 | Val Acc: 50.0 | Val Loss: 2.1236578917503355
Update Train Finetune Iter: 25 | Validation best acc: 50.00
Iter: 30 | Val Acc: 50.0 | Val Loss: 2.0466837561130524
Update Train Finetune Iter: 30 | Validation best acc: 50.00
Iter: 35 | Val Acc: 50.0 | Val Loss: 1.9398457247018814
Update Train Finetune Iter: 35 | Validation best acc: 50.00
Iter: 40 | Val Acc: 56.0 | Val Loss: 1.799691116809845
Update Train Finetune Iter: 40 | Validation best acc: 56.00
Iter: 45 | Val Acc: 80.0 | Val Loss: 1.6241711008548736
Update Train Finetune Iter: 45 | Validation best acc: 80.00
Iter: 50 | Val Acc: 62.5 | Val Loss: 1.4225436446070672
Update Train Finetune Iter: 50 | Validation best acc: 62.50
Iter: 55 | Val Acc: 55.0 | Val Loss: 1.2181034755706788
Update Train Finetune Iter: 55 | Validation best acc: 55.00
Iter: 60 | Val Acc: 50.5 | Val Loss: 1.0406880655884743
Update Train Finetune Iter: 60 | Validation best acc: 50.50
Iter: 65 | Val Acc: 50.5 | Val Loss: 0.9105401881039142
Update Train Finetune Iter: 65 | Validation best acc: 50.50
Iter: 70 | Val Acc: 50.0 | Val Loss: 0.8261396187543869
Update Train Finetune Iter: 70 | Validation best acc: 50.00
Iter: 75 | Val Acc: 50.5 | Val Loss: 0.7709615674614906
Update Train Finetune Iter: 75 | Validation best acc: 50.50
Iter: 80 | Val Acc: 52.5 | Val Loss: 0.7353192616999149
Update Train Finetune Iter: 80 | Validation best acc: 52.50
Iter: 85 | Val Acc: 54.5 | Val Loss: 0.7136758175492287
Update Train Finetune Iter: 85 | Validation best acc: 54.50
Iter: 90 | Val Acc: 56.0 | Val Loss: 0.6999322801828385
Update Train Finetune Iter: 90 | Validation best acc: 56.00
Iter: 95 | Val Acc: 56.5 | Val Loss: 0.6903190533816814
Iter: 100 | Val Acc: 63.0 | Val Loss: 0.6831774269044399
Update Train Finetune Iter: 100 | Validation best acc: 63.00
Iter: 105 | Val Acc: 63.5 | Val Loss: 0.677190517038107
Iter: 110 | Val Acc: 63.0 | Val Loss: 0.6722417353093624
Update Train Finetune Iter: 110 | Validation best acc: 63.00
Iter: 115 | Val Acc: 61.5 | Val Loss: 0.6676829819381237
Iter: 120 | Val Acc: 65.5 | Val Loss: 0.6640569652616978
Iter: 125 | Val Acc: 75.5 | Val Loss: 0.6620660954713822
Update Train Finetune Iter: 125 | Validation best acc: 75.50
Iter: 130 | Val Acc: 72.5 | Val Loss: 0.6580214259028435
Iter: 135 | Val Acc: 65.5 | Val Loss: 0.6538686504960061
Iter: 140 | Val Acc: 64.5 | Val Loss: 0.6501459945738316
Update Train Finetune Iter: 140 | Validation best acc: 64.50
Iter: 145 | Val Acc: 69.0 | Val Loss: 0.6459951110184192
Iter: 150 | Val Acc: 74.5 | Val Loss: 0.6420990301668644
Iter: 155 | Val Acc: 75.5 | Val Loss: 0.6367447888851165
Update Train Finetune Iter: 155 | Validation best acc: 75.50
Iter: 160 | Val Acc: 73.0 | Val Loss: 0.631331524848938
Iter: 165 | Val Acc: 73.5 | Val Loss: 0.6258779370784759
Update Train Finetune Iter: 165 | Validation best acc: 73.50
Iter: 170 | Val Acc: 76.0 | Val Loss: 0.6200776328146458
Iter: 175 | Val Acc: 75.5 | Val Loss: 0.6138492950797081
Update Train Finetune Iter: 175 | Validation best acc: 75.50
Iter: 180 | Val Acc: 80.0 | Val Loss: 0.6089929701387882
Iter: 185 | Val Acc: 79.5 | Val Loss: 0.6020125538110733
Update Train Finetune Iter: 185 | Validation best acc: 79.50
Iter: 190 | Val Acc: 76.5 | Val Loss: 0.5949456045031547
Iter: 195 | Val Acc: 75.5 | Val Loss: 0.5884160694479942
Update Train Finetune Iter: 195 | Validation best acc: 75.50
Iter: 200 | Val Acc: 76.5 | Val Loss: 0.5811474743485451
Iter: 205 | Val Acc: 78.0 | Val Loss: 0.5736789052188397
Update Train Finetune Iter: 205 | Validation best acc: 78.00
Iter: 210 | Val Acc: 78.0 | Val Loss: 0.5669454868137837
Iter: 215 | Val Acc: 78.0 | Val Loss: 0.5598175805807114
Update Train Finetune Iter: 215 | Validation best acc: 78.00
Iter: 220 | Val Acc: 78.5 | Val Loss: 0.552789443358779
Iter: 225 | Val Acc: 78.0 | Val Loss: 0.5459338805824518
Update Train Finetune Iter: 225 | Validation best acc: 78.00
Iter: 230 | Val Acc: 76.5 | Val Loss: 0.537814953327179
Iter: 235 | Val Acc: 78.0 | Val Loss: 0.5309824611991644
Update Train Finetune Iter: 235 | Validation best acc: 78.00
Iter: 240 | Val Acc: 77.5 | Val Loss: 0.5244711765646934
Iter: 245 | Val Acc: 77.5 | Val Loss: 0.5195535181462765
Update Train Finetune Iter: 245 | Validation best acc: 77.50
Iter: 250 | Val Acc: 77.5 | Val Loss: 0.5143713742494583
Iter: 255 | Val Acc: 77.0 | Val Loss: 0.507896048463881
Update Train Finetune Iter: 255 | Validation best acc: 77.00
Iter: 260 | Val Acc: 77.0 | Val Loss: 0.5031735298410058
Iter: 265 | Val Acc: 77.5 | Val Loss: 0.49820752155035736
Iter: 270 | Val Acc: 77.5 | Val Loss: 0.4943293112516403
Update Train Finetune Iter: 270 | Validation best acc: 77.50
Iter: 275 | Val Acc: 78.0 | Val Loss: 0.4898977266997099
Iter: 280 | Val Acc: 77.5 | Val Loss: 0.48651610923931005
Iter: 285 | Val Acc: 78.0 | Val Loss: 0.4842199833877385
Update Train Finetune Iter: 285 | Validation best acc: 78.00
Iter: 290 | Val Acc: 78.0 | Val Loss: 0.4819384182617068
Iter: 295 | Val Acc: 77.5 | Val Loss: 0.48012164728716017
Iter: 300 | Val Acc: 78.5 | Val Loss: 0.47524433763697743
Iter: 305 | Val Acc: 80.0 | Val Loss: 0.4732712470833212
Update Train Finetune Iter: 305 | Validation best acc: 80.00
Iter: 310 | Val Acc: 77.5 | Val Loss: 0.4706710674986243
Iter: 315 | Val Acc: 78.0 | Val Loss: 0.46944054477848113
Iter: 320 | Val Acc: 77.5 | Val Loss: 0.46857604689896104
Iter: 325 | Val Acc: 79.5 | Val Loss: 0.4651116408966482
Iter: 330 | Val Acc: 80.5 | Val Loss: 0.46371656564995645
Iter: 335 | Val Acc: 79.0 | Val Loss: 0.4622990034706891
Update Train Finetune Iter: 335 | Validation best acc: 79.00
Iter: 340 | Val Acc: 78.5 | Val Loss: 0.46186709311790763
Iter: 345 | Val Acc: 78.0 | Val Loss: 0.4616263678949326
Iter: 350 | Val Acc: 78.0 | Val Loss: 0.45947122680954633
Iter: 355 | Val Acc: 78.0 | Val Loss: 0.4578378548286855
Iter: 360 | Val Acc: 78.5 | Val Loss: 0.4575180431967601
Iter: 365 | Val Acc: 78.5 | Val Loss: 0.4581744586862624
Iter: 370 | Val Acc: 78.5 | Val Loss: 0.45622240255121144
Iter: 375 | Val Acc: 78.5 | Val Loss: 0.4564202579949051
Iter: 380 | Val Acc: 78.5 | Val Loss: 0.4558747744979337
Iter: 385 | Val Acc: 78.5 | Val Loss: 0.4544356284989044
Train mix Iter 0 | Validation best acc: 0.50
Train mix Iter 10 | Validation best acc: 0.50
Train mix Iter 20 | Validation best acc: 0.50
Train mix Iter 25 | Validation best acc: 0.50
Train mix Iter 30 | Validation best acc: 0.50
Train mix Iter 35 | Validation best acc: 0.50
Train mix Iter 40 | Validation best acc: 0.50
Train mix Iter 45 | Validation best acc: 0.50
Train mix Iter 50 | Validation best acc: 0.50
Train mix Iter 55 | Validation best acc: 0.50
Train mix Iter 60 | Validation best acc: 0.50
Train mix Iter 65 | Validation best acc: 0.00
Train mix Iter 70 | Validation best acc: 0.00
Train mix Iter 75 | Validation best acc: 0.00
Train mix Iter 80 | Validation best acc: 0.00
Train mix Iter 85 | Validation best acc: 0.00
Train mix Iter 90 | Validation best acc: 0.00
Train mix Iter 95 | Validation best acc: 0.00
Train mix Iter 100 | Validation best acc: 0.00
Train mix Iter 105 | Validation best acc: 0.00
Train mix Iter 110 | Validation best acc: 0.00
Train mix Iter 115 | Validation best acc: 0.00
Train mix Iter 120 | Validation best acc: 0.00
Train mix Iter 125 | Validation best acc: 0.00
Train mix Iter 130 | Validation best acc: 0.00
Train mix Iter 135 | Validation best acc: 0.00
Train mix Iter 140 | Validation best acc: 0.00
Train mix Iter 145 | Validation best acc: 0.00
Train mix Iter 150 | Validation best acc: 0.00
Train mix Iter 155 | Validation best acc: 0.00
Train mix Iter 160 | Validation best acc: 0.00
Train mix Iter 165 | Validation best acc: 0.00
Train mix Iter 170 | Validation best acc: 0.00
Train mix Iter 175 | Validation best acc: 0.00
Train mix Iter 180 | Validation best acc: 0.00
Train mix Iter 185 | Validation best acc: 0.00
Train mix Iter 190 | Validation best acc: 0.00
Train mix Iter 195 | Validation best acc: 0.00
Train mix Iter 200 | Validation best acc: 0.00
Train mix Iter 205 | Validation best acc: 0.00
Train mix Iter 210 | Validation best acc: 0.00
Train mix Iter 215 | Validation best acc: 0.00
Train mix Iter 220 | Validation best acc: 0.00
Train mix Iter 225 | Validation best acc: 0.00
Train mix Iter 230 | Validation best acc: 0.00
Train mix Iter 235 | Validation best acc: 0.00
Train mix Iter 240 | Validation best acc: 0.00
Train mix Iter 245 | Validation best acc: 0.00
Train mix Iter 250 | Validation best acc: 0.00
Train mix Iter 255 | Validation best acc: 0.00
Train mix Iter 260 | Validation best acc: 0.00
Train mix Iter 265 | Validation best acc: 0.00
Train mix Iter 270 | Validation best acc: 0.00
Train mix Iter 275 | Validation best acc: 0.00
Train mix Iter 280 | Validation best acc: 0.00
Train mix Iter 285 | Validation best acc: 0.00
Train mix Iter 290 | Validation best acc: 0.00
Train mix Iter 295 | Validation best acc: 0.00
Train mix Iter 300 | Validation best acc: 0.00
Train mix Iter 305 | Validation best acc: 0.00
Train mix Iter 310 | Validation best acc: 0.00
Train mix Iter 315 | Validation best acc: 0.00
Train mix Iter 320 | Validation best acc: 0.00
Train mix Iter 325 | Validation best acc: 0.00
Train mix Iter 330 | Validation best acc: 0.00
Train mix Iter 335 | Validation best acc: 0.00
Train mix Iter 340 | Validation best acc: 0.00
Train mix Iter 345 | Validation best acc: 0.00
Train mix Iter 350 | Validation best acc: 0.50
Train mix Iter 355 | Validation best acc: 0.50
Train mix Iter 360 | Validation best acc: 1.50
Train mix Iter 365 | Validation best acc: 2.00
Train mix Iter 370 | Validation best acc: 5.50
Train mix Iter 375 | Validation best acc: 11.00
Train mix Iter 380 | Validation best acc: 21.00
Train mix Iter 385 | Validation best acc: 26.00
Train mix Iter 390 | Validation best acc: 29.50
Train mix Iter 395 | Validation best acc: 33.50
Train mix Iter 400 | Validation best acc: 37.00
Train mix Iter 405 | Validation best acc: 39.00
Train mix Iter 410 | Validation best acc: 41.00
Train mix Iter 415 | Validation best acc: 44.00
Train mix Iter 420 | Validation best acc: 45.00
Train mix Iter 425 | Validation best acc: 46.00
Train mix Iter 430 | Validation best acc: 46.00
Train mix Iter 435 | Validation best acc: 47.00
Train mix Iter 440 | Validation best acc: 48.00
Train mix Iter 445 | Validation best acc: 48.00
Train mix Iter 450 | Validation best acc: 48.00
Train mix Iter 455 | Validation best acc: 49.50
Train mix Iter 460 | Validation best acc: 49.50
Train mix Iter 465 | Validation best acc: 50.00
Train mix Iter 470 | Validation best acc: 50.00
Train mix Iter 475 | Validation best acc: 50.00
Train mix Iter 480 | Validation best acc: 50.00
Train mix Iter 485 | Validation best acc: 50.00
Train mix Iter 490 | Validation best acc: 50.00
Train mix Iter 495 | Validation best acc: 50.00
 Updating  time consuming = 1393.1389589309692 secods
###############  Updating  End###############
Testing FedAvg...
Testing Locals for client 0...
Testing Finetune for client 0...
Testing mixture for client 0...
Testing Locals for client 1...
Testing Finetune for client 1...
Testing mixture for client 1...
Testing Locals for client 2...
Testing Finetune for client 2...
Testing mixture for client 2...
Testing Locals for client 4...
Testing Finetune for client 4...
Testing mixture for client 4...
Testing Locals for client 5...
Testing Finetune for client 5...
Testing mixture for client 5...
Testing Locals for client 6...
Testing Finetune for client 6...
Testing mixture for client 6...
Testing Locals for client 7...
Testing Finetune for client 7...
Testing mixture for client 7...
Testing Locals for client 8...
Testing Finetune for client 8...
Testing mixture for client 8...
Testing Locals for client 9...
Testing Finetune for client 9...
Testing mixture for client 9...
============================================================
Step5. Membership Inference Attack aganist GM...
{0: <torch.utils.data.dataloader.DataLoader object at 0x307c01ac0>, 1: <torch.utils.data.dataloader.DataLoader object at 0x307c01430>, 2: <torch.utils.data.dataloader.DataLoader object at 0x307c012b0>, 3: <torch.utils.data.dataloader.DataLoader object at 0x307c01160>, 4: <torch.utils.data.dataloader.DataLoader object at 0x307c01b20>, 5: <torch.utils.data.dataloader.DataLoader object at 0x307c01c70>, 6: <torch.utils.data.dataloader.DataLoader object at 0x307c01dc0>, 7: <torch.utils.data.dataloader.DataLoader object at 0x307c01f10>, 8: <torch.utils.data.dataloader.DataLoader object at 0x30c6e70a0>, 9: <torch.utils.data.dataloader.DataLoader object at 0x30c6e71f0>}
{0: <torch.utils.data.dataloader.DataLoader object at 0x30c6ea0a0>, 1: <torch.utils.data.dataloader.DataLoader object at 0x30c6ea1f0>, 2: <torch.utils.data.dataloader.DataLoader object at 0x30c6ea340>, 3: <torch.utils.data.dataloader.DataLoader object at 0x30c6ea490>, 4: <torch.utils.data.dataloader.DataLoader object at 0x30c6ea5e0>, 5: <torch.utils.data.dataloader.DataLoader object at 0x30c6ea730>, 6: <torch.utils.data.dataloader.DataLoader object at 0x30c6ea880>, 7: <torch.utils.data.dataloader.DataLoader object at 0x30c6ea9d0>, 8: <torch.utils.data.dataloader.DataLoader object at 0x30c6eab20>, 9: <torch.utils.data.dataloader.DataLoader object at 0x30c6eac70>}
Step5. Membership Inference Attack against GM...
10 <class 'dict'> {0: <torch.utils.data.dataloader.DataLoader object at 0x30c6ea0a0>, 1: <torch.utils.data.dataloader.DataLoader object at 0x30c6ea1f0>, 2: <torch.utils.data.dataloader.DataLoader object at 0x30c6ea340>, 3: <torch.utils.data.dataloader.DataLoader object at 0x30c6ea490>, 4: <torch.utils.data.dataloader.DataLoader object at 0x30c6ea5e0>, 5: <torch.utils.data.dataloader.DataLoader object at 0x30c6ea730>, 6: <torch.utils.data.dataloader.DataLoader object at 0x30c6ea880>, 7: <torch.utils.data.dataloader.DataLoader object at 0x30c6ea9d0>, 8: <torch.utils.data.dataloader.DataLoader object at 0x30c6eab20>, 9: <torch.utils.data.dataloader.DataLoader object at 0x30c6eac70>}
shadow loaders: {0: <torch.utils.data.dataloader.DataLoader object at 0x307c01ac0>, 1: <torch.utils.data.dataloader.DataLoader object at 0x307c01430>, 2: <torch.utils.data.dataloader.DataLoader object at 0x307c012b0>, 3: <torch.utils.data.dataloader.DataLoader object at 0x307c01160>, 4: <torch.utils.data.dataloader.DataLoader object at 0x307c01b20>, 5: <torch.utils.data.dataloader.DataLoader object at 0x307c01c70>, 6: <torch.utils.data.dataloader.DataLoader object at 0x307c01dc0>, 7: <torch.utils.data.dataloader.DataLoader object at 0x307c01f10>, 8: <torch.utils.data.dataloader.DataLoader object at 0x30c6e70a0>, 9: <torch.utils.data.dataloader.DataLoader object at 0x30c6e71f0>}
FL_params.forget_client_idx: [3]
Total shadow clients: 10
Processing client 3
pred_4_mem shape: (100, 10)
pred_4_nonmem shape: (2000, 10)
Attacking against FL Standard  
MIA Attacker accuracy = 0.9350
MIA Attacker precision = 0.9780
MIA Attacker recall = 0.8900
Attacking against FL Client Unlearn  
MIA Attacker accuracy = 0.9300
MIA Attacker precision = 0.9674
MIA Attacker recall = 0.8900
ACC_old: 0.978021978021978, PRE_old: 0.89
ACC_unlearn: 0.967391304347826, PRE_unlearn: 0.89
