Files already downloaded and verified
============================================================
Step1. Federated Learning Settings 
 We use dataset: cifar10 for our Federated Unlearning experiment.

============================================================
Step2. Client data loaded, testing data loaded!!!
       Initial Model loaded!!!
Files already downloaded and verified
Files already downloaded and verified
============================================================
Step3. Fedearated Learning and Unlearning Training...
len of selected client loader, 12
#####  Federated Learning Start#####
Global Federated Learning epoch = 0
Global Federated Learning epoch = 1
Global Federated Learning epoch = 2
Global Federated Learning epoch = 3
Global Federated Learning epoch = 4
Global Federated Learning epoch = 5
Global Federated Learning epoch = 6
Global Federated Learning epoch = 7
Global Federated Learning epoch = 8
Global Federated Learning epoch = 9
Global Federated Learning epoch = 10
Global Federated Learning epoch = 11
Global Federated Learning epoch = 12
Global Federated Learning epoch = 13
Global Federated Learning epoch = 14
Global Federated Learning epoch = 15
Global Federated Learning epoch = 16
Global Federated Learning epoch = 17
Global Federated Learning epoch = 18
Global Federated Learning epoch = 19
Global Federated Learning epoch = 20
Global Federated Learning epoch = 21
Global Federated Learning epoch = 22
Global Federated Learning epoch = 23
Global Federated Learning epoch = 24
Global Federated Learning epoch = 25
Global Federated Learning epoch = 26
Global Federated Learning epoch = 27
Global Federated Learning epoch = 28
Global Federated Learning epoch = 29
Global Federated Learning epoch = 30
Global Federated Learning epoch = 31
Global Federated Learning epoch = 32
Global Federated Learning epoch = 33
Global Federated Learning epoch = 34
Global Federated Learning epoch = 35
Global Federated Learning epoch = 36
Global Federated Learning epoch = 37
Global Federated Learning epoch = 38
Global Federated Learning epoch = 39
Global Federated Learning epoch = 40
Global Federated Learning epoch = 41
Global Federated Learning epoch = 42
Global Federated Learning epoch = 43
Global Federated Learning epoch = 44
Global Federated Learning epoch = 45
Global Federated Learning epoch = 46
Global Federated Learning epoch = 47
Global Federated Learning epoch = 48
Global Federated Learning epoch = 49
Global Federated Learning epoch = 50
Global Federated Learning epoch = 51
Global Federated Learning epoch = 52
Global Federated Learning epoch = 53
Global Federated Learning epoch = 54
Global Federated Learning epoch = 55
Global Federated Learning epoch = 56
Global Federated Learning epoch = 57
Global Federated Learning epoch = 58
Global Federated Learning epoch = 59
Global Federated Learning epoch = 60
Global Federated Learning epoch = 61
Global Federated Learning epoch = 62
Global Federated Learning epoch = 63
Global Federated Learning epoch = 64
Global Federated Learning epoch = 65
Global Federated Learning epoch = 66
Global Federated Learning epoch = 67
Global Federated Learning epoch = 68
Global Federated Learning epoch = 69
Global Federated Learning epoch = 70
Global Federated Learning epoch = 71
Global Federated Learning epoch = 72
Global Federated Learning epoch = 73
Global Federated Learning epoch = 74
Global Federated Learning epoch = 75
Global Federated Learning epoch = 76
Global Federated Learning epoch = 77
Global Federated Learning epoch = 78
Global Federated Learning epoch = 79
Global Federated Learning epoch = 80
Global Federated Learning epoch = 81
Global Federated Learning epoch = 82
Global Federated Learning epoch = 83
Global Federated Learning epoch = 84
Global Federated Learning epoch = 85
Global Federated Learning epoch = 86
Global Federated Learning epoch = 87
Global Federated Learning epoch = 88
Global Federated Learning epoch = 89
Global Federated Learning epoch = 90
Global Federated Learning epoch = 91
Global Federated Learning epoch = 92
Global Federated Learning epoch = 93
Global Federated Learning epoch = 94
Global Federated Learning epoch = 95
Global Federated Learning epoch = 96
Global Federated Learning epoch = 97
Global Federated Learning epoch = 98
Global Federated Learning epoch = 99
Global Federated Learning epoch = 100
Global Federated Learning epoch = 101
Global Federated Learning epoch = 102
Global Federated Learning epoch = 103
Global Federated Learning epoch = 104
Global Federated Learning epoch = 105
Global Federated Learning epoch = 106
Global Federated Learning epoch = 107
Global Federated Learning epoch = 108
Global Federated Learning epoch = 109
Global Federated Learning epoch = 110
Global Federated Learning epoch = 111
Global Federated Learning epoch = 112
Global Federated Learning epoch = 113
Global Federated Learning epoch = 114
Global Federated Learning epoch = 115
Global Federated Learning epoch = 116
Global Federated Learning epoch = 117
Global Federated Learning epoch = 118
Global Federated Learning epoch = 119
Global Federated Learning epoch = 120
Global Federated Learning epoch = 121
Global Federated Learning epoch = 122
Global Federated Learning epoch = 123
Global Federated Learning epoch = 124
Global Federated Learning epoch = 125
Global Federated Learning epoch = 126
Global Federated Learning epoch = 127
Global Federated Learning epoch = 128
Global Federated Learning epoch = 129
Global Federated Learning epoch = 130
Global Federated Learning epoch = 131
Global Federated Learning epoch = 132
Global Federated Learning epoch = 133
Global Federated Learning epoch = 134
Global Federated Learning epoch = 135
Global Federated Learning epoch = 136
Global Federated Learning epoch = 137
Global Federated Learning epoch = 138
Global Federated Learning epoch = 139
Global Federated Learning epoch = 140
Global Federated Learning epoch = 141
Global Federated Learning epoch = 142
Global Federated Learning epoch = 143
Global Federated Learning epoch = 144
Global Federated Learning epoch = 145
Global Federated Learning epoch = 146
Global Federated Learning epoch = 147
Global Federated Learning epoch = 148
Global Federated Learning epoch = 149
Global Federated Learning epoch = 150
Global Federated Learning epoch = 151
Global Federated Learning epoch = 152
Global Federated Learning epoch = 153
Global Federated Learning epoch = 154
Global Federated Learning epoch = 155
Global Federated Learning epoch = 156
Global Federated Learning epoch = 157
Global Federated Learning epoch = 158
Global Federated Learning epoch = 159
Global Federated Learning epoch = 160
Global Federated Learning epoch = 161
Global Federated Learning epoch = 162
Global Federated Learning epoch = 163
Global Federated Learning epoch = 164
Global Federated Learning epoch = 165
Global Federated Learning epoch = 166
Global Federated Learning epoch = 167
Global Federated Learning epoch = 168
Global Federated Learning epoch = 169
Global Federated Learning epoch = 170
Global Federated Learning epoch = 171
Global Federated Learning epoch = 172
Global Federated Learning epoch = 173
Global Federated Learning epoch = 174
Global Federated Learning epoch = 175
Global Federated Learning epoch = 176
Global Federated Learning epoch = 177
Global Federated Learning epoch = 178
Global Federated Learning epoch = 179
Global Federated Learning epoch = 180
Global Federated Learning epoch = 181
Global Federated Learning epoch = 182
Global Federated Learning epoch = 183
Global Federated Learning epoch = 184
Global Federated Learning epoch = 185
Global Federated Learning epoch = 186
Global Federated Learning epoch = 187
Global Federated Learning epoch = 188
Global Federated Learning epoch = 189
Global Federated Learning epoch = 190
Global Federated Learning epoch = 191
Global Federated Learning epoch = 192
Global Federated Learning epoch = 193
Global Federated Learning epoch = 194
Global Federated Learning epoch = 195
Global Federated Learning epoch = 196
Global Federated Learning epoch = 197
Global Federated Learning epoch = 198
Global Federated Learning epoch = 199
Global Federated Learning epoch = 200
Global Federated Learning epoch = 201
Global Federated Learning epoch = 202
Global Federated Learning epoch = 203
Global Federated Learning epoch = 204
Global Federated Learning epoch = 205
Global Federated Learning epoch = 206
Global Federated Learning epoch = 207
Global Federated Learning epoch = 208
Global Federated Learning epoch = 209
Global Federated Learning epoch = 210
Global Federated Learning epoch = 211
Global Federated Learning epoch = 212
Global Federated Learning epoch = 213
Global Federated Learning epoch = 214
Global Federated Learning epoch = 215
Global Federated Learning epoch = 216
Global Federated Learning epoch = 217
Global Federated Learning epoch = 218
Global Federated Learning epoch = 219
Global Federated Learning epoch = 220
Global Federated Learning epoch = 221
Global Federated Learning epoch = 222
Global Federated Learning epoch = 223
Global Federated Learning epoch = 224
Global Federated Learning epoch = 225
Global Federated Learning epoch = 226
Global Federated Learning epoch = 227
Global Federated Learning epoch = 228
Global Federated Learning epoch = 229
Global Federated Learning epoch = 230
Global Federated Learning epoch = 231
Global Federated Learning epoch = 232
Global Federated Learning epoch = 233
Global Federated Learning epoch = 234
Global Federated Learning epoch = 235
Global Federated Learning epoch = 236
Global Federated Learning epoch = 237
Global Federated Learning epoch = 238
Global Federated Learning epoch = 239
Global Federated Learning epoch = 240
Global Federated Learning epoch = 241
Global Federated Learning epoch = 242
Global Federated Learning epoch = 243
Global Federated Learning epoch = 244
Global Federated Learning epoch = 245
Global Federated Learning epoch = 246
Global Federated Learning epoch = 247
Global Federated Learning epoch = 248
Global Federated Learning epoch = 249
Global Federated Learning epoch = 250
Global Federated Learning epoch = 251
Global Federated Learning epoch = 252
Global Federated Learning epoch = 253
Global Federated Learning epoch = 254
Global Federated Learning epoch = 255
Global Federated Learning epoch = 256
Global Federated Learning epoch = 257
Global Federated Learning epoch = 258
Global Federated Learning epoch = 259
Global Federated Learning epoch = 260
Global Federated Learning epoch = 261
Global Federated Learning epoch = 262
Global Federated Learning epoch = 263
Global Federated Learning epoch = 264
Global Federated Learning epoch = 265
Global Federated Learning epoch = 266
Global Federated Learning epoch = 267
Global Federated Learning epoch = 268
Global Federated Learning epoch = 269
Global Federated Learning epoch = 270
Global Federated Learning epoch = 271
Global Federated Learning epoch = 272
Global Federated Learning epoch = 273
Global Federated Learning epoch = 274
Global Federated Learning epoch = 275
Global Federated Learning epoch = 276
Global Federated Learning epoch = 277
Global Federated Learning epoch = 278
Global Federated Learning epoch = 279
Global Federated Learning epoch = 280
Global Federated Learning epoch = 281
Global Federated Learning epoch = 282
Global Federated Learning epoch = 283
Global Federated Learning epoch = 284
Global Federated Learning epoch = 285
Global Federated Learning epoch = 286
Global Federated Learning epoch = 287
Global Federated Learning epoch = 288
Global Federated Learning epoch = 289
Global Federated Learning epoch = 290
Global Federated Learning epoch = 291
Global Federated Learning epoch = 292
Global Federated Learning epoch = 293
Global Federated Learning epoch = 294
Global Federated Learning epoch = 295
Global Federated Learning epoch = 296
Global Federated Learning epoch = 297
Global Federated Learning epoch = 298
Global Federated Learning epoch = 299
Global Federated Learning epoch = 300
Global Federated Learning epoch = 301
Global Federated Learning epoch = 302
Global Federated Learning epoch = 303
Global Federated Learning epoch = 304
Global Federated Learning epoch = 305
Global Federated Learning epoch = 306
Global Federated Learning epoch = 307
Global Federated Learning epoch = 308
Global Federated Learning epoch = 309
Global Federated Learning epoch = 310
Global Federated Learning epoch = 311
Global Federated Learning epoch = 312
Global Federated Learning epoch = 313
Global Federated Learning epoch = 314
Global Federated Learning epoch = 315
Global Federated Learning epoch = 316
Global Federated Learning epoch = 317
Global Federated Learning epoch = 318
Global Federated Learning epoch = 319
Global Federated Learning epoch = 320
Global Federated Learning epoch = 321
Global Federated Learning epoch = 322
Global Federated Learning epoch = 323
Global Federated Learning epoch = 324
Global Federated Learning epoch = 325
Global Federated Learning epoch = 326
Global Federated Learning epoch = 327
Global Federated Learning epoch = 328
Global Federated Learning epoch = 329
Global Federated Learning epoch = 330
Global Federated Learning epoch = 331
Global Federated Learning epoch = 332
Global Federated Learning epoch = 333
Global Federated Learning epoch = 334
Global Federated Learning epoch = 335
Global Federated Learning epoch = 336
Global Federated Learning epoch = 337
Global Federated Learning epoch = 338
Global Federated Learning epoch = 339
Global Federated Learning epoch = 340
Global Federated Learning epoch = 341
Global Federated Learning epoch = 342
Global Federated Learning epoch = 343
Global Federated Learning epoch = 344
Global Federated Learning epoch = 345
Global Federated Learning epoch = 346
Global Federated Learning epoch = 347
Global Federated Learning epoch = 348
Global Federated Learning epoch = 349
Global Federated Learning epoch = 350
Global Federated Learning epoch = 351
Global Federated Learning epoch = 352
Global Federated Learning epoch = 353
Global Federated Learning epoch = 354
Global Federated Learning epoch = 355
Global Federated Learning epoch = 356
Global Federated Learning epoch = 357
Global Federated Learning epoch = 358
Global Federated Learning epoch = 359
Global Federated Learning epoch = 360
Global Federated Learning epoch = 361
Global Federated Learning epoch = 362
Global Federated Learning epoch = 363
Global Federated Learning epoch = 364
Global Federated Learning epoch = 365
Global Federated Learning epoch = 366
Global Federated Learning epoch = 367
Global Federated Learning epoch = 368
Global Federated Learning epoch = 369
Global Federated Learning epoch = 370
Global Federated Learning epoch = 371
Global Federated Learning epoch = 372
Global Federated Learning epoch = 373
Global Federated Learning epoch = 374
Global Federated Learning epoch = 375
Global Federated Learning epoch = 376
Global Federated Learning epoch = 377
Global Federated Learning epoch = 378
Global Federated Learning epoch = 379
Global Federated Learning epoch = 380
Global Federated Learning epoch = 381
Global Federated Learning epoch = 382
Global Federated Learning epoch = 383
Global Federated Learning epoch = 384
Global Federated Learning epoch = 385
Global Federated Learning epoch = 386
Global Federated Learning epoch = 387
Global Federated Learning epoch = 388
Global Federated Learning epoch = 389
Global Federated Learning epoch = 390
Global Federated Learning epoch = 391
Global Federated Learning epoch = 392
Global Federated Learning epoch = 393
Global Federated Learning epoch = 394
Global Federated Learning epoch = 395
Global Federated Learning epoch = 396
Global Federated Learning epoch = 397
Global Federated Learning epoch = 398
Global Federated Learning epoch = 399
Global Federated Learning epoch = 400
Global Federated Learning epoch = 401
Global Federated Learning epoch = 402
Global Federated Learning epoch = 403
Global Federated Learning epoch = 404
Global Federated Learning epoch = 405
Global Federated Learning epoch = 406
Global Federated Learning epoch = 407
Global Federated Learning epoch = 408
Global Federated Learning epoch = 409
Global Federated Learning epoch = 410
Global Federated Learning epoch = 411
Global Federated Learning epoch = 412
Global Federated Learning epoch = 413
Global Federated Learning epoch = 414
Global Federated Learning epoch = 415
Global Federated Learning epoch = 416
Global Federated Learning epoch = 417
Global Federated Learning epoch = 418
Global Federated Learning epoch = 419
Global Federated Learning epoch = 420
Global Federated Learning epoch = 421
Global Federated Learning epoch = 422
Global Federated Learning epoch = 423
Global Federated Learning epoch = 424
Global Federated Learning epoch = 425
Global Federated Learning epoch = 426
Global Federated Learning epoch = 427
Global Federated Learning epoch = 428
Global Federated Learning epoch = 429
Global Federated Learning epoch = 430
Global Federated Learning epoch = 431
Global Federated Learning epoch = 432
Global Federated Learning epoch = 433
Global Federated Learning epoch = 434
Global Federated Learning epoch = 435
Global Federated Learning epoch = 436
Global Federated Learning epoch = 437
Global Federated Learning epoch = 438
Global Federated Learning epoch = 439
Global Federated Learning epoch = 440
Global Federated Learning epoch = 441
Global Federated Learning epoch = 442
Global Federated Learning epoch = 443
Global Federated Learning epoch = 444
Global Federated Learning epoch = 445
Global Federated Learning epoch = 446
Global Federated Learning epoch = 447
Global Federated Learning epoch = 448
Global Federated Learning epoch = 449
Global Federated Learning epoch = 450
Global Federated Learning epoch = 451
Global Federated Learning epoch = 452
Global Federated Learning epoch = 453
Global Federated Learning epoch = 454
Global Federated Learning epoch = 455
Global Federated Learning epoch = 456
Global Federated Learning epoch = 457
Global Federated Learning epoch = 458
Global Federated Learning epoch = 459
Global Federated Learning epoch = 460
Global Federated Learning epoch = 461
Global Federated Learning epoch = 462
Global Federated Learning epoch = 463
Global Federated Learning epoch = 464
Global Federated Learning epoch = 465
Global Federated Learning epoch = 466
Global Federated Learning epoch = 467
Global Federated Learning epoch = 468
Global Federated Learning epoch = 469
Global Federated Learning epoch = 470
Global Federated Learning epoch = 471
Global Federated Learning epoch = 472
Global Federated Learning epoch = 473
Global Federated Learning epoch = 474
Global Federated Learning epoch = 475
Global Federated Learning epoch = 476
Global Federated Learning epoch = 477
Global Federated Learning epoch = 478
Global Federated Learning epoch = 479
Global Federated Learning epoch = 480
Global Federated Learning epoch = 481
Global Federated Learning epoch = 482
Global Federated Learning epoch = 483
Global Federated Learning epoch = 484
Global Federated Learning epoch = 485
Global Federated Learning epoch = 486
Global Federated Learning epoch = 487
Global Federated Learning epoch = 488
Global Federated Learning epoch = 489
Global Federated Learning epoch = 490
Global Federated Learning epoch = 491
Global Federated Learning epoch = 492
Global Federated Learning epoch = 493
Global Federated Learning epoch = 494
Global Federated Learning epoch = 495
Global Federated Learning epoch = 496
Global Federated Learning epoch = 497
Global Federated Learning epoch = 498
Global Federated Learning epoch = 499
Global Federated Learning epoch = 500
Global Federated Learning epoch = 501
Global Federated Learning epoch = 502
Global Federated Learning epoch = 503
Global Federated Learning epoch = 504
Global Federated Learning epoch = 505
Global Federated Learning epoch = 506
Global Federated Learning epoch = 507
Global Federated Learning epoch = 508
Global Federated Learning epoch = 509
Global Federated Learning epoch = 510
Global Federated Learning epoch = 511
Global Federated Learning epoch = 512
Global Federated Learning epoch = 513
Global Federated Learning epoch = 514
Global Federated Learning epoch = 515
Global Federated Learning epoch = 516
Global Federated Learning epoch = 517
Global Federated Learning epoch = 518
Global Federated Learning epoch = 519
Global Federated Learning epoch = 520
Global Federated Learning epoch = 521
Global Federated Learning epoch = 522
Global Federated Learning epoch = 523
Global Federated Learning epoch = 524
Global Federated Learning epoch = 525
Global Federated Learning epoch = 526
Global Federated Learning epoch = 527
Global Federated Learning epoch = 528
Global Federated Learning epoch = 529
Global Federated Learning epoch = 530
Global Federated Learning epoch = 531
Global Federated Learning epoch = 532
Global Federated Learning epoch = 533
Global Federated Learning epoch = 534
Global Federated Learning epoch = 535
Global Federated Learning epoch = 536
Global Federated Learning epoch = 537
Global Federated Learning epoch = 538
Global Federated Learning epoch = 539
Global Federated Learning epoch = 540
Global Federated Learning epoch = 541
Global Federated Learning epoch = 542
Global Federated Learning epoch = 543
Global Federated Learning epoch = 544
Global Federated Learning epoch = 545
Global Federated Learning epoch = 546
Global Federated Learning epoch = 547
Global Federated Learning epoch = 548
Global Federated Learning epoch = 549
Global Federated Learning epoch = 550
Global Federated Learning epoch = 551
Global Federated Learning epoch = 552
Global Federated Learning epoch = 553
Global Federated Learning epoch = 554
Global Federated Learning epoch = 555
Global Federated Learning epoch = 556
Global Federated Learning epoch = 557
Global Federated Learning epoch = 558
Global Federated Learning epoch = 559
Global Federated Learning epoch = 560
Global Federated Learning epoch = 561
Global Federated Learning epoch = 562
Global Federated Learning epoch = 563
Global Federated Learning epoch = 564
Global Federated Learning epoch = 565
Global Federated Learning epoch = 566
Global Federated Learning epoch = 567
Global Federated Learning epoch = 568
Global Federated Learning epoch = 569
Global Federated Learning epoch = 570
Global Federated Learning epoch = 571
Global Federated Learning epoch = 572
Global Federated Learning epoch = 573
Global Federated Learning epoch = 574
Global Federated Learning epoch = 575
Global Federated Learning epoch = 576
Global Federated Learning epoch = 577
Global Federated Learning epoch = 578
Global Federated Learning epoch = 579
Global Federated Learning epoch = 580
Global Federated Learning epoch = 581
Global Federated Learning epoch = 582
Global Federated Learning epoch = 583
Global Federated Learning epoch = 584
Global Federated Learning epoch = 585
Global Federated Learning epoch = 586
Global Federated Learning epoch = 587
Global Federated Learning epoch = 588
Global Federated Learning epoch = 589
Global Federated Learning epoch = 590
Global Federated Learning epoch = 591
Global Federated Learning epoch = 592
Global Federated Learning epoch = 593
Global Federated Learning epoch = 594
Global Federated Learning epoch = 595
Global Federated Learning epoch = 596
Global Federated Learning epoch = 597
Global Federated Learning epoch = 598
Global Federated Learning epoch = 599
#####  Federated Learning End#####


#####  Federated Unlearning Start  #####
#### Client-level Unlearning ####
Federated Unlearning Global Epoch  = 1
Federated Unlearning Global Epoch  = 2
Federated Unlearning Global Epoch  = 3
Federated Unlearning Global Epoch  = 4
Federated Unlearning Global Epoch  = 5
Federated Unlearning Global Epoch  = 6
Federated Unlearning Global Epoch  = 7
Federated Unlearning Global Epoch  = 8
Federated Unlearning Global Epoch  = 9
Federated Unlearning Global Epoch  = 10
Federated Unlearning Global Epoch  = 11
Federated Unlearning Global Epoch  = 12
Federated Unlearning Global Epoch  = 13
Federated Unlearning Global Epoch  = 14
Federated Unlearning Global Epoch  = 15
Federated Unlearning Global Epoch  = 16
Federated Unlearning Global Epoch  = 17
Federated Unlearning Global Epoch  = 18
Federated Unlearning Global Epoch  = 19
Federated Unlearning Global Epoch  = 20
Federated Unlearning Global Epoch  = 21
Federated Unlearning Global Epoch  = 22
Federated Unlearning Global Epoch  = 23
Federated Unlearning Global Epoch  = 24
Federated Unlearning Global Epoch  = 25
Federated Unlearning Global Epoch  = 26
Federated Unlearning Global Epoch  = 27
Federated Unlearning Global Epoch  = 28
Federated Unlearning Global Epoch  = 29
Federated Unlearning Global Epoch  = 30
Federated Unlearning Global Epoch  = 31
Federated Unlearning Global Epoch  = 32
Federated Unlearning Global Epoch  = 33
Federated Unlearning Global Epoch  = 34
Federated Unlearning Global Epoch  = 35
Federated Unlearning Global Epoch  = 36
Federated Unlearning Global Epoch  = 37
Federated Unlearning Global Epoch  = 38
Federated Unlearning Global Epoch  = 39
Federated Unlearning Global Epoch  = 40
Federated Unlearning Global Epoch  = 41
Federated Unlearning Global Epoch  = 42
Federated Unlearning Global Epoch  = 43
Federated Unlearning Global Epoch  = 44
Federated Unlearning Global Epoch  = 45
Federated Unlearning Global Epoch  = 46
Federated Unlearning Global Epoch  = 47
Federated Unlearning Global Epoch  = 48
Federated Unlearning Global Epoch  = 49
Federated Unlearning Global Epoch  = 50
Federated Unlearning Global Epoch  = 51
Federated Unlearning Global Epoch  = 52
Federated Unlearning Global Epoch  = 53
Federated Unlearning Global Epoch  = 54
Federated Unlearning Global Epoch  = 55
Federated Unlearning Global Epoch  = 56
Federated Unlearning Global Epoch  = 57
Federated Unlearning Global Epoch  = 58
Federated Unlearning Global Epoch  = 59
Federated Unlearning Global Epoch  = 60
Federated Unlearning Global Epoch  = 61
Federated Unlearning Global Epoch  = 62
Federated Unlearning Global Epoch  = 63
Federated Unlearning Global Epoch  = 64
Federated Unlearning Global Epoch  = 65
Federated Unlearning Global Epoch  = 66
Federated Unlearning Global Epoch  = 67
Federated Unlearning Global Epoch  = 68
Federated Unlearning Global Epoch  = 69
Federated Unlearning Global Epoch  = 70
Federated Unlearning Global Epoch  = 71
Federated Unlearning Global Epoch  = 72
Federated Unlearning Global Epoch  = 73
Federated Unlearning Global Epoch  = 74
Federated Unlearning Global Epoch  = 75
Federated Unlearning Global Epoch  = 76
Federated Unlearning Global Epoch  = 77
Federated Unlearning Global Epoch  = 78
Federated Unlearning Global Epoch  = 79
Federated Unlearning Global Epoch  = 80
Federated Unlearning Global Epoch  = 81
Federated Unlearning Global Epoch  = 82
Federated Unlearning Global Epoch  = 83
Federated Unlearning Global Epoch  = 84
Federated Unlearning Global Epoch  = 85
Federated Unlearning Global Epoch  = 86
Federated Unlearning Global Epoch  = 87
Federated Unlearning Global Epoch  = 88
Federated Unlearning Global Epoch  = 89
Federated Unlearning Global Epoch  = 90
Federated Unlearning Global Epoch  = 91
Federated Unlearning Global Epoch  = 92
Federated Unlearning Global Epoch  = 93
Federated Unlearning Global Epoch  = 94
Federated Unlearning Global Epoch  = 95
Federated Unlearning Global Epoch  = 96
Federated Unlearning Global Epoch  = 97
Federated Unlearning Global Epoch  = 98
Federated Unlearning Global Epoch  = 99
Federated Unlearning Global Epoch  = 100
Federated Unlearning Global Epoch  = 101
Federated Unlearning Global Epoch  = 102
Federated Unlearning Global Epoch  = 103
Federated Unlearning Global Epoch  = 104
Federated Unlearning Global Epoch  = 105
Federated Unlearning Global Epoch  = 106
Federated Unlearning Global Epoch  = 107
Federated Unlearning Global Epoch  = 108
Federated Unlearning Global Epoch  = 109
Federated Unlearning Global Epoch  = 110
Federated Unlearning Global Epoch  = 111
Federated Unlearning Global Epoch  = 112
Federated Unlearning Global Epoch  = 113
Federated Unlearning Global Epoch  = 114
Federated Unlearning Global Epoch  = 115
Federated Unlearning Global Epoch  = 116
Federated Unlearning Global Epoch  = 117
Federated Unlearning Global Epoch  = 118
Federated Unlearning Global Epoch  = 119
Federated Unlearning Global Epoch  = 120
Federated Unlearning Global Epoch  = 121
Federated Unlearning Global Epoch  = 122
Federated Unlearning Global Epoch  = 123
Federated Unlearning Global Epoch  = 124
Federated Unlearning Global Epoch  = 125
Federated Unlearning Global Epoch  = 126
Federated Unlearning Global Epoch  = 127
Federated Unlearning Global Epoch  = 128
Federated Unlearning Global Epoch  = 129
Federated Unlearning Global Epoch  = 130
Federated Unlearning Global Epoch  = 131
Federated Unlearning Global Epoch  = 132
Federated Unlearning Global Epoch  = 133
Federated Unlearning Global Epoch  = 134
Federated Unlearning Global Epoch  = 135
Federated Unlearning Global Epoch  = 136
Federated Unlearning Global Epoch  = 137
Federated Unlearning Global Epoch  = 138
Federated Unlearning Global Epoch  = 139
Federated Unlearning Global Epoch  = 140
Federated Unlearning Global Epoch  = 141
Federated Unlearning Global Epoch  = 142
Federated Unlearning Global Epoch  = 143
Federated Unlearning Global Epoch  = 144
Federated Unlearning Global Epoch  = 145
Federated Unlearning Global Epoch  = 146
Federated Unlearning Global Epoch  = 147
Federated Unlearning Global Epoch  = 148
Federated Unlearning Global Epoch  = 149
Federated Unlearning Global Epoch  = 150
Federated Unlearning Global Epoch  = 151
Federated Unlearning Global Epoch  = 152
Federated Unlearning Global Epoch  = 153
Federated Unlearning Global Epoch  = 154
Federated Unlearning Global Epoch  = 155
Federated Unlearning Global Epoch  = 156
Federated Unlearning Global Epoch  = 157
Federated Unlearning Global Epoch  = 158
Federated Unlearning Global Epoch  = 159
Federated Unlearning Global Epoch  = 160
Federated Unlearning Global Epoch  = 161
Federated Unlearning Global Epoch  = 162
Federated Unlearning Global Epoch  = 163
Federated Unlearning Global Epoch  = 164
Federated Unlearning Global Epoch  = 165
Federated Unlearning Global Epoch  = 166
Federated Unlearning Global Epoch  = 167
Federated Unlearning Global Epoch  = 168
Federated Unlearning Global Epoch  = 169
Federated Unlearning Global Epoch  = 170
Federated Unlearning Global Epoch  = 171
Federated Unlearning Global Epoch  = 172
Federated Unlearning Global Epoch  = 173
Federated Unlearning Global Epoch  = 174
Federated Unlearning Global Epoch  = 175
Federated Unlearning Global Epoch  = 176
Federated Unlearning Global Epoch  = 177
Federated Unlearning Global Epoch  = 178
Federated Unlearning Global Epoch  = 179
Federated Unlearning Global Epoch  = 180
Federated Unlearning Global Epoch  = 181
Federated Unlearning Global Epoch  = 182
Federated Unlearning Global Epoch  = 183
Federated Unlearning Global Epoch  = 184
Federated Unlearning Global Epoch  = 185
Federated Unlearning Global Epoch  = 186
Federated Unlearning Global Epoch  = 187
Federated Unlearning Global Epoch  = 188
Federated Unlearning Global Epoch  = 189
Federated Unlearning Global Epoch  = 190
Federated Unlearning Global Epoch  = 191
Federated Unlearning Global Epoch  = 192
Federated Unlearning Global Epoch  = 193
Federated Unlearning Global Epoch  = 194
Federated Unlearning Global Epoch  = 195
Federated Unlearning Global Epoch  = 196
Federated Unlearning Global Epoch  = 197
Federated Unlearning Global Epoch  = 198
Federated Unlearning Global Epoch  = 199
Federated Unlearning Global Epoch  = 200
Federated Unlearning Global Epoch  = 201
Federated Unlearning Global Epoch  = 202
Federated Unlearning Global Epoch  = 203
Federated Unlearning Global Epoch  = 204
Federated Unlearning Global Epoch  = 205
Federated Unlearning Global Epoch  = 206
Federated Unlearning Global Epoch  = 207
Federated Unlearning Global Epoch  = 208
Federated Unlearning Global Epoch  = 209
Federated Unlearning Global Epoch  = 210
Federated Unlearning Global Epoch  = 211
Federated Unlearning Global Epoch  = 212
Federated Unlearning Global Epoch  = 213
Federated Unlearning Global Epoch  = 214
Federated Unlearning Global Epoch  = 215
Federated Unlearning Global Epoch  = 216
Federated Unlearning Global Epoch  = 217
Federated Unlearning Global Epoch  = 218
Federated Unlearning Global Epoch  = 219
Federated Unlearning Global Epoch  = 220
Federated Unlearning Global Epoch  = 221
Federated Unlearning Global Epoch  = 222
Federated Unlearning Global Epoch  = 223
Federated Unlearning Global Epoch  = 224
Federated Unlearning Global Epoch  = 225
Federated Unlearning Global Epoch  = 226
Federated Unlearning Global Epoch  = 227
Federated Unlearning Global Epoch  = 228
Federated Unlearning Global Epoch  = 229
Federated Unlearning Global Epoch  = 230
Federated Unlearning Global Epoch  = 231
Federated Unlearning Global Epoch  = 232
Federated Unlearning Global Epoch  = 233
Federated Unlearning Global Epoch  = 234
Federated Unlearning Global Epoch  = 235
Federated Unlearning Global Epoch  = 236
Federated Unlearning Global Epoch  = 237
Federated Unlearning Global Epoch  = 238
Federated Unlearning Global Epoch  = 239
Federated Unlearning Global Epoch  = 240
Federated Unlearning Global Epoch  = 241
Federated Unlearning Global Epoch  = 242
Federated Unlearning Global Epoch  = 243
Federated Unlearning Global Epoch  = 244
Federated Unlearning Global Epoch  = 245
Federated Unlearning Global Epoch  = 246
Federated Unlearning Global Epoch  = 247
Federated Unlearning Global Epoch  = 248
Federated Unlearning Global Epoch  = 249
Federated Unlearning Global Epoch  = 250
Federated Unlearning Global Epoch  = 251
Federated Unlearning Global Epoch  = 252
Federated Unlearning Global Epoch  = 253
Federated Unlearning Global Epoch  = 254
Federated Unlearning Global Epoch  = 255
Federated Unlearning Global Epoch  = 256
Federated Unlearning Global Epoch  = 257
Federated Unlearning Global Epoch  = 258
Federated Unlearning Global Epoch  = 259
Federated Unlearning Global Epoch  = 260
Federated Unlearning Global Epoch  = 261
Federated Unlearning Global Epoch  = 262
Federated Unlearning Global Epoch  = 263
Federated Unlearning Global Epoch  = 264
Federated Unlearning Global Epoch  = 265
Federated Unlearning Global Epoch  = 266
Federated Unlearning Global Epoch  = 267
Federated Unlearning Global Epoch  = 268
Federated Unlearning Global Epoch  = 269
Federated Unlearning Global Epoch  = 270
Federated Unlearning Global Epoch  = 271
Federated Unlearning Global Epoch  = 272
Federated Unlearning Global Epoch  = 273
Federated Unlearning Global Epoch  = 274
Federated Unlearning Global Epoch  = 275
Federated Unlearning Global Epoch  = 276
Federated Unlearning Global Epoch  = 277
Federated Unlearning Global Epoch  = 278
Federated Unlearning Global Epoch  = 279
Federated Unlearning Global Epoch  = 280
Federated Unlearning Global Epoch  = 281
Federated Unlearning Global Epoch  = 282
Federated Unlearning Global Epoch  = 283
Federated Unlearning Global Epoch  = 284
Federated Unlearning Global Epoch  = 285
Federated Unlearning Global Epoch  = 286
Federated Unlearning Global Epoch  = 287
Federated Unlearning Global Epoch  = 288
Federated Unlearning Global Epoch  = 289
Federated Unlearning Global Epoch  = 290
Federated Unlearning Global Epoch  = 291
Federated Unlearning Global Epoch  = 292
Federated Unlearning Global Epoch  = 293
Federated Unlearning Global Epoch  = 294
Federated Unlearning Global Epoch  = 295
Federated Unlearning Global Epoch  = 296
Federated Unlearning Global Epoch  = 297
Federated Unlearning Global Epoch  = 298
Federated Unlearning Global Epoch  = 299
Federated Unlearning Global Epoch  = 300
Federated Unlearning Global Epoch  = 301
Federated Unlearning Global Epoch  = 302
Federated Unlearning Global Epoch  = 303
Federated Unlearning Global Epoch  = 304
Federated Unlearning Global Epoch  = 305
Federated Unlearning Global Epoch  = 306
Federated Unlearning Global Epoch  = 307
Federated Unlearning Global Epoch  = 308
Federated Unlearning Global Epoch  = 309
Federated Unlearning Global Epoch  = 310
Federated Unlearning Global Epoch  = 311
Federated Unlearning Global Epoch  = 312
Federated Unlearning Global Epoch  = 313
Federated Unlearning Global Epoch  = 314
Federated Unlearning Global Epoch  = 315
Federated Unlearning Global Epoch  = 316
Federated Unlearning Global Epoch  = 317
Federated Unlearning Global Epoch  = 318
Federated Unlearning Global Epoch  = 319
Federated Unlearning Global Epoch  = 320
Federated Unlearning Global Epoch  = 321
Federated Unlearning Global Epoch  = 322
Federated Unlearning Global Epoch  = 323
Federated Unlearning Global Epoch  = 324
Federated Unlearning Global Epoch  = 325
Federated Unlearning Global Epoch  = 326
Federated Unlearning Global Epoch  = 327
Federated Unlearning Global Epoch  = 328
Federated Unlearning Global Epoch  = 329
Federated Unlearning Global Epoch  = 330
Federated Unlearning Global Epoch  = 331
Federated Unlearning Global Epoch  = 332
Federated Unlearning Global Epoch  = 333
Federated Unlearning Global Epoch  = 334
Federated Unlearning Global Epoch  = 335
Federated Unlearning Global Epoch  = 336
Federated Unlearning Global Epoch  = 337
Federated Unlearning Global Epoch  = 338
Federated Unlearning Global Epoch  = 339
Federated Unlearning Global Epoch  = 340
Federated Unlearning Global Epoch  = 341
Federated Unlearning Global Epoch  = 342
Federated Unlearning Global Epoch  = 343
Federated Unlearning Global Epoch  = 344
Federated Unlearning Global Epoch  = 345
Federated Unlearning Global Epoch  = 346
Federated Unlearning Global Epoch  = 347
Federated Unlearning Global Epoch  = 348
Federated Unlearning Global Epoch  = 349
Federated Unlearning Global Epoch  = 350
Federated Unlearning Global Epoch  = 351
Federated Unlearning Global Epoch  = 352
Federated Unlearning Global Epoch  = 353
Federated Unlearning Global Epoch  = 354
Federated Unlearning Global Epoch  = 355
Federated Unlearning Global Epoch  = 356
Federated Unlearning Global Epoch  = 357
Federated Unlearning Global Epoch  = 358
Federated Unlearning Global Epoch  = 359
Federated Unlearning Global Epoch  = 360
Federated Unlearning Global Epoch  = 361
Federated Unlearning Global Epoch  = 362
Federated Unlearning Global Epoch  = 363
Federated Unlearning Global Epoch  = 364
Federated Unlearning Global Epoch  = 365
Federated Unlearning Global Epoch  = 366
Federated Unlearning Global Epoch  = 367
Federated Unlearning Global Epoch  = 368
Federated Unlearning Global Epoch  = 369
Federated Unlearning Global Epoch  = 370
Federated Unlearning Global Epoch  = 371
Federated Unlearning Global Epoch  = 372
Federated Unlearning Global Epoch  = 373
Federated Unlearning Global Epoch  = 374
Federated Unlearning Global Epoch  = 375
Federated Unlearning Global Epoch  = 376
Federated Unlearning Global Epoch  = 377
Federated Unlearning Global Epoch  = 378
Federated Unlearning Global Epoch  = 379
Federated Unlearning Global Epoch  = 380
Federated Unlearning Global Epoch  = 381
Federated Unlearning Global Epoch  = 382
Federated Unlearning Global Epoch  = 383
Federated Unlearning Global Epoch  = 384
Federated Unlearning Global Epoch  = 385
Federated Unlearning Global Epoch  = 386
Federated Unlearning Global Epoch  = 387
Federated Unlearning Global Epoch  = 388
Federated Unlearning Global Epoch  = 389
Federated Unlearning Global Epoch  = 390
Federated Unlearning Global Epoch  = 391
Federated Unlearning Global Epoch  = 392
Federated Unlearning Global Epoch  = 393
Federated Unlearning Global Epoch  = 394
Federated Unlearning Global Epoch  = 395
Federated Unlearning Global Epoch  = 396
Federated Unlearning Global Epoch  = 397
Federated Unlearning Global Epoch  = 398
Federated Unlearning Global Epoch  = 399
Federated Unlearning Global Epoch  = 400
Federated Unlearning Global Epoch  = 401
Federated Unlearning Global Epoch  = 402
Federated Unlearning Global Epoch  = 403
Federated Unlearning Global Epoch  = 404
Federated Unlearning Global Epoch  = 405
Federated Unlearning Global Epoch  = 406
Federated Unlearning Global Epoch  = 407
Federated Unlearning Global Epoch  = 408
Federated Unlearning Global Epoch  = 409
Federated Unlearning Global Epoch  = 410
Federated Unlearning Global Epoch  = 411
Federated Unlearning Global Epoch  = 412
Federated Unlearning Global Epoch  = 413
Federated Unlearning Global Epoch  = 414
Federated Unlearning Global Epoch  = 415
Federated Unlearning Global Epoch  = 416
Federated Unlearning Global Epoch  = 417
Federated Unlearning Global Epoch  = 418
Federated Unlearning Global Epoch  = 419
Federated Unlearning Global Epoch  = 420
Federated Unlearning Global Epoch  = 421
Federated Unlearning Global Epoch  = 422
Federated Unlearning Global Epoch  = 423
Federated Unlearning Global Epoch  = 424
Federated Unlearning Global Epoch  = 425
Federated Unlearning Global Epoch  = 426
Federated Unlearning Global Epoch  = 427
Federated Unlearning Global Epoch  = 428
Federated Unlearning Global Epoch  = 429
Federated Unlearning Global Epoch  = 430
Federated Unlearning Global Epoch  = 431
Federated Unlearning Global Epoch  = 432
Federated Unlearning Global Epoch  = 433
Federated Unlearning Global Epoch  = 434
Federated Unlearning Global Epoch  = 435
Federated Unlearning Global Epoch  = 436
Federated Unlearning Global Epoch  = 437
Federated Unlearning Global Epoch  = 438
Federated Unlearning Global Epoch  = 439
Federated Unlearning Global Epoch  = 440
Federated Unlearning Global Epoch  = 441
Federated Unlearning Global Epoch  = 442
Federated Unlearning Global Epoch  = 443
Federated Unlearning Global Epoch  = 444
Federated Unlearning Global Epoch  = 445
Federated Unlearning Global Epoch  = 446
Federated Unlearning Global Epoch  = 447
Federated Unlearning Global Epoch  = 448
Federated Unlearning Global Epoch  = 449
Federated Unlearning Global Epoch  = 450
Federated Unlearning Global Epoch  = 451
Federated Unlearning Global Epoch  = 452
Federated Unlearning Global Epoch  = 453
Federated Unlearning Global Epoch  = 454
Federated Unlearning Global Epoch  = 455
Federated Unlearning Global Epoch  = 456
Federated Unlearning Global Epoch  = 457
Federated Unlearning Global Epoch  = 458
Federated Unlearning Global Epoch  = 459
Federated Unlearning Global Epoch  = 460
Federated Unlearning Global Epoch  = 461
Federated Unlearning Global Epoch  = 462
Federated Unlearning Global Epoch  = 463
Federated Unlearning Global Epoch  = 464
Federated Unlearning Global Epoch  = 465
Federated Unlearning Global Epoch  = 466
Federated Unlearning Global Epoch  = 467
Federated Unlearning Global Epoch  = 468
Federated Unlearning Global Epoch  = 469
Federated Unlearning Global Epoch  = 470
Federated Unlearning Global Epoch  = 471
Federated Unlearning Global Epoch  = 472
Federated Unlearning Global Epoch  = 473
Federated Unlearning Global Epoch  = 474
Federated Unlearning Global Epoch  = 475
Federated Unlearning Global Epoch  = 476
Federated Unlearning Global Epoch  = 477
Federated Unlearning Global Epoch  = 478
Federated Unlearning Global Epoch  = 479
Federated Unlearning Global Epoch  = 480
Federated Unlearning Global Epoch  = 481
Federated Unlearning Global Epoch  = 482
Federated Unlearning Global Epoch  = 483
Federated Unlearning Global Epoch  = 484
Federated Unlearning Global Epoch  = 485
Federated Unlearning Global Epoch  = 486
Federated Unlearning Global Epoch  = 487
Federated Unlearning Global Epoch  = 488
Federated Unlearning Global Epoch  = 489
Federated Unlearning Global Epoch  = 490
Federated Unlearning Global Epoch  = 491
Federated Unlearning Global Epoch  = 492
Federated Unlearning Global Epoch  = 493
Federated Unlearning Global Epoch  = 494
Federated Unlearning Global Epoch  = 495
Federated Unlearning Global Epoch  = 496
Federated Unlearning Global Epoch  = 497
Federated Unlearning Global Epoch  = 498
Federated Unlearning Global Epoch  = 499
Federated Unlearning Global Epoch  = 500
Federated Unlearning Global Epoch  = 501
Federated Unlearning Global Epoch  = 502
Federated Unlearning Global Epoch  = 503
Federated Unlearning Global Epoch  = 504
Federated Unlearning Global Epoch  = 505
Federated Unlearning Global Epoch  = 506
Federated Unlearning Global Epoch  = 507
Federated Unlearning Global Epoch  = 508
Federated Unlearning Global Epoch  = 509
Federated Unlearning Global Epoch  = 510
Federated Unlearning Global Epoch  = 511
Federated Unlearning Global Epoch  = 512
Federated Unlearning Global Epoch  = 513
Federated Unlearning Global Epoch  = 514
Federated Unlearning Global Epoch  = 515
Federated Unlearning Global Epoch  = 516
Federated Unlearning Global Epoch  = 517
Federated Unlearning Global Epoch  = 518
Federated Unlearning Global Epoch  = 519
Federated Unlearning Global Epoch  = 520
Federated Unlearning Global Epoch  = 521
Federated Unlearning Global Epoch  = 522
Federated Unlearning Global Epoch  = 523
Federated Unlearning Global Epoch  = 524
Federated Unlearning Global Epoch  = 525
Federated Unlearning Global Epoch  = 526
Federated Unlearning Global Epoch  = 527
Federated Unlearning Global Epoch  = 528
Federated Unlearning Global Epoch  = 529
Federated Unlearning Global Epoch  = 530
Federated Unlearning Global Epoch  = 531
Federated Unlearning Global Epoch  = 532
Federated Unlearning Global Epoch  = 533
Federated Unlearning Global Epoch  = 534
Federated Unlearning Global Epoch  = 535
Federated Unlearning Global Epoch  = 536
Federated Unlearning Global Epoch  = 537
Federated Unlearning Global Epoch  = 538
Federated Unlearning Global Epoch  = 539
Federated Unlearning Global Epoch  = 540
Federated Unlearning Global Epoch  = 541
Federated Unlearning Global Epoch  = 542
Federated Unlearning Global Epoch  = 543
Federated Unlearning Global Epoch  = 544
Federated Unlearning Global Epoch  = 545
Federated Unlearning Global Epoch  = 546
Federated Unlearning Global Epoch  = 547
Federated Unlearning Global Epoch  = 548
Federated Unlearning Global Epoch  = 549
Federated Unlearning Global Epoch  = 550
Federated Unlearning Global Epoch  = 551
Federated Unlearning Global Epoch  = 552
Federated Unlearning Global Epoch  = 553
Federated Unlearning Global Epoch  = 554
Federated Unlearning Global Epoch  = 555
Federated Unlearning Global Epoch  = 556
Federated Unlearning Global Epoch  = 557
Federated Unlearning Global Epoch  = 558
Federated Unlearning Global Epoch  = 559
Federated Unlearning Global Epoch  = 560
Federated Unlearning Global Epoch  = 561
Federated Unlearning Global Epoch  = 562
Federated Unlearning Global Epoch  = 563
Federated Unlearning Global Epoch  = 564
Federated Unlearning Global Epoch  = 565
Federated Unlearning Global Epoch  = 566
Federated Unlearning Global Epoch  = 567
Federated Unlearning Global Epoch  = 568
Federated Unlearning Global Epoch  = 569
Federated Unlearning Global Epoch  = 570
Federated Unlearning Global Epoch  = 571
Federated Unlearning Global Epoch  = 572
Federated Unlearning Global Epoch  = 573
Federated Unlearning Global Epoch  = 574
Federated Unlearning Global Epoch  = 575
Federated Unlearning Global Epoch  = 576
Federated Unlearning Global Epoch  = 577
Federated Unlearning Global Epoch  = 578
Federated Unlearning Global Epoch  = 579
Federated Unlearning Global Epoch  = 580
Federated Unlearning Global Epoch  = 581
Federated Unlearning Global Epoch  = 582
Federated Unlearning Global Epoch  = 583
Federated Unlearning Global Epoch  = 584
Federated Unlearning Global Epoch  = 585
Federated Unlearning Global Epoch  = 586
Federated Unlearning Global Epoch  = 587
Federated Unlearning Global Epoch  = 588
Federated Unlearning Global Epoch  = 589
Federated Unlearning Global Epoch  = 590
Federated Unlearning Global Epoch  = 591
Federated Unlearning Global Epoch  = 592
Federated Unlearning Global Epoch  = 593
Federated Unlearning Global Epoch  = 594
Federated Unlearning Global Epoch  = 595
Federated Unlearning Global Epoch  = 596
Federated Unlearning Global Epoch  = 597
Federated Unlearning Global Epoch  = 598
Federated Unlearning Global Epoch  = 599
split_clients [array([0, 1])]
Files already downloaded and verified
Files already downloaded and verified
batch_idx 0
Classes indices:  [ 4 14 12  2 13  7  0 15  3  5]
tf_idf {'conv1': tensor([0.0695, 0.2704, 0.0593, 0.1376, 0.0529, 0.1289]), 'conv2': tensor([0.0592, 0.0200, 0.0427, 0.0913, 0.0306, 0.1198, 0.0157, 0.0544, 0.0250,
        0.0145, 0.0113, 0.0149, 0.0417, 0.0485, 0.0341, 0.0863])}
tf_idf_array.shape:  torch.Size([16])
threshold 0.014456183649599552
all_classes ['airplane', 'automobile', 'bird', 'cat', 'deer', 'dog', 'frog', 'horse', 'ship', 'truck']
Class to be removed:  ['horse']
#Remain classes:  9
Pruned sample index here: 7
Updated global <class 'list'> 1 <class 'model_initiation.Net_cifar10'>
#####  Federated Unlearning End  #####


#####  Federated Unlearning without Calibration Start  #####
FL_params.forget_client_idx:  7
Federated Unlearning without Clibration Global Epoch  = 0
Federated Unlearning without Clibration Global Epoch  = 1
Federated Unlearning without Clibration Global Epoch  = 2
Federated Unlearning without Clibration Global Epoch  = 3
Federated Unlearning without Clibration Global Epoch  = 4
Federated Unlearning without Clibration Global Epoch  = 5
Federated Unlearning without Clibration Global Epoch  = 6
Federated Unlearning without Clibration Global Epoch  = 7
Federated Unlearning without Clibration Global Epoch  = 8
Federated Unlearning without Clibration Global Epoch  = 9
Federated Unlearning without Clibration Global Epoch  = 10
Federated Unlearning without Clibration Global Epoch  = 11
Federated Unlearning without Clibration Global Epoch  = 12
Federated Unlearning without Clibration Global Epoch  = 13
Federated Unlearning without Clibration Global Epoch  = 14
Federated Unlearning without Clibration Global Epoch  = 15
Federated Unlearning without Clibration Global Epoch  = 16
Federated Unlearning without Clibration Global Epoch  = 17
Federated Unlearning without Clibration Global Epoch  = 18
Federated Unlearning without Clibration Global Epoch  = 19
Federated Unlearning without Clibration Global Epoch  = 20
Federated Unlearning without Clibration Global Epoch  = 21
Federated Unlearning without Clibration Global Epoch  = 22
Federated Unlearning without Clibration Global Epoch  = 23
Federated Unlearning without Clibration Global Epoch  = 24
Federated Unlearning without Clibration Global Epoch  = 25
Federated Unlearning without Clibration Global Epoch  = 26
Federated Unlearning without Clibration Global Epoch  = 27
Federated Unlearning without Clibration Global Epoch  = 28
Federated Unlearning without Clibration Global Epoch  = 29
Federated Unlearning without Clibration Global Epoch  = 30
Federated Unlearning without Clibration Global Epoch  = 31
Federated Unlearning without Clibration Global Epoch  = 32
Federated Unlearning without Clibration Global Epoch  = 33
Federated Unlearning without Clibration Global Epoch  = 34
Federated Unlearning without Clibration Global Epoch  = 35
Federated Unlearning without Clibration Global Epoch  = 36
Federated Unlearning without Clibration Global Epoch  = 37
Federated Unlearning without Clibration Global Epoch  = 38
Federated Unlearning without Clibration Global Epoch  = 39
Federated Unlearning without Clibration Global Epoch  = 40
Federated Unlearning without Clibration Global Epoch  = 41
Federated Unlearning without Clibration Global Epoch  = 42
Federated Unlearning without Clibration Global Epoch  = 43
Federated Unlearning without Clibration Global Epoch  = 44
Federated Unlearning without Clibration Global Epoch  = 45
Federated Unlearning without Clibration Global Epoch  = 46
Federated Unlearning without Clibration Global Epoch  = 47
Federated Unlearning without Clibration Global Epoch  = 48
Federated Unlearning without Clibration Global Epoch  = 49
Federated Unlearning without Clibration Global Epoch  = 50
Federated Unlearning without Clibration Global Epoch  = 51
Federated Unlearning without Clibration Global Epoch  = 52
Federated Unlearning without Clibration Global Epoch  = 53
Federated Unlearning without Clibration Global Epoch  = 54
Federated Unlearning without Clibration Global Epoch  = 55
Federated Unlearning without Clibration Global Epoch  = 56
Federated Unlearning without Clibration Global Epoch  = 57
Federated Unlearning without Clibration Global Epoch  = 58
Federated Unlearning without Clibration Global Epoch  = 59
Federated Unlearning without Clibration Global Epoch  = 60
Federated Unlearning without Clibration Global Epoch  = 61
Federated Unlearning without Clibration Global Epoch  = 62
Federated Unlearning without Clibration Global Epoch  = 63
Federated Unlearning without Clibration Global Epoch  = 64
Federated Unlearning without Clibration Global Epoch  = 65
Federated Unlearning without Clibration Global Epoch  = 66
Federated Unlearning without Clibration Global Epoch  = 67
Federated Unlearning without Clibration Global Epoch  = 68
Federated Unlearning without Clibration Global Epoch  = 69
Federated Unlearning without Clibration Global Epoch  = 70
Federated Unlearning without Clibration Global Epoch  = 71
Federated Unlearning without Clibration Global Epoch  = 72
Federated Unlearning without Clibration Global Epoch  = 73
Federated Unlearning without Clibration Global Epoch  = 74
Federated Unlearning without Clibration Global Epoch  = 75
Federated Unlearning without Clibration Global Epoch  = 76
Federated Unlearning without Clibration Global Epoch  = 77
Federated Unlearning without Clibration Global Epoch  = 78
Federated Unlearning without Clibration Global Epoch  = 79
Federated Unlearning without Clibration Global Epoch  = 80
Federated Unlearning without Clibration Global Epoch  = 81
Federated Unlearning without Clibration Global Epoch  = 82
Federated Unlearning without Clibration Global Epoch  = 83
Federated Unlearning without Clibration Global Epoch  = 84
Federated Unlearning without Clibration Global Epoch  = 85
Federated Unlearning without Clibration Global Epoch  = 86
Federated Unlearning without Clibration Global Epoch  = 87
Federated Unlearning without Clibration Global Epoch  = 88
Federated Unlearning without Clibration Global Epoch  = 89
Federated Unlearning without Clibration Global Epoch  = 90
Federated Unlearning without Clibration Global Epoch  = 91
Federated Unlearning without Clibration Global Epoch  = 92
Federated Unlearning without Clibration Global Epoch  = 93
Federated Unlearning without Clibration Global Epoch  = 94
Federated Unlearning without Clibration Global Epoch  = 95
Federated Unlearning without Clibration Global Epoch  = 96
Federated Unlearning without Clibration Global Epoch  = 97
Federated Unlearning without Clibration Global Epoch  = 98
Federated Unlearning without Clibration Global Epoch  = 99
Federated Unlearning without Clibration Global Epoch  = 100
Federated Unlearning without Clibration Global Epoch  = 101
Federated Unlearning without Clibration Global Epoch  = 102
Federated Unlearning without Clibration Global Epoch  = 103
Federated Unlearning without Clibration Global Epoch  = 104
Federated Unlearning without Clibration Global Epoch  = 105
Federated Unlearning without Clibration Global Epoch  = 106
Federated Unlearning without Clibration Global Epoch  = 107
Federated Unlearning without Clibration Global Epoch  = 108
Federated Unlearning without Clibration Global Epoch  = 109
Federated Unlearning without Clibration Global Epoch  = 110
Federated Unlearning without Clibration Global Epoch  = 111
Federated Unlearning without Clibration Global Epoch  = 112
Federated Unlearning without Clibration Global Epoch  = 113
Federated Unlearning without Clibration Global Epoch  = 114
Federated Unlearning without Clibration Global Epoch  = 115
Federated Unlearning without Clibration Global Epoch  = 116
Federated Unlearning without Clibration Global Epoch  = 117
Federated Unlearning without Clibration Global Epoch  = 118
Federated Unlearning without Clibration Global Epoch  = 119
Federated Unlearning without Clibration Global Epoch  = 120
Federated Unlearning without Clibration Global Epoch  = 121
Federated Unlearning without Clibration Global Epoch  = 122
Federated Unlearning without Clibration Global Epoch  = 123
Federated Unlearning without Clibration Global Epoch  = 124
Federated Unlearning without Clibration Global Epoch  = 125
Federated Unlearning without Clibration Global Epoch  = 126
Federated Unlearning without Clibration Global Epoch  = 127
Federated Unlearning without Clibration Global Epoch  = 128
Federated Unlearning without Clibration Global Epoch  = 129
Federated Unlearning without Clibration Global Epoch  = 130
Federated Unlearning without Clibration Global Epoch  = 131
Federated Unlearning without Clibration Global Epoch  = 132
Federated Unlearning without Clibration Global Epoch  = 133
Federated Unlearning without Clibration Global Epoch  = 134
Federated Unlearning without Clibration Global Epoch  = 135
Federated Unlearning without Clibration Global Epoch  = 136
Federated Unlearning without Clibration Global Epoch  = 137
Federated Unlearning without Clibration Global Epoch  = 138
Federated Unlearning without Clibration Global Epoch  = 139
Federated Unlearning without Clibration Global Epoch  = 140
Federated Unlearning without Clibration Global Epoch  = 141
Federated Unlearning without Clibration Global Epoch  = 142
Federated Unlearning without Clibration Global Epoch  = 143
Federated Unlearning without Clibration Global Epoch  = 144
Federated Unlearning without Clibration Global Epoch  = 145
Federated Unlearning without Clibration Global Epoch  = 146
Federated Unlearning without Clibration Global Epoch  = 147
Federated Unlearning without Clibration Global Epoch  = 148
Federated Unlearning without Clibration Global Epoch  = 149
Federated Unlearning without Clibration Global Epoch  = 150
Federated Unlearning without Clibration Global Epoch  = 151
Federated Unlearning without Clibration Global Epoch  = 152
Federated Unlearning without Clibration Global Epoch  = 153
Federated Unlearning without Clibration Global Epoch  = 154
Federated Unlearning without Clibration Global Epoch  = 155
Federated Unlearning without Clibration Global Epoch  = 156
Federated Unlearning without Clibration Global Epoch  = 157
Federated Unlearning without Clibration Global Epoch  = 158
Federated Unlearning without Clibration Global Epoch  = 159
Federated Unlearning without Clibration Global Epoch  = 160
Federated Unlearning without Clibration Global Epoch  = 161
Federated Unlearning without Clibration Global Epoch  = 162
Federated Unlearning without Clibration Global Epoch  = 163
Federated Unlearning without Clibration Global Epoch  = 164
Federated Unlearning without Clibration Global Epoch  = 165
Federated Unlearning without Clibration Global Epoch  = 166
Federated Unlearning without Clibration Global Epoch  = 167
Federated Unlearning without Clibration Global Epoch  = 168
Federated Unlearning without Clibration Global Epoch  = 169
Federated Unlearning without Clibration Global Epoch  = 170
Federated Unlearning without Clibration Global Epoch  = 171
Federated Unlearning without Clibration Global Epoch  = 172
Federated Unlearning without Clibration Global Epoch  = 173
Federated Unlearning without Clibration Global Epoch  = 174
Federated Unlearning without Clibration Global Epoch  = 175
Federated Unlearning without Clibration Global Epoch  = 176
Federated Unlearning without Clibration Global Epoch  = 177
Federated Unlearning without Clibration Global Epoch  = 178
Federated Unlearning without Clibration Global Epoch  = 179
Federated Unlearning without Clibration Global Epoch  = 180
Federated Unlearning without Clibration Global Epoch  = 181
Federated Unlearning without Clibration Global Epoch  = 182
Federated Unlearning without Clibration Global Epoch  = 183
Federated Unlearning without Clibration Global Epoch  = 184
Federated Unlearning without Clibration Global Epoch  = 185
Federated Unlearning without Clibration Global Epoch  = 186
Federated Unlearning without Clibration Global Epoch  = 187
Federated Unlearning without Clibration Global Epoch  = 188
Federated Unlearning without Clibration Global Epoch  = 189
Federated Unlearning without Clibration Global Epoch  = 190
Federated Unlearning without Clibration Global Epoch  = 191
Federated Unlearning without Clibration Global Epoch  = 192
Federated Unlearning without Clibration Global Epoch  = 193
Federated Unlearning without Clibration Global Epoch  = 194
Federated Unlearning without Clibration Global Epoch  = 195
Federated Unlearning without Clibration Global Epoch  = 196
Federated Unlearning without Clibration Global Epoch  = 197
Federated Unlearning without Clibration Global Epoch  = 198
Federated Unlearning without Clibration Global Epoch  = 199
Federated Unlearning without Clibration Global Epoch  = 200
Federated Unlearning without Clibration Global Epoch  = 201
Federated Unlearning without Clibration Global Epoch  = 202
Federated Unlearning without Clibration Global Epoch  = 203
Federated Unlearning without Clibration Global Epoch  = 204
Federated Unlearning without Clibration Global Epoch  = 205
Federated Unlearning without Clibration Global Epoch  = 206
Federated Unlearning without Clibration Global Epoch  = 207
Federated Unlearning without Clibration Global Epoch  = 208
Federated Unlearning without Clibration Global Epoch  = 209
Federated Unlearning without Clibration Global Epoch  = 210
Federated Unlearning without Clibration Global Epoch  = 211
Federated Unlearning without Clibration Global Epoch  = 212
Federated Unlearning without Clibration Global Epoch  = 213
Federated Unlearning without Clibration Global Epoch  = 214
Federated Unlearning without Clibration Global Epoch  = 215
Federated Unlearning without Clibration Global Epoch  = 216
Federated Unlearning without Clibration Global Epoch  = 217
Federated Unlearning without Clibration Global Epoch  = 218
Federated Unlearning without Clibration Global Epoch  = 219
Federated Unlearning without Clibration Global Epoch  = 220
Federated Unlearning without Clibration Global Epoch  = 221
Federated Unlearning without Clibration Global Epoch  = 222
Federated Unlearning without Clibration Global Epoch  = 223
Federated Unlearning without Clibration Global Epoch  = 224
Federated Unlearning without Clibration Global Epoch  = 225
Federated Unlearning without Clibration Global Epoch  = 226
Federated Unlearning without Clibration Global Epoch  = 227
Federated Unlearning without Clibration Global Epoch  = 228
Federated Unlearning without Clibration Global Epoch  = 229
Federated Unlearning without Clibration Global Epoch  = 230
Federated Unlearning without Clibration Global Epoch  = 231
Federated Unlearning without Clibration Global Epoch  = 232
Federated Unlearning without Clibration Global Epoch  = 233
Federated Unlearning without Clibration Global Epoch  = 234
Federated Unlearning without Clibration Global Epoch  = 235
Federated Unlearning without Clibration Global Epoch  = 236
Federated Unlearning without Clibration Global Epoch  = 237
Federated Unlearning without Clibration Global Epoch  = 238
Federated Unlearning without Clibration Global Epoch  = 239
Federated Unlearning without Clibration Global Epoch  = 240
Federated Unlearning without Clibration Global Epoch  = 241
Federated Unlearning without Clibration Global Epoch  = 242
Federated Unlearning without Clibration Global Epoch  = 243
Federated Unlearning without Clibration Global Epoch  = 244
Federated Unlearning without Clibration Global Epoch  = 245
Federated Unlearning without Clibration Global Epoch  = 246
Federated Unlearning without Clibration Global Epoch  = 247
Federated Unlearning without Clibration Global Epoch  = 248
Federated Unlearning without Clibration Global Epoch  = 249
Federated Unlearning without Clibration Global Epoch  = 250
Federated Unlearning without Clibration Global Epoch  = 251
Federated Unlearning without Clibration Global Epoch  = 252
Federated Unlearning without Clibration Global Epoch  = 253
Federated Unlearning without Clibration Global Epoch  = 254
Federated Unlearning without Clibration Global Epoch  = 255
Federated Unlearning without Clibration Global Epoch  = 256
Federated Unlearning without Clibration Global Epoch  = 257
Federated Unlearning without Clibration Global Epoch  = 258
Federated Unlearning without Clibration Global Epoch  = 259
Federated Unlearning without Clibration Global Epoch  = 260
Federated Unlearning without Clibration Global Epoch  = 261
Federated Unlearning without Clibration Global Epoch  = 262
Federated Unlearning without Clibration Global Epoch  = 263
Federated Unlearning without Clibration Global Epoch  = 264
Federated Unlearning without Clibration Global Epoch  = 265
Federated Unlearning without Clibration Global Epoch  = 266
Federated Unlearning without Clibration Global Epoch  = 267
Federated Unlearning without Clibration Global Epoch  = 268
Federated Unlearning without Clibration Global Epoch  = 269
Federated Unlearning without Clibration Global Epoch  = 270
Federated Unlearning without Clibration Global Epoch  = 271
Federated Unlearning without Clibration Global Epoch  = 272
Federated Unlearning without Clibration Global Epoch  = 273
Federated Unlearning without Clibration Global Epoch  = 274
Federated Unlearning without Clibration Global Epoch  = 275
Federated Unlearning without Clibration Global Epoch  = 276
Federated Unlearning without Clibration Global Epoch  = 277
Federated Unlearning without Clibration Global Epoch  = 278
Federated Unlearning without Clibration Global Epoch  = 279
Federated Unlearning without Clibration Global Epoch  = 280
Federated Unlearning without Clibration Global Epoch  = 281
Federated Unlearning without Clibration Global Epoch  = 282
Federated Unlearning without Clibration Global Epoch  = 283
Federated Unlearning without Clibration Global Epoch  = 284
Federated Unlearning without Clibration Global Epoch  = 285
Federated Unlearning without Clibration Global Epoch  = 286
Federated Unlearning without Clibration Global Epoch  = 287
Federated Unlearning without Clibration Global Epoch  = 288
Federated Unlearning without Clibration Global Epoch  = 289
Federated Unlearning without Clibration Global Epoch  = 290
Federated Unlearning without Clibration Global Epoch  = 291
Federated Unlearning without Clibration Global Epoch  = 292
Federated Unlearning without Clibration Global Epoch  = 293
Federated Unlearning without Clibration Global Epoch  = 294
Federated Unlearning without Clibration Global Epoch  = 295
Federated Unlearning without Clibration Global Epoch  = 296
Federated Unlearning without Clibration Global Epoch  = 297
Federated Unlearning without Clibration Global Epoch  = 298
Federated Unlearning without Clibration Global Epoch  = 299
Federated Unlearning without Clibration Global Epoch  = 300
Federated Unlearning without Clibration Global Epoch  = 301
Federated Unlearning without Clibration Global Epoch  = 302
Federated Unlearning without Clibration Global Epoch  = 303
Federated Unlearning without Clibration Global Epoch  = 304
Federated Unlearning without Clibration Global Epoch  = 305
Federated Unlearning without Clibration Global Epoch  = 306
Federated Unlearning without Clibration Global Epoch  = 307
Federated Unlearning without Clibration Global Epoch  = 308
Federated Unlearning without Clibration Global Epoch  = 309
Federated Unlearning without Clibration Global Epoch  = 310
Federated Unlearning without Clibration Global Epoch  = 311
Federated Unlearning without Clibration Global Epoch  = 312
Federated Unlearning without Clibration Global Epoch  = 313
Federated Unlearning without Clibration Global Epoch  = 314
Federated Unlearning without Clibration Global Epoch  = 315
Federated Unlearning without Clibration Global Epoch  = 316
Federated Unlearning without Clibration Global Epoch  = 317
Federated Unlearning without Clibration Global Epoch  = 318
Federated Unlearning without Clibration Global Epoch  = 319
Federated Unlearning without Clibration Global Epoch  = 320
Federated Unlearning without Clibration Global Epoch  = 321
Federated Unlearning without Clibration Global Epoch  = 322
Federated Unlearning without Clibration Global Epoch  = 323
Federated Unlearning without Clibration Global Epoch  = 324
Federated Unlearning without Clibration Global Epoch  = 325
Federated Unlearning without Clibration Global Epoch  = 326
Federated Unlearning without Clibration Global Epoch  = 327
Federated Unlearning without Clibration Global Epoch  = 328
Federated Unlearning without Clibration Global Epoch  = 329
Federated Unlearning without Clibration Global Epoch  = 330
Federated Unlearning without Clibration Global Epoch  = 331
Federated Unlearning without Clibration Global Epoch  = 332
Federated Unlearning without Clibration Global Epoch  = 333
Federated Unlearning without Clibration Global Epoch  = 334
Federated Unlearning without Clibration Global Epoch  = 335
Federated Unlearning without Clibration Global Epoch  = 336
Federated Unlearning without Clibration Global Epoch  = 337
Federated Unlearning without Clibration Global Epoch  = 338
Federated Unlearning without Clibration Global Epoch  = 339
Federated Unlearning without Clibration Global Epoch  = 340
Federated Unlearning without Clibration Global Epoch  = 341
Federated Unlearning without Clibration Global Epoch  = 342
Federated Unlearning without Clibration Global Epoch  = 343
Federated Unlearning without Clibration Global Epoch  = 344
Federated Unlearning without Clibration Global Epoch  = 345
Federated Unlearning without Clibration Global Epoch  = 346
Federated Unlearning without Clibration Global Epoch  = 347
Federated Unlearning without Clibration Global Epoch  = 348
Federated Unlearning without Clibration Global Epoch  = 349
Federated Unlearning without Clibration Global Epoch  = 350
Federated Unlearning without Clibration Global Epoch  = 351
Federated Unlearning without Clibration Global Epoch  = 352
Federated Unlearning without Clibration Global Epoch  = 353
Federated Unlearning without Clibration Global Epoch  = 354
Federated Unlearning without Clibration Global Epoch  = 355
Federated Unlearning without Clibration Global Epoch  = 356
Federated Unlearning without Clibration Global Epoch  = 357
Federated Unlearning without Clibration Global Epoch  = 358
Federated Unlearning without Clibration Global Epoch  = 359
Federated Unlearning without Clibration Global Epoch  = 360
Federated Unlearning without Clibration Global Epoch  = 361
Federated Unlearning without Clibration Global Epoch  = 362
Federated Unlearning without Clibration Global Epoch  = 363
Federated Unlearning without Clibration Global Epoch  = 364
Federated Unlearning without Clibration Global Epoch  = 365
Federated Unlearning without Clibration Global Epoch  = 366
Federated Unlearning without Clibration Global Epoch  = 367
Federated Unlearning without Clibration Global Epoch  = 368
Federated Unlearning without Clibration Global Epoch  = 369
Federated Unlearning without Clibration Global Epoch  = 370
Federated Unlearning without Clibration Global Epoch  = 371
Federated Unlearning without Clibration Global Epoch  = 372
Federated Unlearning without Clibration Global Epoch  = 373
Federated Unlearning without Clibration Global Epoch  = 374
Federated Unlearning without Clibration Global Epoch  = 375
Federated Unlearning without Clibration Global Epoch  = 376
Federated Unlearning without Clibration Global Epoch  = 377
Federated Unlearning without Clibration Global Epoch  = 378
Federated Unlearning without Clibration Global Epoch  = 379
Federated Unlearning without Clibration Global Epoch  = 380
Federated Unlearning without Clibration Global Epoch  = 381
Federated Unlearning without Clibration Global Epoch  = 382
Federated Unlearning without Clibration Global Epoch  = 383
Federated Unlearning without Clibration Global Epoch  = 384
Federated Unlearning without Clibration Global Epoch  = 385
Federated Unlearning without Clibration Global Epoch  = 386
Federated Unlearning without Clibration Global Epoch  = 387
Federated Unlearning without Clibration Global Epoch  = 388
Federated Unlearning without Clibration Global Epoch  = 389
Federated Unlearning without Clibration Global Epoch  = 390
Federated Unlearning without Clibration Global Epoch  = 391
Federated Unlearning without Clibration Global Epoch  = 392
Federated Unlearning without Clibration Global Epoch  = 393
Federated Unlearning without Clibration Global Epoch  = 394
Federated Unlearning without Clibration Global Epoch  = 395
Federated Unlearning without Clibration Global Epoch  = 396
Federated Unlearning without Clibration Global Epoch  = 397
Federated Unlearning without Clibration Global Epoch  = 398
Federated Unlearning without Clibration Global Epoch  = 399
Federated Unlearning without Clibration Global Epoch  = 400
Federated Unlearning without Clibration Global Epoch  = 401
Federated Unlearning without Clibration Global Epoch  = 402
Federated Unlearning without Clibration Global Epoch  = 403
Federated Unlearning without Clibration Global Epoch  = 404
Federated Unlearning without Clibration Global Epoch  = 405
Federated Unlearning without Clibration Global Epoch  = 406
Federated Unlearning without Clibration Global Epoch  = 407
Federated Unlearning without Clibration Global Epoch  = 408
Federated Unlearning without Clibration Global Epoch  = 409
Federated Unlearning without Clibration Global Epoch  = 410
Federated Unlearning without Clibration Global Epoch  = 411
Federated Unlearning without Clibration Global Epoch  = 412
Federated Unlearning without Clibration Global Epoch  = 413
Federated Unlearning without Clibration Global Epoch  = 414
Federated Unlearning without Clibration Global Epoch  = 415
Federated Unlearning without Clibration Global Epoch  = 416
Federated Unlearning without Clibration Global Epoch  = 417
Federated Unlearning without Clibration Global Epoch  = 418
Federated Unlearning without Clibration Global Epoch  = 419
Federated Unlearning without Clibration Global Epoch  = 420
Federated Unlearning without Clibration Global Epoch  = 421
Federated Unlearning without Clibration Global Epoch  = 422
Federated Unlearning without Clibration Global Epoch  = 423
Federated Unlearning without Clibration Global Epoch  = 424
Federated Unlearning without Clibration Global Epoch  = 425
Federated Unlearning without Clibration Global Epoch  = 426
Federated Unlearning without Clibration Global Epoch  = 427
Federated Unlearning without Clibration Global Epoch  = 428
Federated Unlearning without Clibration Global Epoch  = 429
Federated Unlearning without Clibration Global Epoch  = 430
Federated Unlearning without Clibration Global Epoch  = 431
Federated Unlearning without Clibration Global Epoch  = 432
Federated Unlearning without Clibration Global Epoch  = 433
Federated Unlearning without Clibration Global Epoch  = 434
Federated Unlearning without Clibration Global Epoch  = 435
Federated Unlearning without Clibration Global Epoch  = 436
Federated Unlearning without Clibration Global Epoch  = 437
Federated Unlearning without Clibration Global Epoch  = 438
Federated Unlearning without Clibration Global Epoch  = 439
Federated Unlearning without Clibration Global Epoch  = 440
Federated Unlearning without Clibration Global Epoch  = 441
Federated Unlearning without Clibration Global Epoch  = 442
Federated Unlearning without Clibration Global Epoch  = 443
Federated Unlearning without Clibration Global Epoch  = 444
Federated Unlearning without Clibration Global Epoch  = 445
Federated Unlearning without Clibration Global Epoch  = 446
Federated Unlearning without Clibration Global Epoch  = 447
Federated Unlearning without Clibration Global Epoch  = 448
Federated Unlearning without Clibration Global Epoch  = 449
Federated Unlearning without Clibration Global Epoch  = 450
Federated Unlearning without Clibration Global Epoch  = 451
Federated Unlearning without Clibration Global Epoch  = 452
Federated Unlearning without Clibration Global Epoch  = 453
Federated Unlearning without Clibration Global Epoch  = 454
Federated Unlearning without Clibration Global Epoch  = 455
Federated Unlearning without Clibration Global Epoch  = 456
Federated Unlearning without Clibration Global Epoch  = 457
Federated Unlearning without Clibration Global Epoch  = 458
Federated Unlearning without Clibration Global Epoch  = 459
Federated Unlearning without Clibration Global Epoch  = 460
Federated Unlearning without Clibration Global Epoch  = 461
Federated Unlearning without Clibration Global Epoch  = 462
Federated Unlearning without Clibration Global Epoch  = 463
Federated Unlearning without Clibration Global Epoch  = 464
Federated Unlearning without Clibration Global Epoch  = 465
Federated Unlearning without Clibration Global Epoch  = 466
Federated Unlearning without Clibration Global Epoch  = 467
Federated Unlearning without Clibration Global Epoch  = 468
Federated Unlearning without Clibration Global Epoch  = 469
Federated Unlearning without Clibration Global Epoch  = 470
Federated Unlearning without Clibration Global Epoch  = 471
Federated Unlearning without Clibration Global Epoch  = 472
Federated Unlearning without Clibration Global Epoch  = 473
Federated Unlearning without Clibration Global Epoch  = 474
Federated Unlearning without Clibration Global Epoch  = 475
Federated Unlearning without Clibration Global Epoch  = 476
Federated Unlearning without Clibration Global Epoch  = 477
Federated Unlearning without Clibration Global Epoch  = 478
Federated Unlearning without Clibration Global Epoch  = 479
Federated Unlearning without Clibration Global Epoch  = 480
Federated Unlearning without Clibration Global Epoch  = 481
Federated Unlearning without Clibration Global Epoch  = 482
Federated Unlearning without Clibration Global Epoch  = 483
Federated Unlearning without Clibration Global Epoch  = 484
Federated Unlearning without Clibration Global Epoch  = 485
Federated Unlearning without Clibration Global Epoch  = 486
Federated Unlearning without Clibration Global Epoch  = 487
Federated Unlearning without Clibration Global Epoch  = 488
Federated Unlearning without Clibration Global Epoch  = 489
Federated Unlearning without Clibration Global Epoch  = 490
Federated Unlearning without Clibration Global Epoch  = 491
Federated Unlearning without Clibration Global Epoch  = 492
Federated Unlearning without Clibration Global Epoch  = 493
Federated Unlearning without Clibration Global Epoch  = 494
Federated Unlearning without Clibration Global Epoch  = 495
Federated Unlearning without Clibration Global Epoch  = 496
Federated Unlearning without Clibration Global Epoch  = 497
Federated Unlearning without Clibration Global Epoch  = 498
Federated Unlearning without Clibration Global Epoch  = 499
Federated Unlearning without Clibration Global Epoch  = 500
Federated Unlearning without Clibration Global Epoch  = 501
Federated Unlearning without Clibration Global Epoch  = 502
Federated Unlearning without Clibration Global Epoch  = 503
Federated Unlearning without Clibration Global Epoch  = 504
Federated Unlearning without Clibration Global Epoch  = 505
Federated Unlearning without Clibration Global Epoch  = 506
Federated Unlearning without Clibration Global Epoch  = 507
Federated Unlearning without Clibration Global Epoch  = 508
Federated Unlearning without Clibration Global Epoch  = 509
Federated Unlearning without Clibration Global Epoch  = 510
Federated Unlearning without Clibration Global Epoch  = 511
Federated Unlearning without Clibration Global Epoch  = 512
Federated Unlearning without Clibration Global Epoch  = 513
Federated Unlearning without Clibration Global Epoch  = 514
Federated Unlearning without Clibration Global Epoch  = 515
Federated Unlearning without Clibration Global Epoch  = 516
Federated Unlearning without Clibration Global Epoch  = 517
Federated Unlearning without Clibration Global Epoch  = 518
Federated Unlearning without Clibration Global Epoch  = 519
Federated Unlearning without Clibration Global Epoch  = 520
Federated Unlearning without Clibration Global Epoch  = 521
Federated Unlearning without Clibration Global Epoch  = 522
Federated Unlearning without Clibration Global Epoch  = 523
Federated Unlearning without Clibration Global Epoch  = 524
Federated Unlearning without Clibration Global Epoch  = 525
Federated Unlearning without Clibration Global Epoch  = 526
Federated Unlearning without Clibration Global Epoch  = 527
Federated Unlearning without Clibration Global Epoch  = 528
Federated Unlearning without Clibration Global Epoch  = 529
Federated Unlearning without Clibration Global Epoch  = 530
Federated Unlearning without Clibration Global Epoch  = 531
Federated Unlearning without Clibration Global Epoch  = 532
Federated Unlearning without Clibration Global Epoch  = 533
Federated Unlearning without Clibration Global Epoch  = 534
Federated Unlearning without Clibration Global Epoch  = 535
Federated Unlearning without Clibration Global Epoch  = 536
Federated Unlearning without Clibration Global Epoch  = 537
Federated Unlearning without Clibration Global Epoch  = 538
Federated Unlearning without Clibration Global Epoch  = 539
Federated Unlearning without Clibration Global Epoch  = 540
Federated Unlearning without Clibration Global Epoch  = 541
Federated Unlearning without Clibration Global Epoch  = 542
Federated Unlearning without Clibration Global Epoch  = 543
Federated Unlearning without Clibration Global Epoch  = 544
Federated Unlearning without Clibration Global Epoch  = 545
Federated Unlearning without Clibration Global Epoch  = 546
Federated Unlearning without Clibration Global Epoch  = 547
Federated Unlearning without Clibration Global Epoch  = 548
Federated Unlearning without Clibration Global Epoch  = 549
Federated Unlearning without Clibration Global Epoch  = 550
Federated Unlearning without Clibration Global Epoch  = 551
Federated Unlearning without Clibration Global Epoch  = 552
Federated Unlearning without Clibration Global Epoch  = 553
Federated Unlearning without Clibration Global Epoch  = 554
Federated Unlearning without Clibration Global Epoch  = 555
Federated Unlearning without Clibration Global Epoch  = 556
Federated Unlearning without Clibration Global Epoch  = 557
Federated Unlearning without Clibration Global Epoch  = 558
Federated Unlearning without Clibration Global Epoch  = 559
Federated Unlearning without Clibration Global Epoch  = 560
Federated Unlearning without Clibration Global Epoch  = 561
Federated Unlearning without Clibration Global Epoch  = 562
Federated Unlearning without Clibration Global Epoch  = 563
Federated Unlearning without Clibration Global Epoch  = 564
Federated Unlearning without Clibration Global Epoch  = 565
Federated Unlearning without Clibration Global Epoch  = 566
Federated Unlearning without Clibration Global Epoch  = 567
Federated Unlearning without Clibration Global Epoch  = 568
Federated Unlearning without Clibration Global Epoch  = 569
Federated Unlearning without Clibration Global Epoch  = 570
Federated Unlearning without Clibration Global Epoch  = 571
Federated Unlearning without Clibration Global Epoch  = 572
Federated Unlearning without Clibration Global Epoch  = 573
Federated Unlearning without Clibration Global Epoch  = 574
Federated Unlearning without Clibration Global Epoch  = 575
Federated Unlearning without Clibration Global Epoch  = 576
Federated Unlearning without Clibration Global Epoch  = 577
Federated Unlearning without Clibration Global Epoch  = 578
Federated Unlearning without Clibration Global Epoch  = 579
Federated Unlearning without Clibration Global Epoch  = 580
Federated Unlearning without Clibration Global Epoch  = 581
Federated Unlearning without Clibration Global Epoch  = 582
Federated Unlearning without Clibration Global Epoch  = 583
Federated Unlearning without Clibration Global Epoch  = 584
Federated Unlearning without Clibration Global Epoch  = 585
Federated Unlearning without Clibration Global Epoch  = 586
Federated Unlearning without Clibration Global Epoch  = 587
Federated Unlearning without Clibration Global Epoch  = 588
Federated Unlearning without Clibration Global Epoch  = 589
Federated Unlearning without Clibration Global Epoch  = 590
Federated Unlearning without Clibration Global Epoch  = 591
Federated Unlearning without Clibration Global Epoch  = 592
Federated Unlearning without Clibration Global Epoch  = 593
Federated Unlearning without Clibration Global Epoch  = 594
Federated Unlearning without Clibration Global Epoch  = 595
Federated Unlearning without Clibration Global Epoch  = 596
Federated Unlearning without Clibration Global Epoch  = 597
Federated Unlearning without Clibration Global Epoch  = 598
Federated Unlearning without Clibration Global Epoch  = 599
Federated Unlearning Global Epoch  = 1
Federated Unlearning Global Epoch  = 2
Federated Unlearning Global Epoch  = 3
Federated Unlearning Global Epoch  = 4
Federated Unlearning Global Epoch  = 5
Federated Unlearning Global Epoch  = 6
Federated Unlearning Global Epoch  = 7
Federated Unlearning Global Epoch  = 8
Federated Unlearning Global Epoch  = 9
Federated Unlearning Global Epoch  = 10
Federated Unlearning Global Epoch  = 11
Federated Unlearning Global Epoch  = 12
Federated Unlearning Global Epoch  = 13
Federated Unlearning Global Epoch  = 14
Federated Unlearning Global Epoch  = 15
Federated Unlearning Global Epoch  = 16
Federated Unlearning Global Epoch  = 17
Federated Unlearning Global Epoch  = 18
Federated Unlearning Global Epoch  = 19
Federated Unlearning Global Epoch  = 20
Federated Unlearning Global Epoch  = 21
Federated Unlearning Global Epoch  = 22
Federated Unlearning Global Epoch  = 23
Federated Unlearning Global Epoch  = 24
Federated Unlearning Global Epoch  = 25
Federated Unlearning Global Epoch  = 26
Federated Unlearning Global Epoch  = 27
Federated Unlearning Global Epoch  = 28
Federated Unlearning Global Epoch  = 29
Federated Unlearning Global Epoch  = 30
Federated Unlearning Global Epoch  = 31
Federated Unlearning Global Epoch  = 32
Federated Unlearning Global Epoch  = 33
Federated Unlearning Global Epoch  = 34
Federated Unlearning Global Epoch  = 35
Federated Unlearning Global Epoch  = 36
Federated Unlearning Global Epoch  = 37
Federated Unlearning Global Epoch  = 38
Federated Unlearning Global Epoch  = 39
Federated Unlearning Global Epoch  = 40
Federated Unlearning Global Epoch  = 41
Federated Unlearning Global Epoch  = 42
Federated Unlearning Global Epoch  = 43
Federated Unlearning Global Epoch  = 44
Federated Unlearning Global Epoch  = 45
Federated Unlearning Global Epoch  = 46
Federated Unlearning Global Epoch  = 47
Federated Unlearning Global Epoch  = 48
Federated Unlearning Global Epoch  = 49
Federated Unlearning Global Epoch  = 50
Federated Unlearning Global Epoch  = 51
Federated Unlearning Global Epoch  = 52
Federated Unlearning Global Epoch  = 53
Federated Unlearning Global Epoch  = 54
Federated Unlearning Global Epoch  = 55
Federated Unlearning Global Epoch  = 56
Federated Unlearning Global Epoch  = 57
Federated Unlearning Global Epoch  = 58
Federated Unlearning Global Epoch  = 59
Federated Unlearning Global Epoch  = 60
Federated Unlearning Global Epoch  = 61
Federated Unlearning Global Epoch  = 62
Federated Unlearning Global Epoch  = 63
Federated Unlearning Global Epoch  = 64
Federated Unlearning Global Epoch  = 65
Federated Unlearning Global Epoch  = 66
Federated Unlearning Global Epoch  = 67
Federated Unlearning Global Epoch  = 68
Federated Unlearning Global Epoch  = 69
Federated Unlearning Global Epoch  = 70
Federated Unlearning Global Epoch  = 71
Federated Unlearning Global Epoch  = 72
Federated Unlearning Global Epoch  = 73
Federated Unlearning Global Epoch  = 74
Federated Unlearning Global Epoch  = 75
Federated Unlearning Global Epoch  = 76
Federated Unlearning Global Epoch  = 77
Federated Unlearning Global Epoch  = 78
Federated Unlearning Global Epoch  = 79
Federated Unlearning Global Epoch  = 80
Federated Unlearning Global Epoch  = 81
Federated Unlearning Global Epoch  = 82
Federated Unlearning Global Epoch  = 83
Federated Unlearning Global Epoch  = 84
Federated Unlearning Global Epoch  = 85
Federated Unlearning Global Epoch  = 86
Federated Unlearning Global Epoch  = 87
Federated Unlearning Global Epoch  = 88
Federated Unlearning Global Epoch  = 89
Federated Unlearning Global Epoch  = 90
Federated Unlearning Global Epoch  = 91
Federated Unlearning Global Epoch  = 92
Federated Unlearning Global Epoch  = 93
Federated Unlearning Global Epoch  = 94
Federated Unlearning Global Epoch  = 95
Federated Unlearning Global Epoch  = 96
Federated Unlearning Global Epoch  = 97
Federated Unlearning Global Epoch  = 98
Federated Unlearning Global Epoch  = 99
Federated Unlearning Global Epoch  = 100
Federated Unlearning Global Epoch  = 101
Federated Unlearning Global Epoch  = 102
Federated Unlearning Global Epoch  = 103
Federated Unlearning Global Epoch  = 104
Federated Unlearning Global Epoch  = 105
Federated Unlearning Global Epoch  = 106
Federated Unlearning Global Epoch  = 107
Federated Unlearning Global Epoch  = 108
Federated Unlearning Global Epoch  = 109
Federated Unlearning Global Epoch  = 110
Federated Unlearning Global Epoch  = 111
Federated Unlearning Global Epoch  = 112
Federated Unlearning Global Epoch  = 113
Federated Unlearning Global Epoch  = 114
Federated Unlearning Global Epoch  = 115
Federated Unlearning Global Epoch  = 116
Federated Unlearning Global Epoch  = 117
Federated Unlearning Global Epoch  = 118
Federated Unlearning Global Epoch  = 119
Federated Unlearning Global Epoch  = 120
Federated Unlearning Global Epoch  = 121
Federated Unlearning Global Epoch  = 122
Federated Unlearning Global Epoch  = 123
Federated Unlearning Global Epoch  = 124
Federated Unlearning Global Epoch  = 125
Federated Unlearning Global Epoch  = 126
Federated Unlearning Global Epoch  = 127
Federated Unlearning Global Epoch  = 128
Federated Unlearning Global Epoch  = 129
Federated Unlearning Global Epoch  = 130
Federated Unlearning Global Epoch  = 131
Federated Unlearning Global Epoch  = 132
Federated Unlearning Global Epoch  = 133
Federated Unlearning Global Epoch  = 134
Federated Unlearning Global Epoch  = 135
Federated Unlearning Global Epoch  = 136
Federated Unlearning Global Epoch  = 137
Federated Unlearning Global Epoch  = 138
Federated Unlearning Global Epoch  = 139
Federated Unlearning Global Epoch  = 140
Federated Unlearning Global Epoch  = 141
Federated Unlearning Global Epoch  = 142
Federated Unlearning Global Epoch  = 143
Federated Unlearning Global Epoch  = 144
Federated Unlearning Global Epoch  = 145
Federated Unlearning Global Epoch  = 146
Federated Unlearning Global Epoch  = 147
Federated Unlearning Global Epoch  = 148
Federated Unlearning Global Epoch  = 149
Federated Unlearning Global Epoch  = 150
Federated Unlearning Global Epoch  = 151
Federated Unlearning Global Epoch  = 152
Federated Unlearning Global Epoch  = 153
Federated Unlearning Global Epoch  = 154
Federated Unlearning Global Epoch  = 155
Federated Unlearning Global Epoch  = 156
Federated Unlearning Global Epoch  = 157
Federated Unlearning Global Epoch  = 158
Federated Unlearning Global Epoch  = 159
Federated Unlearning Global Epoch  = 160
Federated Unlearning Global Epoch  = 161
Federated Unlearning Global Epoch  = 162
Federated Unlearning Global Epoch  = 163
Federated Unlearning Global Epoch  = 164
Federated Unlearning Global Epoch  = 165
Federated Unlearning Global Epoch  = 166
Federated Unlearning Global Epoch  = 167
Federated Unlearning Global Epoch  = 168
Federated Unlearning Global Epoch  = 169
Federated Unlearning Global Epoch  = 170
Federated Unlearning Global Epoch  = 171
Federated Unlearning Global Epoch  = 172
Federated Unlearning Global Epoch  = 173
Federated Unlearning Global Epoch  = 174
Federated Unlearning Global Epoch  = 175
Federated Unlearning Global Epoch  = 176
Federated Unlearning Global Epoch  = 177
Federated Unlearning Global Epoch  = 178
Federated Unlearning Global Epoch  = 179
Federated Unlearning Global Epoch  = 180
Federated Unlearning Global Epoch  = 181
Federated Unlearning Global Epoch  = 182
Federated Unlearning Global Epoch  = 183
Federated Unlearning Global Epoch  = 184
Federated Unlearning Global Epoch  = 185
Federated Unlearning Global Epoch  = 186
Federated Unlearning Global Epoch  = 187
Federated Unlearning Global Epoch  = 188
Federated Unlearning Global Epoch  = 189
Federated Unlearning Global Epoch  = 190
Federated Unlearning Global Epoch  = 191
Federated Unlearning Global Epoch  = 192
Federated Unlearning Global Epoch  = 193
Federated Unlearning Global Epoch  = 194
Federated Unlearning Global Epoch  = 195
Federated Unlearning Global Epoch  = 196
Federated Unlearning Global Epoch  = 197
Federated Unlearning Global Epoch  = 198
Federated Unlearning Global Epoch  = 199
Federated Unlearning Global Epoch  = 200
Federated Unlearning Global Epoch  = 201
Federated Unlearning Global Epoch  = 202
Federated Unlearning Global Epoch  = 203
Federated Unlearning Global Epoch  = 204
Federated Unlearning Global Epoch  = 205
Federated Unlearning Global Epoch  = 206
Federated Unlearning Global Epoch  = 207
Federated Unlearning Global Epoch  = 208
Federated Unlearning Global Epoch  = 209
Federated Unlearning Global Epoch  = 210
Federated Unlearning Global Epoch  = 211
Federated Unlearning Global Epoch  = 212
Federated Unlearning Global Epoch  = 213
Federated Unlearning Global Epoch  = 214
Federated Unlearning Global Epoch  = 215
Federated Unlearning Global Epoch  = 216
Federated Unlearning Global Epoch  = 217
Federated Unlearning Global Epoch  = 218
Federated Unlearning Global Epoch  = 219
Federated Unlearning Global Epoch  = 220
Federated Unlearning Global Epoch  = 221
Federated Unlearning Global Epoch  = 222
Federated Unlearning Global Epoch  = 223
Federated Unlearning Global Epoch  = 224
Federated Unlearning Global Epoch  = 225
Federated Unlearning Global Epoch  = 226
Federated Unlearning Global Epoch  = 227
Federated Unlearning Global Epoch  = 228
Federated Unlearning Global Epoch  = 229
Federated Unlearning Global Epoch  = 230
Federated Unlearning Global Epoch  = 231
Federated Unlearning Global Epoch  = 232
Federated Unlearning Global Epoch  = 233
Federated Unlearning Global Epoch  = 234
Federated Unlearning Global Epoch  = 235
Federated Unlearning Global Epoch  = 236
Federated Unlearning Global Epoch  = 237
Federated Unlearning Global Epoch  = 238
Federated Unlearning Global Epoch  = 239
Federated Unlearning Global Epoch  = 240
Federated Unlearning Global Epoch  = 241
Federated Unlearning Global Epoch  = 242
Federated Unlearning Global Epoch  = 243
Federated Unlearning Global Epoch  = 244
Federated Unlearning Global Epoch  = 245
Federated Unlearning Global Epoch  = 246
Federated Unlearning Global Epoch  = 247
Federated Unlearning Global Epoch  = 248
Federated Unlearning Global Epoch  = 249
Federated Unlearning Global Epoch  = 250
Federated Unlearning Global Epoch  = 251
Federated Unlearning Global Epoch  = 252
Federated Unlearning Global Epoch  = 253
Federated Unlearning Global Epoch  = 254
Federated Unlearning Global Epoch  = 255
Federated Unlearning Global Epoch  = 256
Federated Unlearning Global Epoch  = 257
Federated Unlearning Global Epoch  = 258
Federated Unlearning Global Epoch  = 259
Federated Unlearning Global Epoch  = 260
Federated Unlearning Global Epoch  = 261
Federated Unlearning Global Epoch  = 262
Federated Unlearning Global Epoch  = 263
Federated Unlearning Global Epoch  = 264
Federated Unlearning Global Epoch  = 265
Federated Unlearning Global Epoch  = 266
Federated Unlearning Global Epoch  = 267
Federated Unlearning Global Epoch  = 268
Federated Unlearning Global Epoch  = 269
Federated Unlearning Global Epoch  = 270
Federated Unlearning Global Epoch  = 271
Federated Unlearning Global Epoch  = 272
Federated Unlearning Global Epoch  = 273
Federated Unlearning Global Epoch  = 274
Federated Unlearning Global Epoch  = 275
Federated Unlearning Global Epoch  = 276
Federated Unlearning Global Epoch  = 277
Federated Unlearning Global Epoch  = 278
Federated Unlearning Global Epoch  = 279
Federated Unlearning Global Epoch  = 280
Federated Unlearning Global Epoch  = 281
Federated Unlearning Global Epoch  = 282
Federated Unlearning Global Epoch  = 283
Federated Unlearning Global Epoch  = 284
Federated Unlearning Global Epoch  = 285
Federated Unlearning Global Epoch  = 286
Federated Unlearning Global Epoch  = 287
Federated Unlearning Global Epoch  = 288
Federated Unlearning Global Epoch  = 289
Federated Unlearning Global Epoch  = 290
Federated Unlearning Global Epoch  = 291
Federated Unlearning Global Epoch  = 292
Federated Unlearning Global Epoch  = 293
Federated Unlearning Global Epoch  = 294
Federated Unlearning Global Epoch  = 295
Federated Unlearning Global Epoch  = 296
Federated Unlearning Global Epoch  = 297
Federated Unlearning Global Epoch  = 298
Federated Unlearning Global Epoch  = 299
Federated Unlearning Global Epoch  = 300
Federated Unlearning Global Epoch  = 301
Federated Unlearning Global Epoch  = 302
Federated Unlearning Global Epoch  = 303
Federated Unlearning Global Epoch  = 304
Federated Unlearning Global Epoch  = 305
Federated Unlearning Global Epoch  = 306
Federated Unlearning Global Epoch  = 307
Federated Unlearning Global Epoch  = 308
Federated Unlearning Global Epoch  = 309
Federated Unlearning Global Epoch  = 310
Federated Unlearning Global Epoch  = 311
Federated Unlearning Global Epoch  = 312
Federated Unlearning Global Epoch  = 313
Federated Unlearning Global Epoch  = 314
Federated Unlearning Global Epoch  = 315
Federated Unlearning Global Epoch  = 316
Federated Unlearning Global Epoch  = 317
Federated Unlearning Global Epoch  = 318
Federated Unlearning Global Epoch  = 319
Federated Unlearning Global Epoch  = 320
Federated Unlearning Global Epoch  = 321
Federated Unlearning Global Epoch  = 322
Federated Unlearning Global Epoch  = 323
Federated Unlearning Global Epoch  = 324
Federated Unlearning Global Epoch  = 325
Federated Unlearning Global Epoch  = 326
Federated Unlearning Global Epoch  = 327
Federated Unlearning Global Epoch  = 328
Federated Unlearning Global Epoch  = 329
Federated Unlearning Global Epoch  = 330
Federated Unlearning Global Epoch  = 331
Federated Unlearning Global Epoch  = 332
Federated Unlearning Global Epoch  = 333
Federated Unlearning Global Epoch  = 334
Federated Unlearning Global Epoch  = 335
Federated Unlearning Global Epoch  = 336
Federated Unlearning Global Epoch  = 337
Federated Unlearning Global Epoch  = 338
Federated Unlearning Global Epoch  = 339
Federated Unlearning Global Epoch  = 340
Federated Unlearning Global Epoch  = 341
Federated Unlearning Global Epoch  = 342
Federated Unlearning Global Epoch  = 343
Federated Unlearning Global Epoch  = 344
Federated Unlearning Global Epoch  = 345
Federated Unlearning Global Epoch  = 346
Federated Unlearning Global Epoch  = 347
Federated Unlearning Global Epoch  = 348
Federated Unlearning Global Epoch  = 349
Federated Unlearning Global Epoch  = 350
Federated Unlearning Global Epoch  = 351
Federated Unlearning Global Epoch  = 352
Federated Unlearning Global Epoch  = 353
Federated Unlearning Global Epoch  = 354
Federated Unlearning Global Epoch  = 355
Federated Unlearning Global Epoch  = 356
Federated Unlearning Global Epoch  = 357
Federated Unlearning Global Epoch  = 358
Federated Unlearning Global Epoch  = 359
Federated Unlearning Global Epoch  = 360
Federated Unlearning Global Epoch  = 361
Federated Unlearning Global Epoch  = 362
Federated Unlearning Global Epoch  = 363
Federated Unlearning Global Epoch  = 364
Federated Unlearning Global Epoch  = 365
Federated Unlearning Global Epoch  = 366
Federated Unlearning Global Epoch  = 367
Federated Unlearning Global Epoch  = 368
Federated Unlearning Global Epoch  = 369
Federated Unlearning Global Epoch  = 370
Federated Unlearning Global Epoch  = 371
Federated Unlearning Global Epoch  = 372
Federated Unlearning Global Epoch  = 373
Federated Unlearning Global Epoch  = 374
Federated Unlearning Global Epoch  = 375
Federated Unlearning Global Epoch  = 376
Federated Unlearning Global Epoch  = 377
Federated Unlearning Global Epoch  = 378
Federated Unlearning Global Epoch  = 379
Federated Unlearning Global Epoch  = 380
Federated Unlearning Global Epoch  = 381
Federated Unlearning Global Epoch  = 382
Federated Unlearning Global Epoch  = 383
Federated Unlearning Global Epoch  = 384
Federated Unlearning Global Epoch  = 385
Federated Unlearning Global Epoch  = 386
Federated Unlearning Global Epoch  = 387
Federated Unlearning Global Epoch  = 388
Federated Unlearning Global Epoch  = 389
Federated Unlearning Global Epoch  = 390
Federated Unlearning Global Epoch  = 391
Federated Unlearning Global Epoch  = 392
Federated Unlearning Global Epoch  = 393
Federated Unlearning Global Epoch  = 394
Federated Unlearning Global Epoch  = 395
Federated Unlearning Global Epoch  = 396
Federated Unlearning Global Epoch  = 397
Federated Unlearning Global Epoch  = 398
Federated Unlearning Global Epoch  = 399
Federated Unlearning Global Epoch  = 400
Federated Unlearning Global Epoch  = 401
Federated Unlearning Global Epoch  = 402
Federated Unlearning Global Epoch  = 403
Federated Unlearning Global Epoch  = 404
Federated Unlearning Global Epoch  = 405
Federated Unlearning Global Epoch  = 406
Federated Unlearning Global Epoch  = 407
Federated Unlearning Global Epoch  = 408
Federated Unlearning Global Epoch  = 409
Federated Unlearning Global Epoch  = 410
Federated Unlearning Global Epoch  = 411
Federated Unlearning Global Epoch  = 412
Federated Unlearning Global Epoch  = 413
Federated Unlearning Global Epoch  = 414
Federated Unlearning Global Epoch  = 415
Federated Unlearning Global Epoch  = 416
Federated Unlearning Global Epoch  = 417
Federated Unlearning Global Epoch  = 418
Federated Unlearning Global Epoch  = 419
Federated Unlearning Global Epoch  = 420
Federated Unlearning Global Epoch  = 421
Federated Unlearning Global Epoch  = 422
Federated Unlearning Global Epoch  = 423
Federated Unlearning Global Epoch  = 424
Federated Unlearning Global Epoch  = 425
Federated Unlearning Global Epoch  = 426
Federated Unlearning Global Epoch  = 427
Federated Unlearning Global Epoch  = 428
Federated Unlearning Global Epoch  = 429
Federated Unlearning Global Epoch  = 430
Federated Unlearning Global Epoch  = 431
Federated Unlearning Global Epoch  = 432
Federated Unlearning Global Epoch  = 433
Federated Unlearning Global Epoch  = 434
Federated Unlearning Global Epoch  = 435
Federated Unlearning Global Epoch  = 436
Federated Unlearning Global Epoch  = 437
Federated Unlearning Global Epoch  = 438
Federated Unlearning Global Epoch  = 439
Federated Unlearning Global Epoch  = 440
Federated Unlearning Global Epoch  = 441
Federated Unlearning Global Epoch  = 442
Federated Unlearning Global Epoch  = 443
Federated Unlearning Global Epoch  = 444
Federated Unlearning Global Epoch  = 445
Federated Unlearning Global Epoch  = 446
Federated Unlearning Global Epoch  = 447
Federated Unlearning Global Epoch  = 448
Federated Unlearning Global Epoch  = 449
Federated Unlearning Global Epoch  = 450
Federated Unlearning Global Epoch  = 451
Federated Unlearning Global Epoch  = 452
Federated Unlearning Global Epoch  = 453
Federated Unlearning Global Epoch  = 454
Federated Unlearning Global Epoch  = 455
Federated Unlearning Global Epoch  = 456
Federated Unlearning Global Epoch  = 457
Federated Unlearning Global Epoch  = 458
Federated Unlearning Global Epoch  = 459
Federated Unlearning Global Epoch  = 460
Federated Unlearning Global Epoch  = 461
Federated Unlearning Global Epoch  = 462
Federated Unlearning Global Epoch  = 463
Federated Unlearning Global Epoch  = 464
Federated Unlearning Global Epoch  = 465
Federated Unlearning Global Epoch  = 466
Federated Unlearning Global Epoch  = 467
Federated Unlearning Global Epoch  = 468
Federated Unlearning Global Epoch  = 469
Federated Unlearning Global Epoch  = 470
Federated Unlearning Global Epoch  = 471
Federated Unlearning Global Epoch  = 472
Federated Unlearning Global Epoch  = 473
Federated Unlearning Global Epoch  = 474
Federated Unlearning Global Epoch  = 475
Federated Unlearning Global Epoch  = 476
Federated Unlearning Global Epoch  = 477
Federated Unlearning Global Epoch  = 478
Federated Unlearning Global Epoch  = 479
Federated Unlearning Global Epoch  = 480
Federated Unlearning Global Epoch  = 481
Federated Unlearning Global Epoch  = 482
Federated Unlearning Global Epoch  = 483
Federated Unlearning Global Epoch  = 484
Federated Unlearning Global Epoch  = 485
Federated Unlearning Global Epoch  = 486
Federated Unlearning Global Epoch  = 487
Federated Unlearning Global Epoch  = 488
Federated Unlearning Global Epoch  = 489
Federated Unlearning Global Epoch  = 490
Federated Unlearning Global Epoch  = 491
Federated Unlearning Global Epoch  = 492
Federated Unlearning Global Epoch  = 493
Federated Unlearning Global Epoch  = 494
Federated Unlearning Global Epoch  = 495
Federated Unlearning Global Epoch  = 496
Federated Unlearning Global Epoch  = 497
Federated Unlearning Global Epoch  = 498
Federated Unlearning Global Epoch  = 499
Federated Unlearning Global Epoch  = 500
Federated Unlearning Global Epoch  = 501
Federated Unlearning Global Epoch  = 502
Federated Unlearning Global Epoch  = 503
Federated Unlearning Global Epoch  = 504
Federated Unlearning Global Epoch  = 505
Federated Unlearning Global Epoch  = 506
Federated Unlearning Global Epoch  = 507
Federated Unlearning Global Epoch  = 508
Federated Unlearning Global Epoch  = 509
Federated Unlearning Global Epoch  = 510
Federated Unlearning Global Epoch  = 511
Federated Unlearning Global Epoch  = 512
Federated Unlearning Global Epoch  = 513
Federated Unlearning Global Epoch  = 514
Federated Unlearning Global Epoch  = 515
Federated Unlearning Global Epoch  = 516
Federated Unlearning Global Epoch  = 517
Federated Unlearning Global Epoch  = 518
Federated Unlearning Global Epoch  = 519
Federated Unlearning Global Epoch  = 520
Federated Unlearning Global Epoch  = 521
Federated Unlearning Global Epoch  = 522
Federated Unlearning Global Epoch  = 523
Federated Unlearning Global Epoch  = 524
Federated Unlearning Global Epoch  = 525
Federated Unlearning Global Epoch  = 526
Federated Unlearning Global Epoch  = 527
Federated Unlearning Global Epoch  = 528
Federated Unlearning Global Epoch  = 529
Federated Unlearning Global Epoch  = 530
Federated Unlearning Global Epoch  = 531
Federated Unlearning Global Epoch  = 532
Federated Unlearning Global Epoch  = 533
Federated Unlearning Global Epoch  = 534
Federated Unlearning Global Epoch  = 535
Federated Unlearning Global Epoch  = 536
Federated Unlearning Global Epoch  = 537
Federated Unlearning Global Epoch  = 538
Federated Unlearning Global Epoch  = 539
Federated Unlearning Global Epoch  = 540
Federated Unlearning Global Epoch  = 541
Federated Unlearning Global Epoch  = 542
Federated Unlearning Global Epoch  = 543
Federated Unlearning Global Epoch  = 544
Federated Unlearning Global Epoch  = 545
Federated Unlearning Global Epoch  = 546
Federated Unlearning Global Epoch  = 547
Federated Unlearning Global Epoch  = 548
Federated Unlearning Global Epoch  = 549
Federated Unlearning Global Epoch  = 550
Federated Unlearning Global Epoch  = 551
Federated Unlearning Global Epoch  = 552
Federated Unlearning Global Epoch  = 553
Federated Unlearning Global Epoch  = 554
Federated Unlearning Global Epoch  = 555
Federated Unlearning Global Epoch  = 556
Federated Unlearning Global Epoch  = 557
Federated Unlearning Global Epoch  = 558
Federated Unlearning Global Epoch  = 559
Federated Unlearning Global Epoch  = 560
Federated Unlearning Global Epoch  = 561
Federated Unlearning Global Epoch  = 562
Federated Unlearning Global Epoch  = 563
Federated Unlearning Global Epoch  = 564
Federated Unlearning Global Epoch  = 565
Federated Unlearning Global Epoch  = 566
Federated Unlearning Global Epoch  = 567
Federated Unlearning Global Epoch  = 568
Federated Unlearning Global Epoch  = 569
Federated Unlearning Global Epoch  = 570
Federated Unlearning Global Epoch  = 571
Federated Unlearning Global Epoch  = 572
Federated Unlearning Global Epoch  = 573
Federated Unlearning Global Epoch  = 574
Federated Unlearning Global Epoch  = 575
Federated Unlearning Global Epoch  = 576
Federated Unlearning Global Epoch  = 577
Federated Unlearning Global Epoch  = 578
Federated Unlearning Global Epoch  = 579
Federated Unlearning Global Epoch  = 580
Federated Unlearning Global Epoch  = 581
Federated Unlearning Global Epoch  = 582
Federated Unlearning Global Epoch  = 583
Federated Unlearning Global Epoch  = 584
Federated Unlearning Global Epoch  = 585
Federated Unlearning Global Epoch  = 586
Federated Unlearning Global Epoch  = 587
Federated Unlearning Global Epoch  = 588
Federated Unlearning Global Epoch  = 589
Federated Unlearning Global Epoch  = 590
Federated Unlearning Global Epoch  = 591
Federated Unlearning Global Epoch  = 592
Federated Unlearning Global Epoch  = 593
Federated Unlearning Global Epoch  = 594
Federated Unlearning Global Epoch  = 595
Federated Unlearning Global Epoch  = 596
Federated Unlearning Global Epoch  = 597
Federated Unlearning Global Epoch  = 598
Federated Unlearning Global Epoch  = 599
#####  Federated Unlearning without Calibration End  #####
 Learning time consuming = 6587.842259168625 secods
 Unlearning time consuming = 12.581604242324829 secods
 Unlearning no Cali time consuming = 1.6728570461273193 secods


#####  【Federated Retraining Start】  #####
here了吧
Global Federated Learning epoch = 0
Test Loss=0.0146, Test accuracy=0.1495
here了吧
Global Federated Learning epoch = 1
Test Loss=0.0139, Test accuracy=0.2012
here了吧
Global Federated Learning epoch = 2
Test Loss=0.0129, Test accuracy=0.2634
here了吧
Global Federated Learning epoch = 3
Test Loss=0.0122, Test accuracy=0.3111
here了吧
Global Federated Learning epoch = 4
Test Loss=0.0117, Test accuracy=0.3353
here了吧
Global Federated Learning epoch = 5
Test Loss=0.0111, Test accuracy=0.3696
here了吧
Global Federated Learning epoch = 6
Test Loss=0.0107, Test accuracy=0.3854
here了吧
Global Federated Learning epoch = 7
Test Loss=0.0104, Test accuracy=0.4026
here了吧
Global Federated Learning epoch = 8
Test Loss=0.0102, Test accuracy=0.4187
here了吧
Global Federated Learning epoch = 9
Test Loss=0.0100, Test accuracy=0.4323
here了吧
Global Federated Learning epoch = 10
Test Loss=0.0098, Test accuracy=0.4423
here了吧
Global Federated Learning epoch = 11
Test Loss=0.0097, Test accuracy=0.4508
here了吧
Global Federated Learning epoch = 12
Test Loss=0.0094, Test accuracy=0.4613
here了吧
Global Federated Learning epoch = 13
Test Loss=0.0093, Test accuracy=0.4698
here了吧
Global Federated Learning epoch = 14
Test Loss=0.0093, Test accuracy=0.4736
here了吧
Global Federated Learning epoch = 15
Test Loss=0.0091, Test accuracy=0.4845
here了吧
Global Federated Learning epoch = 16
Test Loss=0.0091, Test accuracy=0.4914
here了吧
Global Federated Learning epoch = 17
Test Loss=0.0090, Test accuracy=0.4985
here了吧
Global Federated Learning epoch = 18
Test Loss=0.0089, Test accuracy=0.5038
here了吧
Global Federated Learning epoch = 19
Test Loss=0.0090, Test accuracy=0.4985
here了吧
Global Federated Learning epoch = 20
Test Loss=0.0089, Test accuracy=0.5084
here了吧
Global Federated Learning epoch = 21
Test Loss=0.0089, Test accuracy=0.5082
here了吧
Global Federated Learning epoch = 22
Test Loss=0.0088, Test accuracy=0.5090
here了吧
Global Federated Learning epoch = 23
Test Loss=0.0087, Test accuracy=0.5152
here了吧
Global Federated Learning epoch = 24
Test Loss=0.0088, Test accuracy=0.5121
here了吧
Global Federated Learning epoch = 25
Test Loss=0.0088, Test accuracy=0.5162
here了吧
Global Federated Learning epoch = 26
Test Loss=0.0089, Test accuracy=0.5139
here了吧
Global Federated Learning epoch = 27
Test Loss=0.0088, Test accuracy=0.5132
here了吧
Global Federated Learning epoch = 28
Test Loss=0.0088, Test accuracy=0.5197
here了吧
Global Federated Learning epoch = 29
Test Loss=0.0088, Test accuracy=0.5213
here了吧
Global Federated Learning epoch = 30
Test Loss=0.0088, Test accuracy=0.5260
here了吧
Global Federated Learning epoch = 31
Test Loss=0.0089, Test accuracy=0.5215
here了吧
Global Federated Learning epoch = 32
Test Loss=0.0089, Test accuracy=0.5205
here了吧
Global Federated Learning epoch = 33
Test Loss=0.0088, Test accuracy=0.5235
here了吧
Global Federated Learning epoch = 34
Test Loss=0.0089, Test accuracy=0.5238
here了吧
Global Federated Learning epoch = 35
Test Loss=0.0090, Test accuracy=0.5269
here了吧
Global Federated Learning epoch = 36
Test Loss=0.0089, Test accuracy=0.5236
here了吧
Global Federated Learning epoch = 37
Test Loss=0.0090, Test accuracy=0.5258
here了吧
Global Federated Learning epoch = 38
Test Loss=0.0092, Test accuracy=0.5273
here了吧
Global Federated Learning epoch = 39
Test Loss=0.0090, Test accuracy=0.5318
here了吧
Global Federated Learning epoch = 40
Test Loss=0.0090, Test accuracy=0.5328
here了吧
Global Federated Learning epoch = 41
Test Loss=0.0091, Test accuracy=0.5310
here了吧
Global Federated Learning epoch = 42
Test Loss=0.0093, Test accuracy=0.5304
here了吧
Global Federated Learning epoch = 43
Test Loss=0.0091, Test accuracy=0.5349
here了吧
Global Federated Learning epoch = 44
Test Loss=0.0092, Test accuracy=0.5350
here了吧
Global Federated Learning epoch = 45
Test Loss=0.0093, Test accuracy=0.5354
here了吧
Global Federated Learning epoch = 46
Test Loss=0.0092, Test accuracy=0.5341
here了吧
Global Federated Learning epoch = 47
Test Loss=0.0095, Test accuracy=0.5340
here了吧
Global Federated Learning epoch = 48
Test Loss=0.0096, Test accuracy=0.5259
here了吧
Global Federated Learning epoch = 49
Test Loss=0.0096, Test accuracy=0.5335
here了吧
Global Federated Learning epoch = 50
Test Loss=0.0095, Test accuracy=0.5337
here了吧
Global Federated Learning epoch = 51
Test Loss=0.0097, Test accuracy=0.5328
here了吧
Global Federated Learning epoch = 52
Test Loss=0.0096, Test accuracy=0.5364
here了吧
Global Federated Learning epoch = 53
Test Loss=0.0096, Test accuracy=0.5343
here了吧
Global Federated Learning epoch = 54
Test Loss=0.0097, Test accuracy=0.5355
here了吧
Global Federated Learning epoch = 55
Test Loss=0.0097, Test accuracy=0.5337
here了吧
Global Federated Learning epoch = 56
Test Loss=0.0099, Test accuracy=0.5380
here了吧
Global Federated Learning epoch = 57
Test Loss=0.0098, Test accuracy=0.5328
here了吧
Global Federated Learning epoch = 58
Test Loss=0.0099, Test accuracy=0.5349
here了吧
Global Federated Learning epoch = 59
Test Loss=0.0099, Test accuracy=0.5387
here了吧
Global Federated Learning epoch = 60
Test Loss=0.0100, Test accuracy=0.5396
here了吧
Global Federated Learning epoch = 61
Test Loss=0.0101, Test accuracy=0.5360
here了吧
Global Federated Learning epoch = 62
Test Loss=0.0100, Test accuracy=0.5387
here了吧
Global Federated Learning epoch = 63
Test Loss=0.0101, Test accuracy=0.5350
here了吧
Global Federated Learning epoch = 64
Test Loss=0.0103, Test accuracy=0.5359
here了吧
Global Federated Learning epoch = 65
Test Loss=0.0105, Test accuracy=0.5370
here了吧
Global Federated Learning epoch = 66
Test Loss=0.0103, Test accuracy=0.5383
here了吧
Global Federated Learning epoch = 67
Test Loss=0.0104, Test accuracy=0.5368
here了吧
Global Federated Learning epoch = 68
Test Loss=0.0104, Test accuracy=0.5302
here了吧
Global Federated Learning epoch = 69
Test Loss=0.0105, Test accuracy=0.5355
here了吧
Global Federated Learning epoch = 70
Test Loss=0.0106, Test accuracy=0.5403
here了吧
Global Federated Learning epoch = 71
Test Loss=0.0106, Test accuracy=0.5380
here了吧
Global Federated Learning epoch = 72
Test Loss=0.0106, Test accuracy=0.5352
here了吧
Global Federated Learning epoch = 73
Test Loss=0.0107, Test accuracy=0.5349
here了吧
Global Federated Learning epoch = 74
Test Loss=0.0107, Test accuracy=0.5384
here了吧
Global Federated Learning epoch = 75
Test Loss=0.0106, Test accuracy=0.5393
here了吧
Global Federated Learning epoch = 76
Test Loss=0.0107, Test accuracy=0.5445
here了吧
Global Federated Learning epoch = 77
Test Loss=0.0107, Test accuracy=0.5371
here了吧
Global Federated Learning epoch = 78
Test Loss=0.0110, Test accuracy=0.5376
here了吧
Global Federated Learning epoch = 79
Test Loss=0.0109, Test accuracy=0.5399
here了吧
Global Federated Learning epoch = 80
Test Loss=0.0110, Test accuracy=0.5380
here了吧
Global Federated Learning epoch = 81
Test Loss=0.0109, Test accuracy=0.5383
here了吧
Global Federated Learning epoch = 82
Test Loss=0.0111, Test accuracy=0.5404
here了吧
Global Federated Learning epoch = 83
Test Loss=0.0111, Test accuracy=0.5414
here了吧
Global Federated Learning epoch = 84
Test Loss=0.0112, Test accuracy=0.5394
here了吧
Global Federated Learning epoch = 85
Test Loss=0.0110, Test accuracy=0.5376
here了吧
Global Federated Learning epoch = 86
Test Loss=0.0113, Test accuracy=0.5383
here了吧
Global Federated Learning epoch = 87
Test Loss=0.0113, Test accuracy=0.5399
here了吧
Global Federated Learning epoch = 88
Test Loss=0.0113, Test accuracy=0.5442
here了吧
Global Federated Learning epoch = 89
Test Loss=0.0114, Test accuracy=0.5422
here了吧
Global Federated Learning epoch = 90
Test Loss=0.0114, Test accuracy=0.5392
here了吧
Global Federated Learning epoch = 91
Test Loss=0.0113, Test accuracy=0.5399
here了吧
Global Federated Learning epoch = 92
Test Loss=0.0115, Test accuracy=0.5435
here了吧
Global Federated Learning epoch = 93
Test Loss=0.0115, Test accuracy=0.5409
here了吧
Global Federated Learning epoch = 94
Test Loss=0.0116, Test accuracy=0.5365
here了吧
Global Federated Learning epoch = 95
Test Loss=0.0117, Test accuracy=0.5439
here了吧
Global Federated Learning epoch = 96
Test Loss=0.0117, Test accuracy=0.5370
here了吧
Global Federated Learning epoch = 97
Test Loss=0.0119, Test accuracy=0.5368
here了吧
Global Federated Learning epoch = 98
Test Loss=0.0116, Test accuracy=0.5322
here了吧
Global Federated Learning epoch = 99
Test Loss=0.0116, Test accuracy=0.5390
here了吧
Global Federated Learning epoch = 100
Test Loss=0.0117, Test accuracy=0.5389
here了吧
Global Federated Learning epoch = 101
Test Loss=0.0119, Test accuracy=0.5390
here了吧
Global Federated Learning epoch = 102
Test Loss=0.0120, Test accuracy=0.5409
here了吧
Global Federated Learning epoch = 103
Test Loss=0.0119, Test accuracy=0.5411
here了吧
Global Federated Learning epoch = 104
Test Loss=0.0122, Test accuracy=0.5374
here了吧
Global Federated Learning epoch = 105
Test Loss=0.0119, Test accuracy=0.5378
here了吧
Global Federated Learning epoch = 106
Test Loss=0.0121, Test accuracy=0.5344
here了吧
Global Federated Learning epoch = 107
Test Loss=0.0121, Test accuracy=0.5363
here了吧
Global Federated Learning epoch = 108
Test Loss=0.0122, Test accuracy=0.5324
here了吧
Global Federated Learning epoch = 109
Test Loss=0.0121, Test accuracy=0.5323
here了吧
Global Federated Learning epoch = 110
Test Loss=0.0124, Test accuracy=0.5373
here了吧
Global Federated Learning epoch = 111
Test Loss=0.0122, Test accuracy=0.5336
here了吧
Global Federated Learning epoch = 112
Test Loss=0.0124, Test accuracy=0.5377
here了吧
Global Federated Learning epoch = 113
Test Loss=0.0125, Test accuracy=0.5362
here了吧
Global Federated Learning epoch = 114
Test Loss=0.0122, Test accuracy=0.5317
here了吧
Global Federated Learning epoch = 115
Test Loss=0.0124, Test accuracy=0.5341
here了吧
Global Federated Learning epoch = 116
Test Loss=0.0123, Test accuracy=0.5354
here了吧
Global Federated Learning epoch = 117
Test Loss=0.0126, Test accuracy=0.5360
here了吧
Global Federated Learning epoch = 118
Test Loss=0.0124, Test accuracy=0.5391
here了吧
Global Federated Learning epoch = 119
Test Loss=0.0127, Test accuracy=0.5356
here了吧
Global Federated Learning epoch = 120
Test Loss=0.0127, Test accuracy=0.5373
here了吧
Global Federated Learning epoch = 121
Test Loss=0.0124, Test accuracy=0.5354
here了吧
Global Federated Learning epoch = 122
Test Loss=0.0127, Test accuracy=0.5347
here了吧
Global Federated Learning epoch = 123
Test Loss=0.0127, Test accuracy=0.5327
here了吧
Global Federated Learning epoch = 124
Test Loss=0.0128, Test accuracy=0.5372
here了吧
Global Federated Learning epoch = 125
Test Loss=0.0129, Test accuracy=0.5295
here了吧
Global Federated Learning epoch = 126
Test Loss=0.0129, Test accuracy=0.5349
here了吧
Global Federated Learning epoch = 127
Test Loss=0.0129, Test accuracy=0.5360
here了吧
Global Federated Learning epoch = 128
Test Loss=0.0127, Test accuracy=0.5310
here了吧
Global Federated Learning epoch = 129
Test Loss=0.0129, Test accuracy=0.5354
here了吧
Global Federated Learning epoch = 130
Test Loss=0.0127, Test accuracy=0.5349
here了吧
Global Federated Learning epoch = 131
Test Loss=0.0131, Test accuracy=0.5328
here了吧
Global Federated Learning epoch = 132
Test Loss=0.0129, Test accuracy=0.5352
here了吧
Global Federated Learning epoch = 133
Test Loss=0.0129, Test accuracy=0.5358
here了吧
Global Federated Learning epoch = 134
Test Loss=0.0132, Test accuracy=0.5342
here了吧
Global Federated Learning epoch = 135
Test Loss=0.0131, Test accuracy=0.5383
here了吧
Global Federated Learning epoch = 136
Test Loss=0.0130, Test accuracy=0.5412
here了吧
Global Federated Learning epoch = 137
Test Loss=0.0131, Test accuracy=0.5326
here了吧
Global Federated Learning epoch = 138
Test Loss=0.0132, Test accuracy=0.5346
here了吧
Global Federated Learning epoch = 139
Test Loss=0.0130, Test accuracy=0.5362
here了吧
Global Federated Learning epoch = 140
Test Loss=0.0134, Test accuracy=0.5340
here了吧
Global Federated Learning epoch = 141
Test Loss=0.0134, Test accuracy=0.5377
here了吧
Global Federated Learning epoch = 142
Test Loss=0.0134, Test accuracy=0.5347
here了吧
Global Federated Learning epoch = 143
Test Loss=0.0133, Test accuracy=0.5361
here了吧
Global Federated Learning epoch = 144
Test Loss=0.0134, Test accuracy=0.5330
here了吧
Global Federated Learning epoch = 145
Test Loss=0.0136, Test accuracy=0.5335
here了吧
Global Federated Learning epoch = 146
Test Loss=0.0136, Test accuracy=0.5337
here了吧
Global Federated Learning epoch = 147
Test Loss=0.0134, Test accuracy=0.5371
here了吧
Global Federated Learning epoch = 148
Test Loss=0.0136, Test accuracy=0.5393
here了吧
Global Federated Learning epoch = 149
Test Loss=0.0136, Test accuracy=0.5300
here了吧
Global Federated Learning epoch = 150
Test Loss=0.0136, Test accuracy=0.5361
here了吧
Global Federated Learning epoch = 151
Test Loss=0.0140, Test accuracy=0.5351
here了吧
Global Federated Learning epoch = 152
Test Loss=0.0139, Test accuracy=0.5376
here了吧
Global Federated Learning epoch = 153
Test Loss=0.0141, Test accuracy=0.5355
here了吧
Global Federated Learning epoch = 154
Test Loss=0.0138, Test accuracy=0.5359
here了吧
Global Federated Learning epoch = 155
Test Loss=0.0137, Test accuracy=0.5351
here了吧
Global Federated Learning epoch = 156
Test Loss=0.0141, Test accuracy=0.5328
here了吧
Global Federated Learning epoch = 157
Test Loss=0.0139, Test accuracy=0.5333
here了吧
Global Federated Learning epoch = 158
Test Loss=0.0141, Test accuracy=0.5323
here了吧
Global Federated Learning epoch = 159
Test Loss=0.0139, Test accuracy=0.5330
here了吧
Global Federated Learning epoch = 160
Test Loss=0.0139, Test accuracy=0.5289
here了吧
Global Federated Learning epoch = 161
Test Loss=0.0140, Test accuracy=0.5325
here了吧
Global Federated Learning epoch = 162
Test Loss=0.0139, Test accuracy=0.5308
here了吧
Global Federated Learning epoch = 163
Test Loss=0.0141, Test accuracy=0.5282
here了吧
Global Federated Learning epoch = 164
Test Loss=0.0140, Test accuracy=0.5288
here了吧
Global Federated Learning epoch = 165
Test Loss=0.0140, Test accuracy=0.5328
here了吧
Global Federated Learning epoch = 166
Test Loss=0.0140, Test accuracy=0.5313
here了吧
Global Federated Learning epoch = 167
Test Loss=0.0143, Test accuracy=0.5325
here了吧
Global Federated Learning epoch = 168
Test Loss=0.0143, Test accuracy=0.5339
here了吧
Global Federated Learning epoch = 169
Test Loss=0.0141, Test accuracy=0.5384
here了吧
Global Federated Learning epoch = 170
Test Loss=0.0140, Test accuracy=0.5340
here了吧
Global Federated Learning epoch = 171
Test Loss=0.0144, Test accuracy=0.5339
here了吧
Global Federated Learning epoch = 172
Test Loss=0.0143, Test accuracy=0.5312
here了吧
Global Federated Learning epoch = 173
Test Loss=0.0145, Test accuracy=0.5332
here了吧
Global Federated Learning epoch = 174
Test Loss=0.0145, Test accuracy=0.5315
here了吧
Global Federated Learning epoch = 175
Test Loss=0.0143, Test accuracy=0.5330
here了吧
Global Federated Learning epoch = 176
Test Loss=0.0144, Test accuracy=0.5295
here了吧
Global Federated Learning epoch = 177
Test Loss=0.0144, Test accuracy=0.5342
here了吧
Global Federated Learning epoch = 178
Test Loss=0.0142, Test accuracy=0.5338
here了吧
Global Federated Learning epoch = 179
Test Loss=0.0144, Test accuracy=0.5301
here了吧
Global Federated Learning epoch = 180
Test Loss=0.0144, Test accuracy=0.5295
here了吧
Global Federated Learning epoch = 181
Test Loss=0.0144, Test accuracy=0.5320
here了吧
Global Federated Learning epoch = 182
Test Loss=0.0146, Test accuracy=0.5309
here了吧
Global Federated Learning epoch = 183
Test Loss=0.0146, Test accuracy=0.5307
here了吧
Global Federated Learning epoch = 184
Test Loss=0.0146, Test accuracy=0.5305
here了吧
Global Federated Learning epoch = 185
Test Loss=0.0147, Test accuracy=0.5274
here了吧
Global Federated Learning epoch = 186
Test Loss=0.0147, Test accuracy=0.5313
here了吧
Global Federated Learning epoch = 187
Test Loss=0.0147, Test accuracy=0.5302
here了吧
Global Federated Learning epoch = 188
Test Loss=0.0145, Test accuracy=0.5329
here了吧
Global Federated Learning epoch = 189
Test Loss=0.0147, Test accuracy=0.5311
here了吧
Global Federated Learning epoch = 190
Test Loss=0.0148, Test accuracy=0.5332
here了吧
Global Federated Learning epoch = 191
Test Loss=0.0149, Test accuracy=0.5281
here了吧
Global Federated Learning epoch = 192
Test Loss=0.0147, Test accuracy=0.5335
here了吧
Global Federated Learning epoch = 193
Test Loss=0.0148, Test accuracy=0.5307
here了吧
Global Federated Learning epoch = 194
Test Loss=0.0148, Test accuracy=0.5268
here了吧
Global Federated Learning epoch = 195
Test Loss=0.0148, Test accuracy=0.5332
here了吧
Global Federated Learning epoch = 196
Test Loss=0.0149, Test accuracy=0.5267
here了吧
Global Federated Learning epoch = 197
Test Loss=0.0148, Test accuracy=0.5288
here了吧
Global Federated Learning epoch = 198
Test Loss=0.0151, Test accuracy=0.5299
here了吧
Global Federated Learning epoch = 199
Test Loss=0.0151, Test accuracy=0.5297
here了吧
Global Federated Learning epoch = 200
Test Loss=0.0148, Test accuracy=0.5307
here了吧
Global Federated Learning epoch = 201
Test Loss=0.0148, Test accuracy=0.5274
here了吧
Global Federated Learning epoch = 202
Test Loss=0.0149, Test accuracy=0.5281
here了吧
Global Federated Learning epoch = 203
Test Loss=0.0152, Test accuracy=0.5282
here了吧
Global Federated Learning epoch = 204
Test Loss=0.0151, Test accuracy=0.5267
here了吧
Global Federated Learning epoch = 205
Test Loss=0.0151, Test accuracy=0.5282
here了吧
Global Federated Learning epoch = 206
Test Loss=0.0151, Test accuracy=0.5264
here了吧
Global Federated Learning epoch = 207
Test Loss=0.0152, Test accuracy=0.5325
here了吧
Global Federated Learning epoch = 208
Test Loss=0.0152, Test accuracy=0.5298
here了吧
Global Federated Learning epoch = 209
Test Loss=0.0152, Test accuracy=0.5309
here了吧
Global Federated Learning epoch = 210
Test Loss=0.0153, Test accuracy=0.5299
here了吧
Global Federated Learning epoch = 211
Test Loss=0.0150, Test accuracy=0.5312
here了吧
Global Federated Learning epoch = 212
Test Loss=0.0152, Test accuracy=0.5268
here了吧
Global Federated Learning epoch = 213
Test Loss=0.0151, Test accuracy=0.5314
here了吧
Global Federated Learning epoch = 214
Test Loss=0.0152, Test accuracy=0.5300
here了吧
Global Federated Learning epoch = 215
Test Loss=0.0153, Test accuracy=0.5274
here了吧
Global Federated Learning epoch = 216
Test Loss=0.0155, Test accuracy=0.5271
here了吧
Global Federated Learning epoch = 217
Test Loss=0.0154, Test accuracy=0.5314
here了吧
Global Federated Learning epoch = 218
Test Loss=0.0154, Test accuracy=0.5303
here了吧
Global Federated Learning epoch = 219
Test Loss=0.0156, Test accuracy=0.5255
here了吧
Global Federated Learning epoch = 220
Test Loss=0.0153, Test accuracy=0.5288
here了吧
Global Federated Learning epoch = 221
Test Loss=0.0155, Test accuracy=0.5333
here了吧
Global Federated Learning epoch = 222
Test Loss=0.0155, Test accuracy=0.5259
here了吧
Global Federated Learning epoch = 223
Test Loss=0.0155, Test accuracy=0.5303
here了吧
Global Federated Learning epoch = 224
Test Loss=0.0153, Test accuracy=0.5325
here了吧
Global Federated Learning epoch = 225
Test Loss=0.0156, Test accuracy=0.5281
here了吧
Global Federated Learning epoch = 226
Test Loss=0.0155, Test accuracy=0.5289
here了吧
Global Federated Learning epoch = 227
Test Loss=0.0158, Test accuracy=0.5248
here了吧
Global Federated Learning epoch = 228
Test Loss=0.0155, Test accuracy=0.5254
here了吧
Global Federated Learning epoch = 229
Test Loss=0.0156, Test accuracy=0.5281
here了吧
Global Federated Learning epoch = 230
Test Loss=0.0157, Test accuracy=0.5278
here了吧
Global Federated Learning epoch = 231
Test Loss=0.0157, Test accuracy=0.5287
here了吧
Global Federated Learning epoch = 232
Test Loss=0.0155, Test accuracy=0.5294
here了吧
Global Federated Learning epoch = 233
Test Loss=0.0159, Test accuracy=0.5286
here了吧
Global Federated Learning epoch = 234
Test Loss=0.0155, Test accuracy=0.5314
here了吧
Global Federated Learning epoch = 235
Test Loss=0.0157, Test accuracy=0.5294
here了吧
Global Federated Learning epoch = 236
Test Loss=0.0156, Test accuracy=0.5284
here了吧
Global Federated Learning epoch = 237
Test Loss=0.0157, Test accuracy=0.5294
here了吧
Global Federated Learning epoch = 238
Test Loss=0.0159, Test accuracy=0.5278
here了吧
Global Federated Learning epoch = 239
Test Loss=0.0158, Test accuracy=0.5272
here了吧
Global Federated Learning epoch = 240
Test Loss=0.0156, Test accuracy=0.5271
here了吧
Global Federated Learning epoch = 241
Test Loss=0.0158, Test accuracy=0.5266
here了吧
Global Federated Learning epoch = 242
Test Loss=0.0159, Test accuracy=0.5266
here了吧
Global Federated Learning epoch = 243
Test Loss=0.0160, Test accuracy=0.5282
here了吧
Global Federated Learning epoch = 244
Test Loss=0.0159, Test accuracy=0.5308
here了吧
Global Federated Learning epoch = 245
Test Loss=0.0160, Test accuracy=0.5283
here了吧
Global Federated Learning epoch = 246
Test Loss=0.0159, Test accuracy=0.5225
here了吧
Global Federated Learning epoch = 247
Test Loss=0.0160, Test accuracy=0.5284
here了吧
Global Federated Learning epoch = 248
Test Loss=0.0159, Test accuracy=0.5295
here了吧
Global Federated Learning epoch = 249
Test Loss=0.0158, Test accuracy=0.5247
here了吧
Global Federated Learning epoch = 250
Test Loss=0.0160, Test accuracy=0.5259
here了吧
Global Federated Learning epoch = 251
Test Loss=0.0161, Test accuracy=0.5268
here了吧
Global Federated Learning epoch = 252
Test Loss=0.0160, Test accuracy=0.5260
here了吧
Global Federated Learning epoch = 253
Test Loss=0.0160, Test accuracy=0.5253
here了吧
Global Federated Learning epoch = 254
Test Loss=0.0159, Test accuracy=0.5225
here了吧
Global Federated Learning epoch = 255
Test Loss=0.0161, Test accuracy=0.5250
here了吧
Global Federated Learning epoch = 256
Test Loss=0.0163, Test accuracy=0.5233
here了吧
Global Federated Learning epoch = 257
Test Loss=0.0161, Test accuracy=0.5271
here了吧
Global Federated Learning epoch = 258
Test Loss=0.0162, Test accuracy=0.5268
here了吧
Global Federated Learning epoch = 259
Test Loss=0.0162, Test accuracy=0.5271
here了吧
Global Federated Learning epoch = 260
Test Loss=0.0160, Test accuracy=0.5279
here了吧
Global Federated Learning epoch = 261
Test Loss=0.0160, Test accuracy=0.5294
here了吧
Global Federated Learning epoch = 262
Test Loss=0.0162, Test accuracy=0.5264
here了吧
Global Federated Learning epoch = 263
Test Loss=0.0162, Test accuracy=0.5261
here了吧
Global Federated Learning epoch = 264
Test Loss=0.0163, Test accuracy=0.5259
here了吧
Global Federated Learning epoch = 265
Test Loss=0.0166, Test accuracy=0.5271
here了吧
Global Federated Learning epoch = 266
Test Loss=0.0164, Test accuracy=0.5280
here了吧
Global Federated Learning epoch = 267
Test Loss=0.0162, Test accuracy=0.5287
here了吧
Global Federated Learning epoch = 268
Test Loss=0.0162, Test accuracy=0.5277
here了吧
Global Federated Learning epoch = 269
Test Loss=0.0164, Test accuracy=0.5193
here了吧
Global Federated Learning epoch = 270
Test Loss=0.0168, Test accuracy=0.5283
here了吧
Global Federated Learning epoch = 271
Test Loss=0.0164, Test accuracy=0.5251
here了吧
Global Federated Learning epoch = 272
Test Loss=0.0164, Test accuracy=0.5255
here了吧
Global Federated Learning epoch = 273
Test Loss=0.0167, Test accuracy=0.5261
here了吧
Global Federated Learning epoch = 274
Test Loss=0.0166, Test accuracy=0.5276
here了吧
Global Federated Learning epoch = 275
Test Loss=0.0163, Test accuracy=0.5251
here了吧
Global Federated Learning epoch = 276
Test Loss=0.0168, Test accuracy=0.5252
here了吧
Global Federated Learning epoch = 277
Test Loss=0.0168, Test accuracy=0.5333
here了吧
Global Federated Learning epoch = 278
Test Loss=0.0165, Test accuracy=0.5295
here了吧
Global Federated Learning epoch = 279
Test Loss=0.0165, Test accuracy=0.5296
here了吧
Global Federated Learning epoch = 280
Test Loss=0.0161, Test accuracy=0.5281
here了吧
Global Federated Learning epoch = 281
Test Loss=0.0167, Test accuracy=0.5253
here了吧
Global Federated Learning epoch = 282
Test Loss=0.0164, Test accuracy=0.5267
here了吧
Global Federated Learning epoch = 283
Test Loss=0.0166, Test accuracy=0.5208
here了吧
Global Federated Learning epoch = 284
Test Loss=0.0165, Test accuracy=0.5253
here了吧
Global Federated Learning epoch = 285
Test Loss=0.0167, Test accuracy=0.5285
here了吧
Global Federated Learning epoch = 286
Test Loss=0.0168, Test accuracy=0.5243
here了吧
Global Federated Learning epoch = 287
Test Loss=0.0168, Test accuracy=0.5247
here了吧
Global Federated Learning epoch = 288
Test Loss=0.0168, Test accuracy=0.5279
here了吧
Global Federated Learning epoch = 289
Test Loss=0.0166, Test accuracy=0.5300
here了吧
Global Federated Learning epoch = 290
Test Loss=0.0167, Test accuracy=0.5268
here了吧
Global Federated Learning epoch = 291
Test Loss=0.0167, Test accuracy=0.5250
here了吧
Global Federated Learning epoch = 292
Test Loss=0.0167, Test accuracy=0.5265
here了吧
Global Federated Learning epoch = 293
Test Loss=0.0168, Test accuracy=0.5302
here了吧
Global Federated Learning epoch = 294
Test Loss=0.0168, Test accuracy=0.5221
here了吧
Global Federated Learning epoch = 295
Test Loss=0.0168, Test accuracy=0.5226
here了吧
Global Federated Learning epoch = 296
Test Loss=0.0170, Test accuracy=0.5261
here了吧
Global Federated Learning epoch = 297
Test Loss=0.0170, Test accuracy=0.5235
here了吧
Global Federated Learning epoch = 298
Test Loss=0.0168, Test accuracy=0.5280
here了吧
Global Federated Learning epoch = 299
Test Loss=0.0166, Test accuracy=0.5292
here了吧
Global Federated Learning epoch = 300
Test Loss=0.0170, Test accuracy=0.5247
here了吧
Global Federated Learning epoch = 301
Test Loss=0.0167, Test accuracy=0.5226
here了吧
Global Federated Learning epoch = 302
Test Loss=0.0170, Test accuracy=0.5257
here了吧
Global Federated Learning epoch = 303
Test Loss=0.0169, Test accuracy=0.5232
here了吧
Global Federated Learning epoch = 304
Test Loss=0.0171, Test accuracy=0.5235
here了吧
Global Federated Learning epoch = 305
Test Loss=0.0168, Test accuracy=0.5275
here了吧
Global Federated Learning epoch = 306
Test Loss=0.0168, Test accuracy=0.5315
here了吧
Global Federated Learning epoch = 307
Test Loss=0.0170, Test accuracy=0.5240
here了吧
Global Federated Learning epoch = 308
Test Loss=0.0171, Test accuracy=0.5252
here了吧
Global Federated Learning epoch = 309
Test Loss=0.0169, Test accuracy=0.5196
here了吧
Global Federated Learning epoch = 310
Test Loss=0.0169, Test accuracy=0.5236
here了吧
Global Federated Learning epoch = 311
Test Loss=0.0171, Test accuracy=0.5207
here了吧
Global Federated Learning epoch = 312
Test Loss=0.0171, Test accuracy=0.5287
here了吧
Global Federated Learning epoch = 313
Test Loss=0.0172, Test accuracy=0.5232
here了吧
Global Federated Learning epoch = 314
Test Loss=0.0171, Test accuracy=0.5251
here了吧
Global Federated Learning epoch = 315
Test Loss=0.0172, Test accuracy=0.5226
here了吧
Global Federated Learning epoch = 316
Test Loss=0.0172, Test accuracy=0.5211
here了吧
Global Federated Learning epoch = 317
Test Loss=0.0174, Test accuracy=0.5216
here了吧
Global Federated Learning epoch = 318
Test Loss=0.0173, Test accuracy=0.5209
here了吧
Global Federated Learning epoch = 319
Test Loss=0.0172, Test accuracy=0.5256
here了吧
Global Federated Learning epoch = 320
Test Loss=0.0171, Test accuracy=0.5257
here了吧
Global Federated Learning epoch = 321
Test Loss=0.0173, Test accuracy=0.5258
here了吧
Global Federated Learning epoch = 322
Test Loss=0.0175, Test accuracy=0.5294
here了吧
Global Federated Learning epoch = 323
Test Loss=0.0175, Test accuracy=0.5245
here了吧
Global Federated Learning epoch = 324
Test Loss=0.0170, Test accuracy=0.5267
here了吧
Global Federated Learning epoch = 325
Test Loss=0.0173, Test accuracy=0.5204
here了吧
Global Federated Learning epoch = 326
Test Loss=0.0172, Test accuracy=0.5218
here了吧
Global Federated Learning epoch = 327
Test Loss=0.0172, Test accuracy=0.5265
here了吧
Global Federated Learning epoch = 328
Test Loss=0.0176, Test accuracy=0.5207
here了吧
Global Federated Learning epoch = 329
Test Loss=0.0174, Test accuracy=0.5298
here了吧
Global Federated Learning epoch = 330
Test Loss=0.0175, Test accuracy=0.5254
here了吧
Global Federated Learning epoch = 331
Test Loss=0.0174, Test accuracy=0.5221
here了吧
Global Federated Learning epoch = 332
Test Loss=0.0174, Test accuracy=0.5177
here了吧
Global Federated Learning epoch = 333
Test Loss=0.0175, Test accuracy=0.5220
here了吧
Global Federated Learning epoch = 334
Test Loss=0.0173, Test accuracy=0.5253
here了吧
Global Federated Learning epoch = 335
Test Loss=0.0173, Test accuracy=0.5249
here了吧
Global Federated Learning epoch = 336
Test Loss=0.0175, Test accuracy=0.5239
here了吧
Global Federated Learning epoch = 337
Test Loss=0.0175, Test accuracy=0.5220
here了吧
Global Federated Learning epoch = 338
Test Loss=0.0173, Test accuracy=0.5249
here了吧
Global Federated Learning epoch = 339
Test Loss=0.0175, Test accuracy=0.5269
here了吧
Global Federated Learning epoch = 340
Test Loss=0.0176, Test accuracy=0.5281
here了吧
Global Federated Learning epoch = 341
Test Loss=0.0173, Test accuracy=0.5244
here了吧
Global Federated Learning epoch = 342
Test Loss=0.0178, Test accuracy=0.5239
here了吧
Global Federated Learning epoch = 343
Test Loss=0.0175, Test accuracy=0.5237
here了吧
Global Federated Learning epoch = 344
Test Loss=0.0176, Test accuracy=0.5251
here了吧
Global Federated Learning epoch = 345
Test Loss=0.0177, Test accuracy=0.5247
here了吧
Global Federated Learning epoch = 346
Test Loss=0.0174, Test accuracy=0.5264
here了吧
Global Federated Learning epoch = 347
Test Loss=0.0177, Test accuracy=0.5234
here了吧
Global Federated Learning epoch = 348
Test Loss=0.0175, Test accuracy=0.5223
here了吧
Global Federated Learning epoch = 349
Test Loss=0.0175, Test accuracy=0.5235
here了吧
Global Federated Learning epoch = 350
Test Loss=0.0177, Test accuracy=0.5252
here了吧
Global Federated Learning epoch = 351
Test Loss=0.0178, Test accuracy=0.5242
here了吧
Global Federated Learning epoch = 352
Test Loss=0.0176, Test accuracy=0.5198
here了吧
Global Federated Learning epoch = 353
Test Loss=0.0177, Test accuracy=0.5203
here了吧
Global Federated Learning epoch = 354
Test Loss=0.0178, Test accuracy=0.5217
here了吧
Global Federated Learning epoch = 355
Test Loss=0.0177, Test accuracy=0.5257
here了吧
Global Federated Learning epoch = 356
Test Loss=0.0180, Test accuracy=0.5269
here了吧
Global Federated Learning epoch = 357
Test Loss=0.0178, Test accuracy=0.5227
here了吧
Global Federated Learning epoch = 358
Test Loss=0.0177, Test accuracy=0.5274
here了吧
Global Federated Learning epoch = 359
Test Loss=0.0175, Test accuracy=0.5226
here了吧
Global Federated Learning epoch = 360
Test Loss=0.0178, Test accuracy=0.5240
here了吧
Global Federated Learning epoch = 361
Test Loss=0.0177, Test accuracy=0.5240
here了吧
Global Federated Learning epoch = 362
Test Loss=0.0177, Test accuracy=0.5276
here了吧
Global Federated Learning epoch = 363
Test Loss=0.0177, Test accuracy=0.5222
here了吧
Global Federated Learning epoch = 364
Test Loss=0.0179, Test accuracy=0.5243
here了吧
Global Federated Learning epoch = 365
Test Loss=0.0179, Test accuracy=0.5217
here了吧
Global Federated Learning epoch = 366
Test Loss=0.0179, Test accuracy=0.5213
here了吧
Global Federated Learning epoch = 367
Test Loss=0.0181, Test accuracy=0.5211
here了吧
Global Federated Learning epoch = 368
Test Loss=0.0181, Test accuracy=0.5236
here了吧
Global Federated Learning epoch = 369
Test Loss=0.0175, Test accuracy=0.5280
here了吧
Global Federated Learning epoch = 370
Test Loss=0.0181, Test accuracy=0.5244
here了吧
Global Federated Learning epoch = 371
Test Loss=0.0178, Test accuracy=0.5303
here了吧
Global Federated Learning epoch = 372
Test Loss=0.0179, Test accuracy=0.5250
here了吧
Global Federated Learning epoch = 373
Test Loss=0.0177, Test accuracy=0.5283
here了吧
Global Federated Learning epoch = 374
Test Loss=0.0178, Test accuracy=0.5245
here了吧
Global Federated Learning epoch = 375
Test Loss=0.0179, Test accuracy=0.5239
here了吧
Global Federated Learning epoch = 376
Test Loss=0.0179, Test accuracy=0.5283
here了吧
Global Federated Learning epoch = 377
Test Loss=0.0179, Test accuracy=0.5274
here了吧
Global Federated Learning epoch = 378
Test Loss=0.0181, Test accuracy=0.5239
here了吧
Global Federated Learning epoch = 379
Test Loss=0.0182, Test accuracy=0.5270
here了吧
Global Federated Learning epoch = 380
Test Loss=0.0181, Test accuracy=0.5217
here了吧
Global Federated Learning epoch = 381
Test Loss=0.0179, Test accuracy=0.5241
here了吧
Global Federated Learning epoch = 382
Test Loss=0.0181, Test accuracy=0.5252
here了吧
Global Federated Learning epoch = 383
Test Loss=0.0179, Test accuracy=0.5250
here了吧
Global Federated Learning epoch = 384
Test Loss=0.0180, Test accuracy=0.5227
here了吧
Global Federated Learning epoch = 385
Test Loss=0.0180, Test accuracy=0.5259
here了吧
Global Federated Learning epoch = 386
Test Loss=0.0181, Test accuracy=0.5202
here了吧
Global Federated Learning epoch = 387
Test Loss=0.0182, Test accuracy=0.5193
here了吧
Global Federated Learning epoch = 388
Test Loss=0.0181, Test accuracy=0.5227
here了吧
Global Federated Learning epoch = 389
Test Loss=0.0184, Test accuracy=0.5235
here了吧
Global Federated Learning epoch = 390
Test Loss=0.0180, Test accuracy=0.5256
here了吧
Global Federated Learning epoch = 391
Test Loss=0.0182, Test accuracy=0.5242
here了吧
Global Federated Learning epoch = 392
Test Loss=0.0181, Test accuracy=0.5265
here了吧
Global Federated Learning epoch = 393
Test Loss=0.0184, Test accuracy=0.5243
here了吧
Global Federated Learning epoch = 394
Test Loss=0.0183, Test accuracy=0.5245
here了吧
Global Federated Learning epoch = 395
Test Loss=0.0183, Test accuracy=0.5275
here了吧
Global Federated Learning epoch = 396
Test Loss=0.0183, Test accuracy=0.5231
here了吧
Global Federated Learning epoch = 397
Test Loss=0.0183, Test accuracy=0.5275
here了吧
Global Federated Learning epoch = 398
Test Loss=0.0183, Test accuracy=0.5282
here了吧
Global Federated Learning epoch = 399
Test Loss=0.0185, Test accuracy=0.5241
here了吧
Global Federated Learning epoch = 400
Test Loss=0.0184, Test accuracy=0.5227
here了吧
Global Federated Learning epoch = 401
Test Loss=0.0187, Test accuracy=0.5214
here了吧
Global Federated Learning epoch = 402
Test Loss=0.0182, Test accuracy=0.5207
here了吧
Global Federated Learning epoch = 403
Test Loss=0.0184, Test accuracy=0.5268
here了吧
Global Federated Learning epoch = 404
Test Loss=0.0183, Test accuracy=0.5257
here了吧
Global Federated Learning epoch = 405
Test Loss=0.0182, Test accuracy=0.5246
here了吧
Global Federated Learning epoch = 406
Test Loss=0.0183, Test accuracy=0.5234
here了吧
Global Federated Learning epoch = 407
Test Loss=0.0184, Test accuracy=0.5225
here了吧
Global Federated Learning epoch = 408
Test Loss=0.0181, Test accuracy=0.5287
here了吧
Global Federated Learning epoch = 409
Test Loss=0.0184, Test accuracy=0.5255
here了吧
Global Federated Learning epoch = 410
Test Loss=0.0184, Test accuracy=0.5252
here了吧
Global Federated Learning epoch = 411
Test Loss=0.0183, Test accuracy=0.5235
here了吧
Global Federated Learning epoch = 412
Test Loss=0.0183, Test accuracy=0.5207
here了吧
Global Federated Learning epoch = 413
Test Loss=0.0186, Test accuracy=0.5220
here了吧
Global Federated Learning epoch = 414
Test Loss=0.0186, Test accuracy=0.5254
here了吧
Global Federated Learning epoch = 415
Test Loss=0.0184, Test accuracy=0.5238
here了吧
Global Federated Learning epoch = 416
Test Loss=0.0187, Test accuracy=0.5240
here了吧
Global Federated Learning epoch = 417
Test Loss=0.0187, Test accuracy=0.5217
here了吧
Global Federated Learning epoch = 418
Test Loss=0.0188, Test accuracy=0.5174
here了吧
Global Federated Learning epoch = 419
Test Loss=0.0186, Test accuracy=0.5242
here了吧
Global Federated Learning epoch = 420
Test Loss=0.0186, Test accuracy=0.5251
here了吧
Global Federated Learning epoch = 421
Test Loss=0.0186, Test accuracy=0.5242
here了吧
Global Federated Learning epoch = 422
Test Loss=0.0189, Test accuracy=0.5243
here了吧
Global Federated Learning epoch = 423
Test Loss=0.0186, Test accuracy=0.5205
here了吧
Global Federated Learning epoch = 424
Test Loss=0.0184, Test accuracy=0.5226
here了吧
Global Federated Learning epoch = 425
Test Loss=0.0189, Test accuracy=0.5210
here了吧
Global Federated Learning epoch = 426
Test Loss=0.0188, Test accuracy=0.5244
here了吧
Global Federated Learning epoch = 427
Test Loss=0.0189, Test accuracy=0.5234
here了吧
Global Federated Learning epoch = 428
Test Loss=0.0191, Test accuracy=0.5245
here了吧
Global Federated Learning epoch = 429
Test Loss=0.0186, Test accuracy=0.5216
here了吧
Global Federated Learning epoch = 430
Test Loss=0.0187, Test accuracy=0.5219
here了吧
Global Federated Learning epoch = 431
Test Loss=0.0187, Test accuracy=0.5239
here了吧
Global Federated Learning epoch = 432
Test Loss=0.0187, Test accuracy=0.5252
here了吧
Global Federated Learning epoch = 433
Test Loss=0.0188, Test accuracy=0.5271
here了吧
Global Federated Learning epoch = 434
Test Loss=0.0183, Test accuracy=0.5226
here了吧
Global Federated Learning epoch = 435
Test Loss=0.0187, Test accuracy=0.5231
here了吧
Global Federated Learning epoch = 436
Test Loss=0.0189, Test accuracy=0.5262
here了吧
Global Federated Learning epoch = 437
Test Loss=0.0188, Test accuracy=0.5230
here了吧
Global Federated Learning epoch = 438
Test Loss=0.0187, Test accuracy=0.5232
here了吧
Global Federated Learning epoch = 439
Test Loss=0.0186, Test accuracy=0.5254
here了吧
Global Federated Learning epoch = 440
Test Loss=0.0191, Test accuracy=0.5210
here了吧
Global Federated Learning epoch = 441
Test Loss=0.0188, Test accuracy=0.5236
here了吧
Global Federated Learning epoch = 442
Test Loss=0.0186, Test accuracy=0.5225
here了吧
Global Federated Learning epoch = 443
Test Loss=0.0191, Test accuracy=0.5217
here了吧
Global Federated Learning epoch = 444
Test Loss=0.0188, Test accuracy=0.5252
here了吧
Global Federated Learning epoch = 445
Test Loss=0.0186, Test accuracy=0.5255
here了吧
Global Federated Learning epoch = 446
Test Loss=0.0188, Test accuracy=0.5195
here了吧
Global Federated Learning epoch = 447
Test Loss=0.0186, Test accuracy=0.5223
here了吧
Global Federated Learning epoch = 448
Test Loss=0.0190, Test accuracy=0.5248
here了吧
Global Federated Learning epoch = 449
Test Loss=0.0193, Test accuracy=0.5187
here了吧
Global Federated Learning epoch = 450
Test Loss=0.0189, Test accuracy=0.5198
here了吧
Global Federated Learning epoch = 451
Test Loss=0.0188, Test accuracy=0.5213
here了吧
Global Federated Learning epoch = 452
Test Loss=0.0184, Test accuracy=0.5212
here了吧
Global Federated Learning epoch = 453
Test Loss=0.0188, Test accuracy=0.5254
here了吧
Global Federated Learning epoch = 454
Test Loss=0.0189, Test accuracy=0.5252
here了吧
Global Federated Learning epoch = 455
Test Loss=0.0189, Test accuracy=0.5243
here了吧
Global Federated Learning epoch = 456
Test Loss=0.0185, Test accuracy=0.5245
here了吧
Global Federated Learning epoch = 457
Test Loss=0.0189, Test accuracy=0.5234
here了吧
Global Federated Learning epoch = 458
Test Loss=0.0186, Test accuracy=0.5220
here了吧
Global Federated Learning epoch = 459
Test Loss=0.0186, Test accuracy=0.5227
here了吧
Global Federated Learning epoch = 460
Test Loss=0.0190, Test accuracy=0.5220
here了吧
Global Federated Learning epoch = 461
Test Loss=0.0194, Test accuracy=0.5203
here了吧
Global Federated Learning epoch = 462
Test Loss=0.0187, Test accuracy=0.5254
here了吧
Global Federated Learning epoch = 463
Test Loss=0.0190, Test accuracy=0.5276
here了吧
Global Federated Learning epoch = 464
Test Loss=0.0192, Test accuracy=0.5216
here了吧
Global Federated Learning epoch = 465
Test Loss=0.0190, Test accuracy=0.5243
here了吧
Global Federated Learning epoch = 466
Test Loss=0.0189, Test accuracy=0.5261
here了吧
Global Federated Learning epoch = 467
Test Loss=0.0188, Test accuracy=0.5246
here了吧
Global Federated Learning epoch = 468
Test Loss=0.0185, Test accuracy=0.5252
here了吧
Global Federated Learning epoch = 469
Test Loss=0.0191, Test accuracy=0.5224
here了吧
Global Federated Learning epoch = 470
Test Loss=0.0191, Test accuracy=0.5267
here了吧
Global Federated Learning epoch = 471
Test Loss=0.0190, Test accuracy=0.5195
here了吧
Global Federated Learning epoch = 472
Test Loss=0.0192, Test accuracy=0.5221
here了吧
Global Federated Learning epoch = 473
Test Loss=0.0190, Test accuracy=0.5225
here了吧
Global Federated Learning epoch = 474
Test Loss=0.0194, Test accuracy=0.5265
here了吧
Global Federated Learning epoch = 475
Test Loss=0.0192, Test accuracy=0.5214
here了吧
Global Federated Learning epoch = 476
Test Loss=0.0191, Test accuracy=0.5181
here了吧
Global Federated Learning epoch = 477
Test Loss=0.0192, Test accuracy=0.5240
here了吧
Global Federated Learning epoch = 478
Test Loss=0.0194, Test accuracy=0.5234
here了吧
Global Federated Learning epoch = 479
Test Loss=0.0192, Test accuracy=0.5241
here了吧
Global Federated Learning epoch = 480
Test Loss=0.0195, Test accuracy=0.5177
here了吧
Global Federated Learning epoch = 481
Test Loss=0.0195, Test accuracy=0.5187
here了吧
Global Federated Learning epoch = 482
Test Loss=0.0192, Test accuracy=0.5216
here了吧
Global Federated Learning epoch = 483
Test Loss=0.0190, Test accuracy=0.5221
here了吧
Global Federated Learning epoch = 484
Test Loss=0.0192, Test accuracy=0.5216
here了吧
Global Federated Learning epoch = 485
Test Loss=0.0192, Test accuracy=0.5214
here了吧
Global Federated Learning epoch = 486
Test Loss=0.0194, Test accuracy=0.5206
here了吧
Global Federated Learning epoch = 487
Test Loss=0.0192, Test accuracy=0.5252
here了吧
Global Federated Learning epoch = 488
Test Loss=0.0192, Test accuracy=0.5243
here了吧
Global Federated Learning epoch = 489
Test Loss=0.0191, Test accuracy=0.5198
here了吧
Global Federated Learning epoch = 490
Test Loss=0.0192, Test accuracy=0.5251
here了吧
Global Federated Learning epoch = 491
Test Loss=0.0188, Test accuracy=0.5239
here了吧
Global Federated Learning epoch = 492
Test Loss=0.0194, Test accuracy=0.5208
here了吧
Global Federated Learning epoch = 493
Test Loss=0.0188, Test accuracy=0.5240
here了吧
Global Federated Learning epoch = 494
Test Loss=0.0193, Test accuracy=0.5207
here了吧
Global Federated Learning epoch = 495
Test Loss=0.0192, Test accuracy=0.5247
here了吧
Global Federated Learning epoch = 496
Test Loss=0.0192, Test accuracy=0.5230
here了吧
Global Federated Learning epoch = 497
Test Loss=0.0191, Test accuracy=0.5236
here了吧
Global Federated Learning epoch = 498
Test Loss=0.0191, Test accuracy=0.5238
here了吧
Global Federated Learning epoch = 499
Test Loss=0.0193, Test accuracy=0.5234
here了吧
Global Federated Learning epoch = 500
Test Loss=0.0191, Test accuracy=0.5218
here了吧
Global Federated Learning epoch = 501
Test Loss=0.0195, Test accuracy=0.5206
here了吧
Global Federated Learning epoch = 502
Test Loss=0.0198, Test accuracy=0.5271
here了吧
Global Federated Learning epoch = 503
Test Loss=0.0194, Test accuracy=0.5201
here了吧
Global Federated Learning epoch = 504
Test Loss=0.0194, Test accuracy=0.5221
here了吧
Global Federated Learning epoch = 505
Test Loss=0.0195, Test accuracy=0.5287
here了吧
Global Federated Learning epoch = 506
Test Loss=0.0192, Test accuracy=0.5228
here了吧
Global Federated Learning epoch = 507
Test Loss=0.0195, Test accuracy=0.5264
here了吧
Global Federated Learning epoch = 508
Test Loss=0.0195, Test accuracy=0.5222
here了吧
Global Federated Learning epoch = 509
Test Loss=0.0195, Test accuracy=0.5224
here了吧
Global Federated Learning epoch = 510
Test Loss=0.0196, Test accuracy=0.5240
here了吧
Global Federated Learning epoch = 511
Test Loss=0.0197, Test accuracy=0.5298
here了吧
Global Federated Learning epoch = 512
Test Loss=0.0195, Test accuracy=0.5192
here了吧
Global Federated Learning epoch = 513
Test Loss=0.0197, Test accuracy=0.5185
here了吧
Global Federated Learning epoch = 514
Test Loss=0.0196, Test accuracy=0.5234
here了吧
Global Federated Learning epoch = 515
Test Loss=0.0197, Test accuracy=0.5214
here了吧
Global Federated Learning epoch = 516
Test Loss=0.0197, Test accuracy=0.5225
here了吧
Global Federated Learning epoch = 517
Test Loss=0.0190, Test accuracy=0.5279
here了吧
Global Federated Learning epoch = 518
Test Loss=0.0197, Test accuracy=0.5206
here了吧
Global Federated Learning epoch = 519
Test Loss=0.0195, Test accuracy=0.5247
here了吧
Global Federated Learning epoch = 520
Test Loss=0.0194, Test accuracy=0.5290
here了吧
Global Federated Learning epoch = 521
Test Loss=0.0193, Test accuracy=0.5255
here了吧
Global Federated Learning epoch = 522
Test Loss=0.0194, Test accuracy=0.5297
here了吧
Global Federated Learning epoch = 523
Test Loss=0.0196, Test accuracy=0.5238
here了吧
Global Federated Learning epoch = 524
Test Loss=0.0195, Test accuracy=0.5228
here了吧
Global Federated Learning epoch = 525
Test Loss=0.0195, Test accuracy=0.5210
here了吧
Global Federated Learning epoch = 526
Test Loss=0.0195, Test accuracy=0.5228
here了吧
Global Federated Learning epoch = 527
Test Loss=0.0194, Test accuracy=0.5222
here了吧
Global Federated Learning epoch = 528
Test Loss=0.0197, Test accuracy=0.5200
here了吧
Global Federated Learning epoch = 529
Test Loss=0.0194, Test accuracy=0.5275
here了吧
Global Federated Learning epoch = 530
Test Loss=0.0196, Test accuracy=0.5207
here了吧
Global Federated Learning epoch = 531
Test Loss=0.0199, Test accuracy=0.5200
here了吧
Global Federated Learning epoch = 532
Test Loss=0.0195, Test accuracy=0.5183
here了吧
Global Federated Learning epoch = 533
Test Loss=0.0199, Test accuracy=0.5206
here了吧
Global Federated Learning epoch = 534
Test Loss=0.0198, Test accuracy=0.5215
here了吧
Global Federated Learning epoch = 535
Test Loss=0.0202, Test accuracy=0.5249
here了吧
Global Federated Learning epoch = 536
Test Loss=0.0199, Test accuracy=0.5201
here了吧
Global Federated Learning epoch = 537
Test Loss=0.0198, Test accuracy=0.5230
here了吧
Global Federated Learning epoch = 538
Test Loss=0.0203, Test accuracy=0.5249
here了吧
Global Federated Learning epoch = 539
Test Loss=0.0199, Test accuracy=0.5186
here了吧
Global Federated Learning epoch = 540
Test Loss=0.0197, Test accuracy=0.5223
here了吧
Global Federated Learning epoch = 541
Test Loss=0.0200, Test accuracy=0.5187
here了吧
Global Federated Learning epoch = 542
Test Loss=0.0200, Test accuracy=0.5220
here了吧
Global Federated Learning epoch = 543
Test Loss=0.0195, Test accuracy=0.5258
here了吧
Global Federated Learning epoch = 544
Test Loss=0.0195, Test accuracy=0.5269
here了吧
Global Federated Learning epoch = 545
Test Loss=0.0202, Test accuracy=0.5161
here了吧
Global Federated Learning epoch = 546
Test Loss=0.0200, Test accuracy=0.5226
here了吧
Global Federated Learning epoch = 547
Test Loss=0.0196, Test accuracy=0.5228
here了吧
Global Federated Learning epoch = 548
Test Loss=0.0196, Test accuracy=0.5258
here了吧
Global Federated Learning epoch = 549
Test Loss=0.0198, Test accuracy=0.5243
here了吧
Global Federated Learning epoch = 550
Test Loss=0.0195, Test accuracy=0.5209
here了吧
Global Federated Learning epoch = 551
Test Loss=0.0198, Test accuracy=0.5220
here了吧
Global Federated Learning epoch = 552
Test Loss=0.0200, Test accuracy=0.5225
here了吧
Global Federated Learning epoch = 553
Test Loss=0.0198, Test accuracy=0.5228
here了吧
Global Federated Learning epoch = 554
Test Loss=0.0195, Test accuracy=0.5251
here了吧
Global Federated Learning epoch = 555
Test Loss=0.0197, Test accuracy=0.5266
here了吧
Global Federated Learning epoch = 556
Test Loss=0.0197, Test accuracy=0.5225
here了吧
Global Federated Learning epoch = 557
Test Loss=0.0199, Test accuracy=0.5204
here了吧
Global Federated Learning epoch = 558
Test Loss=0.0198, Test accuracy=0.5238
here了吧
Global Federated Learning epoch = 559
Test Loss=0.0198, Test accuracy=0.5206
here了吧
Global Federated Learning epoch = 560
Test Loss=0.0198, Test accuracy=0.5225
here了吧
Global Federated Learning epoch = 561
Test Loss=0.0197, Test accuracy=0.5238
here了吧
Global Federated Learning epoch = 562
Test Loss=0.0195, Test accuracy=0.5275
here了吧
Global Federated Learning epoch = 563
Test Loss=0.0200, Test accuracy=0.5266
here了吧
Global Federated Learning epoch = 564
Test Loss=0.0198, Test accuracy=0.5177
here了吧
Global Federated Learning epoch = 565
Test Loss=0.0200, Test accuracy=0.5222
here了吧
Global Federated Learning epoch = 566
Test Loss=0.0203, Test accuracy=0.5207
here了吧
Global Federated Learning epoch = 567
Test Loss=0.0199, Test accuracy=0.5202
here了吧
Global Federated Learning epoch = 568
Test Loss=0.0199, Test accuracy=0.5243
here了吧
Global Federated Learning epoch = 569
Test Loss=0.0202, Test accuracy=0.5184
here了吧
Global Federated Learning epoch = 570
Test Loss=0.0201, Test accuracy=0.5230
here了吧
Global Federated Learning epoch = 571
Test Loss=0.0200, Test accuracy=0.5211
here了吧
Global Federated Learning epoch = 572
Test Loss=0.0198, Test accuracy=0.5201
here了吧
Global Federated Learning epoch = 573
Test Loss=0.0201, Test accuracy=0.5233
here了吧
Global Federated Learning epoch = 574
Test Loss=0.0203, Test accuracy=0.5221
here了吧
Global Federated Learning epoch = 575
Test Loss=0.0203, Test accuracy=0.5185
here了吧
Global Federated Learning epoch = 576
Test Loss=0.0199, Test accuracy=0.5271
here了吧
Global Federated Learning epoch = 577
Test Loss=0.0201, Test accuracy=0.5227
here了吧
Global Federated Learning epoch = 578
Test Loss=0.0200, Test accuracy=0.5197
here了吧
Global Federated Learning epoch = 579
Test Loss=0.0201, Test accuracy=0.5237
here了吧
Global Federated Learning epoch = 580
Test Loss=0.0198, Test accuracy=0.5259
here了吧
Global Federated Learning epoch = 581
Test Loss=0.0199, Test accuracy=0.5224
here了吧
Global Federated Learning epoch = 582
Test Loss=0.0198, Test accuracy=0.5221
here了吧
Global Federated Learning epoch = 583
Test Loss=0.0199, Test accuracy=0.5224
here了吧
Global Federated Learning epoch = 584
Test Loss=0.0197, Test accuracy=0.5202
here了吧
Global Federated Learning epoch = 585
Test Loss=0.0201, Test accuracy=0.5196
here了吧
Global Federated Learning epoch = 586
Test Loss=0.0200, Test accuracy=0.5212
here了吧
Global Federated Learning epoch = 587
Test Loss=0.0200, Test accuracy=0.5216
here了吧
Global Federated Learning epoch = 588
Test Loss=0.0204, Test accuracy=0.5194
here了吧
Global Federated Learning epoch = 589
Test Loss=0.0202, Test accuracy=0.5202
here了吧
Global Federated Learning epoch = 590
Test Loss=0.0202, Test accuracy=0.5235
here了吧
Global Federated Learning epoch = 591
Test Loss=0.0203, Test accuracy=0.5209
here了吧
Global Federated Learning epoch = 592
Test Loss=0.0204, Test accuracy=0.5150
here了吧
Global Federated Learning epoch = 593
Test Loss=0.0202, Test accuracy=0.5195
here了吧
Global Federated Learning epoch = 594
Test Loss=0.0201, Test accuracy=0.5242
here了吧
Global Federated Learning epoch = 595
Test Loss=0.0204, Test accuracy=0.5232
here了吧
Global Federated Learning epoch = 596
Test Loss=0.0201, Test accuracy=0.5233
here了吧
Global Federated Learning epoch = 597
Test Loss=0.0206, Test accuracy=0.5201
here了吧
Global Federated Learning epoch = 598
Test Loss=0.0201, Test accuracy=0.5248
here了吧
Global Federated Learning epoch = 599
Test Loss=0.0201, Test accuracy=0.5227
#####  Federated Retraining End  #####
Retrain Time using = 7157.787230968475 seconds 3
Test Loss=0.0197, Test accuracy=0.5163
Test Loss=94.7351, Test accuracy=0.1185
Test Loss=0.0201, Test accuracy=0.5233
Test Loss=0.0195, Test accuracy=0.5165
FL_params.unlearn_client:  7
Test Loss=0.0486, Test accuracy=0.8582
Test Loss=1751.8949, Test accuracy=0.1044
Test Loss=0.3917, Test accuracy=0.4980
Test Loss=0.0499, Test accuracy=0.8666
*****  Result Summary  *****
[FedEraser] Test set: Average loss = 3.06892218, Average acc = 0.5165
[FedAccum] Test set: Average loss = 14873.41811803, Average acc = 0.1185
[FedRetrain] Test set: Average loss = 3.15516826, Average acc = 0.5233
[FedAvg] Test set: Average loss = 3.08863694, Average acc = 0.5163


[FedEraser] Target set: Average loss = 0.38883640, Average acc = 0.8582
[FedAccum] Target set: Average loss = 14015.15930176, Average acc = 0.1044
[FedRetrain] Target set: Average loss = 3.13362360, Average acc = 0.4980
[FedAvg] Target set: Average loss = 0.39926401, Average acc = 0.8666
============================================================
Step4. Membership Inference Attack aganist GM...

Epoch  = -1
Attacking against FL Standard  
MIA Attacker accuracy = 0.6380
MIA Attacker precision = 0.9059
MIA Attacker recall = 0.3080
Attacking against FL Retrain  
MIA Attacker accuracy = 0.5160
MIA Attacker precision = 0.5288
MIA Attacker recall = 0.2940
Attacking against FL Unlearn  
MIA Attacker accuracy = 0.5660
MIA Attacker precision = 0.6187
MIA Attacker recall = 0.3440
Attacking against FL Unlearn without calibration  
MIA Attacker accuracy = 0.4990
MIA Attacker precision = 0.0000
MIA Attacker recall = 0.0000
