Files already downloaded and verified
============================================================
Step1. Federated Learning Settings 
 We use dataset: cifar10 for our Federated Unlearning experiment.

============================================================
Step2. Client data loaded, testing data loaded!!!
       Initial Model loaded!!!
Files already downloaded and verified
Files already downloaded and verified
============================================================
Step3. Fedearated Learning and Unlearning Training...
#####  Federated Learning Start#####
Global Federated Learning epoch = 0
Global Federated Learning epoch = 1
Global Federated Learning epoch = 2
Global Federated Learning epoch = 3
Global Federated Learning epoch = 4
Global Federated Learning epoch = 5
Global Federated Learning epoch = 6
Global Federated Learning epoch = 7
Global Federated Learning epoch = 8
Global Federated Learning epoch = 9
Global Federated Learning epoch = 10
Global Federated Learning epoch = 11
Global Federated Learning epoch = 12
Global Federated Learning epoch = 13
Global Federated Learning epoch = 14
Global Federated Learning epoch = 15
Global Federated Learning epoch = 16
Global Federated Learning epoch = 17
Global Federated Learning epoch = 18
Global Federated Learning epoch = 19
#####  Federated Learning End#####


#####  Federated Unlearning Start  #####
#### Sample-level Unlearning ####
selected_clients2 [1, 3, 3, 5]
P:  [1, 3, 3, 5]
X_u <torch.utils.data.dataloader.DataLoader object at 0x16d7deca0>
data_loader_ku <torch.utils.data.dataloader.DataLoader object at 0x16d7deca0>
here
client_data_loaders:  [<torch.utils.data.dataloader.DataLoader object at 0x16d7e1640>, <torch.utils.data.dataloader.DataLoader object at 0x2a6751a60>, <torch.utils.data.dataloader.DataLoader object at 0x16d7def70>, <torch.utils.data.dataloader.DataLoader object at 0x16d7dae50>, <torch.utils.data.dataloader.DataLoader object at 0x16d7e6f10>, <torch.utils.data.dataloader.DataLoader object at 0x16d7e1820>, <torch.utils.data.dataloader.DataLoader object at 0x16d7e4a30>, <torch.utils.data.dataloader.DataLoader object at 0x16d7dab80>, <torch.utils.data.dataloader.DataLoader object at 0x16d7e42b0>, <torch.utils.data.dataloader.DataLoader object at 0x16d7e4b20>, <torch.utils.data.dataloader.DataLoader object at 0x16d7de250>] 11
Federated Unlearning Global Epoch  = 1
Federated Unlearning Global Epoch  = 2
Federated Unlearning Global Epoch  = 3
Federated Unlearning Global Epoch  = 4
Federated Unlearning Global Epoch  = 5
Federated Unlearning Global Epoch  = 6
Federated Unlearning Global Epoch  = 7
Federated Unlearning Global Epoch  = 8
Federated Unlearning Global Epoch  = 9
Federated Unlearning Global Epoch  = 10
Federated Unlearning Global Epoch  = 11
Federated Unlearning Global Epoch  = 12
Federated Unlearning Global Epoch  = 13
Federated Unlearning Global Epoch  = 14
Federated Unlearning Global Epoch  = 15
Federated Unlearning Global Epoch  = 16
Federated Unlearning Global Epoch  = 17
Federated Unlearning Global Epoch  = 18
Federated Unlearning Global Epoch  = 19
N [1, 3, 3, 5]
cc 0.4
ss 1.0666666666666667
rouc:  0.4  rous:  0.32
IE:  {1, 3, 5, 7, 9, 11, 13, 15, 17}
tr:  5
selected_clients:      [7 2 8 9]
client_models 10
selected_clients:      [5 8 5 9]
client_models 10
selected_clients:      [3 6 7 6]
client_models 10
selected_clients:      [9 1 4 5]
client_models 10
selected_clients:      [4 0 4 1]
client_models 10
selected_clients:      [3 3 4 5]
client_models 10
selected_clients:      [2 5 9 1]
client_models 10
here
client_data_loaders:  [<torch.utils.data.dataloader.DataLoader object at 0x16d7e1640>, <torch.utils.data.dataloader.DataLoader object at 0x16386d280>, <torch.utils.data.dataloader.DataLoader object at 0x16d7def70>, <torch.utils.data.dataloader.DataLoader object at 0x16d7dae50>, <torch.utils.data.dataloader.DataLoader object at 0x16d7e6f10>, <torch.utils.data.dataloader.DataLoader object at 0x16d7e1820>, <torch.utils.data.dataloader.DataLoader object at 0x16d7e4a30>, <torch.utils.data.dataloader.DataLoader object at 0x16d7dab80>, <torch.utils.data.dataloader.DataLoader object at 0x16d7e42b0>, <torch.utils.data.dataloader.DataLoader object at 0x16d7e4b20>, <torch.utils.data.dataloader.DataLoader object at 0x16d7de250>] 11
Federated Unlearning Global Epoch  = 1
Federated Unlearning Global Epoch  = 2
Federated Unlearning Global Epoch  = 3
Federated Unlearning Global Epoch  = 4
Federated Unlearning Global Epoch  = 5
Federated Unlearning Global Epoch  = 6
Federated Unlearning Global Epoch  = 7
Federated Unlearning Global Epoch  = 8
Federated Unlearning Global Epoch  = 9
Federated Unlearning Global Epoch  = 10
Federated Unlearning Global Epoch  = 11
Federated Unlearning Global Epoch  = 12
Federated Unlearning Global Epoch  = 13
Federated Unlearning Global Epoch  = 14
Federated Unlearning Global Epoch  = 15
Federated Unlearning Global Epoch  = 16
Federated Unlearning Global Epoch  = 17
Federated Unlearning Global Epoch  = 18
Federated Unlearning Global Epoch  = 19
N [1, 3, 3, 5]
cc 0.4
ss 1.0666666666666667
rouc:  0.4  rous:  0.32
IE:  {1, 3, 5, 7, 9, 11, 13, 15, 17}
tr:  5
selected_clients:      [6 3 6 6]
client_models 10
selected_clients:      [2 7 7 1]
client_models 10
selected_clients:      [6 4 9 3]
client_models 10
selected_clients:      [4 0 2 4]
client_models 10
selected_clients:      [5 6 0 8]
client_models 10
selected_clients:      [0 9 0 8]
client_models 10
selected_clients:      [2 7 7 7]
client_models 10
here
client_data_loaders:  [<torch.utils.data.dataloader.DataLoader object at 0x16d7e1640>, <torch.utils.data.dataloader.DataLoader object at 0x16df23f70>, <torch.utils.data.dataloader.DataLoader object at 0x16d7def70>, <torch.utils.data.dataloader.DataLoader object at 0x16d7dae50>, <torch.utils.data.dataloader.DataLoader object at 0x16d7e6f10>, <torch.utils.data.dataloader.DataLoader object at 0x16d7e1820>, <torch.utils.data.dataloader.DataLoader object at 0x16d7e4a30>, <torch.utils.data.dataloader.DataLoader object at 0x16d7dab80>, <torch.utils.data.dataloader.DataLoader object at 0x16d7e42b0>, <torch.utils.data.dataloader.DataLoader object at 0x16d7e4b20>, <torch.utils.data.dataloader.DataLoader object at 0x16d7de250>] 11
Federated Unlearning Global Epoch  = 1
Federated Unlearning Global Epoch  = 2
Federated Unlearning Global Epoch  = 3
Federated Unlearning Global Epoch  = 4
Federated Unlearning Global Epoch  = 5
Federated Unlearning Global Epoch  = 6
Federated Unlearning Global Epoch  = 7
Federated Unlearning Global Epoch  = 8
Federated Unlearning Global Epoch  = 9
Federated Unlearning Global Epoch  = 10
Federated Unlearning Global Epoch  = 11
Federated Unlearning Global Epoch  = 12
Federated Unlearning Global Epoch  = 13
Federated Unlearning Global Epoch  = 14
Federated Unlearning Global Epoch  = 15
Federated Unlearning Global Epoch  = 16
Federated Unlearning Global Epoch  = 17
Federated Unlearning Global Epoch  = 18
Federated Unlearning Global Epoch  = 19
N [1, 3, 3, 5]
cc 0.4
ss 1.0666666666666667
rouc:  0.4  rous:  0.32
IE:  {1, 3, 5, 7, 9, 11, 13, 15, 17}
tr:  5
selected_clients:      [8 4 8 7]
client_models 10
selected_clients:      [0 1 0 4]
client_models 10
selected_clients:      [1 8 7 8]
client_models 10
selected_clients:      [4 3 0 8]
client_models 10
selected_clients:      [7 0 3 9]
client_models 10
selected_clients:      [0 1 4 9]
client_models 10
selected_clients:      [8 9 3 9]
client_models 10
here
client_data_loaders:  [<torch.utils.data.dataloader.DataLoader object at 0x16d7e1640>, <torch.utils.data.dataloader.DataLoader object at 0x2a8304040>, <torch.utils.data.dataloader.DataLoader object at 0x16d7def70>, <torch.utils.data.dataloader.DataLoader object at 0x16d7dae50>, <torch.utils.data.dataloader.DataLoader object at 0x16d7e6f10>, <torch.utils.data.dataloader.DataLoader object at 0x16d7e1820>, <torch.utils.data.dataloader.DataLoader object at 0x16d7e4a30>, <torch.utils.data.dataloader.DataLoader object at 0x16d7dab80>, <torch.utils.data.dataloader.DataLoader object at 0x16d7e42b0>, <torch.utils.data.dataloader.DataLoader object at 0x16d7e4b20>, <torch.utils.data.dataloader.DataLoader object at 0x16d7de250>] 11
Federated Unlearning Global Epoch  = 1
Federated Unlearning Global Epoch  = 2
Federated Unlearning Global Epoch  = 3
Federated Unlearning Global Epoch  = 4
Federated Unlearning Global Epoch  = 5
Federated Unlearning Global Epoch  = 6
Federated Unlearning Global Epoch  = 7
Federated Unlearning Global Epoch  = 8
Federated Unlearning Global Epoch  = 9
Federated Unlearning Global Epoch  = 10
Federated Unlearning Global Epoch  = 11
Federated Unlearning Global Epoch  = 12
Federated Unlearning Global Epoch  = 13
Federated Unlearning Global Epoch  = 14
Federated Unlearning Global Epoch  = 15
Federated Unlearning Global Epoch  = 16
Federated Unlearning Global Epoch  = 17
Federated Unlearning Global Epoch  = 18
Federated Unlearning Global Epoch  = 19
N [1, 3, 3, 5]
cc 0.4
ss 1.0666666666666667
rouc:  0.4  rous:  0.32
IE:  {1, 3, 5, 7, 9, 11, 13, 15, 17}
tr:  5
selected_clients:      [3 2 9 2]
client_models 10
selected_clients:      [1 4 4 0]
client_models 10
selected_clients:      [6 7 3 8]
client_models 10
selected_clients:      [6 6 1 6]
client_models 10
selected_clients:      [2 6 6 3]
client_models 10
selected_clients:      [5 9 0 8]
client_models 10
selected_clients:      [4 8 8 2]
client_models 10
here
client_data_loaders:  [<torch.utils.data.dataloader.DataLoader object at 0x16d7e1640>, <torch.utils.data.dataloader.DataLoader object at 0x2a63305b0>, <torch.utils.data.dataloader.DataLoader object at 0x16d7def70>, <torch.utils.data.dataloader.DataLoader object at 0x16d7dae50>, <torch.utils.data.dataloader.DataLoader object at 0x16d7e6f10>, <torch.utils.data.dataloader.DataLoader object at 0x16d7e1820>, <torch.utils.data.dataloader.DataLoader object at 0x16d7e4a30>, <torch.utils.data.dataloader.DataLoader object at 0x16d7dab80>, <torch.utils.data.dataloader.DataLoader object at 0x16d7e42b0>, <torch.utils.data.dataloader.DataLoader object at 0x16d7e4b20>, <torch.utils.data.dataloader.DataLoader object at 0x16d7de250>] 11
Federated Unlearning Global Epoch  = 1
Federated Unlearning Global Epoch  = 2
Federated Unlearning Global Epoch  = 3
Federated Unlearning Global Epoch  = 4
Federated Unlearning Global Epoch  = 5
Federated Unlearning Global Epoch  = 6
Federated Unlearning Global Epoch  = 7
Federated Unlearning Global Epoch  = 8
Federated Unlearning Global Epoch  = 9
Federated Unlearning Global Epoch  = 10
Federated Unlearning Global Epoch  = 11
Federated Unlearning Global Epoch  = 12
Federated Unlearning Global Epoch  = 13
Federated Unlearning Global Epoch  = 14
Federated Unlearning Global Epoch  = 15
Federated Unlearning Global Epoch  = 16
Federated Unlearning Global Epoch  = 17
Federated Unlearning Global Epoch  = 18
Federated Unlearning Global Epoch  = 19
N [1, 3, 3, 5]
cc 0.4
ss 1.0666666666666667
rouc:  0.4  rous:  0.32
IE:  {1, 3, 5, 7, 9, 11, 13, 15, 17}
tr:  5
selected_clients:      [9 9 4 3]
client_models 10
selected_clients:      [8 6 7 6]
client_models 10
selected_clients:      [9 0 3 5]
client_models 10
selected_clients:      [6 3 5 5]
client_models 10
selected_clients:      [3 0 9 3]
client_models 10
selected_clients:      [1 7 1 7]
client_models 10
selected_clients:      [9 2 3 5]
client_models 10
here
client_data_loaders:  [<torch.utils.data.dataloader.DataLoader object at 0x16d7e1640>, <torch.utils.data.dataloader.DataLoader object at 0x16d8959a0>, <torch.utils.data.dataloader.DataLoader object at 0x16d7def70>, <torch.utils.data.dataloader.DataLoader object at 0x16d7dae50>, <torch.utils.data.dataloader.DataLoader object at 0x16d7e6f10>, <torch.utils.data.dataloader.DataLoader object at 0x16d7e1820>, <torch.utils.data.dataloader.DataLoader object at 0x16d7e4a30>, <torch.utils.data.dataloader.DataLoader object at 0x16d7dab80>, <torch.utils.data.dataloader.DataLoader object at 0x16d7e42b0>, <torch.utils.data.dataloader.DataLoader object at 0x16d7e4b20>, <torch.utils.data.dataloader.DataLoader object at 0x16d7de250>] 11
Federated Unlearning Global Epoch  = 1
Federated Unlearning Global Epoch  = 2
Federated Unlearning Global Epoch  = 3
Federated Unlearning Global Epoch  = 4
Federated Unlearning Global Epoch  = 5
Federated Unlearning Global Epoch  = 6
Federated Unlearning Global Epoch  = 7
Federated Unlearning Global Epoch  = 8
Federated Unlearning Global Epoch  = 9
Federated Unlearning Global Epoch  = 10
Federated Unlearning Global Epoch  = 11
Federated Unlearning Global Epoch  = 12
Federated Unlearning Global Epoch  = 13
Federated Unlearning Global Epoch  = 14
Federated Unlearning Global Epoch  = 15
Federated Unlearning Global Epoch  = 16
Federated Unlearning Global Epoch  = 17
Federated Unlearning Global Epoch  = 18
Federated Unlearning Global Epoch  = 19
N [1, 3, 3, 5]
cc 0.4
ss 1.0666666666666667
rouc:  0.4  rous:  0.32
IE:  {1, 3, 5, 7, 9, 11, 13, 15, 17}
tr:  5
selected_clients:      [7 2 3 6]
client_models 10
selected_clients:      [6 4 0 4]
client_models 10
selected_clients:      [5 1 6 3]
client_models 10
selected_clients:      [8 9 0 8]
client_models 10
selected_clients:      [4 7 1 1]
client_models 10
selected_clients:      [9 4 4 1]
client_models 10
selected_clients:      [8 7 4 7]
client_models 10
here
client_data_loaders:  [<torch.utils.data.dataloader.DataLoader object at 0x16d7e1640>, <torch.utils.data.dataloader.DataLoader object at 0x16df8f8b0>, <torch.utils.data.dataloader.DataLoader object at 0x16d7def70>, <torch.utils.data.dataloader.DataLoader object at 0x16d7dae50>, <torch.utils.data.dataloader.DataLoader object at 0x16d7e6f10>, <torch.utils.data.dataloader.DataLoader object at 0x16d7e1820>, <torch.utils.data.dataloader.DataLoader object at 0x16d7e4a30>, <torch.utils.data.dataloader.DataLoader object at 0x16d7dab80>, <torch.utils.data.dataloader.DataLoader object at 0x16d7e42b0>, <torch.utils.data.dataloader.DataLoader object at 0x16d7e4b20>, <torch.utils.data.dataloader.DataLoader object at 0x16d7de250>] 11
Federated Unlearning Global Epoch  = 1
Federated Unlearning Global Epoch  = 2
Federated Unlearning Global Epoch  = 3
Federated Unlearning Global Epoch  = 4
Federated Unlearning Global Epoch  = 5
Federated Unlearning Global Epoch  = 6
Federated Unlearning Global Epoch  = 7
Federated Unlearning Global Epoch  = 8
Federated Unlearning Global Epoch  = 9
Federated Unlearning Global Epoch  = 10
Federated Unlearning Global Epoch  = 11
Federated Unlearning Global Epoch  = 12
Federated Unlearning Global Epoch  = 13
Federated Unlearning Global Epoch  = 14
Federated Unlearning Global Epoch  = 15
Federated Unlearning Global Epoch  = 16
Federated Unlearning Global Epoch  = 17
Federated Unlearning Global Epoch  = 18
Federated Unlearning Global Epoch  = 19
N [1, 3, 3, 5]
cc 0.4
ss 1.0666666666666667
rouc:  0.4  rous:  0.32
IE:  {1, 3, 5, 7, 9, 11, 13, 15, 17}
tr:  5
selected_clients:      [0 6 7 9]
client_models 10
selected_clients:      [2 7 1 5]
client_models 10
selected_clients:      [3 1 0 5]
client_models 10
selected_clients:      [5 2 4 1]
client_models 10
selected_clients:      [2 7 6 4]
client_models 10
selected_clients:      [6 3 8 0]
client_models 10
selected_clients:      [3 7 9 8]
client_models 10
here
client_data_loaders:  [<torch.utils.data.dataloader.DataLoader object at 0x16d7e1640>, <torch.utils.data.dataloader.DataLoader object at 0x2a61d9670>, <torch.utils.data.dataloader.DataLoader object at 0x16d7def70>, <torch.utils.data.dataloader.DataLoader object at 0x16d7dae50>, <torch.utils.data.dataloader.DataLoader object at 0x16d7e6f10>, <torch.utils.data.dataloader.DataLoader object at 0x16d7e1820>, <torch.utils.data.dataloader.DataLoader object at 0x16d7e4a30>, <torch.utils.data.dataloader.DataLoader object at 0x16d7dab80>, <torch.utils.data.dataloader.DataLoader object at 0x16d7e42b0>, <torch.utils.data.dataloader.DataLoader object at 0x16d7e4b20>, <torch.utils.data.dataloader.DataLoader object at 0x16d7de250>] 11
Federated Unlearning Global Epoch  = 1
Federated Unlearning Global Epoch  = 2
Federated Unlearning Global Epoch  = 3
Federated Unlearning Global Epoch  = 4
Federated Unlearning Global Epoch  = 5
Federated Unlearning Global Epoch  = 6
Federated Unlearning Global Epoch  = 7
Federated Unlearning Global Epoch  = 8
Federated Unlearning Global Epoch  = 9
Federated Unlearning Global Epoch  = 10
Federated Unlearning Global Epoch  = 11
Federated Unlearning Global Epoch  = 12
Federated Unlearning Global Epoch  = 13
Federated Unlearning Global Epoch  = 14
Federated Unlearning Global Epoch  = 15
Federated Unlearning Global Epoch  = 16
Federated Unlearning Global Epoch  = 17
Federated Unlearning Global Epoch  = 18
Federated Unlearning Global Epoch  = 19
N [1, 3, 3, 5]
cc 0.4
ss 1.0666666666666667
rouc:  0.4  rous:  0.32
IE:  {1, 3, 5, 7, 9, 11, 13, 15, 17}
tr:  5
selected_clients:      [2 0 7 4]
client_models 10
selected_clients:      [1 5 6 7]
client_models 10
selected_clients:      [3 4 5 6]
client_models 10
selected_clients:      [6 3 4 1]
client_models 10
selected_clients:      [6 7 0 3]
client_models 10
selected_clients:      [4 8 6 8]
client_models 10
selected_clients:      [5 2 1 7]
client_models 10
X_u <torch.utils.data.dataloader.DataLoader object at 0x2a61d9670>
data_loader_ku <torch.utils.data.dataloader.DataLoader object at 0x2a61d9670>
here
client_data_loaders:  [<torch.utils.data.dataloader.DataLoader object at 0x16d7e1640>, <torch.utils.data.dataloader.DataLoader object at 0x16d9abb20>, <torch.utils.data.dataloader.DataLoader object at 0x16d7def70>, <torch.utils.data.dataloader.DataLoader object at 0x16d7dae50>, <torch.utils.data.dataloader.DataLoader object at 0x16d7e6f10>, <torch.utils.data.dataloader.DataLoader object at 0x16d7e1820>, <torch.utils.data.dataloader.DataLoader object at 0x16d7e4a30>, <torch.utils.data.dataloader.DataLoader object at 0x16d7dab80>, <torch.utils.data.dataloader.DataLoader object at 0x16d7e42b0>, <torch.utils.data.dataloader.DataLoader object at 0x16d7e4b20>, <torch.utils.data.dataloader.DataLoader object at 0x16d7de250>] 11
Federated Unlearning Global Epoch  = 1
Federated Unlearning Global Epoch  = 2
Federated Unlearning Global Epoch  = 3
Federated Unlearning Global Epoch  = 4
Federated Unlearning Global Epoch  = 5
Federated Unlearning Global Epoch  = 6
Federated Unlearning Global Epoch  = 7
Federated Unlearning Global Epoch  = 8
Federated Unlearning Global Epoch  = 9
Federated Unlearning Global Epoch  = 10
Federated Unlearning Global Epoch  = 11
Federated Unlearning Global Epoch  = 12
Federated Unlearning Global Epoch  = 13
Federated Unlearning Global Epoch  = 14
Federated Unlearning Global Epoch  = 15
Federated Unlearning Global Epoch  = 16
Federated Unlearning Global Epoch  = 17
Federated Unlearning Global Epoch  = 18
Federated Unlearning Global Epoch  = 19
N [1, 3, 3, 5]
cc 0.4
ss 1.0666666666666667
rouc:  0.4  rous:  0.32
IE:  {1, 3, 5, 7, 9, 11, 13, 15, 17}
tr:  5
selected_clients:      [0 7 3 7]
client_models 10
selected_clients:      [2 9 6 5]
client_models 10
selected_clients:      [9 5 8 2]
client_models 10
selected_clients:      [8 4 3 5]
client_models 10
selected_clients:      [6 8 8 5]
client_models 10
selected_clients:      [9 1 4 9]
client_models 10
selected_clients:      [3 9 6 6]
client_models 10
here
client_data_loaders:  [<torch.utils.data.dataloader.DataLoader object at 0x16d7e1640>, <torch.utils.data.dataloader.DataLoader object at 0x2a7867250>, <torch.utils.data.dataloader.DataLoader object at 0x16d7def70>, <torch.utils.data.dataloader.DataLoader object at 0x16d7dae50>, <torch.utils.data.dataloader.DataLoader object at 0x16d7e6f10>, <torch.utils.data.dataloader.DataLoader object at 0x16d7e1820>, <torch.utils.data.dataloader.DataLoader object at 0x16d7e4a30>, <torch.utils.data.dataloader.DataLoader object at 0x16d7dab80>, <torch.utils.data.dataloader.DataLoader object at 0x16d7e42b0>, <torch.utils.data.dataloader.DataLoader object at 0x16d7e4b20>, <torch.utils.data.dataloader.DataLoader object at 0x16d7de250>] 11
Federated Unlearning Global Epoch  = 1
Federated Unlearning Global Epoch  = 2
Federated Unlearning Global Epoch  = 3
Federated Unlearning Global Epoch  = 4
Federated Unlearning Global Epoch  = 5
Federated Unlearning Global Epoch  = 6
Federated Unlearning Global Epoch  = 7
Federated Unlearning Global Epoch  = 8
Federated Unlearning Global Epoch  = 9
Federated Unlearning Global Epoch  = 10
Federated Unlearning Global Epoch  = 11
Federated Unlearning Global Epoch  = 12
Federated Unlearning Global Epoch  = 13
Federated Unlearning Global Epoch  = 14
Federated Unlearning Global Epoch  = 15
Federated Unlearning Global Epoch  = 16
Federated Unlearning Global Epoch  = 17
Federated Unlearning Global Epoch  = 18
Federated Unlearning Global Epoch  = 19
N [1, 3, 3, 5]
cc 0.4
ss 1.0666666666666667
rouc:  0.4  rous:  0.32
IE:  {1, 3, 5, 7, 9, 11, 13, 15, 17}
tr:  5
selected_clients:      [2 4 2 1]
client_models 10
selected_clients:      [5 0 4 6]
client_models 10
selected_clients:      [9 8 2 9]
client_models 10
selected_clients:      [6 0 8 1]
client_models 10
selected_clients:      [9 7 4 2]
client_models 10
selected_clients:      [5 8 7 1]
client_models 10
selected_clients:      [9 3 9 2]
client_models 10
here
client_data_loaders:  [<torch.utils.data.dataloader.DataLoader object at 0x16d7e1640>, <torch.utils.data.dataloader.DataLoader object at 0x2a625d880>, <torch.utils.data.dataloader.DataLoader object at 0x16d7def70>, <torch.utils.data.dataloader.DataLoader object at 0x16d7dae50>, <torch.utils.data.dataloader.DataLoader object at 0x16d7e6f10>, <torch.utils.data.dataloader.DataLoader object at 0x16d7e1820>, <torch.utils.data.dataloader.DataLoader object at 0x16d7e4a30>, <torch.utils.data.dataloader.DataLoader object at 0x16d7dab80>, <torch.utils.data.dataloader.DataLoader object at 0x16d7e42b0>, <torch.utils.data.dataloader.DataLoader object at 0x16d7e4b20>, <torch.utils.data.dataloader.DataLoader object at 0x16d7de250>] 11
Federated Unlearning Global Epoch  = 1
Federated Unlearning Global Epoch  = 2
Federated Unlearning Global Epoch  = 3
Federated Unlearning Global Epoch  = 4
Federated Unlearning Global Epoch  = 5
Federated Unlearning Global Epoch  = 6
Federated Unlearning Global Epoch  = 7
Federated Unlearning Global Epoch  = 8
Federated Unlearning Global Epoch  = 9
Federated Unlearning Global Epoch  = 10
Federated Unlearning Global Epoch  = 11
Federated Unlearning Global Epoch  = 12
Federated Unlearning Global Epoch  = 13
Federated Unlearning Global Epoch  = 14
Federated Unlearning Global Epoch  = 15
Federated Unlearning Global Epoch  = 16
Federated Unlearning Global Epoch  = 17
Federated Unlearning Global Epoch  = 18
Federated Unlearning Global Epoch  = 19
N [1, 3, 3, 5]
cc 0.4
ss 1.0666666666666667
rouc:  0.4  rous:  0.32
IE:  {1, 3, 5, 7, 9, 11, 13, 15, 17}
tr:  5
selected_clients:      [3 8 5 2]
client_models 10
selected_clients:      [6 0 1 2]
client_models 10
selected_clients:      [3 8 0 8]
client_models 10
selected_clients:      [9 0 5 1]
client_models 10
selected_clients:      [1 4 0 3]
client_models 10
selected_clients:      [7 2 6 9]
client_models 10
selected_clients:      [0 3 6 1]
client_models 10
here
client_data_loaders:  [<torch.utils.data.dataloader.DataLoader object at 0x16d7e1640>, <torch.utils.data.dataloader.DataLoader object at 0x2a7dc7dc0>, <torch.utils.data.dataloader.DataLoader object at 0x16d7def70>, <torch.utils.data.dataloader.DataLoader object at 0x16d7dae50>, <torch.utils.data.dataloader.DataLoader object at 0x16d7e6f10>, <torch.utils.data.dataloader.DataLoader object at 0x16d7e1820>, <torch.utils.data.dataloader.DataLoader object at 0x16d7e4a30>, <torch.utils.data.dataloader.DataLoader object at 0x16d7dab80>, <torch.utils.data.dataloader.DataLoader object at 0x16d7e42b0>, <torch.utils.data.dataloader.DataLoader object at 0x16d7e4b20>, <torch.utils.data.dataloader.DataLoader object at 0x16d7de250>] 11
Federated Unlearning Global Epoch  = 1
Federated Unlearning Global Epoch  = 2
Federated Unlearning Global Epoch  = 3
Federated Unlearning Global Epoch  = 4
Federated Unlearning Global Epoch  = 5
Federated Unlearning Global Epoch  = 6
Federated Unlearning Global Epoch  = 7
Federated Unlearning Global Epoch  = 8
Federated Unlearning Global Epoch  = 9
Federated Unlearning Global Epoch  = 10
Federated Unlearning Global Epoch  = 11
Federated Unlearning Global Epoch  = 12
Federated Unlearning Global Epoch  = 13
Federated Unlearning Global Epoch  = 14
Federated Unlearning Global Epoch  = 15
Federated Unlearning Global Epoch  = 16
Federated Unlearning Global Epoch  = 17
Federated Unlearning Global Epoch  = 18
Federated Unlearning Global Epoch  = 19
N [1, 3, 3, 5]
cc 0.4
ss 1.0666666666666667
rouc:  0.4  rous:  0.32
IE:  {1, 3, 5, 7, 9, 11, 13, 15, 17}
tr:  5
selected_clients:      [9 3 5 2]
client_models 10
selected_clients:      [0 5 5 9]
client_models 10
selected_clients:      [7 9 7 9]
client_models 10
selected_clients:      [5 0 2 0]
client_models 10
selected_clients:      [7 7 5 4]
client_models 10
selected_clients:      [8 1 4 7]
client_models 10
selected_clients:      [0 2 3 6]
client_models 10
here
client_data_loaders:  [<torch.utils.data.dataloader.DataLoader object at 0x16d7e1640>, <torch.utils.data.dataloader.DataLoader object at 0x2a7994ac0>, <torch.utils.data.dataloader.DataLoader object at 0x16d7def70>, <torch.utils.data.dataloader.DataLoader object at 0x16d7dae50>, <torch.utils.data.dataloader.DataLoader object at 0x16d7e6f10>, <torch.utils.data.dataloader.DataLoader object at 0x16d7e1820>, <torch.utils.data.dataloader.DataLoader object at 0x16d7e4a30>, <torch.utils.data.dataloader.DataLoader object at 0x16d7dab80>, <torch.utils.data.dataloader.DataLoader object at 0x16d7e42b0>, <torch.utils.data.dataloader.DataLoader object at 0x16d7e4b20>, <torch.utils.data.dataloader.DataLoader object at 0x16d7de250>] 11
Federated Unlearning Global Epoch  = 1
Federated Unlearning Global Epoch  = 2
Federated Unlearning Global Epoch  = 3
Federated Unlearning Global Epoch  = 4
Federated Unlearning Global Epoch  = 5
Federated Unlearning Global Epoch  = 6
Federated Unlearning Global Epoch  = 7
Federated Unlearning Global Epoch  = 8
Federated Unlearning Global Epoch  = 9
Federated Unlearning Global Epoch  = 10
Federated Unlearning Global Epoch  = 11
Federated Unlearning Global Epoch  = 12
Federated Unlearning Global Epoch  = 13
Federated Unlearning Global Epoch  = 14
Federated Unlearning Global Epoch  = 15
Federated Unlearning Global Epoch  = 16
Federated Unlearning Global Epoch  = 17
Federated Unlearning Global Epoch  = 18
Federated Unlearning Global Epoch  = 19
N [1, 3, 3, 5]
cc 0.4
ss 1.0666666666666667
rouc:  0.4  rous:  0.32
IE:  {1, 3, 5, 7, 9, 11, 13, 15, 17}
tr:  5
selected_clients:      [9 3 9 2]
client_models 10
selected_clients:      [7 0 9 5]
client_models 10
selected_clients:      [5 0 5 9]
client_models 10
selected_clients:      [3 4 8 5]
client_models 10
selected_clients:      [4 6 4 9]
client_models 10
selected_clients:      [9 0 8 0]
client_models 10
selected_clients:      [0 4 4 0]
client_models 10
here
client_data_loaders:  [<torch.utils.data.dataloader.DataLoader object at 0x16d7e1640>, <torch.utils.data.dataloader.DataLoader object at 0x2a6751fd0>, <torch.utils.data.dataloader.DataLoader object at 0x16d7def70>, <torch.utils.data.dataloader.DataLoader object at 0x16d7dae50>, <torch.utils.data.dataloader.DataLoader object at 0x16d7e6f10>, <torch.utils.data.dataloader.DataLoader object at 0x16d7e1820>, <torch.utils.data.dataloader.DataLoader object at 0x16d7e4a30>, <torch.utils.data.dataloader.DataLoader object at 0x16d7dab80>, <torch.utils.data.dataloader.DataLoader object at 0x16d7e42b0>, <torch.utils.data.dataloader.DataLoader object at 0x16d7e4b20>, <torch.utils.data.dataloader.DataLoader object at 0x16d7de250>] 11
Federated Unlearning Global Epoch  = 1
Federated Unlearning Global Epoch  = 2
Federated Unlearning Global Epoch  = 3
Federated Unlearning Global Epoch  = 4
Federated Unlearning Global Epoch  = 5
Federated Unlearning Global Epoch  = 6
Federated Unlearning Global Epoch  = 7
Federated Unlearning Global Epoch  = 8
Federated Unlearning Global Epoch  = 9
Federated Unlearning Global Epoch  = 10
Federated Unlearning Global Epoch  = 11
Federated Unlearning Global Epoch  = 12
Federated Unlearning Global Epoch  = 13
Federated Unlearning Global Epoch  = 14
Federated Unlearning Global Epoch  = 15
Federated Unlearning Global Epoch  = 16
Federated Unlearning Global Epoch  = 17
Federated Unlearning Global Epoch  = 18
Federated Unlearning Global Epoch  = 19
N [1, 3, 3, 5]
cc 0.4
ss 1.0666666666666667
rouc:  0.4  rous:  0.32
IE:  {1, 3, 5, 7, 9, 11, 13, 15, 17}
tr:  5
selected_clients:      [3 2 8 7]
client_models 10
selected_clients:      [3 0 8 1]
client_models 10
selected_clients:      [6 0 1 9]
client_models 10
selected_clients:      [1 5 1 6]
client_models 10
selected_clients:      [1 9 4 1]
client_models 10
selected_clients:      [2 7 8 0]
client_models 10
selected_clients:      [8 8 3 4]
client_models 10
here
client_data_loaders:  [<torch.utils.data.dataloader.DataLoader object at 0x16d7e1640>, <torch.utils.data.dataloader.DataLoader object at 0x16f92c8b0>, <torch.utils.data.dataloader.DataLoader object at 0x16d7def70>, <torch.utils.data.dataloader.DataLoader object at 0x16d7dae50>, <torch.utils.data.dataloader.DataLoader object at 0x16d7e6f10>, <torch.utils.data.dataloader.DataLoader object at 0x16d7e1820>, <torch.utils.data.dataloader.DataLoader object at 0x16d7e4a30>, <torch.utils.data.dataloader.DataLoader object at 0x16d7dab80>, <torch.utils.data.dataloader.DataLoader object at 0x16d7e42b0>, <torch.utils.data.dataloader.DataLoader object at 0x16d7e4b20>, <torch.utils.data.dataloader.DataLoader object at 0x16d7de250>] 11
Federated Unlearning Global Epoch  = 1
Federated Unlearning Global Epoch  = 2
Federated Unlearning Global Epoch  = 3
Federated Unlearning Global Epoch  = 4
Federated Unlearning Global Epoch  = 5
Federated Unlearning Global Epoch  = 6
Federated Unlearning Global Epoch  = 7
Federated Unlearning Global Epoch  = 8
Federated Unlearning Global Epoch  = 9
Federated Unlearning Global Epoch  = 10
Federated Unlearning Global Epoch  = 11
Federated Unlearning Global Epoch  = 12
Federated Unlearning Global Epoch  = 13
Federated Unlearning Global Epoch  = 14
Federated Unlearning Global Epoch  = 15
Federated Unlearning Global Epoch  = 16
Federated Unlearning Global Epoch  = 17
Federated Unlearning Global Epoch  = 18
Federated Unlearning Global Epoch  = 19
N [1, 3, 3, 5]
cc 0.4
ss 1.0666666666666667
rouc:  0.4  rous:  0.32
IE:  {1, 3, 5, 7, 9, 11, 13, 15, 17}
tr:  5
selected_clients:      [6 7 2 7]
client_models 10
selected_clients:      [1 1 2 7]
client_models 10
selected_clients:      [0 7 7 7]
client_models 10
selected_clients:      [7 9 3 0]
client_models 10
selected_clients:      [7 4 8 1]
client_models 10
selected_clients:      [7 0 2 1]
client_models 10
selected_clients:      [4 7 1 5]
client_models 10
here
client_data_loaders:  [<torch.utils.data.dataloader.DataLoader object at 0x16d7e1640>, <torch.utils.data.dataloader.DataLoader object at 0x2a82baf70>, <torch.utils.data.dataloader.DataLoader object at 0x16d7def70>, <torch.utils.data.dataloader.DataLoader object at 0x16d7dae50>, <torch.utils.data.dataloader.DataLoader object at 0x16d7e6f10>, <torch.utils.data.dataloader.DataLoader object at 0x16d7e1820>, <torch.utils.data.dataloader.DataLoader object at 0x16d7e4a30>, <torch.utils.data.dataloader.DataLoader object at 0x16d7dab80>, <torch.utils.data.dataloader.DataLoader object at 0x16d7e42b0>, <torch.utils.data.dataloader.DataLoader object at 0x16d7e4b20>, <torch.utils.data.dataloader.DataLoader object at 0x16d7de250>] 11
Federated Unlearning Global Epoch  = 1
Federated Unlearning Global Epoch  = 2
Federated Unlearning Global Epoch  = 3
Federated Unlearning Global Epoch  = 4
Federated Unlearning Global Epoch  = 5
Federated Unlearning Global Epoch  = 6
Federated Unlearning Global Epoch  = 7
Federated Unlearning Global Epoch  = 8
Federated Unlearning Global Epoch  = 9
Federated Unlearning Global Epoch  = 10
Federated Unlearning Global Epoch  = 11
Federated Unlearning Global Epoch  = 12
Federated Unlearning Global Epoch  = 13
Federated Unlearning Global Epoch  = 14
Federated Unlearning Global Epoch  = 15
Federated Unlearning Global Epoch  = 16
Federated Unlearning Global Epoch  = 17
Federated Unlearning Global Epoch  = 18
Federated Unlearning Global Epoch  = 19
N [1, 3, 3, 5]
cc 0.4
ss 1.0666666666666667
rouc:  0.4  rous:  0.32
IE:  {1, 3, 5, 7, 9, 11, 13, 15, 17}
tr:  5
selected_clients:      [5 3 2 6]
client_models 10
selected_clients:      [3 2 3 7]
client_models 10
selected_clients:      [3 0 0 5]
client_models 10
selected_clients:      [0 9 0 4]
client_models 10
selected_clients:      [7 4 6 4]
client_models 10
selected_clients:      [8 0 9 9]
client_models 10
selected_clients:      [1 2 9 5]
client_models 10
X_u <torch.utils.data.dataloader.DataLoader object at 0x2a82baf70>
data_loader_ku <torch.utils.data.dataloader.DataLoader object at 0x2a82baf70>
here
client_data_loaders:  [<torch.utils.data.dataloader.DataLoader object at 0x16d7e1640>, <torch.utils.data.dataloader.DataLoader object at 0x16d870f10>, <torch.utils.data.dataloader.DataLoader object at 0x16d7def70>, <torch.utils.data.dataloader.DataLoader object at 0x16d7dae50>, <torch.utils.data.dataloader.DataLoader object at 0x16d7e6f10>, <torch.utils.data.dataloader.DataLoader object at 0x16d7e1820>, <torch.utils.data.dataloader.DataLoader object at 0x16d7e4a30>, <torch.utils.data.dataloader.DataLoader object at 0x16d7dab80>, <torch.utils.data.dataloader.DataLoader object at 0x16d7e42b0>, <torch.utils.data.dataloader.DataLoader object at 0x16d7e4b20>, <torch.utils.data.dataloader.DataLoader object at 0x16d7de250>] 11
Federated Unlearning Global Epoch  = 1
Federated Unlearning Global Epoch  = 2
Federated Unlearning Global Epoch  = 3
Federated Unlearning Global Epoch  = 4
Federated Unlearning Global Epoch  = 5
Federated Unlearning Global Epoch  = 6
Federated Unlearning Global Epoch  = 7
Federated Unlearning Global Epoch  = 8
Federated Unlearning Global Epoch  = 9
Federated Unlearning Global Epoch  = 10
Federated Unlearning Global Epoch  = 11
Federated Unlearning Global Epoch  = 12
Federated Unlearning Global Epoch  = 13
Federated Unlearning Global Epoch  = 14
Federated Unlearning Global Epoch  = 15
Federated Unlearning Global Epoch  = 16
Federated Unlearning Global Epoch  = 17
Federated Unlearning Global Epoch  = 18
Federated Unlearning Global Epoch  = 19
N [1, 3, 3, 5]
cc 0.4
ss 1.0666666666666667
rouc:  0.4  rous:  0.32
IE:  {1, 3, 5, 7, 9, 11, 13, 15, 17}
tr:  5
selected_clients:      [1 5 1 4]
client_models 10
selected_clients:      [0 1 6 9]
client_models 10
selected_clients:      [9 3 8 0]
client_models 10
selected_clients:      [2 0 8 4]
client_models 10
selected_clients:      [6 4 0 2]
client_models 10
selected_clients:      [9 6 2 7]
client_models 10
selected_clients:      [8 6 0 3]
client_models 10
here
client_data_loaders:  [<torch.utils.data.dataloader.DataLoader object at 0x16d7e1640>, <torch.utils.data.dataloader.DataLoader object at 0x1638cd0d0>, <torch.utils.data.dataloader.DataLoader object at 0x16d7def70>, <torch.utils.data.dataloader.DataLoader object at 0x16d7dae50>, <torch.utils.data.dataloader.DataLoader object at 0x16d7e6f10>, <torch.utils.data.dataloader.DataLoader object at 0x16d7e1820>, <torch.utils.data.dataloader.DataLoader object at 0x16d7e4a30>, <torch.utils.data.dataloader.DataLoader object at 0x16d7dab80>, <torch.utils.data.dataloader.DataLoader object at 0x16d7e42b0>, <torch.utils.data.dataloader.DataLoader object at 0x16d7e4b20>, <torch.utils.data.dataloader.DataLoader object at 0x16d7de250>] 11
Federated Unlearning Global Epoch  = 1
Federated Unlearning Global Epoch  = 2
Federated Unlearning Global Epoch  = 3
Federated Unlearning Global Epoch  = 4
Federated Unlearning Global Epoch  = 5
Federated Unlearning Global Epoch  = 6
Federated Unlearning Global Epoch  = 7
Federated Unlearning Global Epoch  = 8
Federated Unlearning Global Epoch  = 9
Federated Unlearning Global Epoch  = 10
Federated Unlearning Global Epoch  = 11
Federated Unlearning Global Epoch  = 12
Federated Unlearning Global Epoch  = 13
Federated Unlearning Global Epoch  = 14
Federated Unlearning Global Epoch  = 15
Federated Unlearning Global Epoch  = 16
Federated Unlearning Global Epoch  = 17
Federated Unlearning Global Epoch  = 18
Federated Unlearning Global Epoch  = 19
N [1, 3, 3, 5]
cc 0.4
ss 1.0666666666666667
rouc:  0.4  rous:  0.32
IE:  {1, 3, 5, 7, 9, 11, 13, 15, 17}
tr:  5
selected_clients:      [5 5 0 7]
client_models 10
selected_clients:      [0 5 9 9]
client_models 10
selected_clients:      [8 3 9 3]
client_models 10
selected_clients:      [3 0 0 7]
client_models 10
selected_clients:      [9 2 7 7]
client_models 10
selected_clients:      [7 0 1 0]
client_models 10
selected_clients:      [4 9 5 4]
client_models 10
here
client_data_loaders:  [<torch.utils.data.dataloader.DataLoader object at 0x16d7e1640>, <torch.utils.data.dataloader.DataLoader object at 0x2a82f55b0>, <torch.utils.data.dataloader.DataLoader object at 0x16d7def70>, <torch.utils.data.dataloader.DataLoader object at 0x16d7dae50>, <torch.utils.data.dataloader.DataLoader object at 0x16d7e6f10>, <torch.utils.data.dataloader.DataLoader object at 0x16d7e1820>, <torch.utils.data.dataloader.DataLoader object at 0x16d7e4a30>, <torch.utils.data.dataloader.DataLoader object at 0x16d7dab80>, <torch.utils.data.dataloader.DataLoader object at 0x16d7e42b0>, <torch.utils.data.dataloader.DataLoader object at 0x16d7e4b20>, <torch.utils.data.dataloader.DataLoader object at 0x16d7de250>] 11
Federated Unlearning Global Epoch  = 1
Federated Unlearning Global Epoch  = 2
Federated Unlearning Global Epoch  = 3
Federated Unlearning Global Epoch  = 4
Federated Unlearning Global Epoch  = 5
Federated Unlearning Global Epoch  = 6
Federated Unlearning Global Epoch  = 7
Federated Unlearning Global Epoch  = 8
Federated Unlearning Global Epoch  = 9
Federated Unlearning Global Epoch  = 10
Federated Unlearning Global Epoch  = 11
Federated Unlearning Global Epoch  = 12
Federated Unlearning Global Epoch  = 13
Federated Unlearning Global Epoch  = 14
Federated Unlearning Global Epoch  = 15
Federated Unlearning Global Epoch  = 16
Federated Unlearning Global Epoch  = 17
Federated Unlearning Global Epoch  = 18
Federated Unlearning Global Epoch  = 19
N [1, 3, 3, 5]
cc 0.4
ss 1.0666666666666667
rouc:  0.4  rous:  0.32
IE:  {1, 3, 5, 7, 9, 11, 13, 15, 17}
tr:  5
selected_clients:      [4 3 5 5]
client_models 10
selected_clients:      [2 7 7 0]
client_models 10
selected_clients:      [2 7 1 1]
client_models 10
selected_clients:      [4 2 3 0]
client_models 10
selected_clients:      [7 3 3 2]
client_models 10
selected_clients:      [3 9 5 6]
client_models 10
selected_clients:      [3 1 4 0]
client_models 10
here
client_data_loaders:  [<torch.utils.data.dataloader.DataLoader object at 0x16d7e1640>, <torch.utils.data.dataloader.DataLoader object at 0x16d84d430>, <torch.utils.data.dataloader.DataLoader object at 0x16d7def70>, <torch.utils.data.dataloader.DataLoader object at 0x16d7dae50>, <torch.utils.data.dataloader.DataLoader object at 0x16d7e6f10>, <torch.utils.data.dataloader.DataLoader object at 0x16d7e1820>, <torch.utils.data.dataloader.DataLoader object at 0x16d7e4a30>, <torch.utils.data.dataloader.DataLoader object at 0x16d7dab80>, <torch.utils.data.dataloader.DataLoader object at 0x16d7e42b0>, <torch.utils.data.dataloader.DataLoader object at 0x16d7e4b20>, <torch.utils.data.dataloader.DataLoader object at 0x16d7de250>] 11
Federated Unlearning Global Epoch  = 1
Federated Unlearning Global Epoch  = 2
Federated Unlearning Global Epoch  = 3
Federated Unlearning Global Epoch  = 4
Federated Unlearning Global Epoch  = 5
Federated Unlearning Global Epoch  = 6
Federated Unlearning Global Epoch  = 7
Federated Unlearning Global Epoch  = 8
Federated Unlearning Global Epoch  = 9
Federated Unlearning Global Epoch  = 10
Federated Unlearning Global Epoch  = 11
Federated Unlearning Global Epoch  = 12
Federated Unlearning Global Epoch  = 13
Federated Unlearning Global Epoch  = 14
Federated Unlearning Global Epoch  = 15
Federated Unlearning Global Epoch  = 16
Federated Unlearning Global Epoch  = 17
Federated Unlearning Global Epoch  = 18
Federated Unlearning Global Epoch  = 19
N [1, 3, 3, 5]
cc 0.4
ss 1.0666666666666667
rouc:  0.4  rous:  0.32
IE:  {1, 3, 5, 7, 9, 11, 13, 15, 17}
tr:  5
selected_clients:      [8 6 5 2]
client_models 10
selected_clients:      [6 7 2 0]
client_models 10
selected_clients:      [8 2 3 4]
client_models 10
selected_clients:      [4 7 7 0]
client_models 10
selected_clients:      [4 8 2 6]
client_models 10
selected_clients:      [4 4 1 4]
client_models 10
selected_clients:      [4 1 9 3]
client_models 10
here
client_data_loaders:  [<torch.utils.data.dataloader.DataLoader object at 0x16d7e1640>, <torch.utils.data.dataloader.DataLoader object at 0x16ff69b80>, <torch.utils.data.dataloader.DataLoader object at 0x16d7def70>, <torch.utils.data.dataloader.DataLoader object at 0x16d7dae50>, <torch.utils.data.dataloader.DataLoader object at 0x16d7e6f10>, <torch.utils.data.dataloader.DataLoader object at 0x16d7e1820>, <torch.utils.data.dataloader.DataLoader object at 0x16d7e4a30>, <torch.utils.data.dataloader.DataLoader object at 0x16d7dab80>, <torch.utils.data.dataloader.DataLoader object at 0x16d7e42b0>, <torch.utils.data.dataloader.DataLoader object at 0x16d7e4b20>, <torch.utils.data.dataloader.DataLoader object at 0x16d7de250>] 11
Federated Unlearning Global Epoch  = 1
Federated Unlearning Global Epoch  = 2
Federated Unlearning Global Epoch  = 3
Federated Unlearning Global Epoch  = 4
Federated Unlearning Global Epoch  = 5
Federated Unlearning Global Epoch  = 6
Federated Unlearning Global Epoch  = 7
Federated Unlearning Global Epoch  = 8
Federated Unlearning Global Epoch  = 9
Federated Unlearning Global Epoch  = 10
Federated Unlearning Global Epoch  = 11
Federated Unlearning Global Epoch  = 12
Federated Unlearning Global Epoch  = 13
Federated Unlearning Global Epoch  = 14
Federated Unlearning Global Epoch  = 15
Federated Unlearning Global Epoch  = 16
Federated Unlearning Global Epoch  = 17
Federated Unlearning Global Epoch  = 18
Federated Unlearning Global Epoch  = 19
N [1, 3, 3, 5]
cc 0.4
ss 1.0666666666666667
rouc:  0.4  rous:  0.32
IE:  {1, 3, 5, 7, 9, 11, 13, 15, 17}
tr:  5
selected_clients:      [0 6 4 9]
client_models 10
selected_clients:      [8 2 8 1]
client_models 10
selected_clients:      [4 3 8 0]
client_models 10
selected_clients:      [5 6 8 2]
client_models 10
selected_clients:      [2 4 2 3]
client_models 10
selected_clients:      [1 5 2 8]
client_models 10
selected_clients:      [9 5 4 1]
client_models 10
here
client_data_loaders:  [<torch.utils.data.dataloader.DataLoader object at 0x16d7e1640>, <torch.utils.data.dataloader.DataLoader object at 0x2a625d190>, <torch.utils.data.dataloader.DataLoader object at 0x16d7def70>, <torch.utils.data.dataloader.DataLoader object at 0x16d7dae50>, <torch.utils.data.dataloader.DataLoader object at 0x16d7e6f10>, <torch.utils.data.dataloader.DataLoader object at 0x16d7e1820>, <torch.utils.data.dataloader.DataLoader object at 0x16d7e4a30>, <torch.utils.data.dataloader.DataLoader object at 0x16d7dab80>, <torch.utils.data.dataloader.DataLoader object at 0x16d7e42b0>, <torch.utils.data.dataloader.DataLoader object at 0x16d7e4b20>, <torch.utils.data.dataloader.DataLoader object at 0x16d7de250>] 11
Federated Unlearning Global Epoch  = 1
Federated Unlearning Global Epoch  = 2
Federated Unlearning Global Epoch  = 3
Federated Unlearning Global Epoch  = 4
Federated Unlearning Global Epoch  = 5
Federated Unlearning Global Epoch  = 6
Federated Unlearning Global Epoch  = 7
Federated Unlearning Global Epoch  = 8
Federated Unlearning Global Epoch  = 9
Federated Unlearning Global Epoch  = 10
Federated Unlearning Global Epoch  = 11
Federated Unlearning Global Epoch  = 12
Federated Unlearning Global Epoch  = 13
Federated Unlearning Global Epoch  = 14
Federated Unlearning Global Epoch  = 15
Federated Unlearning Global Epoch  = 16
Federated Unlearning Global Epoch  = 17
Federated Unlearning Global Epoch  = 18
Federated Unlearning Global Epoch  = 19
N [1, 3, 3, 5]
cc 0.4
ss 1.0666666666666667
rouc:  0.4  rous:  0.32
IE:  {1, 3, 5, 7, 9, 11, 13, 15, 17}
tr:  5
selected_clients:      [6 9 1 5]
client_models 10
selected_clients:      [4 0 0 2]
client_models 10
selected_clients:      [0 1 2 2]
client_models 10
selected_clients:      [0 1 9 3]
client_models 10
selected_clients:      [9 6 3 7]
client_models 10
selected_clients:      [0 8 6 8]
client_models 10
selected_clients:      [5 5 6 3]
client_models 10
here
client_data_loaders:  [<torch.utils.data.dataloader.DataLoader object at 0x16d7e1640>, <torch.utils.data.dataloader.DataLoader object at 0x16f9754c0>, <torch.utils.data.dataloader.DataLoader object at 0x16d7def70>, <torch.utils.data.dataloader.DataLoader object at 0x16d7dae50>, <torch.utils.data.dataloader.DataLoader object at 0x16d7e6f10>, <torch.utils.data.dataloader.DataLoader object at 0x16d7e1820>, <torch.utils.data.dataloader.DataLoader object at 0x16d7e4a30>, <torch.utils.data.dataloader.DataLoader object at 0x16d7dab80>, <torch.utils.data.dataloader.DataLoader object at 0x16d7e42b0>, <torch.utils.data.dataloader.DataLoader object at 0x16d7e4b20>, <torch.utils.data.dataloader.DataLoader object at 0x16d7de250>] 11
Federated Unlearning Global Epoch  = 1
Federated Unlearning Global Epoch  = 2
Federated Unlearning Global Epoch  = 3
Federated Unlearning Global Epoch  = 4
Federated Unlearning Global Epoch  = 5
Federated Unlearning Global Epoch  = 6
Federated Unlearning Global Epoch  = 7
Federated Unlearning Global Epoch  = 8
Federated Unlearning Global Epoch  = 9
Federated Unlearning Global Epoch  = 10
Federated Unlearning Global Epoch  = 11
Federated Unlearning Global Epoch  = 12
Federated Unlearning Global Epoch  = 13
Federated Unlearning Global Epoch  = 14
Federated Unlearning Global Epoch  = 15
Federated Unlearning Global Epoch  = 16
Federated Unlearning Global Epoch  = 17
Federated Unlearning Global Epoch  = 18
Federated Unlearning Global Epoch  = 19
N [1, 3, 3, 5]
cc 0.4
ss 1.0666666666666667
rouc:  0.4  rous:  0.32
IE:  {1, 3, 5, 7, 9, 11, 13, 15, 17}
tr:  5
selected_clients:      [5 0 4 5]
client_models 10
selected_clients:      [1 0 4 4]
client_models 10
selected_clients:      [6 6 2 0]
client_models 10
selected_clients:      [5 2 7 6]
client_models 10
selected_clients:      [1 7 3 8]
client_models 10
selected_clients:      [2 5 9 0]
client_models 10
selected_clients:      [9 9 3 9]
client_models 10
here
client_data_loaders:  [<torch.utils.data.dataloader.DataLoader object at 0x16d7e1640>, <torch.utils.data.dataloader.DataLoader object at 0x16f986130>, <torch.utils.data.dataloader.DataLoader object at 0x16d7def70>, <torch.utils.data.dataloader.DataLoader object at 0x16d7dae50>, <torch.utils.data.dataloader.DataLoader object at 0x16d7e6f10>, <torch.utils.data.dataloader.DataLoader object at 0x16d7e1820>, <torch.utils.data.dataloader.DataLoader object at 0x16d7e4a30>, <torch.utils.data.dataloader.DataLoader object at 0x16d7dab80>, <torch.utils.data.dataloader.DataLoader object at 0x16d7e42b0>, <torch.utils.data.dataloader.DataLoader object at 0x16d7e4b20>, <torch.utils.data.dataloader.DataLoader object at 0x16d7de250>] 11
Federated Unlearning Global Epoch  = 1
Federated Unlearning Global Epoch  = 2
Federated Unlearning Global Epoch  = 3
Federated Unlearning Global Epoch  = 4
Federated Unlearning Global Epoch  = 5
Federated Unlearning Global Epoch  = 6
Federated Unlearning Global Epoch  = 7
Federated Unlearning Global Epoch  = 8
Federated Unlearning Global Epoch  = 9
Federated Unlearning Global Epoch  = 10
Federated Unlearning Global Epoch  = 11
Federated Unlearning Global Epoch  = 12
Federated Unlearning Global Epoch  = 13
Federated Unlearning Global Epoch  = 14
Federated Unlearning Global Epoch  = 15
Federated Unlearning Global Epoch  = 16
Federated Unlearning Global Epoch  = 17
Federated Unlearning Global Epoch  = 18
Federated Unlearning Global Epoch  = 19
N [1, 3, 3, 5]
cc 0.4
ss 1.0666666666666667
rouc:  0.4  rous:  0.32
IE:  {1, 3, 5, 7, 9, 11, 13, 15, 17}
tr:  5
selected_clients:      [7 4 3 1]
client_models 10
selected_clients:      [2 6 5 3]
client_models 10
selected_clients:      [2 9 0 2]
client_models 10
selected_clients:      [4 5 6 5]
client_models 10
selected_clients:      [1 5 6 0]
client_models 10
selected_clients:      [1 6 6 6]
client_models 10
selected_clients:      [6 6 9 8]
client_models 10
X_u <torch.utils.data.dataloader.DataLoader object at 0x16f986130>
data_loader_ku <torch.utils.data.dataloader.DataLoader object at 0x16f986130>
here
client_data_loaders:  [<torch.utils.data.dataloader.DataLoader object at 0x16d7e1640>, <torch.utils.data.dataloader.DataLoader object at 0x2a62eaa00>, <torch.utils.data.dataloader.DataLoader object at 0x16d7def70>, <torch.utils.data.dataloader.DataLoader object at 0x16d7dae50>, <torch.utils.data.dataloader.DataLoader object at 0x16d7e6f10>, <torch.utils.data.dataloader.DataLoader object at 0x16d7e1820>, <torch.utils.data.dataloader.DataLoader object at 0x16d7e4a30>, <torch.utils.data.dataloader.DataLoader object at 0x16d7dab80>, <torch.utils.data.dataloader.DataLoader object at 0x16d7e42b0>, <torch.utils.data.dataloader.DataLoader object at 0x16d7e4b20>, <torch.utils.data.dataloader.DataLoader object at 0x16d7de250>] 11
Federated Unlearning Global Epoch  = 1
Federated Unlearning Global Epoch  = 2
Federated Unlearning Global Epoch  = 3
Federated Unlearning Global Epoch  = 4
Federated Unlearning Global Epoch  = 5
Federated Unlearning Global Epoch  = 6
Federated Unlearning Global Epoch  = 7
Federated Unlearning Global Epoch  = 8
Federated Unlearning Global Epoch  = 9
Federated Unlearning Global Epoch  = 10
Federated Unlearning Global Epoch  = 11
Federated Unlearning Global Epoch  = 12
Federated Unlearning Global Epoch  = 13
Federated Unlearning Global Epoch  = 14
Federated Unlearning Global Epoch  = 15
Federated Unlearning Global Epoch  = 16
Federated Unlearning Global Epoch  = 17
Federated Unlearning Global Epoch  = 18
Federated Unlearning Global Epoch  = 19
N [1, 3, 3, 5]
cc 0.4
ss 1.0666666666666667
rouc:  0.4  rous:  0.32
IE:  {1, 3, 5, 7, 9, 11, 13, 15, 17}
tr:  5
selected_clients:      [0 2 9 7]
client_models 10
selected_clients:      [4 5 2 2]
client_models 10
selected_clients:      [5 8 5 4]
client_models 10
selected_clients:      [4 1 8 1]
client_models 10
selected_clients:      [9 9 4 0]
client_models 10
selected_clients:      [1 6 1 7]
client_models 10
selected_clients:      [2 3 6 2]
client_models 10
here
client_data_loaders:  [<torch.utils.data.dataloader.DataLoader object at 0x16d7e1640>, <torch.utils.data.dataloader.DataLoader object at 0x2a61d9d90>, <torch.utils.data.dataloader.DataLoader object at 0x16d7def70>, <torch.utils.data.dataloader.DataLoader object at 0x16d7dae50>, <torch.utils.data.dataloader.DataLoader object at 0x16d7e6f10>, <torch.utils.data.dataloader.DataLoader object at 0x16d7e1820>, <torch.utils.data.dataloader.DataLoader object at 0x16d7e4a30>, <torch.utils.data.dataloader.DataLoader object at 0x16d7dab80>, <torch.utils.data.dataloader.DataLoader object at 0x16d7e42b0>, <torch.utils.data.dataloader.DataLoader object at 0x16d7e4b20>, <torch.utils.data.dataloader.DataLoader object at 0x16d7de250>] 11
Federated Unlearning Global Epoch  = 1
Federated Unlearning Global Epoch  = 2
Federated Unlearning Global Epoch  = 3
Federated Unlearning Global Epoch  = 4
Federated Unlearning Global Epoch  = 5
Federated Unlearning Global Epoch  = 6
Federated Unlearning Global Epoch  = 7
Federated Unlearning Global Epoch  = 8
Federated Unlearning Global Epoch  = 9
Federated Unlearning Global Epoch  = 10
Federated Unlearning Global Epoch  = 11
Federated Unlearning Global Epoch  = 12
Federated Unlearning Global Epoch  = 13
Federated Unlearning Global Epoch  = 14
Federated Unlearning Global Epoch  = 15
Federated Unlearning Global Epoch  = 16
Federated Unlearning Global Epoch  = 17
Federated Unlearning Global Epoch  = 18
Federated Unlearning Global Epoch  = 19
N [1, 3, 3, 5]
cc 0.4
ss 1.0666666666666667
rouc:  0.4  rous:  0.32
IE:  {1, 3, 5, 7, 9, 11, 13, 15, 17}
tr:  5
selected_clients:      [7 3 9 1]
client_models 10
selected_clients:      [2 3 6 3]
client_models 10
selected_clients:      [6 5 6 0]
client_models 10
selected_clients:      [2 7 5 2]
client_models 10
selected_clients:      [9 6 2 2]
client_models 10
selected_clients:      [0 8 5 5]
client_models 10
selected_clients:      [0 1 7 6]
client_models 10
here
client_data_loaders:  [<torch.utils.data.dataloader.DataLoader object at 0x16d7e1640>, <torch.utils.data.dataloader.DataLoader object at 0x16ffd2a30>, <torch.utils.data.dataloader.DataLoader object at 0x16d7def70>, <torch.utils.data.dataloader.DataLoader object at 0x16d7dae50>, <torch.utils.data.dataloader.DataLoader object at 0x16d7e6f10>, <torch.utils.data.dataloader.DataLoader object at 0x16d7e1820>, <torch.utils.data.dataloader.DataLoader object at 0x16d7e4a30>, <torch.utils.data.dataloader.DataLoader object at 0x16d7dab80>, <torch.utils.data.dataloader.DataLoader object at 0x16d7e42b0>, <torch.utils.data.dataloader.DataLoader object at 0x16d7e4b20>, <torch.utils.data.dataloader.DataLoader object at 0x16d7de250>] 11
Federated Unlearning Global Epoch  = 1
Federated Unlearning Global Epoch  = 2
Federated Unlearning Global Epoch  = 3
Federated Unlearning Global Epoch  = 4
Federated Unlearning Global Epoch  = 5
Federated Unlearning Global Epoch  = 6
Federated Unlearning Global Epoch  = 7
Federated Unlearning Global Epoch  = 8
Federated Unlearning Global Epoch  = 9
Federated Unlearning Global Epoch  = 10
Federated Unlearning Global Epoch  = 11
Federated Unlearning Global Epoch  = 12
Federated Unlearning Global Epoch  = 13
Federated Unlearning Global Epoch  = 14
Federated Unlearning Global Epoch  = 15
Federated Unlearning Global Epoch  = 16
Federated Unlearning Global Epoch  = 17
Federated Unlearning Global Epoch  = 18
Federated Unlearning Global Epoch  = 19
N [1, 3, 3, 5]
cc 0.4
ss 1.0666666666666667
rouc:  0.4  rous:  0.32
IE:  {1, 3, 5, 7, 9, 11, 13, 15, 17}
tr:  5
selected_clients:      [4 5 5 7]
client_models 10
selected_clients:      [9 1 5 1]
client_models 10
selected_clients:      [7 0 0 2]
client_models 10
selected_clients:      [3 9 5 6]
client_models 10
selected_clients:      [3 2 1 4]
client_models 10
selected_clients:      [1 3 6 4]
client_models 10
selected_clients:      [7 7 1 3]
client_models 10
here
client_data_loaders:  [<torch.utils.data.dataloader.DataLoader object at 0x16d7e1640>, <torch.utils.data.dataloader.DataLoader object at 0x16dfb2850>, <torch.utils.data.dataloader.DataLoader object at 0x16d7def70>, <torch.utils.data.dataloader.DataLoader object at 0x16d7dae50>, <torch.utils.data.dataloader.DataLoader object at 0x16d7e6f10>, <torch.utils.data.dataloader.DataLoader object at 0x16d7e1820>, <torch.utils.data.dataloader.DataLoader object at 0x16d7e4a30>, <torch.utils.data.dataloader.DataLoader object at 0x16d7dab80>, <torch.utils.data.dataloader.DataLoader object at 0x16d7e42b0>, <torch.utils.data.dataloader.DataLoader object at 0x16d7e4b20>, <torch.utils.data.dataloader.DataLoader object at 0x16d7de250>] 11
Federated Unlearning Global Epoch  = 1
Federated Unlearning Global Epoch  = 2
Federated Unlearning Global Epoch  = 3
Federated Unlearning Global Epoch  = 4
Federated Unlearning Global Epoch  = 5
Federated Unlearning Global Epoch  = 6
Federated Unlearning Global Epoch  = 7
Federated Unlearning Global Epoch  = 8
Federated Unlearning Global Epoch  = 9
Federated Unlearning Global Epoch  = 10
Federated Unlearning Global Epoch  = 11
Federated Unlearning Global Epoch  = 12
Federated Unlearning Global Epoch  = 13
Federated Unlearning Global Epoch  = 14
Federated Unlearning Global Epoch  = 15
Federated Unlearning Global Epoch  = 16
Federated Unlearning Global Epoch  = 17
Federated Unlearning Global Epoch  = 18
Federated Unlearning Global Epoch  = 19
N [1, 3, 3, 5]
cc 0.4
ss 1.0666666666666667
rouc:  0.4  rous:  0.32
IE:  {1, 3, 5, 7, 9, 11, 13, 15, 17}
tr:  5
selected_clients:      [7 3 2 5]
client_models 10
selected_clients:      [8 0 5 5]
client_models 10
selected_clients:      [6 0 8 8]
client_models 10
selected_clients:      [0 0 6 8]
client_models 10
selected_clients:      [7 7 0 1]
client_models 10
selected_clients:      [4 2 6 3]
client_models 10
selected_clients:      [5 2 1 0]
client_models 10
here
client_data_loaders:  [<torch.utils.data.dataloader.DataLoader object at 0x16d7e1640>, <torch.utils.data.dataloader.DataLoader object at 0x16ffd2e50>, <torch.utils.data.dataloader.DataLoader object at 0x16d7def70>, <torch.utils.data.dataloader.DataLoader object at 0x16d7dae50>, <torch.utils.data.dataloader.DataLoader object at 0x16d7e6f10>, <torch.utils.data.dataloader.DataLoader object at 0x16d7e1820>, <torch.utils.data.dataloader.DataLoader object at 0x16d7e4a30>, <torch.utils.data.dataloader.DataLoader object at 0x16d7dab80>, <torch.utils.data.dataloader.DataLoader object at 0x16d7e42b0>, <torch.utils.data.dataloader.DataLoader object at 0x16d7e4b20>, <torch.utils.data.dataloader.DataLoader object at 0x16d7de250>] 11
Federated Unlearning Global Epoch  = 1
Federated Unlearning Global Epoch  = 2
Federated Unlearning Global Epoch  = 3
Federated Unlearning Global Epoch  = 4
Federated Unlearning Global Epoch  = 5
Federated Unlearning Global Epoch  = 6
Federated Unlearning Global Epoch  = 7
Federated Unlearning Global Epoch  = 8
Federated Unlearning Global Epoch  = 9
Federated Unlearning Global Epoch  = 10
Federated Unlearning Global Epoch  = 11
Federated Unlearning Global Epoch  = 12
Federated Unlearning Global Epoch  = 13
Federated Unlearning Global Epoch  = 14
Federated Unlearning Global Epoch  = 15
Federated Unlearning Global Epoch  = 16
Federated Unlearning Global Epoch  = 17
Federated Unlearning Global Epoch  = 18
Federated Unlearning Global Epoch  = 19
N [1, 3, 3, 5]
cc 0.4
ss 1.0666666666666667
rouc:  0.4  rous:  0.32
IE:  {1, 3, 5, 7, 9, 11, 13, 15, 17}
tr:  5
selected_clients:      [9 4 6 7]
client_models 10
selected_clients:      [3 9 9 9]
client_models 10
selected_clients:      [1 8 8 5]
client_models 10
selected_clients:      [5 8 4 6]
client_models 10
selected_clients:      [2 2 0 1]
client_models 10
selected_clients:      [0 3 7 7]
client_models 10
selected_clients:      [0 1 1 0]
client_models 10
here
client_data_loaders:  [<torch.utils.data.dataloader.DataLoader object at 0x16d7e1640>, <torch.utils.data.dataloader.DataLoader object at 0x2a82ba8e0>, <torch.utils.data.dataloader.DataLoader object at 0x16d7def70>, <torch.utils.data.dataloader.DataLoader object at 0x16d7dae50>, <torch.utils.data.dataloader.DataLoader object at 0x16d7e6f10>, <torch.utils.data.dataloader.DataLoader object at 0x16d7e1820>, <torch.utils.data.dataloader.DataLoader object at 0x16d7e4a30>, <torch.utils.data.dataloader.DataLoader object at 0x16d7dab80>, <torch.utils.data.dataloader.DataLoader object at 0x16d7e42b0>, <torch.utils.data.dataloader.DataLoader object at 0x16d7e4b20>, <torch.utils.data.dataloader.DataLoader object at 0x16d7de250>] 11
Federated Unlearning Global Epoch  = 1
Federated Unlearning Global Epoch  = 2
Federated Unlearning Global Epoch  = 3
Federated Unlearning Global Epoch  = 4
Federated Unlearning Global Epoch  = 5
Federated Unlearning Global Epoch  = 6
Federated Unlearning Global Epoch  = 7
Federated Unlearning Global Epoch  = 8
Federated Unlearning Global Epoch  = 9
Federated Unlearning Global Epoch  = 10
Federated Unlearning Global Epoch  = 11
Federated Unlearning Global Epoch  = 12
Federated Unlearning Global Epoch  = 13
Federated Unlearning Global Epoch  = 14
Federated Unlearning Global Epoch  = 15
Federated Unlearning Global Epoch  = 16
Federated Unlearning Global Epoch  = 17
Federated Unlearning Global Epoch  = 18
Federated Unlearning Global Epoch  = 19
N [1, 3, 3, 5]
cc 0.4
ss 1.0666666666666667
rouc:  0.4  rous:  0.32
IE:  {1, 3, 5, 7, 9, 11, 13, 15, 17}
tr:  5
selected_clients:      [2 1 8 9]
client_models 10
selected_clients:      [7 7 7 6]
client_models 10
selected_clients:      [1 7 4 3]
client_models 10
selected_clients:      [7 0 2 8]
client_models 10
selected_clients:      [5 6 3 7]
client_models 10
selected_clients:      [2 6 7 5]
client_models 10
selected_clients:      [7 5 5 6]
client_models 10
here
client_data_loaders:  [<torch.utils.data.dataloader.DataLoader object at 0x16d7e1640>, <torch.utils.data.dataloader.DataLoader object at 0x16ff69460>, <torch.utils.data.dataloader.DataLoader object at 0x16d7def70>, <torch.utils.data.dataloader.DataLoader object at 0x16d7dae50>, <torch.utils.data.dataloader.DataLoader object at 0x16d7e6f10>, <torch.utils.data.dataloader.DataLoader object at 0x16d7e1820>, <torch.utils.data.dataloader.DataLoader object at 0x16d7e4a30>, <torch.utils.data.dataloader.DataLoader object at 0x16d7dab80>, <torch.utils.data.dataloader.DataLoader object at 0x16d7e42b0>, <torch.utils.data.dataloader.DataLoader object at 0x16d7e4b20>, <torch.utils.data.dataloader.DataLoader object at 0x16d7de250>] 11
Federated Unlearning Global Epoch  = 1
Federated Unlearning Global Epoch  = 2
Federated Unlearning Global Epoch  = 3
Federated Unlearning Global Epoch  = 4
Federated Unlearning Global Epoch  = 5
Federated Unlearning Global Epoch  = 6
Federated Unlearning Global Epoch  = 7
Federated Unlearning Global Epoch  = 8
Federated Unlearning Global Epoch  = 9
Federated Unlearning Global Epoch  = 10
Federated Unlearning Global Epoch  = 11
Federated Unlearning Global Epoch  = 12
Federated Unlearning Global Epoch  = 13
Federated Unlearning Global Epoch  = 14
Federated Unlearning Global Epoch  = 15
Federated Unlearning Global Epoch  = 16
Federated Unlearning Global Epoch  = 17
Federated Unlearning Global Epoch  = 18
Federated Unlearning Global Epoch  = 19
N [1, 3, 3, 5]
cc 0.4
ss 1.0666666666666667
rouc:  0.4  rous:  0.32
IE:  {1, 3, 5, 7, 9, 11, 13, 15, 17}
tr:  5
selected_clients:      [0 8 7 1]
client_models 10
selected_clients:      [8 5 6 0]
client_models 10
selected_clients:      [5 4 5 3]
client_models 10
selected_clients:      [6 4 9 0]
client_models 10
selected_clients:      [0 7 5 2]
client_models 10
selected_clients:      [7 5 1 0]
client_models 10
selected_clients:      [3 8 1 4]
client_models 10
here
client_data_loaders:  [<torch.utils.data.dataloader.DataLoader object at 0x16d7e1640>, <torch.utils.data.dataloader.DataLoader object at 0x2a62c6670>, <torch.utils.data.dataloader.DataLoader object at 0x16d7def70>, <torch.utils.data.dataloader.DataLoader object at 0x16d7dae50>, <torch.utils.data.dataloader.DataLoader object at 0x16d7e6f10>, <torch.utils.data.dataloader.DataLoader object at 0x16d7e1820>, <torch.utils.data.dataloader.DataLoader object at 0x16d7e4a30>, <torch.utils.data.dataloader.DataLoader object at 0x16d7dab80>, <torch.utils.data.dataloader.DataLoader object at 0x16d7e42b0>, <torch.utils.data.dataloader.DataLoader object at 0x16d7e4b20>, <torch.utils.data.dataloader.DataLoader object at 0x16d7de250>] 11
Federated Unlearning Global Epoch  = 1
Federated Unlearning Global Epoch  = 2
Federated Unlearning Global Epoch  = 3
Federated Unlearning Global Epoch  = 4
Federated Unlearning Global Epoch  = 5
Federated Unlearning Global Epoch  = 6
Federated Unlearning Global Epoch  = 7
Federated Unlearning Global Epoch  = 8
Federated Unlearning Global Epoch  = 9
Federated Unlearning Global Epoch  = 10
Federated Unlearning Global Epoch  = 11
Federated Unlearning Global Epoch  = 12
Federated Unlearning Global Epoch  = 13
Federated Unlearning Global Epoch  = 14
Federated Unlearning Global Epoch  = 15
Federated Unlearning Global Epoch  = 16
Federated Unlearning Global Epoch  = 17
Federated Unlearning Global Epoch  = 18
Federated Unlearning Global Epoch  = 19
N [1, 3, 3, 5]
cc 0.4
ss 1.0666666666666667
rouc:  0.4  rous:  0.32
IE:  {1, 3, 5, 7, 9, 11, 13, 15, 17}
tr:  5
selected_clients:      [3 3 6 1]
client_models 10
selected_clients:      [9 6 9 1]
client_models 10
selected_clients:      [2 6 6 9]
client_models 10
selected_clients:      [3 2 6 0]
client_models 10
selected_clients:      [9 9 5 4]
client_models 10
selected_clients:      [8 1 5 9]
client_models 10
selected_clients:      [6 8 7 9]
client_models 10
X_u <torch.utils.data.dataloader.DataLoader object at 0x2a62c6670>
data_loader_ku <torch.utils.data.dataloader.DataLoader object at 0x2a62c6670>
here
client_data_loaders:  [<torch.utils.data.dataloader.DataLoader object at 0x16d7e1640>, <torch.utils.data.dataloader.DataLoader object at 0x2a82ffe50>, <torch.utils.data.dataloader.DataLoader object at 0x16d7def70>, <torch.utils.data.dataloader.DataLoader object at 0x16d7dae50>, <torch.utils.data.dataloader.DataLoader object at 0x16d7e6f10>, <torch.utils.data.dataloader.DataLoader object at 0x16d7e1820>, <torch.utils.data.dataloader.DataLoader object at 0x16d7e4a30>, <torch.utils.data.dataloader.DataLoader object at 0x16d7dab80>, <torch.utils.data.dataloader.DataLoader object at 0x16d7e42b0>, <torch.utils.data.dataloader.DataLoader object at 0x16d7e4b20>, <torch.utils.data.dataloader.DataLoader object at 0x16d7de250>] 11
Federated Unlearning Global Epoch  = 1
Federated Unlearning Global Epoch  = 2
Federated Unlearning Global Epoch  = 3
Federated Unlearning Global Epoch  = 4
Federated Unlearning Global Epoch  = 5
Federated Unlearning Global Epoch  = 6
Federated Unlearning Global Epoch  = 7
Federated Unlearning Global Epoch  = 8
Federated Unlearning Global Epoch  = 9
Federated Unlearning Global Epoch  = 10
Federated Unlearning Global Epoch  = 11
Federated Unlearning Global Epoch  = 12
Federated Unlearning Global Epoch  = 13
Federated Unlearning Global Epoch  = 14
Federated Unlearning Global Epoch  = 15
Federated Unlearning Global Epoch  = 16
Federated Unlearning Global Epoch  = 17
Federated Unlearning Global Epoch  = 18
Federated Unlearning Global Epoch  = 19
N [1, 3, 3, 5]
cc 0.4
ss 1.0666666666666667
rouc:  0.4  rous:  0.32
IE:  {1, 3, 5, 7, 9, 11, 13, 15, 17}
tr:  5
selected_clients:      [6 6 7 7]
client_models 10
selected_clients:      [8 4 6 4]
client_models 10
selected_clients:      [0 4 6 6]
client_models 10
selected_clients:      [2 4 2 2]
client_models 10
selected_clients:      [4 8 2 6]
client_models 10
selected_clients:      [6 5 4 0]
client_models 10
selected_clients:      [1 8 5 0]
client_models 10
here
client_data_loaders:  [<torch.utils.data.dataloader.DataLoader object at 0x16d7e1640>, <torch.utils.data.dataloader.DataLoader object at 0x2a625d430>, <torch.utils.data.dataloader.DataLoader object at 0x16d7def70>, <torch.utils.data.dataloader.DataLoader object at 0x16d7dae50>, <torch.utils.data.dataloader.DataLoader object at 0x16d7e6f10>, <torch.utils.data.dataloader.DataLoader object at 0x16d7e1820>, <torch.utils.data.dataloader.DataLoader object at 0x16d7e4a30>, <torch.utils.data.dataloader.DataLoader object at 0x16d7dab80>, <torch.utils.data.dataloader.DataLoader object at 0x16d7e42b0>, <torch.utils.data.dataloader.DataLoader object at 0x16d7e4b20>, <torch.utils.data.dataloader.DataLoader object at 0x16d7de250>] 11
Federated Unlearning Global Epoch  = 1
Federated Unlearning Global Epoch  = 2
Federated Unlearning Global Epoch  = 3
Federated Unlearning Global Epoch  = 4
Federated Unlearning Global Epoch  = 5
Federated Unlearning Global Epoch  = 6
Federated Unlearning Global Epoch  = 7
Federated Unlearning Global Epoch  = 8
Federated Unlearning Global Epoch  = 9
Federated Unlearning Global Epoch  = 10
Federated Unlearning Global Epoch  = 11
Federated Unlearning Global Epoch  = 12
Federated Unlearning Global Epoch  = 13
Federated Unlearning Global Epoch  = 14
Federated Unlearning Global Epoch  = 15
Federated Unlearning Global Epoch  = 16
Federated Unlearning Global Epoch  = 17
Federated Unlearning Global Epoch  = 18
Federated Unlearning Global Epoch  = 19
N [1, 3, 3, 5]
cc 0.4
ss 1.0666666666666667
rouc:  0.4  rous:  0.32
IE:  {1, 3, 5, 7, 9, 11, 13, 15, 17}
tr:  5
selected_clients:      [4 1 2 9]
client_models 10
selected_clients:      [2 8 4 0]
client_models 10
selected_clients:      [5 0 0 5]
client_models 10
selected_clients:      [5 2 8 4]
client_models 10
selected_clients:      [9 0 1 7]
client_models 10
selected_clients:      [2 3 7 9]
client_models 10
selected_clients:      [9 5 9 7]
client_models 10
here
client_data_loaders:  [<torch.utils.data.dataloader.DataLoader object at 0x16d7e1640>, <torch.utils.data.dataloader.DataLoader object at 0x2a61d9190>, <torch.utils.data.dataloader.DataLoader object at 0x16d7def70>, <torch.utils.data.dataloader.DataLoader object at 0x16d7dae50>, <torch.utils.data.dataloader.DataLoader object at 0x16d7e6f10>, <torch.utils.data.dataloader.DataLoader object at 0x16d7e1820>, <torch.utils.data.dataloader.DataLoader object at 0x16d7e4a30>, <torch.utils.data.dataloader.DataLoader object at 0x16d7dab80>, <torch.utils.data.dataloader.DataLoader object at 0x16d7e42b0>, <torch.utils.data.dataloader.DataLoader object at 0x16d7e4b20>, <torch.utils.data.dataloader.DataLoader object at 0x16d7de250>] 11
Federated Unlearning Global Epoch  = 1
Federated Unlearning Global Epoch  = 2
Federated Unlearning Global Epoch  = 3
Federated Unlearning Global Epoch  = 4
Federated Unlearning Global Epoch  = 5
Federated Unlearning Global Epoch  = 6
Federated Unlearning Global Epoch  = 7
Federated Unlearning Global Epoch  = 8
Federated Unlearning Global Epoch  = 9
Federated Unlearning Global Epoch  = 10
Federated Unlearning Global Epoch  = 11
Federated Unlearning Global Epoch  = 12
Federated Unlearning Global Epoch  = 13
Federated Unlearning Global Epoch  = 14
Federated Unlearning Global Epoch  = 15
Federated Unlearning Global Epoch  = 16
Federated Unlearning Global Epoch  = 17
Federated Unlearning Global Epoch  = 18
Federated Unlearning Global Epoch  = 19
N [1, 3, 3, 5]
cc 0.4
ss 1.0666666666666667
rouc:  0.4  rous:  0.32
IE:  {1, 3, 5, 7, 9, 11, 13, 15, 17}
tr:  5
selected_clients:      [4 1 0 5]
client_models 10
selected_clients:      [3 1 1 9]
client_models 10
selected_clients:      [2 2 9 4]
client_models 10
selected_clients:      [7 4 6 9]
client_models 10
selected_clients:      [4 5 3 9]
client_models 10
selected_clients:      [0 7 7 9]
client_models 10
selected_clients:      [9 3 5 5]
client_models 10
here
client_data_loaders:  [<torch.utils.data.dataloader.DataLoader object at 0x16d7e1640>, <torch.utils.data.dataloader.DataLoader object at 0x2a82baaf0>, <torch.utils.data.dataloader.DataLoader object at 0x16d7def70>, <torch.utils.data.dataloader.DataLoader object at 0x16d7dae50>, <torch.utils.data.dataloader.DataLoader object at 0x16d7e6f10>, <torch.utils.data.dataloader.DataLoader object at 0x16d7e1820>, <torch.utils.data.dataloader.DataLoader object at 0x16d7e4a30>, <torch.utils.data.dataloader.DataLoader object at 0x16d7dab80>, <torch.utils.data.dataloader.DataLoader object at 0x16d7e42b0>, <torch.utils.data.dataloader.DataLoader object at 0x16d7e4b20>, <torch.utils.data.dataloader.DataLoader object at 0x16d7de250>] 11
Federated Unlearning Global Epoch  = 1
Federated Unlearning Global Epoch  = 2
Federated Unlearning Global Epoch  = 3
Federated Unlearning Global Epoch  = 4
Federated Unlearning Global Epoch  = 5
Federated Unlearning Global Epoch  = 6
Federated Unlearning Global Epoch  = 7
Federated Unlearning Global Epoch  = 8
Federated Unlearning Global Epoch  = 9
Federated Unlearning Global Epoch  = 10
Federated Unlearning Global Epoch  = 11
Federated Unlearning Global Epoch  = 12
Federated Unlearning Global Epoch  = 13
Federated Unlearning Global Epoch  = 14
Federated Unlearning Global Epoch  = 15
Federated Unlearning Global Epoch  = 16
Federated Unlearning Global Epoch  = 17
Federated Unlearning Global Epoch  = 18
Federated Unlearning Global Epoch  = 19
N [1, 3, 3, 5]
cc 0.4
ss 1.0666666666666667
rouc:  0.4  rous:  0.32
IE:  {1, 3, 5, 7, 9, 11, 13, 15, 17}
tr:  5
selected_clients:      [2 8 2 4]
client_models 10
selected_clients:      [2 5 6 8]
client_models 10
selected_clients:      [7 3 0 1]
client_models 10
selected_clients:      [6 2 5 4]
client_models 10
selected_clients:      [0 9 2 7]
client_models 10
selected_clients:      [4 0 7 1]
client_models 10
selected_clients:      [0 2 3 6]
client_models 10
here
client_data_loaders:  [<torch.utils.data.dataloader.DataLoader object at 0x16d7e1640>, <torch.utils.data.dataloader.DataLoader object at 0x2a66e5ac0>, <torch.utils.data.dataloader.DataLoader object at 0x16d7def70>, <torch.utils.data.dataloader.DataLoader object at 0x16d7dae50>, <torch.utils.data.dataloader.DataLoader object at 0x16d7e6f10>, <torch.utils.data.dataloader.DataLoader object at 0x16d7e1820>, <torch.utils.data.dataloader.DataLoader object at 0x16d7e4a30>, <torch.utils.data.dataloader.DataLoader object at 0x16d7dab80>, <torch.utils.data.dataloader.DataLoader object at 0x16d7e42b0>, <torch.utils.data.dataloader.DataLoader object at 0x16d7e4b20>, <torch.utils.data.dataloader.DataLoader object at 0x16d7de250>] 11
Federated Unlearning Global Epoch  = 1
Federated Unlearning Global Epoch  = 2
Federated Unlearning Global Epoch  = 3
Federated Unlearning Global Epoch  = 4
Federated Unlearning Global Epoch  = 5
Federated Unlearning Global Epoch  = 6
Federated Unlearning Global Epoch  = 7
Federated Unlearning Global Epoch  = 8
Federated Unlearning Global Epoch  = 9
Federated Unlearning Global Epoch  = 10
Federated Unlearning Global Epoch  = 11
Federated Unlearning Global Epoch  = 12
Federated Unlearning Global Epoch  = 13
Federated Unlearning Global Epoch  = 14
Federated Unlearning Global Epoch  = 15
Federated Unlearning Global Epoch  = 16
Federated Unlearning Global Epoch  = 17
Federated Unlearning Global Epoch  = 18
Federated Unlearning Global Epoch  = 19
N [1, 3, 3, 5]
cc 0.4
ss 1.0666666666666667
rouc:  0.4  rous:  0.32
IE:  {1, 3, 5, 7, 9, 11, 13, 15, 17}
tr:  5
selected_clients:      [2 3 1 5]
client_models 10
selected_clients:      [1 4 4 0]
client_models 10
selected_clients:      [2 3 0 9]
client_models 10
selected_clients:      [3 8 1 0]
client_models 10
selected_clients:      [6 7 7 2]
client_models 10
selected_clients:      [0 9 3 6]
client_models 10
selected_clients:      [2 5 9 7]
client_models 10
here
client_data_loaders:  [<torch.utils.data.dataloader.DataLoader object at 0x16d7e1640>, <torch.utils.data.dataloader.DataLoader object at 0x16ffd2ca0>, <torch.utils.data.dataloader.DataLoader object at 0x16d7def70>, <torch.utils.data.dataloader.DataLoader object at 0x16d7dae50>, <torch.utils.data.dataloader.DataLoader object at 0x16d7e6f10>, <torch.utils.data.dataloader.DataLoader object at 0x16d7e1820>, <torch.utils.data.dataloader.DataLoader object at 0x16d7e4a30>, <torch.utils.data.dataloader.DataLoader object at 0x16d7dab80>, <torch.utils.data.dataloader.DataLoader object at 0x16d7e42b0>, <torch.utils.data.dataloader.DataLoader object at 0x16d7e4b20>, <torch.utils.data.dataloader.DataLoader object at 0x16d7de250>] 11
Federated Unlearning Global Epoch  = 1
Federated Unlearning Global Epoch  = 2
Federated Unlearning Global Epoch  = 3
Federated Unlearning Global Epoch  = 4
Federated Unlearning Global Epoch  = 5
Federated Unlearning Global Epoch  = 6
Federated Unlearning Global Epoch  = 7
Federated Unlearning Global Epoch  = 8
Federated Unlearning Global Epoch  = 9
Federated Unlearning Global Epoch  = 10
Federated Unlearning Global Epoch  = 11
Federated Unlearning Global Epoch  = 12
Federated Unlearning Global Epoch  = 13
Federated Unlearning Global Epoch  = 14
Federated Unlearning Global Epoch  = 15
Federated Unlearning Global Epoch  = 16
Federated Unlearning Global Epoch  = 17
Federated Unlearning Global Epoch  = 18
Federated Unlearning Global Epoch  = 19
N [1, 3, 3, 5]
cc 0.4
ss 1.0666666666666667
rouc:  0.4  rous:  0.32
IE:  {1, 3, 5, 7, 9, 11, 13, 15, 17}
tr:  5
selected_clients:      [9 4 1 0]
client_models 10
selected_clients:      [7 0 9 7]
client_models 10
selected_clients:      [7 3 2 9]
client_models 10
selected_clients:      [0 2 6 1]
client_models 10
selected_clients:      [3 4 6 3]
client_models 10
selected_clients:      [1 6 7 0]
client_models 10
selected_clients:      [5 4 6 4]
client_models 10
here
client_data_loaders:  [<torch.utils.data.dataloader.DataLoader object at 0x16d7e1640>, <torch.utils.data.dataloader.DataLoader object at 0x2a7def7c0>, <torch.utils.data.dataloader.DataLoader object at 0x16d7def70>, <torch.utils.data.dataloader.DataLoader object at 0x16d7dae50>, <torch.utils.data.dataloader.DataLoader object at 0x16d7e6f10>, <torch.utils.data.dataloader.DataLoader object at 0x16d7e1820>, <torch.utils.data.dataloader.DataLoader object at 0x16d7e4a30>, <torch.utils.data.dataloader.DataLoader object at 0x16d7dab80>, <torch.utils.data.dataloader.DataLoader object at 0x16d7e42b0>, <torch.utils.data.dataloader.DataLoader object at 0x16d7e4b20>, <torch.utils.data.dataloader.DataLoader object at 0x16d7de250>] 11
Federated Unlearning Global Epoch  = 1
Federated Unlearning Global Epoch  = 2
Federated Unlearning Global Epoch  = 3
Federated Unlearning Global Epoch  = 4
Federated Unlearning Global Epoch  = 5
Federated Unlearning Global Epoch  = 6
Federated Unlearning Global Epoch  = 7
Federated Unlearning Global Epoch  = 8
Federated Unlearning Global Epoch  = 9
Federated Unlearning Global Epoch  = 10
Federated Unlearning Global Epoch  = 11
Federated Unlearning Global Epoch  = 12
Federated Unlearning Global Epoch  = 13
Federated Unlearning Global Epoch  = 14
Federated Unlearning Global Epoch  = 15
Federated Unlearning Global Epoch  = 16
Federated Unlearning Global Epoch  = 17
Federated Unlearning Global Epoch  = 18
Federated Unlearning Global Epoch  = 19
N [1, 3, 3, 5]
cc 0.4
ss 1.0666666666666667
rouc:  0.4  rous:  0.32
IE:  {1, 3, 5, 7, 9, 11, 13, 15, 17}
tr:  5
selected_clients:      [7 3 9 5]
client_models 10
selected_clients:      [2 1 6 2]
client_models 10
selected_clients:      [9 4 8 7]
client_models 10
selected_clients:      [5 6 0 1]
client_models 10
selected_clients:      [0 2 6 7]
client_models 10
selected_clients:      [2 2 5 2]
client_models 10
selected_clients:      [6 3 9 0]
client_models 10
here
client_data_loaders:  [<torch.utils.data.dataloader.DataLoader object at 0x16d7e1640>, <torch.utils.data.dataloader.DataLoader object at 0x16ff955b0>, <torch.utils.data.dataloader.DataLoader object at 0x16d7def70>, <torch.utils.data.dataloader.DataLoader object at 0x16d7dae50>, <torch.utils.data.dataloader.DataLoader object at 0x16d7e6f10>, <torch.utils.data.dataloader.DataLoader object at 0x16d7e1820>, <torch.utils.data.dataloader.DataLoader object at 0x16d7e4a30>, <torch.utils.data.dataloader.DataLoader object at 0x16d7dab80>, <torch.utils.data.dataloader.DataLoader object at 0x16d7e42b0>, <torch.utils.data.dataloader.DataLoader object at 0x16d7e4b20>, <torch.utils.data.dataloader.DataLoader object at 0x16d7de250>] 11
Federated Unlearning Global Epoch  = 1
Federated Unlearning Global Epoch  = 2
Federated Unlearning Global Epoch  = 3
Federated Unlearning Global Epoch  = 4
Federated Unlearning Global Epoch  = 5
Federated Unlearning Global Epoch  = 6
Federated Unlearning Global Epoch  = 7
Federated Unlearning Global Epoch  = 8
Federated Unlearning Global Epoch  = 9
Federated Unlearning Global Epoch  = 10
Federated Unlearning Global Epoch  = 11
Federated Unlearning Global Epoch  = 12
Federated Unlearning Global Epoch  = 13
Federated Unlearning Global Epoch  = 14
Federated Unlearning Global Epoch  = 15
Federated Unlearning Global Epoch  = 16
Federated Unlearning Global Epoch  = 17
Federated Unlearning Global Epoch  = 18
Federated Unlearning Global Epoch  = 19
N [1, 3, 3, 5]
cc 0.4
ss 1.0666666666666667
rouc:  0.4  rous:  0.32
IE:  {1, 3, 5, 7, 9, 11, 13, 15, 17}
tr:  5
selected_clients:      [6 9 2 6]
client_models 10
selected_clients:      [8 9 6 2]
client_models 10
selected_clients:      [7 2 3 4]
client_models 10
selected_clients:      [9 9 8 9]
client_models 10
selected_clients:      [6 5 6 3]
client_models 10
selected_clients:      [2 3 7 0]
client_models 10
selected_clients:      [8 3 4 1]
client_models 10
X_u <torch.utils.data.dataloader.DataLoader object at 0x16ff955b0>
data_loader_ku <torch.utils.data.dataloader.DataLoader object at 0x16ff955b0>
here
client_data_loaders:  [<torch.utils.data.dataloader.DataLoader object at 0x16d7e1640>, <torch.utils.data.dataloader.DataLoader object at 0x16d9894c0>, <torch.utils.data.dataloader.DataLoader object at 0x16d7def70>, <torch.utils.data.dataloader.DataLoader object at 0x16d7dae50>, <torch.utils.data.dataloader.DataLoader object at 0x16d7e6f10>, <torch.utils.data.dataloader.DataLoader object at 0x16d7e1820>, <torch.utils.data.dataloader.DataLoader object at 0x16d7e4a30>, <torch.utils.data.dataloader.DataLoader object at 0x16d7dab80>, <torch.utils.data.dataloader.DataLoader object at 0x16d7e42b0>, <torch.utils.data.dataloader.DataLoader object at 0x16d7e4b20>, <torch.utils.data.dataloader.DataLoader object at 0x16d7de250>] 11
Federated Unlearning Global Epoch  = 1
Federated Unlearning Global Epoch  = 2
Federated Unlearning Global Epoch  = 3
Federated Unlearning Global Epoch  = 4
Federated Unlearning Global Epoch  = 5
Federated Unlearning Global Epoch  = 6
Federated Unlearning Global Epoch  = 7
Federated Unlearning Global Epoch  = 8
Federated Unlearning Global Epoch  = 9
Federated Unlearning Global Epoch  = 10
Federated Unlearning Global Epoch  = 11
Federated Unlearning Global Epoch  = 12
Federated Unlearning Global Epoch  = 13
Federated Unlearning Global Epoch  = 14
Federated Unlearning Global Epoch  = 15
Federated Unlearning Global Epoch  = 16
Federated Unlearning Global Epoch  = 17
Federated Unlearning Global Epoch  = 18
Federated Unlearning Global Epoch  = 19
N [1, 3, 3, 5]
cc 0.4
ss 1.0666666666666667
rouc:  0.4  rous:  0.32
IE:  {1, 3, 5, 7, 9, 11, 13, 15, 17}
tr:  5
selected_clients:      [4 0 0 2]
client_models 10
selected_clients:      [1 7 5 7]
client_models 10
selected_clients:      [3 2 8 5]
client_models 10
selected_clients:      [0 5 0 6]
client_models 10
selected_clients:      [2 4 7 9]
client_models 10
selected_clients:      [2 8 8 6]
client_models 10
selected_clients:      [4 7 6 9]
client_models 10
here
client_data_loaders:  [<torch.utils.data.dataloader.DataLoader object at 0x16d7e1640>, <torch.utils.data.dataloader.DataLoader object at 0x16d870a60>, <torch.utils.data.dataloader.DataLoader object at 0x16d7def70>, <torch.utils.data.dataloader.DataLoader object at 0x16d7dae50>, <torch.utils.data.dataloader.DataLoader object at 0x16d7e6f10>, <torch.utils.data.dataloader.DataLoader object at 0x16d7e1820>, <torch.utils.data.dataloader.DataLoader object at 0x16d7e4a30>, <torch.utils.data.dataloader.DataLoader object at 0x16d7dab80>, <torch.utils.data.dataloader.DataLoader object at 0x16d7e42b0>, <torch.utils.data.dataloader.DataLoader object at 0x16d7e4b20>, <torch.utils.data.dataloader.DataLoader object at 0x16d7de250>] 11
Federated Unlearning Global Epoch  = 1
Federated Unlearning Global Epoch  = 2
Federated Unlearning Global Epoch  = 3
Federated Unlearning Global Epoch  = 4
Federated Unlearning Global Epoch  = 5
Federated Unlearning Global Epoch  = 6
Federated Unlearning Global Epoch  = 7
Federated Unlearning Global Epoch  = 8
Federated Unlearning Global Epoch  = 9
Federated Unlearning Global Epoch  = 10
Federated Unlearning Global Epoch  = 11
Federated Unlearning Global Epoch  = 12
Federated Unlearning Global Epoch  = 13
Federated Unlearning Global Epoch  = 14
Federated Unlearning Global Epoch  = 15
Federated Unlearning Global Epoch  = 16
Federated Unlearning Global Epoch  = 17
Federated Unlearning Global Epoch  = 18
Federated Unlearning Global Epoch  = 19
N [1, 3, 3, 5]
cc 0.4
ss 1.0666666666666667
rouc:  0.4  rous:  0.32
IE:  {1, 3, 5, 7, 9, 11, 13, 15, 17}
tr:  5
selected_clients:      [3 1 7 9]
client_models 10
selected_clients:      [6 5 4 1]
client_models 10
selected_clients:      [1 5 5 8]
client_models 10
selected_clients:      [2 5 9 3]
client_models 10
selected_clients:      [1 5 7 2]
client_models 10
selected_clients:      [5 3 3 9]
client_models 10
selected_clients:      [6 5 4 8]
client_models 10
here
client_data_loaders:  [<torch.utils.data.dataloader.DataLoader object at 0x16d7e1640>, <torch.utils.data.dataloader.DataLoader object at 0x2a781f280>, <torch.utils.data.dataloader.DataLoader object at 0x16d7def70>, <torch.utils.data.dataloader.DataLoader object at 0x16d7dae50>, <torch.utils.data.dataloader.DataLoader object at 0x16d7e6f10>, <torch.utils.data.dataloader.DataLoader object at 0x16d7e1820>, <torch.utils.data.dataloader.DataLoader object at 0x16d7e4a30>, <torch.utils.data.dataloader.DataLoader object at 0x16d7dab80>, <torch.utils.data.dataloader.DataLoader object at 0x16d7e42b0>, <torch.utils.data.dataloader.DataLoader object at 0x16d7e4b20>, <torch.utils.data.dataloader.DataLoader object at 0x16d7de250>] 11
Federated Unlearning Global Epoch  = 1
Federated Unlearning Global Epoch  = 2
Federated Unlearning Global Epoch  = 3
Federated Unlearning Global Epoch  = 4
Federated Unlearning Global Epoch  = 5
Federated Unlearning Global Epoch  = 6
Federated Unlearning Global Epoch  = 7
Federated Unlearning Global Epoch  = 8
Federated Unlearning Global Epoch  = 9
Federated Unlearning Global Epoch  = 10
Federated Unlearning Global Epoch  = 11
Federated Unlearning Global Epoch  = 12
Federated Unlearning Global Epoch  = 13
Federated Unlearning Global Epoch  = 14
Federated Unlearning Global Epoch  = 15
Federated Unlearning Global Epoch  = 16
Federated Unlearning Global Epoch  = 17
Federated Unlearning Global Epoch  = 18
Federated Unlearning Global Epoch  = 19
N [1, 3, 3, 5]
cc 0.4
ss 1.0666666666666667
rouc:  0.4  rous:  0.32
IE:  {1, 3, 5, 7, 9, 11, 13, 15, 17}
tr:  5
selected_clients:      [1 5 3 4]
client_models 10
selected_clients:      [2 9 6 2]
client_models 10
selected_clients:      [5 2 3 9]
client_models 10
selected_clients:      [1 0 9 5]
client_models 10
selected_clients:      [3 8 0 2]
client_models 10
selected_clients:      [6 7 6 5]
client_models 10
selected_clients:      [8 1 0 6]
client_models 10
here
client_data_loaders:  [<torch.utils.data.dataloader.DataLoader object at 0x16d7e1640>, <torch.utils.data.dataloader.DataLoader object at 0x2a625d250>, <torch.utils.data.dataloader.DataLoader object at 0x16d7def70>, <torch.utils.data.dataloader.DataLoader object at 0x16d7dae50>, <torch.utils.data.dataloader.DataLoader object at 0x16d7e6f10>, <torch.utils.data.dataloader.DataLoader object at 0x16d7e1820>, <torch.utils.data.dataloader.DataLoader object at 0x16d7e4a30>, <torch.utils.data.dataloader.DataLoader object at 0x16d7dab80>, <torch.utils.data.dataloader.DataLoader object at 0x16d7e42b0>, <torch.utils.data.dataloader.DataLoader object at 0x16d7e4b20>, <torch.utils.data.dataloader.DataLoader object at 0x16d7de250>] 11
Federated Unlearning Global Epoch  = 1
Federated Unlearning Global Epoch  = 2
Federated Unlearning Global Epoch  = 3
Federated Unlearning Global Epoch  = 4
Federated Unlearning Global Epoch  = 5
Federated Unlearning Global Epoch  = 6
Federated Unlearning Global Epoch  = 7
Federated Unlearning Global Epoch  = 8
Federated Unlearning Global Epoch  = 9
Federated Unlearning Global Epoch  = 10
Federated Unlearning Global Epoch  = 11
Federated Unlearning Global Epoch  = 12
Federated Unlearning Global Epoch  = 13
Federated Unlearning Global Epoch  = 14
Federated Unlearning Global Epoch  = 15
Federated Unlearning Global Epoch  = 16
Federated Unlearning Global Epoch  = 17
Federated Unlearning Global Epoch  = 18
Federated Unlearning Global Epoch  = 19
N [1, 3, 3, 5]
cc 0.4
ss 1.0666666666666667
rouc:  0.4  rous:  0.32
IE:  {1, 3, 5, 7, 9, 11, 13, 15, 17}
tr:  5
selected_clients:      [1 7 1 8]
client_models 10
selected_clients:      [7 8 5 3]
client_models 10
selected_clients:      [2 4 7 9]
client_models 10
selected_clients:      [3 6 0 8]
client_models 10
selected_clients:      [0 7 3 3]
client_models 10
selected_clients:      [2 5 5 7]
client_models 10
selected_clients:      [3 4 4 6]
client_models 10
here
client_data_loaders:  [<torch.utils.data.dataloader.DataLoader object at 0x16d7e1640>, <torch.utils.data.dataloader.DataLoader object at 0x16dfd5a30>, <torch.utils.data.dataloader.DataLoader object at 0x16d7def70>, <torch.utils.data.dataloader.DataLoader object at 0x16d7dae50>, <torch.utils.data.dataloader.DataLoader object at 0x16d7e6f10>, <torch.utils.data.dataloader.DataLoader object at 0x16d7e1820>, <torch.utils.data.dataloader.DataLoader object at 0x16d7e4a30>, <torch.utils.data.dataloader.DataLoader object at 0x16d7dab80>, <torch.utils.data.dataloader.DataLoader object at 0x16d7e42b0>, <torch.utils.data.dataloader.DataLoader object at 0x16d7e4b20>, <torch.utils.data.dataloader.DataLoader object at 0x16d7de250>] 11
Federated Unlearning Global Epoch  = 1
Federated Unlearning Global Epoch  = 2
Federated Unlearning Global Epoch  = 3
Federated Unlearning Global Epoch  = 4
Federated Unlearning Global Epoch  = 5
Federated Unlearning Global Epoch  = 6
Federated Unlearning Global Epoch  = 7
Federated Unlearning Global Epoch  = 8
Federated Unlearning Global Epoch  = 9
Federated Unlearning Global Epoch  = 10
Federated Unlearning Global Epoch  = 11
Federated Unlearning Global Epoch  = 12
Federated Unlearning Global Epoch  = 13
Federated Unlearning Global Epoch  = 14
Federated Unlearning Global Epoch  = 15
Federated Unlearning Global Epoch  = 16
Federated Unlearning Global Epoch  = 17
Federated Unlearning Global Epoch  = 18
Federated Unlearning Global Epoch  = 19
N [1, 3, 3, 5]
cc 0.4
ss 1.0666666666666667
rouc:  0.4  rous:  0.32
IE:  {1, 3, 5, 7, 9, 11, 13, 15, 17}
tr:  5
selected_clients:      [8 6 2 0]
client_models 10
selected_clients:      [6 8 2 6]
client_models 10
selected_clients:      [8 3 1 5]
client_models 10
selected_clients:      [6 7 0 7]
client_models 10
selected_clients:      [7 5 8 7]
client_models 10
selected_clients:      [4 0 1 7]
client_models 10
selected_clients:      [6 8 3 7]
client_models 10
here
client_data_loaders:  [<torch.utils.data.dataloader.DataLoader object at 0x16d7e1640>, <torch.utils.data.dataloader.DataLoader object at 0x16fe86850>, <torch.utils.data.dataloader.DataLoader object at 0x16d7def70>, <torch.utils.data.dataloader.DataLoader object at 0x16d7dae50>, <torch.utils.data.dataloader.DataLoader object at 0x16d7e6f10>, <torch.utils.data.dataloader.DataLoader object at 0x16d7e1820>, <torch.utils.data.dataloader.DataLoader object at 0x16d7e4a30>, <torch.utils.data.dataloader.DataLoader object at 0x16d7dab80>, <torch.utils.data.dataloader.DataLoader object at 0x16d7e42b0>, <torch.utils.data.dataloader.DataLoader object at 0x16d7e4b20>, <torch.utils.data.dataloader.DataLoader object at 0x16d7de250>] 11
Federated Unlearning Global Epoch  = 1
Federated Unlearning Global Epoch  = 2
Federated Unlearning Global Epoch  = 3
Federated Unlearning Global Epoch  = 4
Federated Unlearning Global Epoch  = 5
Federated Unlearning Global Epoch  = 6
Federated Unlearning Global Epoch  = 7
Federated Unlearning Global Epoch  = 8
Federated Unlearning Global Epoch  = 9
Federated Unlearning Global Epoch  = 10
Federated Unlearning Global Epoch  = 11
Federated Unlearning Global Epoch  = 12
Federated Unlearning Global Epoch  = 13
Federated Unlearning Global Epoch  = 14
Federated Unlearning Global Epoch  = 15
Federated Unlearning Global Epoch  = 16
Federated Unlearning Global Epoch  = 17
Federated Unlearning Global Epoch  = 18
Federated Unlearning Global Epoch  = 19
N [1, 3, 3, 5]
cc 0.4
ss 1.0666666666666667
rouc:  0.4  rous:  0.32
IE:  {1, 3, 5, 7, 9, 11, 13, 15, 17}
tr:  5
selected_clients:      [7 3 8 0]
client_models 10
selected_clients:      [6 6 6 8]
client_models 10
selected_clients:      [9 2 5 5]
client_models 10
selected_clients:      [8 5 9 2]
client_models 10
selected_clients:      [2 1 9 1]
client_models 10
selected_clients:      [2 7 7 5]
client_models 10
selected_clients:      [3 7 1 2]
client_models 10
here
client_data_loaders:  [<torch.utils.data.dataloader.DataLoader object at 0x16d7e1640>, <torch.utils.data.dataloader.DataLoader object at 0x2a7974760>, <torch.utils.data.dataloader.DataLoader object at 0x16d7def70>, <torch.utils.data.dataloader.DataLoader object at 0x16d7dae50>, <torch.utils.data.dataloader.DataLoader object at 0x16d7e6f10>, <torch.utils.data.dataloader.DataLoader object at 0x16d7e1820>, <torch.utils.data.dataloader.DataLoader object at 0x16d7e4a30>, <torch.utils.data.dataloader.DataLoader object at 0x16d7dab80>, <torch.utils.data.dataloader.DataLoader object at 0x16d7e42b0>, <torch.utils.data.dataloader.DataLoader object at 0x16d7e4b20>, <torch.utils.data.dataloader.DataLoader object at 0x16d7de250>] 11
Federated Unlearning Global Epoch  = 1
Federated Unlearning Global Epoch  = 2
Federated Unlearning Global Epoch  = 3
Federated Unlearning Global Epoch  = 4
Federated Unlearning Global Epoch  = 5
Federated Unlearning Global Epoch  = 6
Federated Unlearning Global Epoch  = 7
Federated Unlearning Global Epoch  = 8
Federated Unlearning Global Epoch  = 9
Federated Unlearning Global Epoch  = 10
Federated Unlearning Global Epoch  = 11
Federated Unlearning Global Epoch  = 12
Federated Unlearning Global Epoch  = 13
Federated Unlearning Global Epoch  = 14
Federated Unlearning Global Epoch  = 15
Federated Unlearning Global Epoch  = 16
Federated Unlearning Global Epoch  = 17
Federated Unlearning Global Epoch  = 18
Federated Unlearning Global Epoch  = 19
N [1, 3, 3, 5]
cc 0.4
ss 1.0666666666666667
rouc:  0.4  rous:  0.32
IE:  {1, 3, 5, 7, 9, 11, 13, 15, 17}
tr:  5
selected_clients:      [6 9 8 5]
client_models 10
selected_clients:      [7 2 8 4]
client_models 10
selected_clients:      [4 4 0 2]
client_models 10
selected_clients:      [8 3 2 8]
client_models 10
selected_clients:      [7 6 7 9]
client_models 10
selected_clients:      [6 3 0 6]
client_models 10
selected_clients:      [0 9 9 6]
client_models 10
here
client_data_loaders:  [<torch.utils.data.dataloader.DataLoader object at 0x16d7e1640>, <torch.utils.data.dataloader.DataLoader object at 0x2a7e0f730>, <torch.utils.data.dataloader.DataLoader object at 0x16d7def70>, <torch.utils.data.dataloader.DataLoader object at 0x16d7dae50>, <torch.utils.data.dataloader.DataLoader object at 0x16d7e6f10>, <torch.utils.data.dataloader.DataLoader object at 0x16d7e1820>, <torch.utils.data.dataloader.DataLoader object at 0x16d7e4a30>, <torch.utils.data.dataloader.DataLoader object at 0x16d7dab80>, <torch.utils.data.dataloader.DataLoader object at 0x16d7e42b0>, <torch.utils.data.dataloader.DataLoader object at 0x16d7e4b20>, <torch.utils.data.dataloader.DataLoader object at 0x16d7de250>] 11
Federated Unlearning Global Epoch  = 1
Federated Unlearning Global Epoch  = 2
Federated Unlearning Global Epoch  = 3
Federated Unlearning Global Epoch  = 4
Federated Unlearning Global Epoch  = 5
Federated Unlearning Global Epoch  = 6
Federated Unlearning Global Epoch  = 7
Federated Unlearning Global Epoch  = 8
Federated Unlearning Global Epoch  = 9
Federated Unlearning Global Epoch  = 10
Federated Unlearning Global Epoch  = 11
Federated Unlearning Global Epoch  = 12
Federated Unlearning Global Epoch  = 13
Federated Unlearning Global Epoch  = 14
Federated Unlearning Global Epoch  = 15
Federated Unlearning Global Epoch  = 16
Federated Unlearning Global Epoch  = 17
Federated Unlearning Global Epoch  = 18
Federated Unlearning Global Epoch  = 19
N [1, 3, 3, 5]
cc 0.4
ss 1.0666666666666667
rouc:  0.4  rous:  0.32
IE:  {1, 3, 5, 7, 9, 11, 13, 15, 17}
tr:  5
selected_clients:      [8 3 6 5]
client_models 10
selected_clients:      [0 7 1 4]
client_models 10
selected_clients:      [9 2 2 8]
client_models 10
selected_clients:      [2 0 3 2]
client_models 10
selected_clients:      [2 6 0 4]
client_models 10
selected_clients:      [3 2 4 2]
client_models 10
selected_clients:      [0 1 4 4]
client_models 10
X_u <torch.utils.data.dataloader.DataLoader object at 0x2a7e0f730>
data_loader_ku <torch.utils.data.dataloader.DataLoader object at 0x2a7e0f730>
here
client_data_loaders:  [<torch.utils.data.dataloader.DataLoader object at 0x16d7e1640>, <torch.utils.data.dataloader.DataLoader object at 0x2a6678be0>, <torch.utils.data.dataloader.DataLoader object at 0x16d7def70>, <torch.utils.data.dataloader.DataLoader object at 0x16d7dae50>, <torch.utils.data.dataloader.DataLoader object at 0x16d7e6f10>, <torch.utils.data.dataloader.DataLoader object at 0x16d7e1820>, <torch.utils.data.dataloader.DataLoader object at 0x16d7e4a30>, <torch.utils.data.dataloader.DataLoader object at 0x16d7dab80>, <torch.utils.data.dataloader.DataLoader object at 0x16d7e42b0>, <torch.utils.data.dataloader.DataLoader object at 0x16d7e4b20>, <torch.utils.data.dataloader.DataLoader object at 0x16d7de250>] 11
Federated Unlearning Global Epoch  = 1
Federated Unlearning Global Epoch  = 2
Federated Unlearning Global Epoch  = 3
Federated Unlearning Global Epoch  = 4
Federated Unlearning Global Epoch  = 5
Federated Unlearning Global Epoch  = 6
Federated Unlearning Global Epoch  = 7
Federated Unlearning Global Epoch  = 8
Federated Unlearning Global Epoch  = 9
Federated Unlearning Global Epoch  = 10
Federated Unlearning Global Epoch  = 11
Federated Unlearning Global Epoch  = 12
Federated Unlearning Global Epoch  = 13
Federated Unlearning Global Epoch  = 14
Federated Unlearning Global Epoch  = 15
Federated Unlearning Global Epoch  = 16
Federated Unlearning Global Epoch  = 17
Federated Unlearning Global Epoch  = 18
Federated Unlearning Global Epoch  = 19
N [1, 3, 3, 5]
cc 0.4
ss 1.0666666666666667
rouc:  0.4  rous:  0.32
IE:  {1, 3, 5, 7, 9, 11, 13, 15, 17}
tr:  5
selected_clients:      [8 8 3 6]
client_models 10
selected_clients:      [1 3 4 7]
client_models 10
selected_clients:      [2 9 9 8]
client_models 10
selected_clients:      [9 4 0 1]
client_models 10
selected_clients:      [3 0 2 7]
client_models 10
selected_clients:      [0 1 9 7]
client_models 10
selected_clients:      [9 0 8 6]
client_models 10
here
client_data_loaders:  [<torch.utils.data.dataloader.DataLoader object at 0x16d7e1640>, <torch.utils.data.dataloader.DataLoader object at 0x16dff92e0>, <torch.utils.data.dataloader.DataLoader object at 0x16d7def70>, <torch.utils.data.dataloader.DataLoader object at 0x16d7dae50>, <torch.utils.data.dataloader.DataLoader object at 0x16d7e6f10>, <torch.utils.data.dataloader.DataLoader object at 0x16d7e1820>, <torch.utils.data.dataloader.DataLoader object at 0x16d7e4a30>, <torch.utils.data.dataloader.DataLoader object at 0x16d7dab80>, <torch.utils.data.dataloader.DataLoader object at 0x16d7e42b0>, <torch.utils.data.dataloader.DataLoader object at 0x16d7e4b20>, <torch.utils.data.dataloader.DataLoader object at 0x16d7de250>] 11
Federated Unlearning Global Epoch  = 1
Federated Unlearning Global Epoch  = 2
Federated Unlearning Global Epoch  = 3
Federated Unlearning Global Epoch  = 4
Federated Unlearning Global Epoch  = 5
Federated Unlearning Global Epoch  = 6
Federated Unlearning Global Epoch  = 7
Federated Unlearning Global Epoch  = 8
Federated Unlearning Global Epoch  = 9
Federated Unlearning Global Epoch  = 10
Federated Unlearning Global Epoch  = 11
Federated Unlearning Global Epoch  = 12
Federated Unlearning Global Epoch  = 13
Federated Unlearning Global Epoch  = 14
Federated Unlearning Global Epoch  = 15
Federated Unlearning Global Epoch  = 16
Federated Unlearning Global Epoch  = 17
Federated Unlearning Global Epoch  = 18
Federated Unlearning Global Epoch  = 19
N [1, 3, 3, 5]
cc 0.4
ss 1.0666666666666667
rouc:  0.4  rous:  0.32
IE:  {1, 3, 5, 7, 9, 11, 13, 15, 17}
tr:  5
selected_clients:      [7 4 2 6]
client_models 10
selected_clients:      [9 9 7 3]
client_models 10
selected_clients:      [9 2 3 4]
client_models 10
selected_clients:      [4 8 8 5]
client_models 10
selected_clients:      [2 7 1 4]
client_models 10
selected_clients:      [4 2 8 5]
client_models 10
selected_clients:      [3 2 5 3]
client_models 10
here
client_data_loaders:  [<torch.utils.data.dataloader.DataLoader object at 0x16d7e1640>, <torch.utils.data.dataloader.DataLoader object at 0x16ffd2af0>, <torch.utils.data.dataloader.DataLoader object at 0x16d7def70>, <torch.utils.data.dataloader.DataLoader object at 0x16d7dae50>, <torch.utils.data.dataloader.DataLoader object at 0x16d7e6f10>, <torch.utils.data.dataloader.DataLoader object at 0x16d7e1820>, <torch.utils.data.dataloader.DataLoader object at 0x16d7e4a30>, <torch.utils.data.dataloader.DataLoader object at 0x16d7dab80>, <torch.utils.data.dataloader.DataLoader object at 0x16d7e42b0>, <torch.utils.data.dataloader.DataLoader object at 0x16d7e4b20>, <torch.utils.data.dataloader.DataLoader object at 0x16d7de250>] 11
Federated Unlearning Global Epoch  = 1
Federated Unlearning Global Epoch  = 2
Federated Unlearning Global Epoch  = 3
Federated Unlearning Global Epoch  = 4
Federated Unlearning Global Epoch  = 5
Federated Unlearning Global Epoch  = 6
Federated Unlearning Global Epoch  = 7
Federated Unlearning Global Epoch  = 8
Federated Unlearning Global Epoch  = 9
Federated Unlearning Global Epoch  = 10
Federated Unlearning Global Epoch  = 11
Federated Unlearning Global Epoch  = 12
Federated Unlearning Global Epoch  = 13
Federated Unlearning Global Epoch  = 14
Federated Unlearning Global Epoch  = 15
Federated Unlearning Global Epoch  = 16
Federated Unlearning Global Epoch  = 17
Federated Unlearning Global Epoch  = 18
Federated Unlearning Global Epoch  = 19
N [1, 3, 3, 5]
cc 0.4
ss 1.0666666666666667
rouc:  0.4  rous:  0.32
IE:  {1, 3, 5, 7, 9, 11, 13, 15, 17}
tr:  5
selected_clients:      [1 6 9 0]
client_models 10
selected_clients:      [0 4 9 9]
client_models 10
selected_clients:      [4 8 0 7]
client_models 10
selected_clients:      [3 4 0 1]
client_models 10
selected_clients:      [5 3 7 7]
client_models 10
selected_clients:      [5 0 2 1]
client_models 10
selected_clients:      [6 1 5 9]
client_models 10
here
client_data_loaders:  [<torch.utils.data.dataloader.DataLoader object at 0x16d7e1640>, <torch.utils.data.dataloader.DataLoader object at 0x16d9f5940>, <torch.utils.data.dataloader.DataLoader object at 0x16d7def70>, <torch.utils.data.dataloader.DataLoader object at 0x16d7dae50>, <torch.utils.data.dataloader.DataLoader object at 0x16d7e6f10>, <torch.utils.data.dataloader.DataLoader object at 0x16d7e1820>, <torch.utils.data.dataloader.DataLoader object at 0x16d7e4a30>, <torch.utils.data.dataloader.DataLoader object at 0x16d7dab80>, <torch.utils.data.dataloader.DataLoader object at 0x16d7e42b0>, <torch.utils.data.dataloader.DataLoader object at 0x16d7e4b20>, <torch.utils.data.dataloader.DataLoader object at 0x16d7de250>] 11
Federated Unlearning Global Epoch  = 1
Federated Unlearning Global Epoch  = 2
Federated Unlearning Global Epoch  = 3
Federated Unlearning Global Epoch  = 4
Federated Unlearning Global Epoch  = 5
Federated Unlearning Global Epoch  = 6
Federated Unlearning Global Epoch  = 7
Federated Unlearning Global Epoch  = 8
Federated Unlearning Global Epoch  = 9
Federated Unlearning Global Epoch  = 10
Federated Unlearning Global Epoch  = 11
Federated Unlearning Global Epoch  = 12
Federated Unlearning Global Epoch  = 13
Federated Unlearning Global Epoch  = 14
Federated Unlearning Global Epoch  = 15
Federated Unlearning Global Epoch  = 16
Federated Unlearning Global Epoch  = 17
Federated Unlearning Global Epoch  = 18
Federated Unlearning Global Epoch  = 19
N [1, 3, 3, 5]
cc 0.4
ss 1.0666666666666667
rouc:  0.4  rous:  0.32
IE:  {1, 3, 5, 7, 9, 11, 13, 15, 17}
tr:  5
selected_clients:      [4 9 1 7]
client_models 10
selected_clients:      [8 9 3 2]
client_models 10
selected_clients:      [6 3 7 6]
client_models 10
selected_clients:      [1 3 1 3]
client_models 10
selected_clients:      [6 6 7 9]
client_models 10
selected_clients:      [8 8 8 1]
client_models 10
selected_clients:      [1 6 2 4]
client_models 10
here
client_data_loaders:  [<torch.utils.data.dataloader.DataLoader object at 0x16d7e1640>, <torch.utils.data.dataloader.DataLoader object at 0x16dff92e0>, <torch.utils.data.dataloader.DataLoader object at 0x16d7def70>, <torch.utils.data.dataloader.DataLoader object at 0x16d7dae50>, <torch.utils.data.dataloader.DataLoader object at 0x16d7e6f10>, <torch.utils.data.dataloader.DataLoader object at 0x16d7e1820>, <torch.utils.data.dataloader.DataLoader object at 0x16d7e4a30>, <torch.utils.data.dataloader.DataLoader object at 0x16d7dab80>, <torch.utils.data.dataloader.DataLoader object at 0x16d7e42b0>, <torch.utils.data.dataloader.DataLoader object at 0x16d7e4b20>, <torch.utils.data.dataloader.DataLoader object at 0x16d7de250>] 11
Federated Unlearning Global Epoch  = 1
Federated Unlearning Global Epoch  = 2
Federated Unlearning Global Epoch  = 3
Federated Unlearning Global Epoch  = 4
Federated Unlearning Global Epoch  = 5
Federated Unlearning Global Epoch  = 6
Federated Unlearning Global Epoch  = 7
Federated Unlearning Global Epoch  = 8
Federated Unlearning Global Epoch  = 9
Federated Unlearning Global Epoch  = 10
Federated Unlearning Global Epoch  = 11
Federated Unlearning Global Epoch  = 12
Federated Unlearning Global Epoch  = 13
Federated Unlearning Global Epoch  = 14
Federated Unlearning Global Epoch  = 15
Federated Unlearning Global Epoch  = 16
Federated Unlearning Global Epoch  = 17
Federated Unlearning Global Epoch  = 18
Federated Unlearning Global Epoch  = 19
N [1, 3, 3, 5]
cc 0.4
ss 1.0666666666666667
rouc:  0.4  rous:  0.32
IE:  {1, 3, 5, 7, 9, 11, 13, 15, 17}
tr:  5
selected_clients:      [2 0 0 0]
client_models 10
selected_clients:      [3 0 5 9]
client_models 10
selected_clients:      [7 8 3 4]
client_models 10
selected_clients:      [3 1 6 7]
client_models 10
selected_clients:      [1 9 4 2]
client_models 10
selected_clients:      [3 9 5 9]
client_models 10
selected_clients:      [0 6 0 0]
client_models 10
here
client_data_loaders:  [<torch.utils.data.dataloader.DataLoader object at 0x16d7e1640>, <torch.utils.data.dataloader.DataLoader object at 0x2a7d86520>, <torch.utils.data.dataloader.DataLoader object at 0x16d7def70>, <torch.utils.data.dataloader.DataLoader object at 0x16d7dae50>, <torch.utils.data.dataloader.DataLoader object at 0x16d7e6f10>, <torch.utils.data.dataloader.DataLoader object at 0x16d7e1820>, <torch.utils.data.dataloader.DataLoader object at 0x16d7e4a30>, <torch.utils.data.dataloader.DataLoader object at 0x16d7dab80>, <torch.utils.data.dataloader.DataLoader object at 0x16d7e42b0>, <torch.utils.data.dataloader.DataLoader object at 0x16d7e4b20>, <torch.utils.data.dataloader.DataLoader object at 0x16d7de250>] 11
Federated Unlearning Global Epoch  = 1
Federated Unlearning Global Epoch  = 2
Federated Unlearning Global Epoch  = 3
Federated Unlearning Global Epoch  = 4
Federated Unlearning Global Epoch  = 5
Federated Unlearning Global Epoch  = 6
Federated Unlearning Global Epoch  = 7
Federated Unlearning Global Epoch  = 8
Federated Unlearning Global Epoch  = 9
Federated Unlearning Global Epoch  = 10
Federated Unlearning Global Epoch  = 11
Federated Unlearning Global Epoch  = 12
Federated Unlearning Global Epoch  = 13
Federated Unlearning Global Epoch  = 14
Federated Unlearning Global Epoch  = 15
Federated Unlearning Global Epoch  = 16
Federated Unlearning Global Epoch  = 17
Federated Unlearning Global Epoch  = 18
Federated Unlearning Global Epoch  = 19
N [1, 3, 3, 5]
cc 0.4
ss 1.0666666666666667
rouc:  0.4  rous:  0.32
IE:  {1, 3, 5, 7, 9, 11, 13, 15, 17}
tr:  5
selected_clients:      [8 6 7 3]
client_models 10
selected_clients:      [9 2 6 8]
client_models 10
selected_clients:      [8 1 0 3]
client_models 10
selected_clients:      [6 2 8 8]
client_models 10
selected_clients:      [7 9 7 7]
client_models 10
selected_clients:      [7 7 8 1]
client_models 10
selected_clients:      [7 3 9 0]
client_models 10
here
client_data_loaders:  [<torch.utils.data.dataloader.DataLoader object at 0x16d7e1640>, <torch.utils.data.dataloader.DataLoader object at 0x16e03f880>, <torch.utils.data.dataloader.DataLoader object at 0x16d7def70>, <torch.utils.data.dataloader.DataLoader object at 0x16d7dae50>, <torch.utils.data.dataloader.DataLoader object at 0x16d7e6f10>, <torch.utils.data.dataloader.DataLoader object at 0x16d7e1820>, <torch.utils.data.dataloader.DataLoader object at 0x16d7e4a30>, <torch.utils.data.dataloader.DataLoader object at 0x16d7dab80>, <torch.utils.data.dataloader.DataLoader object at 0x16d7e42b0>, <torch.utils.data.dataloader.DataLoader object at 0x16d7e4b20>, <torch.utils.data.dataloader.DataLoader object at 0x16d7de250>] 11
Federated Unlearning Global Epoch  = 1
Federated Unlearning Global Epoch  = 2
Federated Unlearning Global Epoch  = 3
Federated Unlearning Global Epoch  = 4
Federated Unlearning Global Epoch  = 5
Federated Unlearning Global Epoch  = 6
Federated Unlearning Global Epoch  = 7
Federated Unlearning Global Epoch  = 8
Federated Unlearning Global Epoch  = 9
Federated Unlearning Global Epoch  = 10
Federated Unlearning Global Epoch  = 11
Federated Unlearning Global Epoch  = 12
Federated Unlearning Global Epoch  = 13
Federated Unlearning Global Epoch  = 14
Federated Unlearning Global Epoch  = 15
Federated Unlearning Global Epoch  = 16
Federated Unlearning Global Epoch  = 17
Federated Unlearning Global Epoch  = 18
Federated Unlearning Global Epoch  = 19
N [1, 3, 3, 5]
cc 0.4
ss 1.0666666666666667
rouc:  0.4  rous:  0.32
IE:  {1, 3, 5, 7, 9, 11, 13, 15, 17}
tr:  5
selected_clients:      [7 4 4 9]
client_models 10
selected_clients:      [3 1 9 2]
client_models 10
selected_clients:      [6 8 5 7]
client_models 10
selected_clients:      [5 7 2 2]
client_models 10
selected_clients:      [1 9 6 2]
client_models 10
selected_clients:      [2 0 6 1]
client_models 10
selected_clients:      [1 2 1 0]
client_models 10
here
client_data_loaders:  [<torch.utils.data.dataloader.DataLoader object at 0x16d7e1640>, <torch.utils.data.dataloader.DataLoader object at 0x2a7e35b50>, <torch.utils.data.dataloader.DataLoader object at 0x16d7def70>, <torch.utils.data.dataloader.DataLoader object at 0x16d7dae50>, <torch.utils.data.dataloader.DataLoader object at 0x16d7e6f10>, <torch.utils.data.dataloader.DataLoader object at 0x16d7e1820>, <torch.utils.data.dataloader.DataLoader object at 0x16d7e4a30>, <torch.utils.data.dataloader.DataLoader object at 0x16d7dab80>, <torch.utils.data.dataloader.DataLoader object at 0x16d7e42b0>, <torch.utils.data.dataloader.DataLoader object at 0x16d7e4b20>, <torch.utils.data.dataloader.DataLoader object at 0x16d7de250>] 11
Federated Unlearning Global Epoch  = 1
Federated Unlearning Global Epoch  = 2
Federated Unlearning Global Epoch  = 3
Federated Unlearning Global Epoch  = 4
Federated Unlearning Global Epoch  = 5
Federated Unlearning Global Epoch  = 6
Federated Unlearning Global Epoch  = 7
Federated Unlearning Global Epoch  = 8
Federated Unlearning Global Epoch  = 9
Federated Unlearning Global Epoch  = 10
Federated Unlearning Global Epoch  = 11
Federated Unlearning Global Epoch  = 12
Federated Unlearning Global Epoch  = 13
Federated Unlearning Global Epoch  = 14
Federated Unlearning Global Epoch  = 15
Federated Unlearning Global Epoch  = 16
Federated Unlearning Global Epoch  = 17
Federated Unlearning Global Epoch  = 18
Federated Unlearning Global Epoch  = 19
N [1, 3, 3, 5]
cc 0.4
ss 1.0666666666666667
rouc:  0.4  rous:  0.32
IE:  {1, 3, 5, 7, 9, 11, 13, 15, 17}
tr:  5
selected_clients:      [3 2 4 7]
client_models 10
selected_clients:      [4 7 6 0]
client_models 10
selected_clients:      [7 3 2 1]
client_models 10
selected_clients:      [6 0 1 5]
client_models 10
selected_clients:      [3 6 9 7]
client_models 10
selected_clients:      [4 3 6 2]
client_models 10
selected_clients:      [8 3 6 4]
client_models 10
X_u <torch.utils.data.dataloader.DataLoader object at 0x2a7e35b50>
data_loader_ku <torch.utils.data.dataloader.DataLoader object at 0x2a7e35b50>
here
client_data_loaders:  [<torch.utils.data.dataloader.DataLoader object at 0x16d7e1640>, <torch.utils.data.dataloader.DataLoader object at 0x2a82d3bb0>, <torch.utils.data.dataloader.DataLoader object at 0x16d7def70>, <torch.utils.data.dataloader.DataLoader object at 0x16d7dae50>, <torch.utils.data.dataloader.DataLoader object at 0x16d7e6f10>, <torch.utils.data.dataloader.DataLoader object at 0x16d7e1820>, <torch.utils.data.dataloader.DataLoader object at 0x16d7e4a30>, <torch.utils.data.dataloader.DataLoader object at 0x16d7dab80>, <torch.utils.data.dataloader.DataLoader object at 0x16d7e42b0>, <torch.utils.data.dataloader.DataLoader object at 0x16d7e4b20>, <torch.utils.data.dataloader.DataLoader object at 0x16d7de250>] 11
Federated Unlearning Global Epoch  = 1
Federated Unlearning Global Epoch  = 2
Federated Unlearning Global Epoch  = 3
Federated Unlearning Global Epoch  = 4
Federated Unlearning Global Epoch  = 5
Federated Unlearning Global Epoch  = 6
Federated Unlearning Global Epoch  = 7
Federated Unlearning Global Epoch  = 8
Federated Unlearning Global Epoch  = 9
Federated Unlearning Global Epoch  = 10
Federated Unlearning Global Epoch  = 11
Federated Unlearning Global Epoch  = 12
Federated Unlearning Global Epoch  = 13
Federated Unlearning Global Epoch  = 14
Federated Unlearning Global Epoch  = 15
Federated Unlearning Global Epoch  = 16
Federated Unlearning Global Epoch  = 17
Federated Unlearning Global Epoch  = 18
Federated Unlearning Global Epoch  = 19
N [1, 3, 3, 5]
cc 0.4
ss 1.0666666666666667
rouc:  0.4  rous:  0.32
IE:  {1, 3, 5, 7, 9, 11, 13, 15, 17}
tr:  5
selected_clients:      [8 6 7 9]
client_models 10
selected_clients:      [5 3 2 2]
client_models 10
selected_clients:      [2 8 8 9]
client_models 10
selected_clients:      [6 8 4 6]
client_models 10
selected_clients:      [9 3 8 6]
client_models 10
selected_clients:      [8 8 5 4]
client_models 10
selected_clients:      [3 9 0 5]
client_models 10
here
client_data_loaders:  [<torch.utils.data.dataloader.DataLoader object at 0x16d7e1640>, <torch.utils.data.dataloader.DataLoader object at 0x16d9ab8e0>, <torch.utils.data.dataloader.DataLoader object at 0x16d7def70>, <torch.utils.data.dataloader.DataLoader object at 0x16d7dae50>, <torch.utils.data.dataloader.DataLoader object at 0x16d7e6f10>, <torch.utils.data.dataloader.DataLoader object at 0x16d7e1820>, <torch.utils.data.dataloader.DataLoader object at 0x16d7e4a30>, <torch.utils.data.dataloader.DataLoader object at 0x16d7dab80>, <torch.utils.data.dataloader.DataLoader object at 0x16d7e42b0>, <torch.utils.data.dataloader.DataLoader object at 0x16d7e4b20>, <torch.utils.data.dataloader.DataLoader object at 0x16d7de250>] 11
Federated Unlearning Global Epoch  = 1
Federated Unlearning Global Epoch  = 2
Federated Unlearning Global Epoch  = 3
Federated Unlearning Global Epoch  = 4
Federated Unlearning Global Epoch  = 5
Federated Unlearning Global Epoch  = 6
Federated Unlearning Global Epoch  = 7
Federated Unlearning Global Epoch  = 8
Federated Unlearning Global Epoch  = 9
Federated Unlearning Global Epoch  = 10
Federated Unlearning Global Epoch  = 11
Federated Unlearning Global Epoch  = 12
Federated Unlearning Global Epoch  = 13
Federated Unlearning Global Epoch  = 14
Federated Unlearning Global Epoch  = 15
Federated Unlearning Global Epoch  = 16
Federated Unlearning Global Epoch  = 17
Federated Unlearning Global Epoch  = 18
Federated Unlearning Global Epoch  = 19
N [1, 3, 3, 5]
cc 0.4
ss 1.0666666666666667
rouc:  0.4  rous:  0.32
IE:  {1, 3, 5, 7, 9, 11, 13, 15, 17}
tr:  5
selected_clients:      [3 3 1 3]
client_models 10
selected_clients:      [0 0 2 2]
client_models 10
selected_clients:      [3 8 9 6]
client_models 10
selected_clients:      [8 5 5 6]
client_models 10
selected_clients:      [3 2 9 4]
client_models 10
selected_clients:      [9 0 6 5]
client_models 10
selected_clients:      [3 4 8 5]
client_models 10
here
client_data_loaders:  [<torch.utils.data.dataloader.DataLoader object at 0x16d7e1640>, <torch.utils.data.dataloader.DataLoader object at 0x2a6330af0>, <torch.utils.data.dataloader.DataLoader object at 0x16d7def70>, <torch.utils.data.dataloader.DataLoader object at 0x16d7dae50>, <torch.utils.data.dataloader.DataLoader object at 0x16d7e6f10>, <torch.utils.data.dataloader.DataLoader object at 0x16d7e1820>, <torch.utils.data.dataloader.DataLoader object at 0x16d7e4a30>, <torch.utils.data.dataloader.DataLoader object at 0x16d7dab80>, <torch.utils.data.dataloader.DataLoader object at 0x16d7e42b0>, <torch.utils.data.dataloader.DataLoader object at 0x16d7e4b20>, <torch.utils.data.dataloader.DataLoader object at 0x16d7de250>] 11
Federated Unlearning Global Epoch  = 1
Federated Unlearning Global Epoch  = 2
Federated Unlearning Global Epoch  = 3
Federated Unlearning Global Epoch  = 4
Federated Unlearning Global Epoch  = 5
Federated Unlearning Global Epoch  = 6
Federated Unlearning Global Epoch  = 7
Federated Unlearning Global Epoch  = 8
Federated Unlearning Global Epoch  = 9
Federated Unlearning Global Epoch  = 10
Federated Unlearning Global Epoch  = 11
Federated Unlearning Global Epoch  = 12
Federated Unlearning Global Epoch  = 13
Federated Unlearning Global Epoch  = 14
Federated Unlearning Global Epoch  = 15
Federated Unlearning Global Epoch  = 16
Federated Unlearning Global Epoch  = 17
Federated Unlearning Global Epoch  = 18
Federated Unlearning Global Epoch  = 19
N [1, 3, 3, 5]
cc 0.4
ss 1.0666666666666667
rouc:  0.4  rous:  0.32
IE:  {1, 3, 5, 7, 9, 11, 13, 15, 17}
tr:  5
selected_clients:      [0 0 8 9]
client_models 10
selected_clients:      [0 2 8 6]
client_models 10
selected_clients:      [4 7 2 6]
client_models 10
selected_clients:      [3 5 4 7]
client_models 10
selected_clients:      [9 6 2 2]
client_models 10
selected_clients:      [7 8 4 0]
client_models 10
selected_clients:      [6 1 5 1]
client_models 10
here
client_data_loaders:  [<torch.utils.data.dataloader.DataLoader object at 0x16d7e1640>, <torch.utils.data.dataloader.DataLoader object at 0x16f95ad60>, <torch.utils.data.dataloader.DataLoader object at 0x16d7def70>, <torch.utils.data.dataloader.DataLoader object at 0x16d7dae50>, <torch.utils.data.dataloader.DataLoader object at 0x16d7e6f10>, <torch.utils.data.dataloader.DataLoader object at 0x16d7e1820>, <torch.utils.data.dataloader.DataLoader object at 0x16d7e4a30>, <torch.utils.data.dataloader.DataLoader object at 0x16d7dab80>, <torch.utils.data.dataloader.DataLoader object at 0x16d7e42b0>, <torch.utils.data.dataloader.DataLoader object at 0x16d7e4b20>, <torch.utils.data.dataloader.DataLoader object at 0x16d7de250>] 11
Federated Unlearning Global Epoch  = 1
Federated Unlearning Global Epoch  = 2
Federated Unlearning Global Epoch  = 3
Federated Unlearning Global Epoch  = 4
Federated Unlearning Global Epoch  = 5
Federated Unlearning Global Epoch  = 6
Federated Unlearning Global Epoch  = 7
Federated Unlearning Global Epoch  = 8
Federated Unlearning Global Epoch  = 9
Federated Unlearning Global Epoch  = 10
Federated Unlearning Global Epoch  = 11
Federated Unlearning Global Epoch  = 12
Federated Unlearning Global Epoch  = 13
Federated Unlearning Global Epoch  = 14
Federated Unlearning Global Epoch  = 15
Federated Unlearning Global Epoch  = 16
Federated Unlearning Global Epoch  = 17
Federated Unlearning Global Epoch  = 18
Federated Unlearning Global Epoch  = 19
N [1, 3, 3, 5]
cc 0.4
ss 1.0666666666666667
rouc:  0.4  rous:  0.32
IE:  {1, 3, 5, 7, 9, 11, 13, 15, 17}
tr:  5
selected_clients:      [4 0 7 2]
client_models 10
selected_clients:      [1 5 5 9]
client_models 10
selected_clients:      [6 0 5 2]
client_models 10
selected_clients:      [5 9 4 4]
client_models 10
selected_clients:      [1 9 0 9]
client_models 10
selected_clients:      [4 5 1 4]
client_models 10
selected_clients:      [7 7 5 2]
client_models 10
here
client_data_loaders:  [<torch.utils.data.dataloader.DataLoader object at 0x16d7e1640>, <torch.utils.data.dataloader.DataLoader object at 0x16ff46c70>, <torch.utils.data.dataloader.DataLoader object at 0x16d7def70>, <torch.utils.data.dataloader.DataLoader object at 0x16d7dae50>, <torch.utils.data.dataloader.DataLoader object at 0x16d7e6f10>, <torch.utils.data.dataloader.DataLoader object at 0x16d7e1820>, <torch.utils.data.dataloader.DataLoader object at 0x16d7e4a30>, <torch.utils.data.dataloader.DataLoader object at 0x16d7dab80>, <torch.utils.data.dataloader.DataLoader object at 0x16d7e42b0>, <torch.utils.data.dataloader.DataLoader object at 0x16d7e4b20>, <torch.utils.data.dataloader.DataLoader object at 0x16d7de250>] 11
Federated Unlearning Global Epoch  = 1
Federated Unlearning Global Epoch  = 2
Federated Unlearning Global Epoch  = 3
Federated Unlearning Global Epoch  = 4
Federated Unlearning Global Epoch  = 5
Federated Unlearning Global Epoch  = 6
Federated Unlearning Global Epoch  = 7
Federated Unlearning Global Epoch  = 8
Federated Unlearning Global Epoch  = 9
Federated Unlearning Global Epoch  = 10
Federated Unlearning Global Epoch  = 11
Federated Unlearning Global Epoch  = 12
Federated Unlearning Global Epoch  = 13
Federated Unlearning Global Epoch  = 14
Federated Unlearning Global Epoch  = 15
Federated Unlearning Global Epoch  = 16
Federated Unlearning Global Epoch  = 17
Federated Unlearning Global Epoch  = 18
Federated Unlearning Global Epoch  = 19
N [1, 3, 3, 5]
cc 0.4
ss 1.0666666666666667
rouc:  0.4  rous:  0.32
IE:  {1, 3, 5, 7, 9, 11, 13, 15, 17}
tr:  5
selected_clients:      [6 5 6 3]
client_models 10
selected_clients:      [7 9 9 3]
client_models 10
selected_clients:      [7 6 7 2]
client_models 10
selected_clients:      [8 6 2 6]
client_models 10
selected_clients:      [2 3 0 6]
client_models 10
selected_clients:      [1 3 7 9]
client_models 10
selected_clients:      [0 9 4 4]
client_models 10
here
client_data_loaders:  [<torch.utils.data.dataloader.DataLoader object at 0x16d7e1640>, <torch.utils.data.dataloader.DataLoader object at 0x16df6d820>, <torch.utils.data.dataloader.DataLoader object at 0x16d7def70>, <torch.utils.data.dataloader.DataLoader object at 0x16d7dae50>, <torch.utils.data.dataloader.DataLoader object at 0x16d7e6f10>, <torch.utils.data.dataloader.DataLoader object at 0x16d7e1820>, <torch.utils.data.dataloader.DataLoader object at 0x16d7e4a30>, <torch.utils.data.dataloader.DataLoader object at 0x16d7dab80>, <torch.utils.data.dataloader.DataLoader object at 0x16d7e42b0>, <torch.utils.data.dataloader.DataLoader object at 0x16d7e4b20>, <torch.utils.data.dataloader.DataLoader object at 0x16d7de250>] 11
Federated Unlearning Global Epoch  = 1
Federated Unlearning Global Epoch  = 2
Federated Unlearning Global Epoch  = 3
Federated Unlearning Global Epoch  = 4
Federated Unlearning Global Epoch  = 5
Federated Unlearning Global Epoch  = 6
Federated Unlearning Global Epoch  = 7
Federated Unlearning Global Epoch  = 8
Federated Unlearning Global Epoch  = 9
Federated Unlearning Global Epoch  = 10
Federated Unlearning Global Epoch  = 11
Federated Unlearning Global Epoch  = 12
Federated Unlearning Global Epoch  = 13
Federated Unlearning Global Epoch  = 14
Federated Unlearning Global Epoch  = 15
Federated Unlearning Global Epoch  = 16
Federated Unlearning Global Epoch  = 17
Federated Unlearning Global Epoch  = 18
Federated Unlearning Global Epoch  = 19
N [1, 3, 3, 5]
cc 0.4
ss 1.0666666666666667
rouc:  0.4  rous:  0.32
IE:  {1, 3, 5, 7, 9, 11, 13, 15, 17}
tr:  5
selected_clients:      [0 0 0 6]
client_models 10
selected_clients:      [2 0 3 6]
client_models 10
selected_clients:      [3 9 0 7]
client_models 10
selected_clients:      [4 8 2 5]
client_models 10
selected_clients:      [6 2 4 4]
client_models 10
selected_clients:      [3 1 4 0]
client_models 10
selected_clients:      [5 6 4 4]
client_models 10
here
client_data_loaders:  [<torch.utils.data.dataloader.DataLoader object at 0x16d7e1640>, <torch.utils.data.dataloader.DataLoader object at 0x16e03fc70>, <torch.utils.data.dataloader.DataLoader object at 0x16d7def70>, <torch.utils.data.dataloader.DataLoader object at 0x16d7dae50>, <torch.utils.data.dataloader.DataLoader object at 0x16d7e6f10>, <torch.utils.data.dataloader.DataLoader object at 0x16d7e1820>, <torch.utils.data.dataloader.DataLoader object at 0x16d7e4a30>, <torch.utils.data.dataloader.DataLoader object at 0x16d7dab80>, <torch.utils.data.dataloader.DataLoader object at 0x16d7e42b0>, <torch.utils.data.dataloader.DataLoader object at 0x16d7e4b20>, <torch.utils.data.dataloader.DataLoader object at 0x16d7de250>] 11
Federated Unlearning Global Epoch  = 1
Federated Unlearning Global Epoch  = 2
Federated Unlearning Global Epoch  = 3
Federated Unlearning Global Epoch  = 4
Federated Unlearning Global Epoch  = 5
Federated Unlearning Global Epoch  = 6
Federated Unlearning Global Epoch  = 7
Federated Unlearning Global Epoch  = 8
Federated Unlearning Global Epoch  = 9
Federated Unlearning Global Epoch  = 10
Federated Unlearning Global Epoch  = 11
Federated Unlearning Global Epoch  = 12
Federated Unlearning Global Epoch  = 13
Federated Unlearning Global Epoch  = 14
Federated Unlearning Global Epoch  = 15
Federated Unlearning Global Epoch  = 16
Federated Unlearning Global Epoch  = 17
Federated Unlearning Global Epoch  = 18
Federated Unlearning Global Epoch  = 19
N [1, 3, 3, 5]
cc 0.4
ss 1.0666666666666667
rouc:  0.4  rous:  0.32
IE:  {1, 3, 5, 7, 9, 11, 13, 15, 17}
tr:  5
selected_clients:      [1 2 9 8]
client_models 10
selected_clients:      [9 9 0 3]
client_models 10
selected_clients:      [5 2 0 8]
client_models 10
selected_clients:      [1 8 7 3]
client_models 10
selected_clients:      [4 9 6 1]
client_models 10
selected_clients:      [4 6 8 2]
client_models 10
selected_clients:      [5 9 6 3]
client_models 10
here
client_data_loaders:  [<torch.utils.data.dataloader.DataLoader object at 0x16d7e1640>, <torch.utils.data.dataloader.DataLoader object at 0x16fbd1130>, <torch.utils.data.dataloader.DataLoader object at 0x16d7def70>, <torch.utils.data.dataloader.DataLoader object at 0x16d7dae50>, <torch.utils.data.dataloader.DataLoader object at 0x16d7e6f10>, <torch.utils.data.dataloader.DataLoader object at 0x16d7e1820>, <torch.utils.data.dataloader.DataLoader object at 0x16d7e4a30>, <torch.utils.data.dataloader.DataLoader object at 0x16d7dab80>, <torch.utils.data.dataloader.DataLoader object at 0x16d7e42b0>, <torch.utils.data.dataloader.DataLoader object at 0x16d7e4b20>, <torch.utils.data.dataloader.DataLoader object at 0x16d7de250>] 11
Federated Unlearning Global Epoch  = 1
Federated Unlearning Global Epoch  = 2
Federated Unlearning Global Epoch  = 3
Federated Unlearning Global Epoch  = 4
Federated Unlearning Global Epoch  = 5
Federated Unlearning Global Epoch  = 6
Federated Unlearning Global Epoch  = 7
Federated Unlearning Global Epoch  = 8
Federated Unlearning Global Epoch  = 9
Federated Unlearning Global Epoch  = 10
Federated Unlearning Global Epoch  = 11
Federated Unlearning Global Epoch  = 12
Federated Unlearning Global Epoch  = 13
Federated Unlearning Global Epoch  = 14
Federated Unlearning Global Epoch  = 15
Federated Unlearning Global Epoch  = 16
Federated Unlearning Global Epoch  = 17
Federated Unlearning Global Epoch  = 18
Federated Unlearning Global Epoch  = 19
N [1, 3, 3, 5]
cc 0.4
ss 1.0666666666666667
rouc:  0.4  rous:  0.32
IE:  {1, 3, 5, 7, 9, 11, 13, 15, 17}
tr:  5
selected_clients:      [8 9 3 3]
client_models 10
selected_clients:      [8 7 5 8]
client_models 10
selected_clients:      [5 2 9 9]
client_models 10
selected_clients:      [6 0 8 2]
client_models 10
selected_clients:      [0 5 1 5]
client_models 10
selected_clients:      [5 9 1 9]
client_models 10
selected_clients:      [8 1 1 4]
client_models 10
X_u <torch.utils.data.dataloader.DataLoader object at 0x16fbd1130>
data_loader_ku <torch.utils.data.dataloader.DataLoader object at 0x16fbd1130>
here
client_data_loaders:  [<torch.utils.data.dataloader.DataLoader object at 0x16d7e1640>, <torch.utils.data.dataloader.DataLoader object at 0x16d7eb790>, <torch.utils.data.dataloader.DataLoader object at 0x16d7def70>, <torch.utils.data.dataloader.DataLoader object at 0x16d7dae50>, <torch.utils.data.dataloader.DataLoader object at 0x16d7e6f10>, <torch.utils.data.dataloader.DataLoader object at 0x16d7e1820>, <torch.utils.data.dataloader.DataLoader object at 0x16d7e4a30>, <torch.utils.data.dataloader.DataLoader object at 0x16d7dab80>, <torch.utils.data.dataloader.DataLoader object at 0x16d7e42b0>, <torch.utils.data.dataloader.DataLoader object at 0x16d7e4b20>, <torch.utils.data.dataloader.DataLoader object at 0x16d7de250>] 11
Federated Unlearning Global Epoch  = 1
Federated Unlearning Global Epoch  = 2
Federated Unlearning Global Epoch  = 3
Federated Unlearning Global Epoch  = 4
Federated Unlearning Global Epoch  = 5
Federated Unlearning Global Epoch  = 6
Federated Unlearning Global Epoch  = 7
Federated Unlearning Global Epoch  = 8
Federated Unlearning Global Epoch  = 9
Federated Unlearning Global Epoch  = 10
Federated Unlearning Global Epoch  = 11
Federated Unlearning Global Epoch  = 12
Federated Unlearning Global Epoch  = 13
Federated Unlearning Global Epoch  = 14
Federated Unlearning Global Epoch  = 15
Federated Unlearning Global Epoch  = 16
Federated Unlearning Global Epoch  = 17
Federated Unlearning Global Epoch  = 18
Federated Unlearning Global Epoch  = 19
N [1, 3, 3, 5]
cc 0.4
ss 1.0666666666666667
rouc:  0.4  rous:  0.32
IE:  {1, 3, 5, 7, 9, 11, 13, 15, 17}
tr:  5
selected_clients:      [7 5 3 0]
client_models 10
selected_clients:      [9 3 7 3]
client_models 10
selected_clients:      [5 5 3 0]
client_models 10
selected_clients:      [7 7 7 7]
client_models 10
selected_clients:      [6 1 4 7]
client_models 10
selected_clients:      [9 3 9 1]
client_models 10
selected_clients:      [7 3 7 8]
client_models 10
here
client_data_loaders:  [<torch.utils.data.dataloader.DataLoader object at 0x16d7e1640>, <torch.utils.data.dataloader.DataLoader object at 0x16dfd5f10>, <torch.utils.data.dataloader.DataLoader object at 0x16d7def70>, <torch.utils.data.dataloader.DataLoader object at 0x16d7dae50>, <torch.utils.data.dataloader.DataLoader object at 0x16d7e6f10>, <torch.utils.data.dataloader.DataLoader object at 0x16d7e1820>, <torch.utils.data.dataloader.DataLoader object at 0x16d7e4a30>, <torch.utils.data.dataloader.DataLoader object at 0x16d7dab80>, <torch.utils.data.dataloader.DataLoader object at 0x16d7e42b0>, <torch.utils.data.dataloader.DataLoader object at 0x16d7e4b20>, <torch.utils.data.dataloader.DataLoader object at 0x16d7de250>] 11
Federated Unlearning Global Epoch  = 1
Federated Unlearning Global Epoch  = 2
Federated Unlearning Global Epoch  = 3
Federated Unlearning Global Epoch  = 4
Federated Unlearning Global Epoch  = 5
Federated Unlearning Global Epoch  = 6
Federated Unlearning Global Epoch  = 7
Federated Unlearning Global Epoch  = 8
Federated Unlearning Global Epoch  = 9
Federated Unlearning Global Epoch  = 10
Federated Unlearning Global Epoch  = 11
Federated Unlearning Global Epoch  = 12
Federated Unlearning Global Epoch  = 13
Federated Unlearning Global Epoch  = 14
Federated Unlearning Global Epoch  = 15
Federated Unlearning Global Epoch  = 16
Federated Unlearning Global Epoch  = 17
Federated Unlearning Global Epoch  = 18
Federated Unlearning Global Epoch  = 19
N [1, 3, 3, 5]
cc 0.4
ss 1.0666666666666667
rouc:  0.4  rous:  0.32
IE:  {1, 3, 5, 7, 9, 11, 13, 15, 17}
tr:  5
selected_clients:      [7 8 0 8]
client_models 10
selected_clients:      [6 2 4 5]
client_models 10
selected_clients:      [7 3 7 8]
client_models 10
selected_clients:      [8 2 1 8]
client_models 10
selected_clients:      [8 8 9 9]
client_models 10
selected_clients:      [5 8 5 5]
client_models 10
selected_clients:      [8 7 4 1]
client_models 10
here
client_data_loaders:  [<torch.utils.data.dataloader.DataLoader object at 0x16d7e1640>, <torch.utils.data.dataloader.DataLoader object at 0x2a62a73a0>, <torch.utils.data.dataloader.DataLoader object at 0x16d7def70>, <torch.utils.data.dataloader.DataLoader object at 0x16d7dae50>, <torch.utils.data.dataloader.DataLoader object at 0x16d7e6f10>, <torch.utils.data.dataloader.DataLoader object at 0x16d7e1820>, <torch.utils.data.dataloader.DataLoader object at 0x16d7e4a30>, <torch.utils.data.dataloader.DataLoader object at 0x16d7dab80>, <torch.utils.data.dataloader.DataLoader object at 0x16d7e42b0>, <torch.utils.data.dataloader.DataLoader object at 0x16d7e4b20>, <torch.utils.data.dataloader.DataLoader object at 0x16d7de250>] 11
Federated Unlearning Global Epoch  = 1
Federated Unlearning Global Epoch  = 2
Federated Unlearning Global Epoch  = 3
Federated Unlearning Global Epoch  = 4
Federated Unlearning Global Epoch  = 5
Federated Unlearning Global Epoch  = 6
Federated Unlearning Global Epoch  = 7
Federated Unlearning Global Epoch  = 8
Federated Unlearning Global Epoch  = 9
Federated Unlearning Global Epoch  = 10
Federated Unlearning Global Epoch  = 11
Federated Unlearning Global Epoch  = 12
Federated Unlearning Global Epoch  = 13
Federated Unlearning Global Epoch  = 14
Federated Unlearning Global Epoch  = 15
Federated Unlearning Global Epoch  = 16
Federated Unlearning Global Epoch  = 17
Federated Unlearning Global Epoch  = 18
Federated Unlearning Global Epoch  = 19
N [1, 3, 3, 5]
cc 0.4
ss 1.0666666666666667
rouc:  0.4  rous:  0.32
IE:  {1, 3, 5, 7, 9, 11, 13, 15, 17}
tr:  5
selected_clients:      [2 9 2 5]
client_models 10
selected_clients:      [1 5 4 4]
client_models 10
selected_clients:      [8 5 3 8]
client_models 10
selected_clients:      [7 5 8 4]
client_models 10
selected_clients:      [7 9 0 9]
client_models 10
selected_clients:      [3 9 1 3]
client_models 10
selected_clients:      [4 3 7 0]
client_models 10
here
client_data_loaders:  [<torch.utils.data.dataloader.DataLoader object at 0x16d7e1640>, <torch.utils.data.dataloader.DataLoader object at 0x1638cd280>, <torch.utils.data.dataloader.DataLoader object at 0x16d7def70>, <torch.utils.data.dataloader.DataLoader object at 0x16d7dae50>, <torch.utils.data.dataloader.DataLoader object at 0x16d7e6f10>, <torch.utils.data.dataloader.DataLoader object at 0x16d7e1820>, <torch.utils.data.dataloader.DataLoader object at 0x16d7e4a30>, <torch.utils.data.dataloader.DataLoader object at 0x16d7dab80>, <torch.utils.data.dataloader.DataLoader object at 0x16d7e42b0>, <torch.utils.data.dataloader.DataLoader object at 0x16d7e4b20>, <torch.utils.data.dataloader.DataLoader object at 0x16d7de250>] 11
Federated Unlearning Global Epoch  = 1
Federated Unlearning Global Epoch  = 2
Federated Unlearning Global Epoch  = 3
Federated Unlearning Global Epoch  = 4
Federated Unlearning Global Epoch  = 5
Federated Unlearning Global Epoch  = 6
Federated Unlearning Global Epoch  = 7
Federated Unlearning Global Epoch  = 8
Federated Unlearning Global Epoch  = 9
Federated Unlearning Global Epoch  = 10
Federated Unlearning Global Epoch  = 11
Federated Unlearning Global Epoch  = 12
Federated Unlearning Global Epoch  = 13
Federated Unlearning Global Epoch  = 14
Federated Unlearning Global Epoch  = 15
Federated Unlearning Global Epoch  = 16
Federated Unlearning Global Epoch  = 17
Federated Unlearning Global Epoch  = 18
Federated Unlearning Global Epoch  = 19
N [1, 3, 3, 5]
cc 0.4
ss 1.0666666666666667
rouc:  0.4  rous:  0.32
IE:  {1, 3, 5, 7, 9, 11, 13, 15, 17}
tr:  5
selected_clients:      [4 6 4 6]
client_models 10
selected_clients:      [7 4 4 6]
client_models 10
selected_clients:      [3 5 4 4]
client_models 10
selected_clients:      [7 3 0 9]
client_models 10
selected_clients:      [5 8 5 3]
client_models 10
selected_clients:      [7 4 2 1]
client_models 10
selected_clients:      [6 4 0 6]
client_models 10
here
client_data_loaders:  [<torch.utils.data.dataloader.DataLoader object at 0x16d7e1640>, <torch.utils.data.dataloader.DataLoader object at 0x16e01d310>, <torch.utils.data.dataloader.DataLoader object at 0x16d7def70>, <torch.utils.data.dataloader.DataLoader object at 0x16d7dae50>, <torch.utils.data.dataloader.DataLoader object at 0x16d7e6f10>, <torch.utils.data.dataloader.DataLoader object at 0x16d7e1820>, <torch.utils.data.dataloader.DataLoader object at 0x16d7e4a30>, <torch.utils.data.dataloader.DataLoader object at 0x16d7dab80>, <torch.utils.data.dataloader.DataLoader object at 0x16d7e42b0>, <torch.utils.data.dataloader.DataLoader object at 0x16d7e4b20>, <torch.utils.data.dataloader.DataLoader object at 0x16d7de250>] 11
Federated Unlearning Global Epoch  = 1
Federated Unlearning Global Epoch  = 2
Federated Unlearning Global Epoch  = 3
Federated Unlearning Global Epoch  = 4
Federated Unlearning Global Epoch  = 5
Federated Unlearning Global Epoch  = 6
Federated Unlearning Global Epoch  = 7
Federated Unlearning Global Epoch  = 8
Federated Unlearning Global Epoch  = 9
Federated Unlearning Global Epoch  = 10
Federated Unlearning Global Epoch  = 11
Federated Unlearning Global Epoch  = 12
Federated Unlearning Global Epoch  = 13
Federated Unlearning Global Epoch  = 14
Federated Unlearning Global Epoch  = 15
Federated Unlearning Global Epoch  = 16
Federated Unlearning Global Epoch  = 17
Federated Unlearning Global Epoch  = 18
Federated Unlearning Global Epoch  = 19
N [1, 3, 3, 5]
cc 0.4
ss 1.0666666666666667
rouc:  0.4  rous:  0.32
IE:  {1, 3, 5, 7, 9, 11, 13, 15, 17}
tr:  5
selected_clients:      [7 5 3 9]
client_models 10
selected_clients:      [9 5 9 0]
client_models 10
selected_clients:      [0 8 3 3]
client_models 10
selected_clients:      [5 7 5 4]
client_models 10
selected_clients:      [7 6 6 1]
client_models 10
selected_clients:      [3 6 0 7]
client_models 10
selected_clients:      [2 6 0 0]
client_models 10
here
client_data_loaders:  [<torch.utils.data.dataloader.DataLoader object at 0x16d7e1640>, <torch.utils.data.dataloader.DataLoader object at 0x16ffb1400>, <torch.utils.data.dataloader.DataLoader object at 0x16d7def70>, <torch.utils.data.dataloader.DataLoader object at 0x16d7dae50>, <torch.utils.data.dataloader.DataLoader object at 0x16d7e6f10>, <torch.utils.data.dataloader.DataLoader object at 0x16d7e1820>, <torch.utils.data.dataloader.DataLoader object at 0x16d7e4a30>, <torch.utils.data.dataloader.DataLoader object at 0x16d7dab80>, <torch.utils.data.dataloader.DataLoader object at 0x16d7e42b0>, <torch.utils.data.dataloader.DataLoader object at 0x16d7e4b20>, <torch.utils.data.dataloader.DataLoader object at 0x16d7de250>] 11
Federated Unlearning Global Epoch  = 1
Federated Unlearning Global Epoch  = 2
Federated Unlearning Global Epoch  = 3
Federated Unlearning Global Epoch  = 4
Federated Unlearning Global Epoch  = 5
Federated Unlearning Global Epoch  = 6
Federated Unlearning Global Epoch  = 7
Federated Unlearning Global Epoch  = 8
Federated Unlearning Global Epoch  = 9
Federated Unlearning Global Epoch  = 10
Federated Unlearning Global Epoch  = 11
Federated Unlearning Global Epoch  = 12
Federated Unlearning Global Epoch  = 13
Federated Unlearning Global Epoch  = 14
Federated Unlearning Global Epoch  = 15
Federated Unlearning Global Epoch  = 16
Federated Unlearning Global Epoch  = 17
Federated Unlearning Global Epoch  = 18
Federated Unlearning Global Epoch  = 19
N [1, 3, 3, 5]
cc 0.4
ss 1.0666666666666667
rouc:  0.4  rous:  0.32
IE:  {1, 3, 5, 7, 9, 11, 13, 15, 17}
tr:  5
selected_clients:      [2 8 7 6]
client_models 10
selected_clients:      [7 2 8 9]
client_models 10
selected_clients:      [8 3 2 8]
client_models 10
selected_clients:      [1 4 5 5]
client_models 10
selected_clients:      [3 6 9 7]
client_models 10
selected_clients:      [7 7 1 5]
client_models 10
selected_clients:      [3 1 2 3]
client_models 10
here
client_data_loaders:  [<torch.utils.data.dataloader.DataLoader object at 0x16d7e1640>, <torch.utils.data.dataloader.DataLoader object at 0x16d9cf7c0>, <torch.utils.data.dataloader.DataLoader object at 0x16d7def70>, <torch.utils.data.dataloader.DataLoader object at 0x16d7dae50>, <torch.utils.data.dataloader.DataLoader object at 0x16d7e6f10>, <torch.utils.data.dataloader.DataLoader object at 0x16d7e1820>, <torch.utils.data.dataloader.DataLoader object at 0x16d7e4a30>, <torch.utils.data.dataloader.DataLoader object at 0x16d7dab80>, <torch.utils.data.dataloader.DataLoader object at 0x16d7e42b0>, <torch.utils.data.dataloader.DataLoader object at 0x16d7e4b20>, <torch.utils.data.dataloader.DataLoader object at 0x16d7de250>] 11
Federated Unlearning Global Epoch  = 1
Federated Unlearning Global Epoch  = 2
Federated Unlearning Global Epoch  = 3
Federated Unlearning Global Epoch  = 4
Federated Unlearning Global Epoch  = 5
Federated Unlearning Global Epoch  = 6
Federated Unlearning Global Epoch  = 7
Federated Unlearning Global Epoch  = 8
Federated Unlearning Global Epoch  = 9
Federated Unlearning Global Epoch  = 10
Federated Unlearning Global Epoch  = 11
Federated Unlearning Global Epoch  = 12
Federated Unlearning Global Epoch  = 13
Federated Unlearning Global Epoch  = 14
Federated Unlearning Global Epoch  = 15
Federated Unlearning Global Epoch  = 16
Federated Unlearning Global Epoch  = 17
Federated Unlearning Global Epoch  = 18
Federated Unlearning Global Epoch  = 19
N [1, 3, 3, 5]
cc 0.4
ss 1.0666666666666667
rouc:  0.4  rous:  0.32
IE:  {1, 3, 5, 7, 9, 11, 13, 15, 17}
tr:  5
selected_clients:      [8 1 5 7]
client_models 10
selected_clients:      [0 8 7 8]
client_models 10
selected_clients:      [5 5 1 5]
client_models 10
selected_clients:      [1 2 1 2]
client_models 10
selected_clients:      [1 0 8 1]
client_models 10
selected_clients:      [7 5 2 4]
client_models 10
selected_clients:      [5 6 1 4]
client_models 10
here
client_data_loaders:  [<torch.utils.data.dataloader.DataLoader object at 0x16d7e1640>, <torch.utils.data.dataloader.DataLoader object at 0x16e03ff40>, <torch.utils.data.dataloader.DataLoader object at 0x16d7def70>, <torch.utils.data.dataloader.DataLoader object at 0x16d7dae50>, <torch.utils.data.dataloader.DataLoader object at 0x16d7e6f10>, <torch.utils.data.dataloader.DataLoader object at 0x16d7e1820>, <torch.utils.data.dataloader.DataLoader object at 0x16d7e4a30>, <torch.utils.data.dataloader.DataLoader object at 0x16d7dab80>, <torch.utils.data.dataloader.DataLoader object at 0x16d7e42b0>, <torch.utils.data.dataloader.DataLoader object at 0x16d7e4b20>, <torch.utils.data.dataloader.DataLoader object at 0x16d7de250>] 11
Federated Unlearning Global Epoch  = 1
Federated Unlearning Global Epoch  = 2
Federated Unlearning Global Epoch  = 3
Federated Unlearning Global Epoch  = 4
Federated Unlearning Global Epoch  = 5
Federated Unlearning Global Epoch  = 6
Federated Unlearning Global Epoch  = 7
Federated Unlearning Global Epoch  = 8
Federated Unlearning Global Epoch  = 9
Federated Unlearning Global Epoch  = 10
Federated Unlearning Global Epoch  = 11
Federated Unlearning Global Epoch  = 12
Federated Unlearning Global Epoch  = 13
Federated Unlearning Global Epoch  = 14
Federated Unlearning Global Epoch  = 15
Federated Unlearning Global Epoch  = 16
Federated Unlearning Global Epoch  = 17
Federated Unlearning Global Epoch  = 18
Federated Unlearning Global Epoch  = 19
N [1, 3, 3, 5]
cc 0.4
ss 1.0666666666666667
rouc:  0.4  rous:  0.32
IE:  {1, 3, 5, 7, 9, 11, 13, 15, 17}
tr:  5
selected_clients:      [4 7 3 3]
client_models 10
selected_clients:      [6 7 0 3]
client_models 10
selected_clients:      [1 0 4 2]
client_models 10
selected_clients:      [1 1 7 2]
client_models 10
selected_clients:      [3 0 4 5]
client_models 10
selected_clients:      [3 2 9 7]
client_models 10
selected_clients:      [3 0 6 7]
client_models 10
X_u <torch.utils.data.dataloader.DataLoader object at 0x16e03ff40>
data_loader_ku <torch.utils.data.dataloader.DataLoader object at 0x16e03ff40>
here
client_data_loaders:  [<torch.utils.data.dataloader.DataLoader object at 0x16d7e1640>, <torch.utils.data.dataloader.DataLoader object at 0x16df478b0>, <torch.utils.data.dataloader.DataLoader object at 0x16d7def70>, <torch.utils.data.dataloader.DataLoader object at 0x16d7dae50>, <torch.utils.data.dataloader.DataLoader object at 0x16d7e6f10>, <torch.utils.data.dataloader.DataLoader object at 0x16d7e1820>, <torch.utils.data.dataloader.DataLoader object at 0x16d7e4a30>, <torch.utils.data.dataloader.DataLoader object at 0x16d7dab80>, <torch.utils.data.dataloader.DataLoader object at 0x16d7e42b0>, <torch.utils.data.dataloader.DataLoader object at 0x16d7e4b20>, <torch.utils.data.dataloader.DataLoader object at 0x16d7de250>] 11
Federated Unlearning Global Epoch  = 1
Federated Unlearning Global Epoch  = 2
Federated Unlearning Global Epoch  = 3
Federated Unlearning Global Epoch  = 4
Federated Unlearning Global Epoch  = 5
Federated Unlearning Global Epoch  = 6
Federated Unlearning Global Epoch  = 7
Federated Unlearning Global Epoch  = 8
Federated Unlearning Global Epoch  = 9
Federated Unlearning Global Epoch  = 10
Federated Unlearning Global Epoch  = 11
Federated Unlearning Global Epoch  = 12
Federated Unlearning Global Epoch  = 13
Federated Unlearning Global Epoch  = 14
Federated Unlearning Global Epoch  = 15
Federated Unlearning Global Epoch  = 16
Federated Unlearning Global Epoch  = 17
Federated Unlearning Global Epoch  = 18
Federated Unlearning Global Epoch  = 19
N [1, 3, 3, 5]
cc 0.4
ss 1.0666666666666667
rouc:  0.4  rous:  0.32
IE:  {1, 3, 5, 7, 9, 11, 13, 15, 17}
tr:  5
selected_clients:      [3 5 3 1]
client_models 10
selected_clients:      [7 3 1 2]
client_models 10
selected_clients:      [3 2 7 5]
client_models 10
selected_clients:      [8 5 5 1]
client_models 10
selected_clients:      [6 3 9 0]
client_models 10
selected_clients:      [1 4 6 1]
client_models 10
selected_clients:      [8 7 2 1]
client_models 10
here
client_data_loaders:  [<torch.utils.data.dataloader.DataLoader object at 0x16d7e1640>, <torch.utils.data.dataloader.DataLoader object at 0x16ffb11c0>, <torch.utils.data.dataloader.DataLoader object at 0x16d7def70>, <torch.utils.data.dataloader.DataLoader object at 0x16d7dae50>, <torch.utils.data.dataloader.DataLoader object at 0x16d7e6f10>, <torch.utils.data.dataloader.DataLoader object at 0x16d7e1820>, <torch.utils.data.dataloader.DataLoader object at 0x16d7e4a30>, <torch.utils.data.dataloader.DataLoader object at 0x16d7dab80>, <torch.utils.data.dataloader.DataLoader object at 0x16d7e42b0>, <torch.utils.data.dataloader.DataLoader object at 0x16d7e4b20>, <torch.utils.data.dataloader.DataLoader object at 0x16d7de250>] 11
Federated Unlearning Global Epoch  = 1
Federated Unlearning Global Epoch  = 2
Federated Unlearning Global Epoch  = 3
Federated Unlearning Global Epoch  = 4
Federated Unlearning Global Epoch  = 5
Federated Unlearning Global Epoch  = 6
Federated Unlearning Global Epoch  = 7
Federated Unlearning Global Epoch  = 8
Federated Unlearning Global Epoch  = 9
Federated Unlearning Global Epoch  = 10
Federated Unlearning Global Epoch  = 11
Federated Unlearning Global Epoch  = 12
Federated Unlearning Global Epoch  = 13
Federated Unlearning Global Epoch  = 14
Federated Unlearning Global Epoch  = 15
Federated Unlearning Global Epoch  = 16
Federated Unlearning Global Epoch  = 17
Federated Unlearning Global Epoch  = 18
Federated Unlearning Global Epoch  = 19
N [1, 3, 3, 5]
cc 0.4
ss 1.0666666666666667
rouc:  0.4  rous:  0.32
IE:  {1, 3, 5, 7, 9, 11, 13, 15, 17}
tr:  5
selected_clients:      [0 9 1 6]
client_models 10
selected_clients:      [0 4 6 5]
client_models 10
selected_clients:      [7 2 8 7]
client_models 10
selected_clients:      [9 9 5 0]
client_models 10
selected_clients:      [3 7 1 7]
client_models 10
selected_clients:      [9 0 1 5]
client_models 10
selected_clients:      [1 7 4 7]
client_models 10
here
client_data_loaders:  [<torch.utils.data.dataloader.DataLoader object at 0x16d7e1640>, <torch.utils.data.dataloader.DataLoader object at 0x2a62a7fd0>, <torch.utils.data.dataloader.DataLoader object at 0x16d7def70>, <torch.utils.data.dataloader.DataLoader object at 0x16d7dae50>, <torch.utils.data.dataloader.DataLoader object at 0x16d7e6f10>, <torch.utils.data.dataloader.DataLoader object at 0x16d7e1820>, <torch.utils.data.dataloader.DataLoader object at 0x16d7e4a30>, <torch.utils.data.dataloader.DataLoader object at 0x16d7dab80>, <torch.utils.data.dataloader.DataLoader object at 0x16d7e42b0>, <torch.utils.data.dataloader.DataLoader object at 0x16d7e4b20>, <torch.utils.data.dataloader.DataLoader object at 0x16d7de250>] 11
Federated Unlearning Global Epoch  = 1
Federated Unlearning Global Epoch  = 2
Federated Unlearning Global Epoch  = 3
Federated Unlearning Global Epoch  = 4
Federated Unlearning Global Epoch  = 5
Federated Unlearning Global Epoch  = 6
Federated Unlearning Global Epoch  = 7
Federated Unlearning Global Epoch  = 8
Federated Unlearning Global Epoch  = 9
Federated Unlearning Global Epoch  = 10
Federated Unlearning Global Epoch  = 11
Federated Unlearning Global Epoch  = 12
Federated Unlearning Global Epoch  = 13
Federated Unlearning Global Epoch  = 14
Federated Unlearning Global Epoch  = 15
Federated Unlearning Global Epoch  = 16
Federated Unlearning Global Epoch  = 17
Federated Unlearning Global Epoch  = 18
Federated Unlearning Global Epoch  = 19
N [1, 3, 3, 5]
cc 0.4
ss 1.0666666666666667
rouc:  0.4  rous:  0.32
IE:  {1, 3, 5, 7, 9, 11, 13, 15, 17}
tr:  5
selected_clients:      [3 3 8 5]
client_models 10
selected_clients:      [8 2 3 5]
client_models 10
selected_clients:      [5 3 3 8]
client_models 10
selected_clients:      [2 7 5 2]
client_models 10
selected_clients:      [9 8 6 0]
client_models 10
selected_clients:      [9 2 9 2]
client_models 10
selected_clients:      [3 5 9 2]
client_models 10
here
client_data_loaders:  [<torch.utils.data.dataloader.DataLoader object at 0x16d7e1640>, <torch.utils.data.dataloader.DataLoader object at 0x2a6330670>, <torch.utils.data.dataloader.DataLoader object at 0x16d7def70>, <torch.utils.data.dataloader.DataLoader object at 0x16d7dae50>, <torch.utils.data.dataloader.DataLoader object at 0x16d7e6f10>, <torch.utils.data.dataloader.DataLoader object at 0x16d7e1820>, <torch.utils.data.dataloader.DataLoader object at 0x16d7e4a30>, <torch.utils.data.dataloader.DataLoader object at 0x16d7dab80>, <torch.utils.data.dataloader.DataLoader object at 0x16d7e42b0>, <torch.utils.data.dataloader.DataLoader object at 0x16d7e4b20>, <torch.utils.data.dataloader.DataLoader object at 0x16d7de250>] 11
Federated Unlearning Global Epoch  = 1
Federated Unlearning Global Epoch  = 2
Federated Unlearning Global Epoch  = 3
Federated Unlearning Global Epoch  = 4
Federated Unlearning Global Epoch  = 5
Federated Unlearning Global Epoch  = 6
Federated Unlearning Global Epoch  = 7
Federated Unlearning Global Epoch  = 8
Federated Unlearning Global Epoch  = 9
Federated Unlearning Global Epoch  = 10
Federated Unlearning Global Epoch  = 11
Federated Unlearning Global Epoch  = 12
Federated Unlearning Global Epoch  = 13
Federated Unlearning Global Epoch  = 14
Federated Unlearning Global Epoch  = 15
Federated Unlearning Global Epoch  = 16
Federated Unlearning Global Epoch  = 17
Federated Unlearning Global Epoch  = 18
Federated Unlearning Global Epoch  = 19
N [1, 3, 3, 5]
cc 0.4
ss 1.0666666666666667
rouc:  0.4  rous:  0.32
IE:  {1, 3, 5, 7, 9, 11, 13, 15, 17}
tr:  5
selected_clients:      [5 0 4 2]
client_models 10
selected_clients:      [0 7 3 3]
client_models 10
selected_clients:      [1 7 7 9]
client_models 10
selected_clients:      [7 9 5 5]
client_models 10
selected_clients:      [2 3 6 4]
client_models 10
selected_clients:      [3 9 1 9]
client_models 10
selected_clients:      [7 9 7 7]
client_models 10
here
client_data_loaders:  [<torch.utils.data.dataloader.DataLoader object at 0x16d7e1640>, <torch.utils.data.dataloader.DataLoader object at 0x16ffb13d0>, <torch.utils.data.dataloader.DataLoader object at 0x16d7def70>, <torch.utils.data.dataloader.DataLoader object at 0x16d7dae50>, <torch.utils.data.dataloader.DataLoader object at 0x16d7e6f10>, <torch.utils.data.dataloader.DataLoader object at 0x16d7e1820>, <torch.utils.data.dataloader.DataLoader object at 0x16d7e4a30>, <torch.utils.data.dataloader.DataLoader object at 0x16d7dab80>, <torch.utils.data.dataloader.DataLoader object at 0x16d7e42b0>, <torch.utils.data.dataloader.DataLoader object at 0x16d7e4b20>, <torch.utils.data.dataloader.DataLoader object at 0x16d7de250>] 11
Federated Unlearning Global Epoch  = 1
Federated Unlearning Global Epoch  = 2
Federated Unlearning Global Epoch  = 3
Federated Unlearning Global Epoch  = 4
Federated Unlearning Global Epoch  = 5
Federated Unlearning Global Epoch  = 6
Federated Unlearning Global Epoch  = 7
Federated Unlearning Global Epoch  = 8
Federated Unlearning Global Epoch  = 9
Federated Unlearning Global Epoch  = 10
Federated Unlearning Global Epoch  = 11
Federated Unlearning Global Epoch  = 12
Federated Unlearning Global Epoch  = 13
Federated Unlearning Global Epoch  = 14
Federated Unlearning Global Epoch  = 15
Federated Unlearning Global Epoch  = 16
Federated Unlearning Global Epoch  = 17
Federated Unlearning Global Epoch  = 18
Federated Unlearning Global Epoch  = 19
N [1, 3, 3, 5]
cc 0.4
ss 1.0666666666666667
rouc:  0.4  rous:  0.32
IE:  {1, 3, 5, 7, 9, 11, 13, 15, 17}
tr:  5
selected_clients:      [7 4 9 2]
client_models 10
selected_clients:      [8 1 3 1]
client_models 10
selected_clients:      [3 1 7 8]
client_models 10
selected_clients:      [9 7 0 0]
client_models 10
selected_clients:      [7 4 3 9]
client_models 10
selected_clients:      [9 3 9 1]
client_models 10
selected_clients:      [7 1 4 2]
client_models 10
here
client_data_loaders:  [<torch.utils.data.dataloader.DataLoader object at 0x16d7e1640>, <torch.utils.data.dataloader.DataLoader object at 0x2a625d2e0>, <torch.utils.data.dataloader.DataLoader object at 0x16d7def70>, <torch.utils.data.dataloader.DataLoader object at 0x16d7dae50>, <torch.utils.data.dataloader.DataLoader object at 0x16d7e6f10>, <torch.utils.data.dataloader.DataLoader object at 0x16d7e1820>, <torch.utils.data.dataloader.DataLoader object at 0x16d7e4a30>, <torch.utils.data.dataloader.DataLoader object at 0x16d7dab80>, <torch.utils.data.dataloader.DataLoader object at 0x16d7e42b0>, <torch.utils.data.dataloader.DataLoader object at 0x16d7e4b20>, <torch.utils.data.dataloader.DataLoader object at 0x16d7de250>] 11
Federated Unlearning Global Epoch  = 1
Federated Unlearning Global Epoch  = 2
Federated Unlearning Global Epoch  = 3
Federated Unlearning Global Epoch  = 4
Federated Unlearning Global Epoch  = 5
Federated Unlearning Global Epoch  = 6
Federated Unlearning Global Epoch  = 7
Federated Unlearning Global Epoch  = 8
Federated Unlearning Global Epoch  = 9
Federated Unlearning Global Epoch  = 10
Federated Unlearning Global Epoch  = 11
Federated Unlearning Global Epoch  = 12
Federated Unlearning Global Epoch  = 13
Federated Unlearning Global Epoch  = 14
Federated Unlearning Global Epoch  = 15
Federated Unlearning Global Epoch  = 16
Federated Unlearning Global Epoch  = 17
Federated Unlearning Global Epoch  = 18
Federated Unlearning Global Epoch  = 19
N [1, 3, 3, 5]
cc 0.4
ss 1.0666666666666667
rouc:  0.4  rous:  0.32
IE:  {1, 3, 5, 7, 9, 11, 13, 15, 17}
tr:  5
selected_clients:      [9 4 6 7]
client_models 10
selected_clients:      [4 6 1 6]
client_models 10
selected_clients:      [5 6 3 3]
client_models 10
selected_clients:      [9 1 3 4]
client_models 10
selected_clients:      [0 8 8 9]
client_models 10
selected_clients:      [5 7 0 8]
client_models 10
selected_clients:      [2 5 7 6]
client_models 10
here
client_data_loaders:  [<torch.utils.data.dataloader.DataLoader object at 0x16d7e1640>, <torch.utils.data.dataloader.DataLoader object at 0x16f976df0>, <torch.utils.data.dataloader.DataLoader object at 0x16d7def70>, <torch.utils.data.dataloader.DataLoader object at 0x16d7dae50>, <torch.utils.data.dataloader.DataLoader object at 0x16d7e6f10>, <torch.utils.data.dataloader.DataLoader object at 0x16d7e1820>, <torch.utils.data.dataloader.DataLoader object at 0x16d7e4a30>, <torch.utils.data.dataloader.DataLoader object at 0x16d7dab80>, <torch.utils.data.dataloader.DataLoader object at 0x16d7e42b0>, <torch.utils.data.dataloader.DataLoader object at 0x16d7e4b20>, <torch.utils.data.dataloader.DataLoader object at 0x16d7de250>] 11
Federated Unlearning Global Epoch  = 1
Federated Unlearning Global Epoch  = 2
Federated Unlearning Global Epoch  = 3
Federated Unlearning Global Epoch  = 4
Federated Unlearning Global Epoch  = 5
Federated Unlearning Global Epoch  = 6
Federated Unlearning Global Epoch  = 7
Federated Unlearning Global Epoch  = 8
Federated Unlearning Global Epoch  = 9
Federated Unlearning Global Epoch  = 10
Federated Unlearning Global Epoch  = 11
Federated Unlearning Global Epoch  = 12
Federated Unlearning Global Epoch  = 13
Federated Unlearning Global Epoch  = 14
Federated Unlearning Global Epoch  = 15
Federated Unlearning Global Epoch  = 16
Federated Unlearning Global Epoch  = 17
Federated Unlearning Global Epoch  = 18
Federated Unlearning Global Epoch  = 19
N [1, 3, 3, 5]
cc 0.4
ss 1.0666666666666667
rouc:  0.4  rous:  0.32
IE:  {1, 3, 5, 7, 9, 11, 13, 15, 17}
tr:  5
selected_clients:      [4 0 7 8]
client_models 10
selected_clients:      [0 0 8 0]
client_models 10
selected_clients:      [4 4 5 4]
client_models 10
selected_clients:      [6 4 3 9]
client_models 10
selected_clients:      [1 3 0 8]
client_models 10
selected_clients:      [9 6 6 2]
client_models 10
selected_clients:      [1 7 6 2]
client_models 10
here
client_data_loaders:  [<torch.utils.data.dataloader.DataLoader object at 0x16d7e1640>, <torch.utils.data.dataloader.DataLoader object at 0x16e03f8e0>, <torch.utils.data.dataloader.DataLoader object at 0x16d7def70>, <torch.utils.data.dataloader.DataLoader object at 0x16d7dae50>, <torch.utils.data.dataloader.DataLoader object at 0x16d7e6f10>, <torch.utils.data.dataloader.DataLoader object at 0x16d7e1820>, <torch.utils.data.dataloader.DataLoader object at 0x16d7e4a30>, <torch.utils.data.dataloader.DataLoader object at 0x16d7dab80>, <torch.utils.data.dataloader.DataLoader object at 0x16d7e42b0>, <torch.utils.data.dataloader.DataLoader object at 0x16d7e4b20>, <torch.utils.data.dataloader.DataLoader object at 0x16d7de250>] 11
Federated Unlearning Global Epoch  = 1
Federated Unlearning Global Epoch  = 2
Federated Unlearning Global Epoch  = 3
Federated Unlearning Global Epoch  = 4
Federated Unlearning Global Epoch  = 5
Federated Unlearning Global Epoch  = 6
Federated Unlearning Global Epoch  = 7
Federated Unlearning Global Epoch  = 8
Federated Unlearning Global Epoch  = 9
Federated Unlearning Global Epoch  = 10
Federated Unlearning Global Epoch  = 11
Federated Unlearning Global Epoch  = 12
Federated Unlearning Global Epoch  = 13
Federated Unlearning Global Epoch  = 14
Federated Unlearning Global Epoch  = 15
Federated Unlearning Global Epoch  = 16
Federated Unlearning Global Epoch  = 17
Federated Unlearning Global Epoch  = 18
Federated Unlearning Global Epoch  = 19
N [1, 3, 3, 5]
cc 0.4
ss 1.0666666666666667
rouc:  0.4  rous:  0.32
IE:  {1, 3, 5, 7, 9, 11, 13, 15, 17}
tr:  5
selected_clients:      [7 3 5 4]
client_models 10
selected_clients:      [2 2 4 8]
client_models 10
selected_clients:      [3 0 4 6]
client_models 10
selected_clients:      [9 2 4 1]
client_models 10
selected_clients:      [6 1 5 8]
client_models 10
selected_clients:      [3 5 1 8]
client_models 10
selected_clients:      [5 1 0 8]
client_models 10
X_u <torch.utils.data.dataloader.DataLoader object at 0x16e03f8e0>
data_loader_ku <torch.utils.data.dataloader.DataLoader object at 0x16e03f8e0>
here
client_data_loaders:  [<torch.utils.data.dataloader.DataLoader object at 0x16d7e1640>, <torch.utils.data.dataloader.DataLoader object at 0x16d9f5940>, <torch.utils.data.dataloader.DataLoader object at 0x16d7def70>, <torch.utils.data.dataloader.DataLoader object at 0x16d7dae50>, <torch.utils.data.dataloader.DataLoader object at 0x16d7e6f10>, <torch.utils.data.dataloader.DataLoader object at 0x16d7e1820>, <torch.utils.data.dataloader.DataLoader object at 0x16d7e4a30>, <torch.utils.data.dataloader.DataLoader object at 0x16d7dab80>, <torch.utils.data.dataloader.DataLoader object at 0x16d7e42b0>, <torch.utils.data.dataloader.DataLoader object at 0x16d7e4b20>, <torch.utils.data.dataloader.DataLoader object at 0x16d7de250>] 11
Federated Unlearning Global Epoch  = 1
Federated Unlearning Global Epoch  = 2
Federated Unlearning Global Epoch  = 3
Federated Unlearning Global Epoch  = 4
Federated Unlearning Global Epoch  = 5
Federated Unlearning Global Epoch  = 6
Federated Unlearning Global Epoch  = 7
Federated Unlearning Global Epoch  = 8
Federated Unlearning Global Epoch  = 9
Federated Unlearning Global Epoch  = 10
Federated Unlearning Global Epoch  = 11
Federated Unlearning Global Epoch  = 12
Federated Unlearning Global Epoch  = 13
Federated Unlearning Global Epoch  = 14
Federated Unlearning Global Epoch  = 15
Federated Unlearning Global Epoch  = 16
Federated Unlearning Global Epoch  = 17
Federated Unlearning Global Epoch  = 18
Federated Unlearning Global Epoch  = 19
N [1, 3, 3, 5]
cc 0.4
ss 1.0666666666666667
rouc:  0.4  rous:  0.32
IE:  {1, 3, 5, 7, 9, 11, 13, 15, 17}
tr:  5
selected_clients:      [3 2 0 3]
client_models 10
selected_clients:      [6 9 9 0]
client_models 10
selected_clients:      [6 8 2 0]
client_models 10
selected_clients:      [2 5 7 9]
client_models 10
selected_clients:      [6 6 8 0]
client_models 10
selected_clients:      [5 3 3 4]
client_models 10
selected_clients:      [0 4 4 4]
client_models 10
here
client_data_loaders:  [<torch.utils.data.dataloader.DataLoader object at 0x16d7e1640>, <torch.utils.data.dataloader.DataLoader object at 0x2a82bac10>, <torch.utils.data.dataloader.DataLoader object at 0x16d7def70>, <torch.utils.data.dataloader.DataLoader object at 0x16d7dae50>, <torch.utils.data.dataloader.DataLoader object at 0x16d7e6f10>, <torch.utils.data.dataloader.DataLoader object at 0x16d7e1820>, <torch.utils.data.dataloader.DataLoader object at 0x16d7e4a30>, <torch.utils.data.dataloader.DataLoader object at 0x16d7dab80>, <torch.utils.data.dataloader.DataLoader object at 0x16d7e42b0>, <torch.utils.data.dataloader.DataLoader object at 0x16d7e4b20>, <torch.utils.data.dataloader.DataLoader object at 0x16d7de250>] 11
Federated Unlearning Global Epoch  = 1
Federated Unlearning Global Epoch  = 2
Federated Unlearning Global Epoch  = 3
Federated Unlearning Global Epoch  = 4
Federated Unlearning Global Epoch  = 5
Federated Unlearning Global Epoch  = 6
Federated Unlearning Global Epoch  = 7
Federated Unlearning Global Epoch  = 8
Federated Unlearning Global Epoch  = 9
Federated Unlearning Global Epoch  = 10
Federated Unlearning Global Epoch  = 11
Federated Unlearning Global Epoch  = 12
Federated Unlearning Global Epoch  = 13
Federated Unlearning Global Epoch  = 14
Federated Unlearning Global Epoch  = 15
Federated Unlearning Global Epoch  = 16
Federated Unlearning Global Epoch  = 17
Federated Unlearning Global Epoch  = 18
Federated Unlearning Global Epoch  = 19
N [1, 3, 3, 5]
cc 0.4
ss 1.0666666666666667
rouc:  0.4  rous:  0.32
IE:  {1, 3, 5, 7, 9, 11, 13, 15, 17}
tr:  5
selected_clients:      [5 9 5 7]
client_models 10
selected_clients:      [0 7 2 9]
client_models 10
selected_clients:      [9 5 4 4]
client_models 10
selected_clients:      [5 3 9 5]
client_models 10
selected_clients:      [1 8 3 6]
client_models 10
selected_clients:      [9 6 7 7]
client_models 10
selected_clients:      [7 1 6 1]
client_models 10
here
client_data_loaders:  [<torch.utils.data.dataloader.DataLoader object at 0x16d7e1640>, <torch.utils.data.dataloader.DataLoader object at 0x2a79e17f0>, <torch.utils.data.dataloader.DataLoader object at 0x16d7def70>, <torch.utils.data.dataloader.DataLoader object at 0x16d7dae50>, <torch.utils.data.dataloader.DataLoader object at 0x16d7e6f10>, <torch.utils.data.dataloader.DataLoader object at 0x16d7e1820>, <torch.utils.data.dataloader.DataLoader object at 0x16d7e4a30>, <torch.utils.data.dataloader.DataLoader object at 0x16d7dab80>, <torch.utils.data.dataloader.DataLoader object at 0x16d7e42b0>, <torch.utils.data.dataloader.DataLoader object at 0x16d7e4b20>, <torch.utils.data.dataloader.DataLoader object at 0x16d7de250>] 11
Federated Unlearning Global Epoch  = 1
Federated Unlearning Global Epoch  = 2
Federated Unlearning Global Epoch  = 3
Federated Unlearning Global Epoch  = 4
Federated Unlearning Global Epoch  = 5
Federated Unlearning Global Epoch  = 6
Federated Unlearning Global Epoch  = 7
Federated Unlearning Global Epoch  = 8
Federated Unlearning Global Epoch  = 9
Federated Unlearning Global Epoch  = 10
Federated Unlearning Global Epoch  = 11
Federated Unlearning Global Epoch  = 12
Federated Unlearning Global Epoch  = 13
Federated Unlearning Global Epoch  = 14
Federated Unlearning Global Epoch  = 15
Federated Unlearning Global Epoch  = 16
Federated Unlearning Global Epoch  = 17
Federated Unlearning Global Epoch  = 18
Federated Unlearning Global Epoch  = 19
N [1, 3, 3, 5]
cc 0.4
ss 1.0666666666666667
rouc:  0.4  rous:  0.32
IE:  {1, 3, 5, 7, 9, 11, 13, 15, 17}
tr:  5
selected_clients:      [3 4 6 7]
client_models 10
selected_clients:      [8 6 6 1]
client_models 10
selected_clients:      [5 9 4 9]
client_models 10
selected_clients:      [1 5 6 5]
client_models 10
selected_clients:      [1 5 7 9]
client_models 10
selected_clients:      [6 3 6 8]
client_models 10
selected_clients:      [9 4 8 5]
client_models 10
here
client_data_loaders:  [<torch.utils.data.dataloader.DataLoader object at 0x16d7e1640>, <torch.utils.data.dataloader.DataLoader object at 0x2a7a98640>, <torch.utils.data.dataloader.DataLoader object at 0x16d7def70>, <torch.utils.data.dataloader.DataLoader object at 0x16d7dae50>, <torch.utils.data.dataloader.DataLoader object at 0x16d7e6f10>, <torch.utils.data.dataloader.DataLoader object at 0x16d7e1820>, <torch.utils.data.dataloader.DataLoader object at 0x16d7e4a30>, <torch.utils.data.dataloader.DataLoader object at 0x16d7dab80>, <torch.utils.data.dataloader.DataLoader object at 0x16d7e42b0>, <torch.utils.data.dataloader.DataLoader object at 0x16d7e4b20>, <torch.utils.data.dataloader.DataLoader object at 0x16d7de250>] 11
Federated Unlearning Global Epoch  = 1
Federated Unlearning Global Epoch  = 2
Federated Unlearning Global Epoch  = 3
Federated Unlearning Global Epoch  = 4
Federated Unlearning Global Epoch  = 5
Federated Unlearning Global Epoch  = 6
Federated Unlearning Global Epoch  = 7
Federated Unlearning Global Epoch  = 8
Federated Unlearning Global Epoch  = 9
Federated Unlearning Global Epoch  = 10
Federated Unlearning Global Epoch  = 11
Federated Unlearning Global Epoch  = 12
Federated Unlearning Global Epoch  = 13
Federated Unlearning Global Epoch  = 14
Federated Unlearning Global Epoch  = 15
Federated Unlearning Global Epoch  = 16
Federated Unlearning Global Epoch  = 17
Federated Unlearning Global Epoch  = 18
Federated Unlearning Global Epoch  = 19
N [1, 3, 3, 5]
cc 0.4
ss 1.0666666666666667
rouc:  0.4  rous:  0.32
IE:  {1, 3, 5, 7, 9, 11, 13, 15, 17}
tr:  5
selected_clients:      [5 4 7 0]
client_models 10
selected_clients:      [1 0 9 9]
client_models 10
selected_clients:      [1 3 9 4]
client_models 10
selected_clients:      [0 0 3 1]
client_models 10
selected_clients:      [2 1 5 1]
client_models 10
selected_clients:      [6 2 6 6]
client_models 10
selected_clients:      [0 4 0 6]
client_models 10
here
client_data_loaders:  [<torch.utils.data.dataloader.DataLoader object at 0x16d7e1640>, <torch.utils.data.dataloader.DataLoader object at 0x2a82bd3a0>, <torch.utils.data.dataloader.DataLoader object at 0x16d7def70>, <torch.utils.data.dataloader.DataLoader object at 0x16d7dae50>, <torch.utils.data.dataloader.DataLoader object at 0x16d7e6f10>, <torch.utils.data.dataloader.DataLoader object at 0x16d7e1820>, <torch.utils.data.dataloader.DataLoader object at 0x16d7e4a30>, <torch.utils.data.dataloader.DataLoader object at 0x16d7dab80>, <torch.utils.data.dataloader.DataLoader object at 0x16d7e42b0>, <torch.utils.data.dataloader.DataLoader object at 0x16d7e4b20>, <torch.utils.data.dataloader.DataLoader object at 0x16d7de250>] 11
Federated Unlearning Global Epoch  = 1
Federated Unlearning Global Epoch  = 2
Federated Unlearning Global Epoch  = 3
Federated Unlearning Global Epoch  = 4
Federated Unlearning Global Epoch  = 5
Federated Unlearning Global Epoch  = 6
Federated Unlearning Global Epoch  = 7
Federated Unlearning Global Epoch  = 8
Federated Unlearning Global Epoch  = 9
Federated Unlearning Global Epoch  = 10
Federated Unlearning Global Epoch  = 11
Federated Unlearning Global Epoch  = 12
Federated Unlearning Global Epoch  = 13
Federated Unlearning Global Epoch  = 14
Federated Unlearning Global Epoch  = 15
Federated Unlearning Global Epoch  = 16
Federated Unlearning Global Epoch  = 17
Federated Unlearning Global Epoch  = 18
Federated Unlearning Global Epoch  = 19
N [1, 3, 3, 5]
cc 0.4
ss 1.0666666666666667
rouc:  0.4  rous:  0.32
IE:  {1, 3, 5, 7, 9, 11, 13, 15, 17}
tr:  5
selected_clients:      [4 7 1 0]
client_models 10
selected_clients:      [9 9 0 2]
client_models 10
selected_clients:      [7 7 4 2]
client_models 10
selected_clients:      [6 8 5 5]
client_models 10
selected_clients:      [9 1 1 6]
client_models 10
selected_clients:      [0 7 6 2]
client_models 10
selected_clients:      [7 0 0 8]
client_models 10
here
client_data_loaders:  [<torch.utils.data.dataloader.DataLoader object at 0x16d7e1640>, <torch.utils.data.dataloader.DataLoader object at 0x16dff99d0>, <torch.utils.data.dataloader.DataLoader object at 0x16d7def70>, <torch.utils.data.dataloader.DataLoader object at 0x16d7dae50>, <torch.utils.data.dataloader.DataLoader object at 0x16d7e6f10>, <torch.utils.data.dataloader.DataLoader object at 0x16d7e1820>, <torch.utils.data.dataloader.DataLoader object at 0x16d7e4a30>, <torch.utils.data.dataloader.DataLoader object at 0x16d7dab80>, <torch.utils.data.dataloader.DataLoader object at 0x16d7e42b0>, <torch.utils.data.dataloader.DataLoader object at 0x16d7e4b20>, <torch.utils.data.dataloader.DataLoader object at 0x16d7de250>] 11
Federated Unlearning Global Epoch  = 1
Federated Unlearning Global Epoch  = 2
Federated Unlearning Global Epoch  = 3
Federated Unlearning Global Epoch  = 4
Federated Unlearning Global Epoch  = 5
Federated Unlearning Global Epoch  = 6
Federated Unlearning Global Epoch  = 7
Federated Unlearning Global Epoch  = 8
Federated Unlearning Global Epoch  = 9
Federated Unlearning Global Epoch  = 10
Federated Unlearning Global Epoch  = 11
Federated Unlearning Global Epoch  = 12
Federated Unlearning Global Epoch  = 13
Federated Unlearning Global Epoch  = 14
Federated Unlearning Global Epoch  = 15
Federated Unlearning Global Epoch  = 16
Federated Unlearning Global Epoch  = 17
Federated Unlearning Global Epoch  = 18
Federated Unlearning Global Epoch  = 19
N [1, 3, 3, 5]
cc 0.4
ss 1.0666666666666667
rouc:  0.4  rous:  0.32
IE:  {1, 3, 5, 7, 9, 11, 13, 15, 17}
tr:  5
selected_clients:      [8 0 5 2]
client_models 10
selected_clients:      [3 6 4 3]
client_models 10
selected_clients:      [7 2 2 0]
client_models 10
selected_clients:      [0 6 3 0]
client_models 10
selected_clients:      [3 5 5 1]
client_models 10
selected_clients:      [2 6 1 5]
client_models 10
selected_clients:      [9 1 0 0]
client_models 10
here
client_data_loaders:  [<torch.utils.data.dataloader.DataLoader object at 0x16d7e1640>, <torch.utils.data.dataloader.DataLoader object at 0x16e03f970>, <torch.utils.data.dataloader.DataLoader object at 0x16d7def70>, <torch.utils.data.dataloader.DataLoader object at 0x16d7dae50>, <torch.utils.data.dataloader.DataLoader object at 0x16d7e6f10>, <torch.utils.data.dataloader.DataLoader object at 0x16d7e1820>, <torch.utils.data.dataloader.DataLoader object at 0x16d7e4a30>, <torch.utils.data.dataloader.DataLoader object at 0x16d7dab80>, <torch.utils.data.dataloader.DataLoader object at 0x16d7e42b0>, <torch.utils.data.dataloader.DataLoader object at 0x16d7e4b20>, <torch.utils.data.dataloader.DataLoader object at 0x16d7de250>] 11
Federated Unlearning Global Epoch  = 1
Federated Unlearning Global Epoch  = 2
Federated Unlearning Global Epoch  = 3
Federated Unlearning Global Epoch  = 4
Federated Unlearning Global Epoch  = 5
Federated Unlearning Global Epoch  = 6
Federated Unlearning Global Epoch  = 7
Federated Unlearning Global Epoch  = 8
Federated Unlearning Global Epoch  = 9
Federated Unlearning Global Epoch  = 10
Federated Unlearning Global Epoch  = 11
Federated Unlearning Global Epoch  = 12
Federated Unlearning Global Epoch  = 13
Federated Unlearning Global Epoch  = 14
Federated Unlearning Global Epoch  = 15
Federated Unlearning Global Epoch  = 16
Federated Unlearning Global Epoch  = 17
Federated Unlearning Global Epoch  = 18
Federated Unlearning Global Epoch  = 19
N [1, 3, 3, 5]
cc 0.4
ss 1.0666666666666667
rouc:  0.4  rous:  0.32
IE:  {1, 3, 5, 7, 9, 11, 13, 15, 17}
tr:  5
selected_clients:      [7 9 4 2]
client_models 10
selected_clients:      [8 1 9 7]
client_models 10
selected_clients:      [6 6 5 4]
client_models 10
selected_clients:      [1 8 8 2]
client_models 10
selected_clients:      [4 2 8 5]
client_models 10
selected_clients:      [2 5 4 1]
client_models 10
selected_clients:      [2 8 7 3]
client_models 10
here
client_data_loaders:  [<torch.utils.data.dataloader.DataLoader object at 0x16d7e1640>, <torch.utils.data.dataloader.DataLoader object at 0x2a62ea340>, <torch.utils.data.dataloader.DataLoader object at 0x16d7def70>, <torch.utils.data.dataloader.DataLoader object at 0x16d7dae50>, <torch.utils.data.dataloader.DataLoader object at 0x16d7e6f10>, <torch.utils.data.dataloader.DataLoader object at 0x16d7e1820>, <torch.utils.data.dataloader.DataLoader object at 0x16d7e4a30>, <torch.utils.data.dataloader.DataLoader object at 0x16d7dab80>, <torch.utils.data.dataloader.DataLoader object at 0x16d7e42b0>, <torch.utils.data.dataloader.DataLoader object at 0x16d7e4b20>, <torch.utils.data.dataloader.DataLoader object at 0x16d7de250>] 11
Federated Unlearning Global Epoch  = 1
Federated Unlearning Global Epoch  = 2
Federated Unlearning Global Epoch  = 3
Federated Unlearning Global Epoch  = 4
Federated Unlearning Global Epoch  = 5
Federated Unlearning Global Epoch  = 6
Federated Unlearning Global Epoch  = 7
Federated Unlearning Global Epoch  = 8
Federated Unlearning Global Epoch  = 9
Federated Unlearning Global Epoch  = 10
Federated Unlearning Global Epoch  = 11
Federated Unlearning Global Epoch  = 12
Federated Unlearning Global Epoch  = 13
Federated Unlearning Global Epoch  = 14
Federated Unlearning Global Epoch  = 15
Federated Unlearning Global Epoch  = 16
Federated Unlearning Global Epoch  = 17
Federated Unlearning Global Epoch  = 18
Federated Unlearning Global Epoch  = 19
N [1, 3, 3, 5]
cc 0.4
ss 1.0666666666666667
rouc:  0.4  rous:  0.32
IE:  {1, 3, 5, 7, 9, 11, 13, 15, 17}
tr:  5
selected_clients:      [5 4 2 3]
client_models 10
selected_clients:      [0 2 0 6]
client_models 10
selected_clients:      [6 1 5 1]
client_models 10
selected_clients:      [8 0 7 4]
client_models 10
selected_clients:      [7 3 9 8]
client_models 10
selected_clients:      [1 7 7 6]
client_models 10
selected_clients:      [0 9 2 6]
client_models 10
X_u <torch.utils.data.dataloader.DataLoader object at 0x2a62ea340>
data_loader_ku <torch.utils.data.dataloader.DataLoader object at 0x2a62ea340>
here
client_data_loaders:  [<torch.utils.data.dataloader.DataLoader object at 0x16d7e1640>, <torch.utils.data.dataloader.DataLoader object at 0x16e01d1f0>, <torch.utils.data.dataloader.DataLoader object at 0x16d7def70>, <torch.utils.data.dataloader.DataLoader object at 0x16d7dae50>, <torch.utils.data.dataloader.DataLoader object at 0x16d7e6f10>, <torch.utils.data.dataloader.DataLoader object at 0x16d7e1820>, <torch.utils.data.dataloader.DataLoader object at 0x16d7e4a30>, <torch.utils.data.dataloader.DataLoader object at 0x16d7dab80>, <torch.utils.data.dataloader.DataLoader object at 0x16d7e42b0>, <torch.utils.data.dataloader.DataLoader object at 0x16d7e4b20>, <torch.utils.data.dataloader.DataLoader object at 0x16d7de250>] 11
Federated Unlearning Global Epoch  = 1
Federated Unlearning Global Epoch  = 2
Federated Unlearning Global Epoch  = 3
Federated Unlearning Global Epoch  = 4
Federated Unlearning Global Epoch  = 5
Federated Unlearning Global Epoch  = 6
Federated Unlearning Global Epoch  = 7
Federated Unlearning Global Epoch  = 8
Federated Unlearning Global Epoch  = 9
Federated Unlearning Global Epoch  = 10
Federated Unlearning Global Epoch  = 11
Federated Unlearning Global Epoch  = 12
Federated Unlearning Global Epoch  = 13
Federated Unlearning Global Epoch  = 14
Federated Unlearning Global Epoch  = 15
Federated Unlearning Global Epoch  = 16
Federated Unlearning Global Epoch  = 17
Federated Unlearning Global Epoch  = 18
Federated Unlearning Global Epoch  = 19
N [1, 3, 3, 5]
cc 0.4
ss 1.0666666666666667
rouc:  0.4  rous:  0.32
IE:  {1, 3, 5, 7, 9, 11, 13, 15, 17}
tr:  5
selected_clients:      [3 8 7 3]
client_models 10
selected_clients:      [6 2 6 0]
client_models 10
selected_clients:      [2 1 3 1]
client_models 10
selected_clients:      [7 8 8 5]
client_models 10
selected_clients:      [0 5 1 7]
client_models 10
selected_clients:      [6 0 4 9]
client_models 10
selected_clients:      [5 8 2 8]
client_models 10
here
client_data_loaders:  [<torch.utils.data.dataloader.DataLoader object at 0x16d7e1640>, <torch.utils.data.dataloader.DataLoader object at 0x2a7e12f10>, <torch.utils.data.dataloader.DataLoader object at 0x16d7def70>, <torch.utils.data.dataloader.DataLoader object at 0x16d7dae50>, <torch.utils.data.dataloader.DataLoader object at 0x16d7e6f10>, <torch.utils.data.dataloader.DataLoader object at 0x16d7e1820>, <torch.utils.data.dataloader.DataLoader object at 0x16d7e4a30>, <torch.utils.data.dataloader.DataLoader object at 0x16d7dab80>, <torch.utils.data.dataloader.DataLoader object at 0x16d7e42b0>, <torch.utils.data.dataloader.DataLoader object at 0x16d7e4b20>, <torch.utils.data.dataloader.DataLoader object at 0x16d7de250>] 11
Federated Unlearning Global Epoch  = 1
Federated Unlearning Global Epoch  = 2
Federated Unlearning Global Epoch  = 3
Federated Unlearning Global Epoch  = 4
Federated Unlearning Global Epoch  = 5
Federated Unlearning Global Epoch  = 6
Federated Unlearning Global Epoch  = 7
Federated Unlearning Global Epoch  = 8
Federated Unlearning Global Epoch  = 9
Federated Unlearning Global Epoch  = 10
Federated Unlearning Global Epoch  = 11
Federated Unlearning Global Epoch  = 12
Federated Unlearning Global Epoch  = 13
Federated Unlearning Global Epoch  = 14
Federated Unlearning Global Epoch  = 15
Federated Unlearning Global Epoch  = 16
Federated Unlearning Global Epoch  = 17
Federated Unlearning Global Epoch  = 18
Federated Unlearning Global Epoch  = 19
N [1, 3, 3, 5]
cc 0.4
ss 1.0666666666666667
rouc:  0.4  rous:  0.32
IE:  {1, 3, 5, 7, 9, 11, 13, 15, 17}
tr:  5
selected_clients:      [8 3 0 8]
client_models 10
selected_clients:      [2 6 1 4]
client_models 10
selected_clients:      [5 6 7 3]
client_models 10
selected_clients:      [4 1 4 1]
client_models 10
selected_clients:      [5 7 4 6]
client_models 10
selected_clients:      [9 3 2 1]
client_models 10
selected_clients:      [6 1 2 3]
client_models 10
here
client_data_loaders:  [<torch.utils.data.dataloader.DataLoader object at 0x16d7e1640>, <torch.utils.data.dataloader.DataLoader object at 0x2a7de7040>, <torch.utils.data.dataloader.DataLoader object at 0x16d7def70>, <torch.utils.data.dataloader.DataLoader object at 0x16d7dae50>, <torch.utils.data.dataloader.DataLoader object at 0x16d7e6f10>, <torch.utils.data.dataloader.DataLoader object at 0x16d7e1820>, <torch.utils.data.dataloader.DataLoader object at 0x16d7e4a30>, <torch.utils.data.dataloader.DataLoader object at 0x16d7dab80>, <torch.utils.data.dataloader.DataLoader object at 0x16d7e42b0>, <torch.utils.data.dataloader.DataLoader object at 0x16d7e4b20>, <torch.utils.data.dataloader.DataLoader object at 0x16d7de250>] 11
Federated Unlearning Global Epoch  = 1
Federated Unlearning Global Epoch  = 2
Federated Unlearning Global Epoch  = 3
Federated Unlearning Global Epoch  = 4
Federated Unlearning Global Epoch  = 5
Federated Unlearning Global Epoch  = 6
Federated Unlearning Global Epoch  = 7
Federated Unlearning Global Epoch  = 8
Federated Unlearning Global Epoch  = 9
Federated Unlearning Global Epoch  = 10
Federated Unlearning Global Epoch  = 11
Federated Unlearning Global Epoch  = 12
Federated Unlearning Global Epoch  = 13
Federated Unlearning Global Epoch  = 14
Federated Unlearning Global Epoch  = 15
Federated Unlearning Global Epoch  = 16
Federated Unlearning Global Epoch  = 17
Federated Unlearning Global Epoch  = 18
Federated Unlearning Global Epoch  = 19
N [1, 3, 3, 5]
cc 0.4
ss 1.0666666666666667
rouc:  0.4  rous:  0.32
IE:  {1, 3, 5, 7, 9, 11, 13, 15, 17}
tr:  5
selected_clients:      [6 5 4 4]
client_models 10
selected_clients:      [8 8 9 8]
client_models 10
selected_clients:      [5 0 1 4]
client_models 10
selected_clients:      [8 2 9 3]
client_models 10
selected_clients:      [1 7 5 0]
client_models 10
selected_clients:      [6 8 9 9]
client_models 10
selected_clients:      [2 9 3 2]
client_models 10
here
client_data_loaders:  [<torch.utils.data.dataloader.DataLoader object at 0x16d7e1640>, <torch.utils.data.dataloader.DataLoader object at 0x2a61f16d0>, <torch.utils.data.dataloader.DataLoader object at 0x16d7def70>, <torch.utils.data.dataloader.DataLoader object at 0x16d7dae50>, <torch.utils.data.dataloader.DataLoader object at 0x16d7e6f10>, <torch.utils.data.dataloader.DataLoader object at 0x16d7e1820>, <torch.utils.data.dataloader.DataLoader object at 0x16d7e4a30>, <torch.utils.data.dataloader.DataLoader object at 0x16d7dab80>, <torch.utils.data.dataloader.DataLoader object at 0x16d7e42b0>, <torch.utils.data.dataloader.DataLoader object at 0x16d7e4b20>, <torch.utils.data.dataloader.DataLoader object at 0x16d7de250>] 11
Federated Unlearning Global Epoch  = 1
Federated Unlearning Global Epoch  = 2
Federated Unlearning Global Epoch  = 3
Federated Unlearning Global Epoch  = 4
Federated Unlearning Global Epoch  = 5
Federated Unlearning Global Epoch  = 6
Federated Unlearning Global Epoch  = 7
Federated Unlearning Global Epoch  = 8
Federated Unlearning Global Epoch  = 9
Federated Unlearning Global Epoch  = 10
Federated Unlearning Global Epoch  = 11
Federated Unlearning Global Epoch  = 12
Federated Unlearning Global Epoch  = 13
Federated Unlearning Global Epoch  = 14
Federated Unlearning Global Epoch  = 15
Federated Unlearning Global Epoch  = 16
Federated Unlearning Global Epoch  = 17
Federated Unlearning Global Epoch  = 18
Federated Unlearning Global Epoch  = 19
N [1, 3, 3, 5]
cc 0.4
ss 1.0666666666666667
rouc:  0.4  rous:  0.32
IE:  {1, 3, 5, 7, 9, 11, 13, 15, 17}
tr:  5
selected_clients:      [1 6 7 0]
client_models 10
selected_clients:      [5 0 1 3]
client_models 10
selected_clients:      [5 4 3 0]
client_models 10
selected_clients:      [8 0 1 2]
client_models 10
selected_clients:      [1 2 6 3]
client_models 10
selected_clients:      [0 1 7 9]
client_models 10
selected_clients:      [7 2 4 3]
client_models 10
here
client_data_loaders:  [<torch.utils.data.dataloader.DataLoader object at 0x16d7e1640>, <torch.utils.data.dataloader.DataLoader object at 0x16e03f1f0>, <torch.utils.data.dataloader.DataLoader object at 0x16d7def70>, <torch.utils.data.dataloader.DataLoader object at 0x16d7dae50>, <torch.utils.data.dataloader.DataLoader object at 0x16d7e6f10>, <torch.utils.data.dataloader.DataLoader object at 0x16d7e1820>, <torch.utils.data.dataloader.DataLoader object at 0x16d7e4a30>, <torch.utils.data.dataloader.DataLoader object at 0x16d7dab80>, <torch.utils.data.dataloader.DataLoader object at 0x16d7e42b0>, <torch.utils.data.dataloader.DataLoader object at 0x16d7e4b20>, <torch.utils.data.dataloader.DataLoader object at 0x16d7de250>] 11
Federated Unlearning Global Epoch  = 1
Federated Unlearning Global Epoch  = 2
Federated Unlearning Global Epoch  = 3
Federated Unlearning Global Epoch  = 4
Federated Unlearning Global Epoch  = 5
Federated Unlearning Global Epoch  = 6
Federated Unlearning Global Epoch  = 7
Federated Unlearning Global Epoch  = 8
Federated Unlearning Global Epoch  = 9
Federated Unlearning Global Epoch  = 10
Federated Unlearning Global Epoch  = 11
Federated Unlearning Global Epoch  = 12
Federated Unlearning Global Epoch  = 13
Federated Unlearning Global Epoch  = 14
Federated Unlearning Global Epoch  = 15
Federated Unlearning Global Epoch  = 16
Federated Unlearning Global Epoch  = 17
Federated Unlearning Global Epoch  = 18
Federated Unlearning Global Epoch  = 19
N [1, 3, 3, 5]
cc 0.4
ss 1.0666666666666667
rouc:  0.4  rous:  0.32
IE:  {1, 3, 5, 7, 9, 11, 13, 15, 17}
tr:  5
selected_clients:      [4 9 8 7]
client_models 10
selected_clients:      [5 6 7 7]
client_models 10
selected_clients:      [4 3 9 3]
client_models 10
selected_clients:      [7 1 2 5]
client_models 10
selected_clients:      [6 7 8 1]
client_models 10
selected_clients:      [5 1 7 3]
client_models 10
selected_clients:      [7 2 8 2]
client_models 10
here
client_data_loaders:  [<torch.utils.data.dataloader.DataLoader object at 0x16d7e1640>, <torch.utils.data.dataloader.DataLoader object at 0x2a7a365e0>, <torch.utils.data.dataloader.DataLoader object at 0x16d7def70>, <torch.utils.data.dataloader.DataLoader object at 0x16d7dae50>, <torch.utils.data.dataloader.DataLoader object at 0x16d7e6f10>, <torch.utils.data.dataloader.DataLoader object at 0x16d7e1820>, <torch.utils.data.dataloader.DataLoader object at 0x16d7e4a30>, <torch.utils.data.dataloader.DataLoader object at 0x16d7dab80>, <torch.utils.data.dataloader.DataLoader object at 0x16d7e42b0>, <torch.utils.data.dataloader.DataLoader object at 0x16d7e4b20>, <torch.utils.data.dataloader.DataLoader object at 0x16d7de250>] 11
Federated Unlearning Global Epoch  = 1
Federated Unlearning Global Epoch  = 2
Federated Unlearning Global Epoch  = 3
Federated Unlearning Global Epoch  = 4
Federated Unlearning Global Epoch  = 5
Federated Unlearning Global Epoch  = 6
Federated Unlearning Global Epoch  = 7
Federated Unlearning Global Epoch  = 8
Federated Unlearning Global Epoch  = 9
Federated Unlearning Global Epoch  = 10
Federated Unlearning Global Epoch  = 11
Federated Unlearning Global Epoch  = 12
Federated Unlearning Global Epoch  = 13
Federated Unlearning Global Epoch  = 14
Federated Unlearning Global Epoch  = 15
Federated Unlearning Global Epoch  = 16
Federated Unlearning Global Epoch  = 17
Federated Unlearning Global Epoch  = 18
Federated Unlearning Global Epoch  = 19
N [1, 3, 3, 5]
cc 0.4
ss 1.0666666666666667
rouc:  0.4  rous:  0.32
IE:  {1, 3, 5, 7, 9, 11, 13, 15, 17}
tr:  5
selected_clients:      [6 8 6 7]
client_models 10
selected_clients:      [8 7 5 9]
client_models 10
selected_clients:      [2 5 3 6]
client_models 10
selected_clients:      [4 7 4 3]
client_models 10
selected_clients:      [2 0 3 5]
client_models 10
selected_clients:      [5 7 9 5]
client_models 10
selected_clients:      [8 1 6 5]
client_models 10
here
client_data_loaders:  [<torch.utils.data.dataloader.DataLoader object at 0x16d7e1640>, <torch.utils.data.dataloader.DataLoader object at 0x16df47be0>, <torch.utils.data.dataloader.DataLoader object at 0x16d7def70>, <torch.utils.data.dataloader.DataLoader object at 0x16d7dae50>, <torch.utils.data.dataloader.DataLoader object at 0x16d7e6f10>, <torch.utils.data.dataloader.DataLoader object at 0x16d7e1820>, <torch.utils.data.dataloader.DataLoader object at 0x16d7e4a30>, <torch.utils.data.dataloader.DataLoader object at 0x16d7dab80>, <torch.utils.data.dataloader.DataLoader object at 0x16d7e42b0>, <torch.utils.data.dataloader.DataLoader object at 0x16d7e4b20>, <torch.utils.data.dataloader.DataLoader object at 0x16d7de250>] 11
Federated Unlearning Global Epoch  = 1
Federated Unlearning Global Epoch  = 2
Federated Unlearning Global Epoch  = 3
Federated Unlearning Global Epoch  = 4
Federated Unlearning Global Epoch  = 5
Federated Unlearning Global Epoch  = 6
Federated Unlearning Global Epoch  = 7
Federated Unlearning Global Epoch  = 8
Federated Unlearning Global Epoch  = 9
Federated Unlearning Global Epoch  = 10
Federated Unlearning Global Epoch  = 11
Federated Unlearning Global Epoch  = 12
Federated Unlearning Global Epoch  = 13
Federated Unlearning Global Epoch  = 14
Federated Unlearning Global Epoch  = 15
Federated Unlearning Global Epoch  = 16
Federated Unlearning Global Epoch  = 17
Federated Unlearning Global Epoch  = 18
Federated Unlearning Global Epoch  = 19
N [1, 3, 3, 5]
cc 0.4
ss 1.0666666666666667
rouc:  0.4  rous:  0.32
IE:  {1, 3, 5, 7, 9, 11, 13, 15, 17}
tr:  5
selected_clients:      [8 9 9 2]
client_models 10
selected_clients:      [4 9 4 4]
client_models 10
selected_clients:      [5 1 8 3]
client_models 10
selected_clients:      [2 6 0 6]
client_models 10
selected_clients:      [0 9 7 8]
client_models 10
selected_clients:      [0 5 4 5]
client_models 10
selected_clients:      [5 5 1 7]
client_models 10
here
client_data_loaders:  [<torch.utils.data.dataloader.DataLoader object at 0x16d7e1640>, <torch.utils.data.dataloader.DataLoader object at 0x2a61d9760>, <torch.utils.data.dataloader.DataLoader object at 0x16d7def70>, <torch.utils.data.dataloader.DataLoader object at 0x16d7dae50>, <torch.utils.data.dataloader.DataLoader object at 0x16d7e6f10>, <torch.utils.data.dataloader.DataLoader object at 0x16d7e1820>, <torch.utils.data.dataloader.DataLoader object at 0x16d7e4a30>, <torch.utils.data.dataloader.DataLoader object at 0x16d7dab80>, <torch.utils.data.dataloader.DataLoader object at 0x16d7e42b0>, <torch.utils.data.dataloader.DataLoader object at 0x16d7e4b20>, <torch.utils.data.dataloader.DataLoader object at 0x16d7de250>] 11
Federated Unlearning Global Epoch  = 1
Federated Unlearning Global Epoch  = 2
Federated Unlearning Global Epoch  = 3
Federated Unlearning Global Epoch  = 4
Federated Unlearning Global Epoch  = 5
Federated Unlearning Global Epoch  = 6
Federated Unlearning Global Epoch  = 7
Federated Unlearning Global Epoch  = 8
Federated Unlearning Global Epoch  = 9
Federated Unlearning Global Epoch  = 10
Federated Unlearning Global Epoch  = 11
Federated Unlearning Global Epoch  = 12
Federated Unlearning Global Epoch  = 13
Federated Unlearning Global Epoch  = 14
Federated Unlearning Global Epoch  = 15
Federated Unlearning Global Epoch  = 16
Federated Unlearning Global Epoch  = 17
Federated Unlearning Global Epoch  = 18
Federated Unlearning Global Epoch  = 19
N [1, 3, 3, 5]
cc 0.4
ss 1.0666666666666667
rouc:  0.4  rous:  0.32
IE:  {1, 3, 5, 7, 9, 11, 13, 15, 17}
tr:  5
selected_clients:      [9 8 9 9]
client_models 10
selected_clients:      [5 0 8 4]
client_models 10
selected_clients:      [3 5 9 0]
client_models 10
selected_clients:      [3 8 3 5]
client_models 10
selected_clients:      [1 0 0 1]
client_models 10
selected_clients:      [6 7 6 7]
client_models 10
selected_clients:      [7 4 1 7]
client_models 10
X_u <torch.utils.data.dataloader.DataLoader object at 0x2a61d9760>
data_loader_ku <torch.utils.data.dataloader.DataLoader object at 0x2a61d9760>
here
client_data_loaders:  [<torch.utils.data.dataloader.DataLoader object at 0x16d7e1640>, <torch.utils.data.dataloader.DataLoader object at 0x2a82a8f10>, <torch.utils.data.dataloader.DataLoader object at 0x16d7def70>, <torch.utils.data.dataloader.DataLoader object at 0x16d7dae50>, <torch.utils.data.dataloader.DataLoader object at 0x16d7e6f10>, <torch.utils.data.dataloader.DataLoader object at 0x16d7e1820>, <torch.utils.data.dataloader.DataLoader object at 0x16d7e4a30>, <torch.utils.data.dataloader.DataLoader object at 0x16d7dab80>, <torch.utils.data.dataloader.DataLoader object at 0x16d7e42b0>, <torch.utils.data.dataloader.DataLoader object at 0x16d7e4b20>, <torch.utils.data.dataloader.DataLoader object at 0x16d7de250>] 11
Federated Unlearning Global Epoch  = 1
Federated Unlearning Global Epoch  = 2
Federated Unlearning Global Epoch  = 3
Federated Unlearning Global Epoch  = 4
Federated Unlearning Global Epoch  = 5
Federated Unlearning Global Epoch  = 6
Federated Unlearning Global Epoch  = 7
Federated Unlearning Global Epoch  = 8
Federated Unlearning Global Epoch  = 9
Federated Unlearning Global Epoch  = 10
Federated Unlearning Global Epoch  = 11
Federated Unlearning Global Epoch  = 12
Federated Unlearning Global Epoch  = 13
Federated Unlearning Global Epoch  = 14
Federated Unlearning Global Epoch  = 15
Federated Unlearning Global Epoch  = 16
Federated Unlearning Global Epoch  = 17
Federated Unlearning Global Epoch  = 18
Federated Unlearning Global Epoch  = 19
N [1, 3, 3, 5]
cc 0.4
ss 1.0666666666666667
rouc:  0.4  rous:  0.32
IE:  {1, 3, 5, 7, 9, 11, 13, 15, 17}
tr:  5
selected_clients:      [4 3 0 8]
client_models 10
selected_clients:      [6 2 8 5]
client_models 10
selected_clients:      [1 7 6 3]
client_models 10
selected_clients:      [4 9 0 3]
client_models 10
selected_clients:      [0 0 6 7]
client_models 10
selected_clients:      [9 9 4 1]
client_models 10
selected_clients:      [8 3 8 9]
client_models 10
here
client_data_loaders:  [<torch.utils.data.dataloader.DataLoader object at 0x16d7e1640>, <torch.utils.data.dataloader.DataLoader object at 0x2a61f1bb0>, <torch.utils.data.dataloader.DataLoader object at 0x16d7def70>, <torch.utils.data.dataloader.DataLoader object at 0x16d7dae50>, <torch.utils.data.dataloader.DataLoader object at 0x16d7e6f10>, <torch.utils.data.dataloader.DataLoader object at 0x16d7e1820>, <torch.utils.data.dataloader.DataLoader object at 0x16d7e4a30>, <torch.utils.data.dataloader.DataLoader object at 0x16d7dab80>, <torch.utils.data.dataloader.DataLoader object at 0x16d7e42b0>, <torch.utils.data.dataloader.DataLoader object at 0x16d7e4b20>, <torch.utils.data.dataloader.DataLoader object at 0x16d7de250>] 11
Federated Unlearning Global Epoch  = 1
Federated Unlearning Global Epoch  = 2
Federated Unlearning Global Epoch  = 3
Federated Unlearning Global Epoch  = 4
Federated Unlearning Global Epoch  = 5
Federated Unlearning Global Epoch  = 6
Federated Unlearning Global Epoch  = 7
Federated Unlearning Global Epoch  = 8
Federated Unlearning Global Epoch  = 9
Federated Unlearning Global Epoch  = 10
Federated Unlearning Global Epoch  = 11
Federated Unlearning Global Epoch  = 12
Federated Unlearning Global Epoch  = 13
Federated Unlearning Global Epoch  = 14
Federated Unlearning Global Epoch  = 15
Federated Unlearning Global Epoch  = 16
Federated Unlearning Global Epoch  = 17
Federated Unlearning Global Epoch  = 18
Federated Unlearning Global Epoch  = 19
N [1, 3, 3, 5]
cc 0.4
ss 1.0666666666666667
rouc:  0.4  rous:  0.32
IE:  {1, 3, 5, 7, 9, 11, 13, 15, 17}
tr:  5
selected_clients:      [7 6 5 7]
client_models 10
selected_clients:      [7 3 1 8]
client_models 10
selected_clients:      [2 5 9 3]
client_models 10
selected_clients:      [9 0 4 7]
client_models 10
selected_clients:      [2 1 2 2]
client_models 10
selected_clients:      [6 9 4 0]
client_models 10
selected_clients:      [4 4 8 8]
client_models 10
here
client_data_loaders:  [<torch.utils.data.dataloader.DataLoader object at 0x16d7e1640>, <torch.utils.data.dataloader.DataLoader object at 0x2a62c6f40>, <torch.utils.data.dataloader.DataLoader object at 0x16d7def70>, <torch.utils.data.dataloader.DataLoader object at 0x16d7dae50>, <torch.utils.data.dataloader.DataLoader object at 0x16d7e6f10>, <torch.utils.data.dataloader.DataLoader object at 0x16d7e1820>, <torch.utils.data.dataloader.DataLoader object at 0x16d7e4a30>, <torch.utils.data.dataloader.DataLoader object at 0x16d7dab80>, <torch.utils.data.dataloader.DataLoader object at 0x16d7e42b0>, <torch.utils.data.dataloader.DataLoader object at 0x16d7e4b20>, <torch.utils.data.dataloader.DataLoader object at 0x16d7de250>] 11
Federated Unlearning Global Epoch  = 1
Federated Unlearning Global Epoch  = 2
Federated Unlearning Global Epoch  = 3
Federated Unlearning Global Epoch  = 4
Federated Unlearning Global Epoch  = 5
Federated Unlearning Global Epoch  = 6
Federated Unlearning Global Epoch  = 7
Federated Unlearning Global Epoch  = 8
Federated Unlearning Global Epoch  = 9
Federated Unlearning Global Epoch  = 10
Federated Unlearning Global Epoch  = 11
Federated Unlearning Global Epoch  = 12
Federated Unlearning Global Epoch  = 13
Federated Unlearning Global Epoch  = 14
Federated Unlearning Global Epoch  = 15
Federated Unlearning Global Epoch  = 16
Federated Unlearning Global Epoch  = 17
Federated Unlearning Global Epoch  = 18
Federated Unlearning Global Epoch  = 19
N [1, 3, 3, 5]
cc 0.4
ss 1.0666666666666667
rouc:  0.4  rous:  0.32
IE:  {1, 3, 5, 7, 9, 11, 13, 15, 17}
tr:  5
selected_clients:      [2 6 9 1]
client_models 10
selected_clients:      [8 5 4 6]
client_models 10
selected_clients:      [1 9 5 7]
client_models 10
selected_clients:      [1 2 3 1]
client_models 10
selected_clients:      [5 1 4 9]
client_models 10
selected_clients:      [1 4 4 8]
client_models 10
selected_clients:      [1 1 4 4]
client_models 10
here
client_data_loaders:  [<torch.utils.data.dataloader.DataLoader object at 0x16d7e1640>, <torch.utils.data.dataloader.DataLoader object at 0x16ff95c10>, <torch.utils.data.dataloader.DataLoader object at 0x16d7def70>, <torch.utils.data.dataloader.DataLoader object at 0x16d7dae50>, <torch.utils.data.dataloader.DataLoader object at 0x16d7e6f10>, <torch.utils.data.dataloader.DataLoader object at 0x16d7e1820>, <torch.utils.data.dataloader.DataLoader object at 0x16d7e4a30>, <torch.utils.data.dataloader.DataLoader object at 0x16d7dab80>, <torch.utils.data.dataloader.DataLoader object at 0x16d7e42b0>, <torch.utils.data.dataloader.DataLoader object at 0x16d7e4b20>, <torch.utils.data.dataloader.DataLoader object at 0x16d7de250>] 11
Federated Unlearning Global Epoch  = 1
Federated Unlearning Global Epoch  = 2
Federated Unlearning Global Epoch  = 3
Federated Unlearning Global Epoch  = 4
Federated Unlearning Global Epoch  = 5
Federated Unlearning Global Epoch  = 6
Federated Unlearning Global Epoch  = 7
Federated Unlearning Global Epoch  = 8
Federated Unlearning Global Epoch  = 9
Federated Unlearning Global Epoch  = 10
Federated Unlearning Global Epoch  = 11
Federated Unlearning Global Epoch  = 12
Federated Unlearning Global Epoch  = 13
Federated Unlearning Global Epoch  = 14
Federated Unlearning Global Epoch  = 15
Federated Unlearning Global Epoch  = 16
Federated Unlearning Global Epoch  = 17
Federated Unlearning Global Epoch  = 18
Federated Unlearning Global Epoch  = 19
N [1, 3, 3, 5]
cc 0.4
ss 1.0666666666666667
rouc:  0.4  rous:  0.32
IE:  {1, 3, 5, 7, 9, 11, 13, 15, 17}
tr:  5
selected_clients:      [2 9 1 7]
client_models 10
selected_clients:      [9 1 9 9]
client_models 10
selected_clients:      [9 9 9 2]
client_models 10
selected_clients:      [3 4 1 0]
client_models 10
selected_clients:      [4 6 2 2]
client_models 10
selected_clients:      [8 5 6 2]
client_models 10
selected_clients:      [3 0 9 6]
client_models 10
here
client_data_loaders:  [<torch.utils.data.dataloader.DataLoader object at 0x16d7e1640>, <torch.utils.data.dataloader.DataLoader object at 0x16d870fd0>, <torch.utils.data.dataloader.DataLoader object at 0x16d7def70>, <torch.utils.data.dataloader.DataLoader object at 0x16d7dae50>, <torch.utils.data.dataloader.DataLoader object at 0x16d7e6f10>, <torch.utils.data.dataloader.DataLoader object at 0x16d7e1820>, <torch.utils.data.dataloader.DataLoader object at 0x16d7e4a30>, <torch.utils.data.dataloader.DataLoader object at 0x16d7dab80>, <torch.utils.data.dataloader.DataLoader object at 0x16d7e42b0>, <torch.utils.data.dataloader.DataLoader object at 0x16d7e4b20>, <torch.utils.data.dataloader.DataLoader object at 0x16d7de250>] 11
Federated Unlearning Global Epoch  = 1
Federated Unlearning Global Epoch  = 2
Federated Unlearning Global Epoch  = 3
Federated Unlearning Global Epoch  = 4
Federated Unlearning Global Epoch  = 5
Federated Unlearning Global Epoch  = 6
Federated Unlearning Global Epoch  = 7
Federated Unlearning Global Epoch  = 8
Federated Unlearning Global Epoch  = 9
Federated Unlearning Global Epoch  = 10
Federated Unlearning Global Epoch  = 11
Federated Unlearning Global Epoch  = 12
Federated Unlearning Global Epoch  = 13
Federated Unlearning Global Epoch  = 14
Federated Unlearning Global Epoch  = 15
Federated Unlearning Global Epoch  = 16
Federated Unlearning Global Epoch  = 17
Federated Unlearning Global Epoch  = 18
Federated Unlearning Global Epoch  = 19
N [1, 3, 3, 5]
cc 0.4
ss 1.0666666666666667
rouc:  0.4  rous:  0.32
IE:  {1, 3, 5, 7, 9, 11, 13, 15, 17}
tr:  5
selected_clients:      [8 8 1 8]
client_models 10
selected_clients:      [4 8 4 4]
client_models 10
selected_clients:      [6 0 6 3]
client_models 10
selected_clients:      [7 4 3 3]
client_models 10
selected_clients:      [5 9 4 4]
client_models 10
selected_clients:      [4 7 9 8]
client_models 10
selected_clients:      [1 5 5 7]
client_models 10
here
client_data_loaders:  [<torch.utils.data.dataloader.DataLoader object at 0x16d7e1640>, <torch.utils.data.dataloader.DataLoader object at 0x1638b8f10>, <torch.utils.data.dataloader.DataLoader object at 0x16d7def70>, <torch.utils.data.dataloader.DataLoader object at 0x16d7dae50>, <torch.utils.data.dataloader.DataLoader object at 0x16d7e6f10>, <torch.utils.data.dataloader.DataLoader object at 0x16d7e1820>, <torch.utils.data.dataloader.DataLoader object at 0x16d7e4a30>, <torch.utils.data.dataloader.DataLoader object at 0x16d7dab80>, <torch.utils.data.dataloader.DataLoader object at 0x16d7e42b0>, <torch.utils.data.dataloader.DataLoader object at 0x16d7e4b20>, <torch.utils.data.dataloader.DataLoader object at 0x16d7de250>] 11
Federated Unlearning Global Epoch  = 1
Federated Unlearning Global Epoch  = 2
Federated Unlearning Global Epoch  = 3
Federated Unlearning Global Epoch  = 4
Federated Unlearning Global Epoch  = 5
Federated Unlearning Global Epoch  = 6
Federated Unlearning Global Epoch  = 7
Federated Unlearning Global Epoch  = 8
Federated Unlearning Global Epoch  = 9
Federated Unlearning Global Epoch  = 10
Federated Unlearning Global Epoch  = 11
Federated Unlearning Global Epoch  = 12
Federated Unlearning Global Epoch  = 13
Federated Unlearning Global Epoch  = 14
Federated Unlearning Global Epoch  = 15
Federated Unlearning Global Epoch  = 16
Federated Unlearning Global Epoch  = 17
Federated Unlearning Global Epoch  = 18
Federated Unlearning Global Epoch  = 19
N [1, 3, 3, 5]
cc 0.4
ss 1.0666666666666667
rouc:  0.4  rous:  0.32
IE:  {1, 3, 5, 7, 9, 11, 13, 15, 17}
tr:  5
selected_clients:      [1 7 5 4]
client_models 10
selected_clients:      [4 4 8 5]
client_models 10
selected_clients:      [0 6 1 1]
client_models 10
selected_clients:      [2 2 0 3]
client_models 10
selected_clients:      [6 0 8 5]
client_models 10
selected_clients:      [3 7 9 2]
client_models 10
selected_clients:      [9 6 8 9]
client_models 10
here
client_data_loaders:  [<torch.utils.data.dataloader.DataLoader object at 0x16d7e1640>, <torch.utils.data.dataloader.DataLoader object at 0x16d870b80>, <torch.utils.data.dataloader.DataLoader object at 0x16d7def70>, <torch.utils.data.dataloader.DataLoader object at 0x16d7dae50>, <torch.utils.data.dataloader.DataLoader object at 0x16d7e6f10>, <torch.utils.data.dataloader.DataLoader object at 0x16d7e1820>, <torch.utils.data.dataloader.DataLoader object at 0x16d7e4a30>, <torch.utils.data.dataloader.DataLoader object at 0x16d7dab80>, <torch.utils.data.dataloader.DataLoader object at 0x16d7e42b0>, <torch.utils.data.dataloader.DataLoader object at 0x16d7e4b20>, <torch.utils.data.dataloader.DataLoader object at 0x16d7de250>] 11
Federated Unlearning Global Epoch  = 1
Federated Unlearning Global Epoch  = 2
Federated Unlearning Global Epoch  = 3
Federated Unlearning Global Epoch  = 4
Federated Unlearning Global Epoch  = 5
Federated Unlearning Global Epoch  = 6
Federated Unlearning Global Epoch  = 7
Federated Unlearning Global Epoch  = 8
Federated Unlearning Global Epoch  = 9
Federated Unlearning Global Epoch  = 10
Federated Unlearning Global Epoch  = 11
Federated Unlearning Global Epoch  = 12
Federated Unlearning Global Epoch  = 13
Federated Unlearning Global Epoch  = 14
Federated Unlearning Global Epoch  = 15
Federated Unlearning Global Epoch  = 16
Federated Unlearning Global Epoch  = 17
Federated Unlearning Global Epoch  = 18
Federated Unlearning Global Epoch  = 19
N [1, 3, 3, 5]
cc 0.4
ss 1.0666666666666667
rouc:  0.4  rous:  0.32
IE:  {1, 3, 5, 7, 9, 11, 13, 15, 17}
tr:  5
selected_clients:      [1 0 9 4]
client_models 10
selected_clients:      [6 3 6 5]
client_models 10
selected_clients:      [5 7 0 5]
client_models 10
selected_clients:      [5 1 2 4]
client_models 10
selected_clients:      [9 4 7 5]
client_models 10
selected_clients:      [5 1 5 3]
client_models 10
selected_clients:      [7 2 6 5]
client_models 10
here
client_data_loaders:  [<torch.utils.data.dataloader.DataLoader object at 0x16d7e1640>, <torch.utils.data.dataloader.DataLoader object at 0x2a7e17f40>, <torch.utils.data.dataloader.DataLoader object at 0x16d7def70>, <torch.utils.data.dataloader.DataLoader object at 0x16d7dae50>, <torch.utils.data.dataloader.DataLoader object at 0x16d7e6f10>, <torch.utils.data.dataloader.DataLoader object at 0x16d7e1820>, <torch.utils.data.dataloader.DataLoader object at 0x16d7e4a30>, <torch.utils.data.dataloader.DataLoader object at 0x16d7dab80>, <torch.utils.data.dataloader.DataLoader object at 0x16d7e42b0>, <torch.utils.data.dataloader.DataLoader object at 0x16d7e4b20>, <torch.utils.data.dataloader.DataLoader object at 0x16d7de250>] 11
Federated Unlearning Global Epoch  = 1
Federated Unlearning Global Epoch  = 2
Federated Unlearning Global Epoch  = 3
Federated Unlearning Global Epoch  = 4
Federated Unlearning Global Epoch  = 5
Federated Unlearning Global Epoch  = 6
Federated Unlearning Global Epoch  = 7
Federated Unlearning Global Epoch  = 8
Federated Unlearning Global Epoch  = 9
Federated Unlearning Global Epoch  = 10
Federated Unlearning Global Epoch  = 11
Federated Unlearning Global Epoch  = 12
Federated Unlearning Global Epoch  = 13
Federated Unlearning Global Epoch  = 14
Federated Unlearning Global Epoch  = 15
Federated Unlearning Global Epoch  = 16
Federated Unlearning Global Epoch  = 17
Federated Unlearning Global Epoch  = 18
Federated Unlearning Global Epoch  = 19
N [1, 3, 3, 5]
cc 0.4
ss 1.0666666666666667
rouc:  0.4  rous:  0.32
IE:  {1, 3, 5, 7, 9, 11, 13, 15, 17}
tr:  5
selected_clients:      [4 4 4 5]
client_models 10
selected_clients:      [9 1 0 1]
client_models 10
selected_clients:      [1 3 6 4]
client_models 10
selected_clients:      [0 8 0 2]
client_models 10
selected_clients:      [6 1 3 4]
client_models 10
selected_clients:      [6 3 1 1]
client_models 10
selected_clients:      [2 4 3 9]
client_models 10
X_u <torch.utils.data.dataloader.DataLoader object at 0x2a7e17f40>
data_loader_ku <torch.utils.data.dataloader.DataLoader object at 0x2a7e17f40>
here
client_data_loaders:  [<torch.utils.data.dataloader.DataLoader object at 0x16d7e1640>, <torch.utils.data.dataloader.DataLoader object at 0x16f983040>, <torch.utils.data.dataloader.DataLoader object at 0x16d7def70>, <torch.utils.data.dataloader.DataLoader object at 0x16d7dae50>, <torch.utils.data.dataloader.DataLoader object at 0x16d7e6f10>, <torch.utils.data.dataloader.DataLoader object at 0x16d7e1820>, <torch.utils.data.dataloader.DataLoader object at 0x16d7e4a30>, <torch.utils.data.dataloader.DataLoader object at 0x16d7dab80>, <torch.utils.data.dataloader.DataLoader object at 0x16d7e42b0>, <torch.utils.data.dataloader.DataLoader object at 0x16d7e4b20>, <torch.utils.data.dataloader.DataLoader object at 0x16d7de250>] 11
Federated Unlearning Global Epoch  = 1
Federated Unlearning Global Epoch  = 2
Federated Unlearning Global Epoch  = 3
Federated Unlearning Global Epoch  = 4
Federated Unlearning Global Epoch  = 5
Federated Unlearning Global Epoch  = 6
Federated Unlearning Global Epoch  = 7
Federated Unlearning Global Epoch  = 8
Federated Unlearning Global Epoch  = 9
Federated Unlearning Global Epoch  = 10
Federated Unlearning Global Epoch  = 11
Federated Unlearning Global Epoch  = 12
Federated Unlearning Global Epoch  = 13
Federated Unlearning Global Epoch  = 14
Federated Unlearning Global Epoch  = 15
Federated Unlearning Global Epoch  = 16
Federated Unlearning Global Epoch  = 17
Federated Unlearning Global Epoch  = 18
Federated Unlearning Global Epoch  = 19
N [1, 3, 3, 5]
cc 0.4
ss 1.0666666666666667
rouc:  0.4  rous:  0.32
IE:  {1, 3, 5, 7, 9, 11, 13, 15, 17}
tr:  5
selected_clients:      [6 9 6 5]
client_models 10
selected_clients:      [4 6 5 6]
client_models 10
selected_clients:      [8 2 4 3]
client_models 10
selected_clients:      [0 8 1 7]
client_models 10
selected_clients:      [3 2 5 6]
client_models 10
selected_clients:      [1 5 1 5]
client_models 10
selected_clients:      [2 1 9 2]
client_models 10
here
client_data_loaders:  [<torch.utils.data.dataloader.DataLoader object at 0x16d7e1640>, <torch.utils.data.dataloader.DataLoader object at 0x1638b8fd0>, <torch.utils.data.dataloader.DataLoader object at 0x16d7def70>, <torch.utils.data.dataloader.DataLoader object at 0x16d7dae50>, <torch.utils.data.dataloader.DataLoader object at 0x16d7e6f10>, <torch.utils.data.dataloader.DataLoader object at 0x16d7e1820>, <torch.utils.data.dataloader.DataLoader object at 0x16d7e4a30>, <torch.utils.data.dataloader.DataLoader object at 0x16d7dab80>, <torch.utils.data.dataloader.DataLoader object at 0x16d7e42b0>, <torch.utils.data.dataloader.DataLoader object at 0x16d7e4b20>, <torch.utils.data.dataloader.DataLoader object at 0x16d7de250>] 11
Federated Unlearning Global Epoch  = 1
Federated Unlearning Global Epoch  = 2
Federated Unlearning Global Epoch  = 3
Federated Unlearning Global Epoch  = 4
Federated Unlearning Global Epoch  = 5
Federated Unlearning Global Epoch  = 6
Federated Unlearning Global Epoch  = 7
Federated Unlearning Global Epoch  = 8
Federated Unlearning Global Epoch  = 9
Federated Unlearning Global Epoch  = 10
Federated Unlearning Global Epoch  = 11
Federated Unlearning Global Epoch  = 12
Federated Unlearning Global Epoch  = 13
Federated Unlearning Global Epoch  = 14
Federated Unlearning Global Epoch  = 15
Federated Unlearning Global Epoch  = 16
Federated Unlearning Global Epoch  = 17
Federated Unlearning Global Epoch  = 18
Federated Unlearning Global Epoch  = 19
N [1, 3, 3, 5]
cc 0.4
ss 1.0666666666666667
rouc:  0.4  rous:  0.32
IE:  {1, 3, 5, 7, 9, 11, 13, 15, 17}
tr:  5
selected_clients:      [8 2 2 3]
client_models 10
selected_clients:      [9 8 4 5]
client_models 10
selected_clients:      [1 2 4 0]
client_models 10
selected_clients:      [1 5 7 0]
client_models 10
selected_clients:      [5 7 7 6]
client_models 10
selected_clients:      [5 9 9 5]
client_models 10
selected_clients:      [5 8 7 4]
client_models 10
here
client_data_loaders:  [<torch.utils.data.dataloader.DataLoader object at 0x16d7e1640>, <torch.utils.data.dataloader.DataLoader object at 0x16dff9760>, <torch.utils.data.dataloader.DataLoader object at 0x16d7def70>, <torch.utils.data.dataloader.DataLoader object at 0x16d7dae50>, <torch.utils.data.dataloader.DataLoader object at 0x16d7e6f10>, <torch.utils.data.dataloader.DataLoader object at 0x16d7e1820>, <torch.utils.data.dataloader.DataLoader object at 0x16d7e4a30>, <torch.utils.data.dataloader.DataLoader object at 0x16d7dab80>, <torch.utils.data.dataloader.DataLoader object at 0x16d7e42b0>, <torch.utils.data.dataloader.DataLoader object at 0x16d7e4b20>, <torch.utils.data.dataloader.DataLoader object at 0x16d7de250>] 11
Federated Unlearning Global Epoch  = 1
Federated Unlearning Global Epoch  = 2
Federated Unlearning Global Epoch  = 3
Federated Unlearning Global Epoch  = 4
Federated Unlearning Global Epoch  = 5
Federated Unlearning Global Epoch  = 6
Federated Unlearning Global Epoch  = 7
Federated Unlearning Global Epoch  = 8
Federated Unlearning Global Epoch  = 9
Federated Unlearning Global Epoch  = 10
Federated Unlearning Global Epoch  = 11
Federated Unlearning Global Epoch  = 12
Federated Unlearning Global Epoch  = 13
Federated Unlearning Global Epoch  = 14
Federated Unlearning Global Epoch  = 15
Federated Unlearning Global Epoch  = 16
Federated Unlearning Global Epoch  = 17
Federated Unlearning Global Epoch  = 18
Federated Unlearning Global Epoch  = 19
N [1, 3, 3, 5]
cc 0.4
ss 1.0666666666666667
rouc:  0.4  rous:  0.32
IE:  {1, 3, 5, 7, 9, 11, 13, 15, 17}
tr:  5
selected_clients:      [2 4 8 9]
client_models 10
selected_clients:      [7 1 5 2]
client_models 10
selected_clients:      [9 0 7 3]
client_models 10
selected_clients:      [5 8 0 1]
client_models 10
selected_clients:      [1 2 9 2]
client_models 10
selected_clients:      [0 7 3 7]
client_models 10
selected_clients:      [4 4 5 9]
client_models 10
here
client_data_loaders:  [<torch.utils.data.dataloader.DataLoader object at 0x16d7e1640>, <torch.utils.data.dataloader.DataLoader object at 0x2a82ba5b0>, <torch.utils.data.dataloader.DataLoader object at 0x16d7def70>, <torch.utils.data.dataloader.DataLoader object at 0x16d7dae50>, <torch.utils.data.dataloader.DataLoader object at 0x16d7e6f10>, <torch.utils.data.dataloader.DataLoader object at 0x16d7e1820>, <torch.utils.data.dataloader.DataLoader object at 0x16d7e4a30>, <torch.utils.data.dataloader.DataLoader object at 0x16d7dab80>, <torch.utils.data.dataloader.DataLoader object at 0x16d7e42b0>, <torch.utils.data.dataloader.DataLoader object at 0x16d7e4b20>, <torch.utils.data.dataloader.DataLoader object at 0x16d7de250>] 11
Federated Unlearning Global Epoch  = 1
Federated Unlearning Global Epoch  = 2
Federated Unlearning Global Epoch  = 3
Federated Unlearning Global Epoch  = 4
Federated Unlearning Global Epoch  = 5
Federated Unlearning Global Epoch  = 6
Federated Unlearning Global Epoch  = 7
Federated Unlearning Global Epoch  = 8
Federated Unlearning Global Epoch  = 9
Federated Unlearning Global Epoch  = 10
Federated Unlearning Global Epoch  = 11
Federated Unlearning Global Epoch  = 12
Federated Unlearning Global Epoch  = 13
Federated Unlearning Global Epoch  = 14
Federated Unlearning Global Epoch  = 15
Federated Unlearning Global Epoch  = 16
Federated Unlearning Global Epoch  = 17
Federated Unlearning Global Epoch  = 18
Federated Unlearning Global Epoch  = 19
N [1, 3, 3, 5]
cc 0.4
ss 1.0666666666666667
rouc:  0.4  rous:  0.32
IE:  {1, 3, 5, 7, 9, 11, 13, 15, 17}
tr:  5
selected_clients:      [7 7 5 0]
client_models 10
selected_clients:      [7 0 0 5]
client_models 10
selected_clients:      [0 3 6 3]
client_models 10
selected_clients:      [0 6 6 1]
client_models 10
selected_clients:      [8 0 1 3]
client_models 10
selected_clients:      [7 0 8 8]
client_models 10
selected_clients:      [2 6 3 2]
client_models 10
here
client_data_loaders:  [<torch.utils.data.dataloader.DataLoader object at 0x16d7e1640>, <torch.utils.data.dataloader.DataLoader object at 0x16d9abb80>, <torch.utils.data.dataloader.DataLoader object at 0x16d7def70>, <torch.utils.data.dataloader.DataLoader object at 0x16d7dae50>, <torch.utils.data.dataloader.DataLoader object at 0x16d7e6f10>, <torch.utils.data.dataloader.DataLoader object at 0x16d7e1820>, <torch.utils.data.dataloader.DataLoader object at 0x16d7e4a30>, <torch.utils.data.dataloader.DataLoader object at 0x16d7dab80>, <torch.utils.data.dataloader.DataLoader object at 0x16d7e42b0>, <torch.utils.data.dataloader.DataLoader object at 0x16d7e4b20>, <torch.utils.data.dataloader.DataLoader object at 0x16d7de250>] 11
Federated Unlearning Global Epoch  = 1
Federated Unlearning Global Epoch  = 2
Federated Unlearning Global Epoch  = 3
Federated Unlearning Global Epoch  = 4
Federated Unlearning Global Epoch  = 5
Federated Unlearning Global Epoch  = 6
Federated Unlearning Global Epoch  = 7
Federated Unlearning Global Epoch  = 8
Federated Unlearning Global Epoch  = 9
Federated Unlearning Global Epoch  = 10
Federated Unlearning Global Epoch  = 11
Federated Unlearning Global Epoch  = 12
Federated Unlearning Global Epoch  = 13
Federated Unlearning Global Epoch  = 14
Federated Unlearning Global Epoch  = 15
Federated Unlearning Global Epoch  = 16
Federated Unlearning Global Epoch  = 17
Federated Unlearning Global Epoch  = 18
Federated Unlearning Global Epoch  = 19
N [1, 3, 3, 5]
cc 0.4
ss 1.0666666666666667
rouc:  0.4  rous:  0.32
IE:  {1, 3, 5, 7, 9, 11, 13, 15, 17}
tr:  5
selected_clients:      [0 6 8 7]
client_models 10
selected_clients:      [0 4 1 9]
client_models 10
selected_clients:      [5 9 5 2]
client_models 10
selected_clients:      [6 5 6 5]
client_models 10
selected_clients:      [7 3 9 7]
client_models 10
selected_clients:      [5 0 0 8]
client_models 10
selected_clients:      [3 0 8 8]
client_models 10
here
client_data_loaders:  [<torch.utils.data.dataloader.DataLoader object at 0x16d7e1640>, <torch.utils.data.dataloader.DataLoader object at 0x2a6751c70>, <torch.utils.data.dataloader.DataLoader object at 0x16d7def70>, <torch.utils.data.dataloader.DataLoader object at 0x16d7dae50>, <torch.utils.data.dataloader.DataLoader object at 0x16d7e6f10>, <torch.utils.data.dataloader.DataLoader object at 0x16d7e1820>, <torch.utils.data.dataloader.DataLoader object at 0x16d7e4a30>, <torch.utils.data.dataloader.DataLoader object at 0x16d7dab80>, <torch.utils.data.dataloader.DataLoader object at 0x16d7e42b0>, <torch.utils.data.dataloader.DataLoader object at 0x16d7e4b20>, <torch.utils.data.dataloader.DataLoader object at 0x16d7de250>] 11
Federated Unlearning Global Epoch  = 1
Federated Unlearning Global Epoch  = 2
Federated Unlearning Global Epoch  = 3
Federated Unlearning Global Epoch  = 4
Federated Unlearning Global Epoch  = 5
Federated Unlearning Global Epoch  = 6
Federated Unlearning Global Epoch  = 7
Federated Unlearning Global Epoch  = 8
Federated Unlearning Global Epoch  = 9
Federated Unlearning Global Epoch  = 10
Federated Unlearning Global Epoch  = 11
Federated Unlearning Global Epoch  = 12
Federated Unlearning Global Epoch  = 13
Federated Unlearning Global Epoch  = 14
Federated Unlearning Global Epoch  = 15
Federated Unlearning Global Epoch  = 16
Federated Unlearning Global Epoch  = 17
Federated Unlearning Global Epoch  = 18
Federated Unlearning Global Epoch  = 19
N [1, 3, 3, 5]
cc 0.4
ss 1.0666666666666667
rouc:  0.4  rous:  0.32
IE:  {1, 3, 5, 7, 9, 11, 13, 15, 17}
tr:  5
selected_clients:      [9 3 3 2]
client_models 10
selected_clients:      [5 0 4 5]
client_models 10
selected_clients:      [0 4 9 4]
client_models 10
selected_clients:      [1 0 4 7]
client_models 10
selected_clients:      [8 1 1 7]
client_models 10
selected_clients:      [1 6 0 8]
client_models 10
selected_clients:      [0 5 9 9]
client_models 10
here
client_data_loaders:  [<torch.utils.data.dataloader.DataLoader object at 0x16d7e1640>, <torch.utils.data.dataloader.DataLoader object at 0x2a7e17fd0>, <torch.utils.data.dataloader.DataLoader object at 0x16d7def70>, <torch.utils.data.dataloader.DataLoader object at 0x16d7dae50>, <torch.utils.data.dataloader.DataLoader object at 0x16d7e6f10>, <torch.utils.data.dataloader.DataLoader object at 0x16d7e1820>, <torch.utils.data.dataloader.DataLoader object at 0x16d7e4a30>, <torch.utils.data.dataloader.DataLoader object at 0x16d7dab80>, <torch.utils.data.dataloader.DataLoader object at 0x16d7e42b0>, <torch.utils.data.dataloader.DataLoader object at 0x16d7e4b20>, <torch.utils.data.dataloader.DataLoader object at 0x16d7de250>] 11
Federated Unlearning Global Epoch  = 1
Federated Unlearning Global Epoch  = 2
Federated Unlearning Global Epoch  = 3
Federated Unlearning Global Epoch  = 4
Federated Unlearning Global Epoch  = 5
Federated Unlearning Global Epoch  = 6
Federated Unlearning Global Epoch  = 7
Federated Unlearning Global Epoch  = 8
Federated Unlearning Global Epoch  = 9
Federated Unlearning Global Epoch  = 10
Federated Unlearning Global Epoch  = 11
Federated Unlearning Global Epoch  = 12
Federated Unlearning Global Epoch  = 13
Federated Unlearning Global Epoch  = 14
Federated Unlearning Global Epoch  = 15
Federated Unlearning Global Epoch  = 16
Federated Unlearning Global Epoch  = 17
Federated Unlearning Global Epoch  = 18
Federated Unlearning Global Epoch  = 19
N [1, 3, 3, 5]
cc 0.4
ss 1.0666666666666667
rouc:  0.4  rous:  0.32
IE:  {1, 3, 5, 7, 9, 11, 13, 15, 17}
tr:  5
selected_clients:      [2 4 7 9]
client_models 10
selected_clients:      [2 6 3 7]
client_models 10
selected_clients:      [8 6 7 7]
client_models 10
selected_clients:      [0 8 8 4]
client_models 10
selected_clients:      [9 1 1 2]
client_models 10
selected_clients:      [9 4 6 2]
client_models 10
selected_clients:      [6 6 9 7]
client_models 10
here
client_data_loaders:  [<torch.utils.data.dataloader.DataLoader object at 0x16d7e1640>, <torch.utils.data.dataloader.DataLoader object at 0x16dfb2430>, <torch.utils.data.dataloader.DataLoader object at 0x16d7def70>, <torch.utils.data.dataloader.DataLoader object at 0x16d7dae50>, <torch.utils.data.dataloader.DataLoader object at 0x16d7e6f10>, <torch.utils.data.dataloader.DataLoader object at 0x16d7e1820>, <torch.utils.data.dataloader.DataLoader object at 0x16d7e4a30>, <torch.utils.data.dataloader.DataLoader object at 0x16d7dab80>, <torch.utils.data.dataloader.DataLoader object at 0x16d7e42b0>, <torch.utils.data.dataloader.DataLoader object at 0x16d7e4b20>, <torch.utils.data.dataloader.DataLoader object at 0x16d7de250>] 11
Federated Unlearning Global Epoch  = 1
Federated Unlearning Global Epoch  = 2
Federated Unlearning Global Epoch  = 3
Federated Unlearning Global Epoch  = 4
Federated Unlearning Global Epoch  = 5
Federated Unlearning Global Epoch  = 6
Federated Unlearning Global Epoch  = 7
Federated Unlearning Global Epoch  = 8
Federated Unlearning Global Epoch  = 9
Federated Unlearning Global Epoch  = 10
Federated Unlearning Global Epoch  = 11
Federated Unlearning Global Epoch  = 12
Federated Unlearning Global Epoch  = 13
Federated Unlearning Global Epoch  = 14
Federated Unlearning Global Epoch  = 15
Federated Unlearning Global Epoch  = 16
Federated Unlearning Global Epoch  = 17
Federated Unlearning Global Epoch  = 18
Federated Unlearning Global Epoch  = 19
N [1, 3, 3, 5]
cc 0.4
ss 1.0666666666666667
rouc:  0.4  rous:  0.32
IE:  {1, 3, 5, 7, 9, 11, 13, 15, 17}
tr:  5
selected_clients:      [8 0 3 3]
client_models 10
selected_clients:      [0 1 6 1]
client_models 10
selected_clients:      [8 0 3 3]
client_models 10
selected_clients:      [6 5 4 5]
client_models 10
selected_clients:      [7 8 6 8]
client_models 10
selected_clients:      [2 8 1 7]
client_models 10
selected_clients:      [6 7 0 6]
client_models 10
X_u <torch.utils.data.dataloader.DataLoader object at 0x16dfb2430>
data_loader_ku <torch.utils.data.dataloader.DataLoader object at 0x16dfb2430>
here
client_data_loaders:  [<torch.utils.data.dataloader.DataLoader object at 0x16d7e1640>, <torch.utils.data.dataloader.DataLoader object at 0x16df8fe50>, <torch.utils.data.dataloader.DataLoader object at 0x16d7def70>, <torch.utils.data.dataloader.DataLoader object at 0x16d7dae50>, <torch.utils.data.dataloader.DataLoader object at 0x16d7e6f10>, <torch.utils.data.dataloader.DataLoader object at 0x16d7e1820>, <torch.utils.data.dataloader.DataLoader object at 0x16d7e4a30>, <torch.utils.data.dataloader.DataLoader object at 0x16d7dab80>, <torch.utils.data.dataloader.DataLoader object at 0x16d7e42b0>, <torch.utils.data.dataloader.DataLoader object at 0x16d7e4b20>, <torch.utils.data.dataloader.DataLoader object at 0x16d7de250>] 11
Federated Unlearning Global Epoch  = 1
Federated Unlearning Global Epoch  = 2
Federated Unlearning Global Epoch  = 3
Federated Unlearning Global Epoch  = 4
Federated Unlearning Global Epoch  = 5
Federated Unlearning Global Epoch  = 6
Federated Unlearning Global Epoch  = 7
Federated Unlearning Global Epoch  = 8
Federated Unlearning Global Epoch  = 9
Federated Unlearning Global Epoch  = 10
Federated Unlearning Global Epoch  = 11
Federated Unlearning Global Epoch  = 12
Federated Unlearning Global Epoch  = 13
Federated Unlearning Global Epoch  = 14
Federated Unlearning Global Epoch  = 15
Federated Unlearning Global Epoch  = 16
Federated Unlearning Global Epoch  = 17
Federated Unlearning Global Epoch  = 18
Federated Unlearning Global Epoch  = 19
N [1, 3, 3, 5]
cc 0.4
ss 1.0666666666666667
rouc:  0.4  rous:  0.32
IE:  {1, 3, 5, 7, 9, 11, 13, 15, 17}
tr:  5
selected_clients:      [5 2 3 6]
client_models 10
selected_clients:      [9 3 9 4]
client_models 10
selected_clients:      [6 9 7 1]
client_models 10
selected_clients:      [1 5 4 2]
client_models 10
selected_clients:      [6 4 4 2]
client_models 10
selected_clients:      [6 6 8 0]
client_models 10
selected_clients:      [2 5 5 5]
client_models 10
here
client_data_loaders:  [<torch.utils.data.dataloader.DataLoader object at 0x16d7e1640>, <torch.utils.data.dataloader.DataLoader object at 0x2a62c65b0>, <torch.utils.data.dataloader.DataLoader object at 0x16d7def70>, <torch.utils.data.dataloader.DataLoader object at 0x16d7dae50>, <torch.utils.data.dataloader.DataLoader object at 0x16d7e6f10>, <torch.utils.data.dataloader.DataLoader object at 0x16d7e1820>, <torch.utils.data.dataloader.DataLoader object at 0x16d7e4a30>, <torch.utils.data.dataloader.DataLoader object at 0x16d7dab80>, <torch.utils.data.dataloader.DataLoader object at 0x16d7e42b0>, <torch.utils.data.dataloader.DataLoader object at 0x16d7e4b20>, <torch.utils.data.dataloader.DataLoader object at 0x16d7de250>] 11
Federated Unlearning Global Epoch  = 1
Federated Unlearning Global Epoch  = 2
Federated Unlearning Global Epoch  = 3
Federated Unlearning Global Epoch  = 4
Federated Unlearning Global Epoch  = 5
Federated Unlearning Global Epoch  = 6
Federated Unlearning Global Epoch  = 7
Federated Unlearning Global Epoch  = 8
Federated Unlearning Global Epoch  = 9
Federated Unlearning Global Epoch  = 10
Federated Unlearning Global Epoch  = 11
Federated Unlearning Global Epoch  = 12
Federated Unlearning Global Epoch  = 13
Federated Unlearning Global Epoch  = 14
Federated Unlearning Global Epoch  = 15
Federated Unlearning Global Epoch  = 16
Federated Unlearning Global Epoch  = 17
Federated Unlearning Global Epoch  = 18
Federated Unlearning Global Epoch  = 19
N [1, 3, 3, 5]
cc 0.4
ss 1.0666666666666667
rouc:  0.4  rous:  0.32
IE:  {1, 3, 5, 7, 9, 11, 13, 15, 17}
tr:  5
selected_clients:      [9 7 2 4]
client_models 10
selected_clients:      [5 6 0 5]
client_models 10
selected_clients:      [8 8 1 6]
client_models 10
selected_clients:      [2 1 0 7]
client_models 10
selected_clients:      [7 4 8 7]
client_models 10
selected_clients:      [0 9 6 7]
client_models 10
selected_clients:      [2 5 1 1]
client_models 10
here
client_data_loaders:  [<torch.utils.data.dataloader.DataLoader object at 0x16d7e1640>, <torch.utils.data.dataloader.DataLoader object at 0x16d5756d0>, <torch.utils.data.dataloader.DataLoader object at 0x16d7def70>, <torch.utils.data.dataloader.DataLoader object at 0x16d7dae50>, <torch.utils.data.dataloader.DataLoader object at 0x16d7e6f10>, <torch.utils.data.dataloader.DataLoader object at 0x16d7e1820>, <torch.utils.data.dataloader.DataLoader object at 0x16d7e4a30>, <torch.utils.data.dataloader.DataLoader object at 0x16d7dab80>, <torch.utils.data.dataloader.DataLoader object at 0x16d7e42b0>, <torch.utils.data.dataloader.DataLoader object at 0x16d7e4b20>, <torch.utils.data.dataloader.DataLoader object at 0x16d7de250>] 11
Federated Unlearning Global Epoch  = 1
Federated Unlearning Global Epoch  = 2
Federated Unlearning Global Epoch  = 3
Federated Unlearning Global Epoch  = 4
Federated Unlearning Global Epoch  = 5
Federated Unlearning Global Epoch  = 6
Federated Unlearning Global Epoch  = 7
Federated Unlearning Global Epoch  = 8
Federated Unlearning Global Epoch  = 9
Federated Unlearning Global Epoch  = 10
Federated Unlearning Global Epoch  = 11
Federated Unlearning Global Epoch  = 12
Federated Unlearning Global Epoch  = 13
Federated Unlearning Global Epoch  = 14
Federated Unlearning Global Epoch  = 15
Federated Unlearning Global Epoch  = 16
Federated Unlearning Global Epoch  = 17
Federated Unlearning Global Epoch  = 18
Federated Unlearning Global Epoch  = 19
N [1, 3, 3, 5]
cc 0.4
ss 1.0666666666666667
rouc:  0.4  rous:  0.32
IE:  {1, 3, 5, 7, 9, 11, 13, 15, 17}
tr:  5
selected_clients:      [0 9 0 2]
client_models 10
selected_clients:      [9 4 3 1]
client_models 10
selected_clients:      [2 6 2 4]
client_models 10
selected_clients:      [1 9 7 8]
client_models 10
selected_clients:      [1 2 9 8]
client_models 10
selected_clients:      [6 0 8 8]
client_models 10
selected_clients:      [7 5 5 6]
client_models 10
here
client_data_loaders:  [<torch.utils.data.dataloader.DataLoader object at 0x16d7e1640>, <torch.utils.data.dataloader.DataLoader object at 0x16ffb1130>, <torch.utils.data.dataloader.DataLoader object at 0x16d7def70>, <torch.utils.data.dataloader.DataLoader object at 0x16d7dae50>, <torch.utils.data.dataloader.DataLoader object at 0x16d7e6f10>, <torch.utils.data.dataloader.DataLoader object at 0x16d7e1820>, <torch.utils.data.dataloader.DataLoader object at 0x16d7e4a30>, <torch.utils.data.dataloader.DataLoader object at 0x16d7dab80>, <torch.utils.data.dataloader.DataLoader object at 0x16d7e42b0>, <torch.utils.data.dataloader.DataLoader object at 0x16d7e4b20>, <torch.utils.data.dataloader.DataLoader object at 0x16d7de250>] 11
Federated Unlearning Global Epoch  = 1
Federated Unlearning Global Epoch  = 2
Federated Unlearning Global Epoch  = 3
Federated Unlearning Global Epoch  = 4
Federated Unlearning Global Epoch  = 5
Federated Unlearning Global Epoch  = 6
Federated Unlearning Global Epoch  = 7
Federated Unlearning Global Epoch  = 8
Federated Unlearning Global Epoch  = 9
Federated Unlearning Global Epoch  = 10
Federated Unlearning Global Epoch  = 11
Federated Unlearning Global Epoch  = 12
Federated Unlearning Global Epoch  = 13
Federated Unlearning Global Epoch  = 14
Federated Unlearning Global Epoch  = 15
Federated Unlearning Global Epoch  = 16
Federated Unlearning Global Epoch  = 17
Federated Unlearning Global Epoch  = 18
Federated Unlearning Global Epoch  = 19
N [1, 3, 3, 5]
cc 0.4
ss 1.0666666666666667
rouc:  0.4  rous:  0.32
IE:  {1, 3, 5, 7, 9, 11, 13, 15, 17}
tr:  5
selected_clients:      [1 1 9 1]
client_models 10
selected_clients:      [3 6 7 3]
client_models 10
selected_clients:      [0 2 1 1]
client_models 10
selected_clients:      [2 0 9 5]
client_models 10
selected_clients:      [4 1 7 6]
client_models 10
selected_clients:      [2 1 4 3]
client_models 10
selected_clients:      [3 9 5 2]
client_models 10
here
client_data_loaders:  [<torch.utils.data.dataloader.DataLoader object at 0x16d7e1640>, <torch.utils.data.dataloader.DataLoader object at 0x16e03fbe0>, <torch.utils.data.dataloader.DataLoader object at 0x16d7def70>, <torch.utils.data.dataloader.DataLoader object at 0x16d7dae50>, <torch.utils.data.dataloader.DataLoader object at 0x16d7e6f10>, <torch.utils.data.dataloader.DataLoader object at 0x16d7e1820>, <torch.utils.data.dataloader.DataLoader object at 0x16d7e4a30>, <torch.utils.data.dataloader.DataLoader object at 0x16d7dab80>, <torch.utils.data.dataloader.DataLoader object at 0x16d7e42b0>, <torch.utils.data.dataloader.DataLoader object at 0x16d7e4b20>, <torch.utils.data.dataloader.DataLoader object at 0x16d7de250>] 11
Federated Unlearning Global Epoch  = 1
Federated Unlearning Global Epoch  = 2
Federated Unlearning Global Epoch  = 3
Federated Unlearning Global Epoch  = 4
Federated Unlearning Global Epoch  = 5
Federated Unlearning Global Epoch  = 6
Federated Unlearning Global Epoch  = 7
Federated Unlearning Global Epoch  = 8
Federated Unlearning Global Epoch  = 9
Federated Unlearning Global Epoch  = 10
Federated Unlearning Global Epoch  = 11
Federated Unlearning Global Epoch  = 12
Federated Unlearning Global Epoch  = 13
Federated Unlearning Global Epoch  = 14
Federated Unlearning Global Epoch  = 15
Federated Unlearning Global Epoch  = 16
Federated Unlearning Global Epoch  = 17
Federated Unlearning Global Epoch  = 18
Federated Unlearning Global Epoch  = 19
N [1, 3, 3, 5]
cc 0.4
ss 1.0666666666666667
rouc:  0.4  rous:  0.32
IE:  {1, 3, 5, 7, 9, 11, 13, 15, 17}
tr:  5
selected_clients:      [8 8 1 0]
client_models 10
selected_clients:      [1 4 7 2]
client_models 10
selected_clients:      [7 2 7 9]
client_models 10
selected_clients:      [5 6 4 4]
client_models 10
selected_clients:      [7 9 9 0]
client_models 10
selected_clients:      [0 7 7 0]
client_models 10
selected_clients:      [5 8 7 5]
client_models 10
here
client_data_loaders:  [<torch.utils.data.dataloader.DataLoader object at 0x16d7e1640>, <torch.utils.data.dataloader.DataLoader object at 0x16dff9760>, <torch.utils.data.dataloader.DataLoader object at 0x16d7def70>, <torch.utils.data.dataloader.DataLoader object at 0x16d7dae50>, <torch.utils.data.dataloader.DataLoader object at 0x16d7e6f10>, <torch.utils.data.dataloader.DataLoader object at 0x16d7e1820>, <torch.utils.data.dataloader.DataLoader object at 0x16d7e4a30>, <torch.utils.data.dataloader.DataLoader object at 0x16d7dab80>, <torch.utils.data.dataloader.DataLoader object at 0x16d7e42b0>, <torch.utils.data.dataloader.DataLoader object at 0x16d7e4b20>, <torch.utils.data.dataloader.DataLoader object at 0x16d7de250>] 11
Federated Unlearning Global Epoch  = 1
Federated Unlearning Global Epoch  = 2
Federated Unlearning Global Epoch  = 3
Federated Unlearning Global Epoch  = 4
Federated Unlearning Global Epoch  = 5
Federated Unlearning Global Epoch  = 6
Federated Unlearning Global Epoch  = 7
Federated Unlearning Global Epoch  = 8
Federated Unlearning Global Epoch  = 9
Federated Unlearning Global Epoch  = 10
Federated Unlearning Global Epoch  = 11
Federated Unlearning Global Epoch  = 12
Federated Unlearning Global Epoch  = 13
Federated Unlearning Global Epoch  = 14
Federated Unlearning Global Epoch  = 15
Federated Unlearning Global Epoch  = 16
Federated Unlearning Global Epoch  = 17
Federated Unlearning Global Epoch  = 18
Federated Unlearning Global Epoch  = 19
N [1, 3, 3, 5]
cc 0.4
ss 1.0666666666666667
rouc:  0.4  rous:  0.32
IE:  {1, 3, 5, 7, 9, 11, 13, 15, 17}
tr:  5
selected_clients:      [4 7 7 8]
client_models 10
selected_clients:      [5 7 5 9]
client_models 10
selected_clients:      [6 5 5 0]
client_models 10
selected_clients:      [5 6 2 4]
client_models 10
selected_clients:      [3 2 4 9]
client_models 10
selected_clients:      [6 3 6 8]
client_models 10
selected_clients:      [1 7 5 8]
client_models 10
here
client_data_loaders:  [<torch.utils.data.dataloader.DataLoader object at 0x16d7e1640>, <torch.utils.data.dataloader.DataLoader object at 0x2a6751640>, <torch.utils.data.dataloader.DataLoader object at 0x16d7def70>, <torch.utils.data.dataloader.DataLoader object at 0x16d7dae50>, <torch.utils.data.dataloader.DataLoader object at 0x16d7e6f10>, <torch.utils.data.dataloader.DataLoader object at 0x16d7e1820>, <torch.utils.data.dataloader.DataLoader object at 0x16d7e4a30>, <torch.utils.data.dataloader.DataLoader object at 0x16d7dab80>, <torch.utils.data.dataloader.DataLoader object at 0x16d7e42b0>, <torch.utils.data.dataloader.DataLoader object at 0x16d7e4b20>, <torch.utils.data.dataloader.DataLoader object at 0x16d7de250>] 11
Federated Unlearning Global Epoch  = 1
Federated Unlearning Global Epoch  = 2
Federated Unlearning Global Epoch  = 3
Federated Unlearning Global Epoch  = 4
Federated Unlearning Global Epoch  = 5
Federated Unlearning Global Epoch  = 6
Federated Unlearning Global Epoch  = 7
Federated Unlearning Global Epoch  = 8
Federated Unlearning Global Epoch  = 9
Federated Unlearning Global Epoch  = 10
Federated Unlearning Global Epoch  = 11
Federated Unlearning Global Epoch  = 12
Federated Unlearning Global Epoch  = 13
Federated Unlearning Global Epoch  = 14
Federated Unlearning Global Epoch  = 15
Federated Unlearning Global Epoch  = 16
Federated Unlearning Global Epoch  = 17
Federated Unlearning Global Epoch  = 18
Federated Unlearning Global Epoch  = 19
N [1, 3, 3, 5]
cc 0.4
ss 1.0666666666666667
rouc:  0.4  rous:  0.32
IE:  {1, 3, 5, 7, 9, 11, 13, 15, 17}
tr:  5
selected_clients:      [7 3 6 0]
client_models 10
selected_clients:      [3 1 2 5]
client_models 10
selected_clients:      [7 1 9 8]
client_models 10
selected_clients:      [3 6 5 3]
client_models 10
selected_clients:      [5 5 4 5]
client_models 10
selected_clients:      [2 4 0 4]
client_models 10
selected_clients:      [2 1 4 1]
client_models 10
here
client_data_loaders:  [<torch.utils.data.dataloader.DataLoader object at 0x16d7e1640>, <torch.utils.data.dataloader.DataLoader object at 0x16d9abbb0>, <torch.utils.data.dataloader.DataLoader object at 0x16d7def70>, <torch.utils.data.dataloader.DataLoader object at 0x16d7dae50>, <torch.utils.data.dataloader.DataLoader object at 0x16d7e6f10>, <torch.utils.data.dataloader.DataLoader object at 0x16d7e1820>, <torch.utils.data.dataloader.DataLoader object at 0x16d7e4a30>, <torch.utils.data.dataloader.DataLoader object at 0x16d7dab80>, <torch.utils.data.dataloader.DataLoader object at 0x16d7e42b0>, <torch.utils.data.dataloader.DataLoader object at 0x16d7e4b20>, <torch.utils.data.dataloader.DataLoader object at 0x16d7de250>] 11
Federated Unlearning Global Epoch  = 1
Federated Unlearning Global Epoch  = 2
Federated Unlearning Global Epoch  = 3
Federated Unlearning Global Epoch  = 4
Federated Unlearning Global Epoch  = 5
Federated Unlearning Global Epoch  = 6
Federated Unlearning Global Epoch  = 7
Federated Unlearning Global Epoch  = 8
Federated Unlearning Global Epoch  = 9
Federated Unlearning Global Epoch  = 10
Federated Unlearning Global Epoch  = 11
Federated Unlearning Global Epoch  = 12
Federated Unlearning Global Epoch  = 13
Federated Unlearning Global Epoch  = 14
Federated Unlearning Global Epoch  = 15
Federated Unlearning Global Epoch  = 16
Federated Unlearning Global Epoch  = 17
Federated Unlearning Global Epoch  = 18
Federated Unlearning Global Epoch  = 19
N [1, 3, 3, 5]
cc 0.4
ss 1.0666666666666667
rouc:  0.4  rous:  0.32
IE:  {1, 3, 5, 7, 9, 11, 13, 15, 17}
tr:  5
selected_clients:      [4 2 4 8]
client_models 10
selected_clients:      [5 9 9 2]
client_models 10
selected_clients:      [7 2 9 7]
client_models 10
selected_clients:      [6 2 8 8]
client_models 10
selected_clients:      [1 3 7 1]
client_models 10
selected_clients:      [8 6 8 3]
client_models 10
selected_clients:      [9 4 2 8]
client_models 10
X_u <torch.utils.data.dataloader.DataLoader object at 0x16d9abbb0>
data_loader_ku <torch.utils.data.dataloader.DataLoader object at 0x16d9abbb0>
here
client_data_loaders:  [<torch.utils.data.dataloader.DataLoader object at 0x16d7e1640>, <torch.utils.data.dataloader.DataLoader object at 0x2a82fe1c0>, <torch.utils.data.dataloader.DataLoader object at 0x16d7def70>, <torch.utils.data.dataloader.DataLoader object at 0x16d7dae50>, <torch.utils.data.dataloader.DataLoader object at 0x16d7e6f10>, <torch.utils.data.dataloader.DataLoader object at 0x16d7e1820>, <torch.utils.data.dataloader.DataLoader object at 0x16d7e4a30>, <torch.utils.data.dataloader.DataLoader object at 0x16d7dab80>, <torch.utils.data.dataloader.DataLoader object at 0x16d7e42b0>, <torch.utils.data.dataloader.DataLoader object at 0x16d7e4b20>, <torch.utils.data.dataloader.DataLoader object at 0x16d7de250>] 11
Federated Unlearning Global Epoch  = 1
Federated Unlearning Global Epoch  = 2
Federated Unlearning Global Epoch  = 3
Federated Unlearning Global Epoch  = 4
Federated Unlearning Global Epoch  = 5
Federated Unlearning Global Epoch  = 6
Federated Unlearning Global Epoch  = 7
Federated Unlearning Global Epoch  = 8
Federated Unlearning Global Epoch  = 9
Federated Unlearning Global Epoch  = 10
Federated Unlearning Global Epoch  = 11
Federated Unlearning Global Epoch  = 12
Federated Unlearning Global Epoch  = 13
Federated Unlearning Global Epoch  = 14
Federated Unlearning Global Epoch  = 15
Federated Unlearning Global Epoch  = 16
Federated Unlearning Global Epoch  = 17
Federated Unlearning Global Epoch  = 18
Federated Unlearning Global Epoch  = 19
N [1, 3, 3, 5]
cc 0.4
ss 1.0666666666666667
rouc:  0.4  rous:  0.32
IE:  {1, 3, 5, 7, 9, 11, 13, 15, 17}
tr:  5
selected_clients:      [1 6 5 5]
client_models 10
selected_clients:      [7 8 6 3]
client_models 10
selected_clients:      [6 2 9 7]
client_models 10
selected_clients:      [5 0 4 7]
client_models 10
selected_clients:      [2 9 5 6]
client_models 10
selected_clients:      [0 3 6 7]
client_models 10
selected_clients:      [8 2 2 2]
client_models 10
here
client_data_loaders:  [<torch.utils.data.dataloader.DataLoader object at 0x16d7e1640>, <torch.utils.data.dataloader.DataLoader object at 0x16d9abdc0>, <torch.utils.data.dataloader.DataLoader object at 0x16d7def70>, <torch.utils.data.dataloader.DataLoader object at 0x16d7dae50>, <torch.utils.data.dataloader.DataLoader object at 0x16d7e6f10>, <torch.utils.data.dataloader.DataLoader object at 0x16d7e1820>, <torch.utils.data.dataloader.DataLoader object at 0x16d7e4a30>, <torch.utils.data.dataloader.DataLoader object at 0x16d7dab80>, <torch.utils.data.dataloader.DataLoader object at 0x16d7e42b0>, <torch.utils.data.dataloader.DataLoader object at 0x16d7e4b20>, <torch.utils.data.dataloader.DataLoader object at 0x16d7de250>] 11
Federated Unlearning Global Epoch  = 1
Federated Unlearning Global Epoch  = 2
Federated Unlearning Global Epoch  = 3
Federated Unlearning Global Epoch  = 4
Federated Unlearning Global Epoch  = 5
Federated Unlearning Global Epoch  = 6
Federated Unlearning Global Epoch  = 7
Federated Unlearning Global Epoch  = 8
Federated Unlearning Global Epoch  = 9
Federated Unlearning Global Epoch  = 10
Federated Unlearning Global Epoch  = 11
Federated Unlearning Global Epoch  = 12
Federated Unlearning Global Epoch  = 13
Federated Unlearning Global Epoch  = 14
Federated Unlearning Global Epoch  = 15
Federated Unlearning Global Epoch  = 16
Federated Unlearning Global Epoch  = 17
Federated Unlearning Global Epoch  = 18
Federated Unlearning Global Epoch  = 19
N [1, 3, 3, 5]
cc 0.4
ss 1.0666666666666667
rouc:  0.4  rous:  0.32
IE:  {1, 3, 5, 7, 9, 11, 13, 15, 17}
tr:  5
selected_clients:      [7 5 8 8]
client_models 10
selected_clients:      [5 3 0 6]
client_models 10
selected_clients:      [7 7 4 4]
client_models 10
selected_clients:      [4 8 7 7]
client_models 10
selected_clients:      [4 8 9 4]
client_models 10
selected_clients:      [3 2 9 8]
client_models 10
selected_clients:      [4 2 1 7]
client_models 10
here
client_data_loaders:  [<torch.utils.data.dataloader.DataLoader object at 0x16d7e1640>, <torch.utils.data.dataloader.DataLoader object at 0x16f96a940>, <torch.utils.data.dataloader.DataLoader object at 0x16d7def70>, <torch.utils.data.dataloader.DataLoader object at 0x16d7dae50>, <torch.utils.data.dataloader.DataLoader object at 0x16d7e6f10>, <torch.utils.data.dataloader.DataLoader object at 0x16d7e1820>, <torch.utils.data.dataloader.DataLoader object at 0x16d7e4a30>, <torch.utils.data.dataloader.DataLoader object at 0x16d7dab80>, <torch.utils.data.dataloader.DataLoader object at 0x16d7e42b0>, <torch.utils.data.dataloader.DataLoader object at 0x16d7e4b20>, <torch.utils.data.dataloader.DataLoader object at 0x16d7de250>] 11
Federated Unlearning Global Epoch  = 1
Federated Unlearning Global Epoch  = 2
Federated Unlearning Global Epoch  = 3
Federated Unlearning Global Epoch  = 4
Federated Unlearning Global Epoch  = 5
Federated Unlearning Global Epoch  = 6
Federated Unlearning Global Epoch  = 7
Federated Unlearning Global Epoch  = 8
Federated Unlearning Global Epoch  = 9
Federated Unlearning Global Epoch  = 10
Federated Unlearning Global Epoch  = 11
Federated Unlearning Global Epoch  = 12
Federated Unlearning Global Epoch  = 13
Federated Unlearning Global Epoch  = 14
Federated Unlearning Global Epoch  = 15
Federated Unlearning Global Epoch  = 16
Federated Unlearning Global Epoch  = 17
Federated Unlearning Global Epoch  = 18
Federated Unlearning Global Epoch  = 19
N [1, 3, 3, 5]
cc 0.4
ss 1.0666666666666667
rouc:  0.4  rous:  0.32
IE:  {1, 3, 5, 7, 9, 11, 13, 15, 17}
tr:  5
selected_clients:      [0 8 5 6]
client_models 10
selected_clients:      [0 2 3 4]
client_models 10
selected_clients:      [7 6 0 4]
client_models 10
selected_clients:      [9 6 2 5]
client_models 10
selected_clients:      [1 5 4 8]
client_models 10
selected_clients:      [0 2 8 1]
client_models 10
selected_clients:      [7 5 1 5]
client_models 10
here
client_data_loaders:  [<torch.utils.data.dataloader.DataLoader object at 0x16d7e1640>, <torch.utils.data.dataloader.DataLoader object at 0x2a62801f0>, <torch.utils.data.dataloader.DataLoader object at 0x16d7def70>, <torch.utils.data.dataloader.DataLoader object at 0x16d7dae50>, <torch.utils.data.dataloader.DataLoader object at 0x16d7e6f10>, <torch.utils.data.dataloader.DataLoader object at 0x16d7e1820>, <torch.utils.data.dataloader.DataLoader object at 0x16d7e4a30>, <torch.utils.data.dataloader.DataLoader object at 0x16d7dab80>, <torch.utils.data.dataloader.DataLoader object at 0x16d7e42b0>, <torch.utils.data.dataloader.DataLoader object at 0x16d7e4b20>, <torch.utils.data.dataloader.DataLoader object at 0x16d7de250>] 11
Federated Unlearning Global Epoch  = 1
Federated Unlearning Global Epoch  = 2
Federated Unlearning Global Epoch  = 3
Federated Unlearning Global Epoch  = 4
Federated Unlearning Global Epoch  = 5
Federated Unlearning Global Epoch  = 6
Federated Unlearning Global Epoch  = 7
Federated Unlearning Global Epoch  = 8
Federated Unlearning Global Epoch  = 9
Federated Unlearning Global Epoch  = 10
Federated Unlearning Global Epoch  = 11
Federated Unlearning Global Epoch  = 12
Federated Unlearning Global Epoch  = 13
Federated Unlearning Global Epoch  = 14
Federated Unlearning Global Epoch  = 15
Federated Unlearning Global Epoch  = 16
Federated Unlearning Global Epoch  = 17
Federated Unlearning Global Epoch  = 18
Federated Unlearning Global Epoch  = 19
N [1, 3, 3, 5]
cc 0.4
ss 1.0666666666666667
rouc:  0.4  rous:  0.32
IE:  {1, 3, 5, 7, 9, 11, 13, 15, 17}
tr:  5
selected_clients:      [6 7 9 6]
client_models 10
selected_clients:      [6 7 4 8]
client_models 10
selected_clients:      [9 5 1 7]
client_models 10
selected_clients:      [8 7 6 6]
client_models 10
selected_clients:      [3 0 0 2]
client_models 10
selected_clients:      [3 1 5 8]
client_models 10
selected_clients:      [9 2 0 1]
client_models 10
here
client_data_loaders:  [<torch.utils.data.dataloader.DataLoader object at 0x16d7e1640>, <torch.utils.data.dataloader.DataLoader object at 0x16dfb2610>, <torch.utils.data.dataloader.DataLoader object at 0x16d7def70>, <torch.utils.data.dataloader.DataLoader object at 0x16d7dae50>, <torch.utils.data.dataloader.DataLoader object at 0x16d7e6f10>, <torch.utils.data.dataloader.DataLoader object at 0x16d7e1820>, <torch.utils.data.dataloader.DataLoader object at 0x16d7e4a30>, <torch.utils.data.dataloader.DataLoader object at 0x16d7dab80>, <torch.utils.data.dataloader.DataLoader object at 0x16d7e42b0>, <torch.utils.data.dataloader.DataLoader object at 0x16d7e4b20>, <torch.utils.data.dataloader.DataLoader object at 0x16d7de250>] 11
Federated Unlearning Global Epoch  = 1
Federated Unlearning Global Epoch  = 2
Federated Unlearning Global Epoch  = 3
Federated Unlearning Global Epoch  = 4
Federated Unlearning Global Epoch  = 5
Federated Unlearning Global Epoch  = 6
Federated Unlearning Global Epoch  = 7
Federated Unlearning Global Epoch  = 8
Federated Unlearning Global Epoch  = 9
Federated Unlearning Global Epoch  = 10
Federated Unlearning Global Epoch  = 11
Federated Unlearning Global Epoch  = 12
Federated Unlearning Global Epoch  = 13
Federated Unlearning Global Epoch  = 14
Federated Unlearning Global Epoch  = 15
Federated Unlearning Global Epoch  = 16
Federated Unlearning Global Epoch  = 17
Federated Unlearning Global Epoch  = 18
Federated Unlearning Global Epoch  = 19
N [1, 3, 3, 5]
cc 0.4
ss 1.0666666666666667
rouc:  0.4  rous:  0.32
IE:  {1, 3, 5, 7, 9, 11, 13, 15, 17}
tr:  5
selected_clients:      [3 0 8 3]
client_models 10
selected_clients:      [4 6 7 3]
client_models 10
selected_clients:      [7 3 9 6]
client_models 10
selected_clients:      [8 3 2 9]
client_models 10
selected_clients:      [3 9 8 6]
client_models 10
selected_clients:      [4 4 9 2]
client_models 10
selected_clients:      [7 2 9 3]
client_models 10
here
client_data_loaders:  [<torch.utils.data.dataloader.DataLoader object at 0x16d7e1640>, <torch.utils.data.dataloader.DataLoader object at 0x2a62eaa90>, <torch.utils.data.dataloader.DataLoader object at 0x16d7def70>, <torch.utils.data.dataloader.DataLoader object at 0x16d7dae50>, <torch.utils.data.dataloader.DataLoader object at 0x16d7e6f10>, <torch.utils.data.dataloader.DataLoader object at 0x16d7e1820>, <torch.utils.data.dataloader.DataLoader object at 0x16d7e4a30>, <torch.utils.data.dataloader.DataLoader object at 0x16d7dab80>, <torch.utils.data.dataloader.DataLoader object at 0x16d7e42b0>, <torch.utils.data.dataloader.DataLoader object at 0x16d7e4b20>, <torch.utils.data.dataloader.DataLoader object at 0x16d7de250>] 11
Federated Unlearning Global Epoch  = 1
Federated Unlearning Global Epoch  = 2
Federated Unlearning Global Epoch  = 3
Federated Unlearning Global Epoch  = 4
Federated Unlearning Global Epoch  = 5
Federated Unlearning Global Epoch  = 6
Federated Unlearning Global Epoch  = 7
Federated Unlearning Global Epoch  = 8
Federated Unlearning Global Epoch  = 9
Federated Unlearning Global Epoch  = 10
Federated Unlearning Global Epoch  = 11
Federated Unlearning Global Epoch  = 12
Federated Unlearning Global Epoch  = 13
Federated Unlearning Global Epoch  = 14
Federated Unlearning Global Epoch  = 15
Federated Unlearning Global Epoch  = 16
Federated Unlearning Global Epoch  = 17
Federated Unlearning Global Epoch  = 18
Federated Unlearning Global Epoch  = 19
N [1, 3, 3, 5]
cc 0.4
ss 1.0666666666666667
rouc:  0.4  rous:  0.32
IE:  {1, 3, 5, 7, 9, 11, 13, 15, 17}
tr:  5
selected_clients:      [3 8 3 6]
client_models 10
selected_clients:      [2 1 5 6]
client_models 10
selected_clients:      [9 3 1 5]
client_models 10
selected_clients:      [6 4 3 8]
client_models 10
selected_clients:      [3 2 7 1]
client_models 10
selected_clients:      [3 4 1 9]
client_models 10
selected_clients:      [4 1 4 5]
client_models 10
here
client_data_loaders:  [<torch.utils.data.dataloader.DataLoader object at 0x16d7e1640>, <torch.utils.data.dataloader.DataLoader object at 0x2a7e11d00>, <torch.utils.data.dataloader.DataLoader object at 0x16d7def70>, <torch.utils.data.dataloader.DataLoader object at 0x16d7dae50>, <torch.utils.data.dataloader.DataLoader object at 0x16d7e6f10>, <torch.utils.data.dataloader.DataLoader object at 0x16d7e1820>, <torch.utils.data.dataloader.DataLoader object at 0x16d7e4a30>, <torch.utils.data.dataloader.DataLoader object at 0x16d7dab80>, <torch.utils.data.dataloader.DataLoader object at 0x16d7e42b0>, <torch.utils.data.dataloader.DataLoader object at 0x16d7e4b20>, <torch.utils.data.dataloader.DataLoader object at 0x16d7de250>] 11
Federated Unlearning Global Epoch  = 1
Federated Unlearning Global Epoch  = 2
Federated Unlearning Global Epoch  = 3
Federated Unlearning Global Epoch  = 4
Federated Unlearning Global Epoch  = 5
Federated Unlearning Global Epoch  = 6
Federated Unlearning Global Epoch  = 7
Federated Unlearning Global Epoch  = 8
Federated Unlearning Global Epoch  = 9
Federated Unlearning Global Epoch  = 10
Federated Unlearning Global Epoch  = 11
Federated Unlearning Global Epoch  = 12
Federated Unlearning Global Epoch  = 13
Federated Unlearning Global Epoch  = 14
Federated Unlearning Global Epoch  = 15
Federated Unlearning Global Epoch  = 16
Federated Unlearning Global Epoch  = 17
Federated Unlearning Global Epoch  = 18
Federated Unlearning Global Epoch  = 19
N [1, 3, 3, 5]
cc 0.4
ss 1.0666666666666667
rouc:  0.4  rous:  0.32
IE:  {1, 3, 5, 7, 9, 11, 13, 15, 17}
tr:  5
selected_clients:      [5 8 7 8]
client_models 10
selected_clients:      [8 0 3 7]
client_models 10
selected_clients:      [1 1 8 8]
client_models 10
selected_clients:      [9 6 7 6]
client_models 10
selected_clients:      [9 1 8 2]
client_models 10
selected_clients:      [4 2 7 7]
client_models 10
selected_clients:      [1 5 5 7]
client_models 10
here
client_data_loaders:  [<torch.utils.data.dataloader.DataLoader object at 0x16d7e1640>, <torch.utils.data.dataloader.DataLoader object at 0x2a62c6190>, <torch.utils.data.dataloader.DataLoader object at 0x16d7def70>, <torch.utils.data.dataloader.DataLoader object at 0x16d7dae50>, <torch.utils.data.dataloader.DataLoader object at 0x16d7e6f10>, <torch.utils.data.dataloader.DataLoader object at 0x16d7e1820>, <torch.utils.data.dataloader.DataLoader object at 0x16d7e4a30>, <torch.utils.data.dataloader.DataLoader object at 0x16d7dab80>, <torch.utils.data.dataloader.DataLoader object at 0x16d7e42b0>, <torch.utils.data.dataloader.DataLoader object at 0x16d7e4b20>, <torch.utils.data.dataloader.DataLoader object at 0x16d7de250>] 11
Federated Unlearning Global Epoch  = 1
Federated Unlearning Global Epoch  = 2
Federated Unlearning Global Epoch  = 3
Federated Unlearning Global Epoch  = 4
Federated Unlearning Global Epoch  = 5
Federated Unlearning Global Epoch  = 6
Federated Unlearning Global Epoch  = 7
Federated Unlearning Global Epoch  = 8
Federated Unlearning Global Epoch  = 9
Federated Unlearning Global Epoch  = 10
Federated Unlearning Global Epoch  = 11
Federated Unlearning Global Epoch  = 12
Federated Unlearning Global Epoch  = 13
Federated Unlearning Global Epoch  = 14
Federated Unlearning Global Epoch  = 15
Federated Unlearning Global Epoch  = 16
Federated Unlearning Global Epoch  = 17
Federated Unlearning Global Epoch  = 18
Federated Unlearning Global Epoch  = 19
N [1, 3, 3, 5]
cc 0.4
ss 1.0666666666666667
rouc:  0.4  rous:  0.32
IE:  {1, 3, 5, 7, 9, 11, 13, 15, 17}
tr:  5
selected_clients:      [5 1 2 3]
client_models 10
selected_clients:      [4 8 3 3]
client_models 10
selected_clients:      [9 7 9 8]
client_models 10
selected_clients:      [5 4 2 4]
client_models 10
selected_clients:      [8 1 1 7]
client_models 10
selected_clients:      [5 7 5 8]
client_models 10
selected_clients:      [6 0 6 4]
client_models 10
X_u <torch.utils.data.dataloader.DataLoader object at 0x2a62c6190>
data_loader_ku <torch.utils.data.dataloader.DataLoader object at 0x2a62c6190>
here
client_data_loaders:  [<torch.utils.data.dataloader.DataLoader object at 0x16d7e1640>, <torch.utils.data.dataloader.DataLoader object at 0x16e03fb80>, <torch.utils.data.dataloader.DataLoader object at 0x16d7def70>, <torch.utils.data.dataloader.DataLoader object at 0x16d7dae50>, <torch.utils.data.dataloader.DataLoader object at 0x16d7e6f10>, <torch.utils.data.dataloader.DataLoader object at 0x16d7e1820>, <torch.utils.data.dataloader.DataLoader object at 0x16d7e4a30>, <torch.utils.data.dataloader.DataLoader object at 0x16d7dab80>, <torch.utils.data.dataloader.DataLoader object at 0x16d7e42b0>, <torch.utils.data.dataloader.DataLoader object at 0x16d7e4b20>, <torch.utils.data.dataloader.DataLoader object at 0x16d7de250>] 11
Federated Unlearning Global Epoch  = 1
Federated Unlearning Global Epoch  = 2
Federated Unlearning Global Epoch  = 3
Federated Unlearning Global Epoch  = 4
Federated Unlearning Global Epoch  = 5
Federated Unlearning Global Epoch  = 6
Federated Unlearning Global Epoch  = 7
Federated Unlearning Global Epoch  = 8
Federated Unlearning Global Epoch  = 9
Federated Unlearning Global Epoch  = 10
Federated Unlearning Global Epoch  = 11
Federated Unlearning Global Epoch  = 12
Federated Unlearning Global Epoch  = 13
Federated Unlearning Global Epoch  = 14
Federated Unlearning Global Epoch  = 15
Federated Unlearning Global Epoch  = 16
Federated Unlearning Global Epoch  = 17
Federated Unlearning Global Epoch  = 18
Federated Unlearning Global Epoch  = 19
N [1, 3, 3, 5]
cc 0.4
ss 1.0666666666666667
rouc:  0.4  rous:  0.32
IE:  {1, 3, 5, 7, 9, 11, 13, 15, 17}
tr:  5
selected_clients:      [2 3 5 7]
client_models 10
selected_clients:      [7 4 0 2]
client_models 10
selected_clients:      [2 3 7 7]
client_models 10
selected_clients:      [8 2 8 1]
client_models 10
selected_clients:      [5 0 5 5]
client_models 10
selected_clients:      [5 2 7 9]
client_models 10
selected_clients:      [3 6 2 7]
client_models 10
here
client_data_loaders:  [<torch.utils.data.dataloader.DataLoader object at 0x16d7e1640>, <torch.utils.data.dataloader.DataLoader object at 0x16f963f10>, <torch.utils.data.dataloader.DataLoader object at 0x16d7def70>, <torch.utils.data.dataloader.DataLoader object at 0x16d7dae50>, <torch.utils.data.dataloader.DataLoader object at 0x16d7e6f10>, <torch.utils.data.dataloader.DataLoader object at 0x16d7e1820>, <torch.utils.data.dataloader.DataLoader object at 0x16d7e4a30>, <torch.utils.data.dataloader.DataLoader object at 0x16d7dab80>, <torch.utils.data.dataloader.DataLoader object at 0x16d7e42b0>, <torch.utils.data.dataloader.DataLoader object at 0x16d7e4b20>, <torch.utils.data.dataloader.DataLoader object at 0x16d7de250>] 11
Federated Unlearning Global Epoch  = 1
Federated Unlearning Global Epoch  = 2
Federated Unlearning Global Epoch  = 3
Federated Unlearning Global Epoch  = 4
Federated Unlearning Global Epoch  = 5
Federated Unlearning Global Epoch  = 6
Federated Unlearning Global Epoch  = 7
Federated Unlearning Global Epoch  = 8
Federated Unlearning Global Epoch  = 9
Federated Unlearning Global Epoch  = 10
Federated Unlearning Global Epoch  = 11
Federated Unlearning Global Epoch  = 12
Federated Unlearning Global Epoch  = 13
Federated Unlearning Global Epoch  = 14
Federated Unlearning Global Epoch  = 15
Federated Unlearning Global Epoch  = 16
Federated Unlearning Global Epoch  = 17
Federated Unlearning Global Epoch  = 18
Federated Unlearning Global Epoch  = 19
N [1, 3, 3, 5]
cc 0.4
ss 1.0666666666666667
rouc:  0.4  rous:  0.32
IE:  {1, 3, 5, 7, 9, 11, 13, 15, 17}
tr:  5
selected_clients:      [3 3 1 4]
client_models 10
selected_clients:      [4 5 9 9]
client_models 10
selected_clients:      [2 9 1 7]
client_models 10
selected_clients:      [1 0 3 6]
client_models 10
selected_clients:      [9 4 7 2]
client_models 10
selected_clients:      [3 6 1 2]
client_models 10
selected_clients:      [2 4 1 3]
client_models 10
here
client_data_loaders:  [<torch.utils.data.dataloader.DataLoader object at 0x16d7e1640>, <torch.utils.data.dataloader.DataLoader object at 0x2a63573a0>, <torch.utils.data.dataloader.DataLoader object at 0x16d7def70>, <torch.utils.data.dataloader.DataLoader object at 0x16d7dae50>, <torch.utils.data.dataloader.DataLoader object at 0x16d7e6f10>, <torch.utils.data.dataloader.DataLoader object at 0x16d7e1820>, <torch.utils.data.dataloader.DataLoader object at 0x16d7e4a30>, <torch.utils.data.dataloader.DataLoader object at 0x16d7dab80>, <torch.utils.data.dataloader.DataLoader object at 0x16d7e42b0>, <torch.utils.data.dataloader.DataLoader object at 0x16d7e4b20>, <torch.utils.data.dataloader.DataLoader object at 0x16d7de250>] 11
Federated Unlearning Global Epoch  = 1
Federated Unlearning Global Epoch  = 2
Federated Unlearning Global Epoch  = 3
Federated Unlearning Global Epoch  = 4
Federated Unlearning Global Epoch  = 5
Federated Unlearning Global Epoch  = 6
Federated Unlearning Global Epoch  = 7
Federated Unlearning Global Epoch  = 8
Federated Unlearning Global Epoch  = 9
Federated Unlearning Global Epoch  = 10
Federated Unlearning Global Epoch  = 11
Federated Unlearning Global Epoch  = 12
Federated Unlearning Global Epoch  = 13
Federated Unlearning Global Epoch  = 14
Federated Unlearning Global Epoch  = 15
Federated Unlearning Global Epoch  = 16
Federated Unlearning Global Epoch  = 17
Federated Unlearning Global Epoch  = 18
Federated Unlearning Global Epoch  = 19
N [1, 3, 3, 5]
cc 0.4
ss 1.0666666666666667
rouc:  0.4  rous:  0.32
IE:  {1, 3, 5, 7, 9, 11, 13, 15, 17}
tr:  5
selected_clients:      [0 0 3 8]
client_models 10
selected_clients:      [5 0 2 4]
client_models 10
selected_clients:      [6 4 9 3]
client_models 10
selected_clients:      [6 3 0 1]
client_models 10
selected_clients:      [5 0 3 9]
client_models 10
selected_clients:      [8 6 0 6]
client_models 10
selected_clients:      [9 4 4 8]
client_models 10
here
client_data_loaders:  [<torch.utils.data.dataloader.DataLoader object at 0x16d7e1640>, <torch.utils.data.dataloader.DataLoader object at 0x2a630c310>, <torch.utils.data.dataloader.DataLoader object at 0x16d7def70>, <torch.utils.data.dataloader.DataLoader object at 0x16d7dae50>, <torch.utils.data.dataloader.DataLoader object at 0x16d7e6f10>, <torch.utils.data.dataloader.DataLoader object at 0x16d7e1820>, <torch.utils.data.dataloader.DataLoader object at 0x16d7e4a30>, <torch.utils.data.dataloader.DataLoader object at 0x16d7dab80>, <torch.utils.data.dataloader.DataLoader object at 0x16d7e42b0>, <torch.utils.data.dataloader.DataLoader object at 0x16d7e4b20>, <torch.utils.data.dataloader.DataLoader object at 0x16d7de250>] 11
Federated Unlearning Global Epoch  = 1
Federated Unlearning Global Epoch  = 2
Federated Unlearning Global Epoch  = 3
Federated Unlearning Global Epoch  = 4
Federated Unlearning Global Epoch  = 5
Federated Unlearning Global Epoch  = 6
Federated Unlearning Global Epoch  = 7
Federated Unlearning Global Epoch  = 8
Federated Unlearning Global Epoch  = 9
Federated Unlearning Global Epoch  = 10
Federated Unlearning Global Epoch  = 11
Federated Unlearning Global Epoch  = 12
Federated Unlearning Global Epoch  = 13
Federated Unlearning Global Epoch  = 14
Federated Unlearning Global Epoch  = 15
Federated Unlearning Global Epoch  = 16
Federated Unlearning Global Epoch  = 17
Federated Unlearning Global Epoch  = 18
Federated Unlearning Global Epoch  = 19
N [1, 3, 3, 5]
cc 0.4
ss 1.0666666666666667
rouc:  0.4  rous:  0.32
IE:  {1, 3, 5, 7, 9, 11, 13, 15, 17}
tr:  5
selected_clients:      [2 1 2 6]
client_models 10
selected_clients:      [7 5 1 0]
client_models 10
selected_clients:      [1 0 4 2]
client_models 10
selected_clients:      [1 3 0 2]
client_models 10
selected_clients:      [6 9 7 3]
client_models 10
selected_clients:      [0 4 9 1]
client_models 10
selected_clients:      [8 9 1 7]
client_models 10
here
client_data_loaders:  [<torch.utils.data.dataloader.DataLoader object at 0x16d7e1640>, <torch.utils.data.dataloader.DataLoader object at 0x16d9895b0>, <torch.utils.data.dataloader.DataLoader object at 0x16d7def70>, <torch.utils.data.dataloader.DataLoader object at 0x16d7dae50>, <torch.utils.data.dataloader.DataLoader object at 0x16d7e6f10>, <torch.utils.data.dataloader.DataLoader object at 0x16d7e1820>, <torch.utils.data.dataloader.DataLoader object at 0x16d7e4a30>, <torch.utils.data.dataloader.DataLoader object at 0x16d7dab80>, <torch.utils.data.dataloader.DataLoader object at 0x16d7e42b0>, <torch.utils.data.dataloader.DataLoader object at 0x16d7e4b20>, <torch.utils.data.dataloader.DataLoader object at 0x16d7de250>] 11
Federated Unlearning Global Epoch  = 1
Federated Unlearning Global Epoch  = 2
Federated Unlearning Global Epoch  = 3
Federated Unlearning Global Epoch  = 4
Federated Unlearning Global Epoch  = 5
Federated Unlearning Global Epoch  = 6
Federated Unlearning Global Epoch  = 7
Federated Unlearning Global Epoch  = 8
Federated Unlearning Global Epoch  = 9
Federated Unlearning Global Epoch  = 10
Federated Unlearning Global Epoch  = 11
Federated Unlearning Global Epoch  = 12
Federated Unlearning Global Epoch  = 13
Federated Unlearning Global Epoch  = 14
Federated Unlearning Global Epoch  = 15
Federated Unlearning Global Epoch  = 16
Federated Unlearning Global Epoch  = 17
Federated Unlearning Global Epoch  = 18
Federated Unlearning Global Epoch  = 19
N [1, 3, 3, 5]
cc 0.4
ss 1.0666666666666667
rouc:  0.4  rous:  0.32
IE:  {1, 3, 5, 7, 9, 11, 13, 15, 17}
tr:  5
selected_clients:      [9 5 7 6]
client_models 10
selected_clients:      [7 7 4 1]
client_models 10
selected_clients:      [3 3 5 8]
client_models 10
selected_clients:      [9 8 3 9]
client_models 10
selected_clients:      [4 8 8 3]
client_models 10
selected_clients:      [6 2 5 9]
client_models 10
selected_clients:      [0 3 5 1]
client_models 10
here
client_data_loaders:  [<torch.utils.data.dataloader.DataLoader object at 0x16d7e1640>, <torch.utils.data.dataloader.DataLoader object at 0x2a7e28d30>, <torch.utils.data.dataloader.DataLoader object at 0x16d7def70>, <torch.utils.data.dataloader.DataLoader object at 0x16d7dae50>, <torch.utils.data.dataloader.DataLoader object at 0x16d7e6f10>, <torch.utils.data.dataloader.DataLoader object at 0x16d7e1820>, <torch.utils.data.dataloader.DataLoader object at 0x16d7e4a30>, <torch.utils.data.dataloader.DataLoader object at 0x16d7dab80>, <torch.utils.data.dataloader.DataLoader object at 0x16d7e42b0>, <torch.utils.data.dataloader.DataLoader object at 0x16d7e4b20>, <torch.utils.data.dataloader.DataLoader object at 0x16d7de250>] 11
Federated Unlearning Global Epoch  = 1
Federated Unlearning Global Epoch  = 2
Federated Unlearning Global Epoch  = 3
Federated Unlearning Global Epoch  = 4
Federated Unlearning Global Epoch  = 5
Federated Unlearning Global Epoch  = 6
Federated Unlearning Global Epoch  = 7
Federated Unlearning Global Epoch  = 8
Federated Unlearning Global Epoch  = 9
Federated Unlearning Global Epoch  = 10
Federated Unlearning Global Epoch  = 11
Federated Unlearning Global Epoch  = 12
Federated Unlearning Global Epoch  = 13
Federated Unlearning Global Epoch  = 14
Federated Unlearning Global Epoch  = 15
Federated Unlearning Global Epoch  = 16
Federated Unlearning Global Epoch  = 17
Federated Unlearning Global Epoch  = 18
Federated Unlearning Global Epoch  = 19
N [1, 3, 3, 5]
cc 0.4
ss 1.0666666666666667
rouc:  0.4  rous:  0.32
IE:  {1, 3, 5, 7, 9, 11, 13, 15, 17}
tr:  5
selected_clients:      [9 2 0 1]
client_models 10
selected_clients:      [6 5 6 8]
client_models 10
selected_clients:      [8 1 4 4]
client_models 10
selected_clients:      [0 6 6 1]
client_models 10
selected_clients:      [5 1 8 4]
client_models 10
selected_clients:      [1 2 6 4]
client_models 10
selected_clients:      [5 5 3 3]
client_models 10
here
client_data_loaders:  [<torch.utils.data.dataloader.DataLoader object at 0x16d7e1640>, <torch.utils.data.dataloader.DataLoader object at 0x2a7dde400>, <torch.utils.data.dataloader.DataLoader object at 0x16d7def70>, <torch.utils.data.dataloader.DataLoader object at 0x16d7dae50>, <torch.utils.data.dataloader.DataLoader object at 0x16d7e6f10>, <torch.utils.data.dataloader.DataLoader object at 0x16d7e1820>, <torch.utils.data.dataloader.DataLoader object at 0x16d7e4a30>, <torch.utils.data.dataloader.DataLoader object at 0x16d7dab80>, <torch.utils.data.dataloader.DataLoader object at 0x16d7e42b0>, <torch.utils.data.dataloader.DataLoader object at 0x16d7e4b20>, <torch.utils.data.dataloader.DataLoader object at 0x16d7de250>] 11
Federated Unlearning Global Epoch  = 1
Federated Unlearning Global Epoch  = 2
Federated Unlearning Global Epoch  = 3
Federated Unlearning Global Epoch  = 4
Federated Unlearning Global Epoch  = 5
Federated Unlearning Global Epoch  = 6
Federated Unlearning Global Epoch  = 7
Federated Unlearning Global Epoch  = 8
Federated Unlearning Global Epoch  = 9
Federated Unlearning Global Epoch  = 10
Federated Unlearning Global Epoch  = 11
Federated Unlearning Global Epoch  = 12
Federated Unlearning Global Epoch  = 13
Federated Unlearning Global Epoch  = 14
Federated Unlearning Global Epoch  = 15
Federated Unlearning Global Epoch  = 16
Federated Unlearning Global Epoch  = 17
Federated Unlearning Global Epoch  = 18
Federated Unlearning Global Epoch  = 19
N [1, 3, 3, 5]
cc 0.4
ss 1.0666666666666667
rouc:  0.4  rous:  0.32
IE:  {1, 3, 5, 7, 9, 11, 13, 15, 17}
tr:  5
selected_clients:      [8 2 1 6]
client_models 10
selected_clients:      [0 3 5 4]
client_models 10
selected_clients:      [4 1 9 5]
client_models 10
selected_clients:      [8 7 0 7]
client_models 10
selected_clients:      [8 1 3 8]
client_models 10
selected_clients:      [2 6 6 5]
client_models 10
selected_clients:      [8 3 6 1]
client_models 10
here
client_data_loaders:  [<torch.utils.data.dataloader.DataLoader object at 0x16d7e1640>, <torch.utils.data.dataloader.DataLoader object at 0x2a82f7610>, <torch.utils.data.dataloader.DataLoader object at 0x16d7def70>, <torch.utils.data.dataloader.DataLoader object at 0x16d7dae50>, <torch.utils.data.dataloader.DataLoader object at 0x16d7e6f10>, <torch.utils.data.dataloader.DataLoader object at 0x16d7e1820>, <torch.utils.data.dataloader.DataLoader object at 0x16d7e4a30>, <torch.utils.data.dataloader.DataLoader object at 0x16d7dab80>, <torch.utils.data.dataloader.DataLoader object at 0x16d7e42b0>, <torch.utils.data.dataloader.DataLoader object at 0x16d7e4b20>, <torch.utils.data.dataloader.DataLoader object at 0x16d7de250>] 11
Federated Unlearning Global Epoch  = 1
Federated Unlearning Global Epoch  = 2
Federated Unlearning Global Epoch  = 3
Federated Unlearning Global Epoch  = 4
Federated Unlearning Global Epoch  = 5
Federated Unlearning Global Epoch  = 6
Federated Unlearning Global Epoch  = 7
Federated Unlearning Global Epoch  = 8
Federated Unlearning Global Epoch  = 9
Federated Unlearning Global Epoch  = 10
Federated Unlearning Global Epoch  = 11
Federated Unlearning Global Epoch  = 12
Federated Unlearning Global Epoch  = 13
Federated Unlearning Global Epoch  = 14
Federated Unlearning Global Epoch  = 15
Federated Unlearning Global Epoch  = 16
Federated Unlearning Global Epoch  = 17
Federated Unlearning Global Epoch  = 18
Federated Unlearning Global Epoch  = 19
N [1, 3, 3, 5]
cc 0.4
ss 1.0666666666666667
rouc:  0.4  rous:  0.32
IE:  {1, 3, 5, 7, 9, 11, 13, 15, 17}
tr:  5
selected_clients:      [6 2 9 0]
client_models 10
selected_clients:      [0 1 1 3]
client_models 10
selected_clients:      [7 9 4 6]
client_models 10
selected_clients:      [4 9 8 3]
client_models 10
selected_clients:      [9 3 7 4]
client_models 10
selected_clients:      [3 4 9 0]
client_models 10
selected_clients:      [4 0 7 5]
client_models 10
X_u <torch.utils.data.dataloader.DataLoader object at 0x2a82f7610>
data_loader_ku <torch.utils.data.dataloader.DataLoader object at 0x2a82f7610>
here
client_data_loaders:  [<torch.utils.data.dataloader.DataLoader object at 0x16d7e1640>, <torch.utils.data.dataloader.DataLoader object at 0x2a6280250>, <torch.utils.data.dataloader.DataLoader object at 0x16d7def70>, <torch.utils.data.dataloader.DataLoader object at 0x16d7dae50>, <torch.utils.data.dataloader.DataLoader object at 0x16d7e6f10>, <torch.utils.data.dataloader.DataLoader object at 0x16d7e1820>, <torch.utils.data.dataloader.DataLoader object at 0x16d7e4a30>, <torch.utils.data.dataloader.DataLoader object at 0x16d7dab80>, <torch.utils.data.dataloader.DataLoader object at 0x16d7e42b0>, <torch.utils.data.dataloader.DataLoader object at 0x16d7e4b20>, <torch.utils.data.dataloader.DataLoader object at 0x16d7de250>] 11
Federated Unlearning Global Epoch  = 1
Federated Unlearning Global Epoch  = 2
Federated Unlearning Global Epoch  = 3
Federated Unlearning Global Epoch  = 4
Federated Unlearning Global Epoch  = 5
Federated Unlearning Global Epoch  = 6
Federated Unlearning Global Epoch  = 7
Federated Unlearning Global Epoch  = 8
Federated Unlearning Global Epoch  = 9
Federated Unlearning Global Epoch  = 10
Federated Unlearning Global Epoch  = 11
Federated Unlearning Global Epoch  = 12
Federated Unlearning Global Epoch  = 13
Federated Unlearning Global Epoch  = 14
Federated Unlearning Global Epoch  = 15
Federated Unlearning Global Epoch  = 16
Federated Unlearning Global Epoch  = 17
Federated Unlearning Global Epoch  = 18
Federated Unlearning Global Epoch  = 19
N [1, 3, 3, 5]
cc 0.4
ss 1.0666666666666667
rouc:  0.4  rous:  0.32
IE:  {1, 3, 5, 7, 9, 11, 13, 15, 17}
tr:  5
selected_clients:      [1 8 6 6]
client_models 10
selected_clients:      [7 2 3 0]
client_models 10
selected_clients:      [5 9 4 8]
client_models 10
selected_clients:      [9 4 7 9]
client_models 10
selected_clients:      [1 3 3 4]
client_models 10
selected_clients:      [2 7 2 9]
client_models 10
selected_clients:      [7 1 0 7]
client_models 10
here
client_data_loaders:  [<torch.utils.data.dataloader.DataLoader object at 0x16d7e1640>, <torch.utils.data.dataloader.DataLoader object at 0x2a7bce130>, <torch.utils.data.dataloader.DataLoader object at 0x16d7def70>, <torch.utils.data.dataloader.DataLoader object at 0x16d7dae50>, <torch.utils.data.dataloader.DataLoader object at 0x16d7e6f10>, <torch.utils.data.dataloader.DataLoader object at 0x16d7e1820>, <torch.utils.data.dataloader.DataLoader object at 0x16d7e4a30>, <torch.utils.data.dataloader.DataLoader object at 0x16d7dab80>, <torch.utils.data.dataloader.DataLoader object at 0x16d7e42b0>, <torch.utils.data.dataloader.DataLoader object at 0x16d7e4b20>, <torch.utils.data.dataloader.DataLoader object at 0x16d7de250>] 11
Federated Unlearning Global Epoch  = 1
Federated Unlearning Global Epoch  = 2
Federated Unlearning Global Epoch  = 3
Federated Unlearning Global Epoch  = 4
Federated Unlearning Global Epoch  = 5
Federated Unlearning Global Epoch  = 6
Federated Unlearning Global Epoch  = 7
Federated Unlearning Global Epoch  = 8
Federated Unlearning Global Epoch  = 9
Federated Unlearning Global Epoch  = 10
Federated Unlearning Global Epoch  = 11
Federated Unlearning Global Epoch  = 12
Federated Unlearning Global Epoch  = 13
Federated Unlearning Global Epoch  = 14
Federated Unlearning Global Epoch  = 15
Federated Unlearning Global Epoch  = 16
Federated Unlearning Global Epoch  = 17
Federated Unlearning Global Epoch  = 18
Federated Unlearning Global Epoch  = 19
N [1, 3, 3, 5]
cc 0.4
ss 1.0666666666666667
rouc:  0.4  rous:  0.32
IE:  {1, 3, 5, 7, 9, 11, 13, 15, 17}
tr:  5
selected_clients:      [5 2 6 1]
client_models 10
selected_clients:      [3 1 0 6]
client_models 10
selected_clients:      [6 8 5 3]
client_models 10
selected_clients:      [9 3 2 1]
client_models 10
selected_clients:      [7 1 0 4]
client_models 10
selected_clients:      [0 9 8 7]
client_models 10
selected_clients:      [2 6 9 3]
client_models 10
here
client_data_loaders:  [<torch.utils.data.dataloader.DataLoader object at 0x16d7e1640>, <torch.utils.data.dataloader.DataLoader object at 0x2a63571c0>, <torch.utils.data.dataloader.DataLoader object at 0x16d7def70>, <torch.utils.data.dataloader.DataLoader object at 0x16d7dae50>, <torch.utils.data.dataloader.DataLoader object at 0x16d7e6f10>, <torch.utils.data.dataloader.DataLoader object at 0x16d7e1820>, <torch.utils.data.dataloader.DataLoader object at 0x16d7e4a30>, <torch.utils.data.dataloader.DataLoader object at 0x16d7dab80>, <torch.utils.data.dataloader.DataLoader object at 0x16d7e42b0>, <torch.utils.data.dataloader.DataLoader object at 0x16d7e4b20>, <torch.utils.data.dataloader.DataLoader object at 0x16d7de250>] 11
Federated Unlearning Global Epoch  = 1
Federated Unlearning Global Epoch  = 2
Federated Unlearning Global Epoch  = 3
Federated Unlearning Global Epoch  = 4
Federated Unlearning Global Epoch  = 5
Federated Unlearning Global Epoch  = 6
Federated Unlearning Global Epoch  = 7
Federated Unlearning Global Epoch  = 8
Federated Unlearning Global Epoch  = 9
Federated Unlearning Global Epoch  = 10
Federated Unlearning Global Epoch  = 11
Federated Unlearning Global Epoch  = 12
Federated Unlearning Global Epoch  = 13
Federated Unlearning Global Epoch  = 14
Federated Unlearning Global Epoch  = 15
Federated Unlearning Global Epoch  = 16
Federated Unlearning Global Epoch  = 17
Federated Unlearning Global Epoch  = 18
Federated Unlearning Global Epoch  = 19
N [1, 3, 3, 5]
cc 0.4
ss 1.0666666666666667
rouc:  0.4  rous:  0.32
IE:  {1, 3, 5, 7, 9, 11, 13, 15, 17}
tr:  5
selected_clients:      [0 6 9 0]
client_models 10
selected_clients:      [4 3 7 9]
client_models 10
selected_clients:      [3 5 3 8]
client_models 10
selected_clients:      [3 9 7 5]
client_models 10
selected_clients:      [3 8 4 4]
client_models 10
selected_clients:      [1 0 5 0]
client_models 10
selected_clients:      [9 9 2 9]
client_models 10
here
client_data_loaders:  [<torch.utils.data.dataloader.DataLoader object at 0x16d7e1640>, <torch.utils.data.dataloader.DataLoader object at 0x16fbd1520>, <torch.utils.data.dataloader.DataLoader object at 0x16d7def70>, <torch.utils.data.dataloader.DataLoader object at 0x16d7dae50>, <torch.utils.data.dataloader.DataLoader object at 0x16d7e6f10>, <torch.utils.data.dataloader.DataLoader object at 0x16d7e1820>, <torch.utils.data.dataloader.DataLoader object at 0x16d7e4a30>, <torch.utils.data.dataloader.DataLoader object at 0x16d7dab80>, <torch.utils.data.dataloader.DataLoader object at 0x16d7e42b0>, <torch.utils.data.dataloader.DataLoader object at 0x16d7e4b20>, <torch.utils.data.dataloader.DataLoader object at 0x16d7de250>] 11
Federated Unlearning Global Epoch  = 1
Federated Unlearning Global Epoch  = 2
Federated Unlearning Global Epoch  = 3
Federated Unlearning Global Epoch  = 4
Federated Unlearning Global Epoch  = 5
Federated Unlearning Global Epoch  = 6
Federated Unlearning Global Epoch  = 7
Federated Unlearning Global Epoch  = 8
Federated Unlearning Global Epoch  = 9
Federated Unlearning Global Epoch  = 10
Federated Unlearning Global Epoch  = 11
Federated Unlearning Global Epoch  = 12
Federated Unlearning Global Epoch  = 13
Federated Unlearning Global Epoch  = 14
Federated Unlearning Global Epoch  = 15
Federated Unlearning Global Epoch  = 16
Federated Unlearning Global Epoch  = 17
Federated Unlearning Global Epoch  = 18
Federated Unlearning Global Epoch  = 19
N [1, 3, 3, 5]
cc 0.4
ss 1.0666666666666667
rouc:  0.4  rous:  0.32
IE:  {1, 3, 5, 7, 9, 11, 13, 15, 17}
tr:  5
selected_clients:      [1 2 5 9]
client_models 10
selected_clients:      [6 8 0 0]
client_models 10
selected_clients:      [4 2 6 3]
client_models 10
selected_clients:      [4 0 7 9]
client_models 10
selected_clients:      [7 2 8 0]
client_models 10
selected_clients:      [1 4 9 0]
client_models 10
selected_clients:      [8 0 2 2]
client_models 10
here
client_data_loaders:  [<torch.utils.data.dataloader.DataLoader object at 0x16d7e1640>, <torch.utils.data.dataloader.DataLoader object at 0x2a63308e0>, <torch.utils.data.dataloader.DataLoader object at 0x16d7def70>, <torch.utils.data.dataloader.DataLoader object at 0x16d7dae50>, <torch.utils.data.dataloader.DataLoader object at 0x16d7e6f10>, <torch.utils.data.dataloader.DataLoader object at 0x16d7e1820>, <torch.utils.data.dataloader.DataLoader object at 0x16d7e4a30>, <torch.utils.data.dataloader.DataLoader object at 0x16d7dab80>, <torch.utils.data.dataloader.DataLoader object at 0x16d7e42b0>, <torch.utils.data.dataloader.DataLoader object at 0x16d7e4b20>, <torch.utils.data.dataloader.DataLoader object at 0x16d7de250>] 11
Federated Unlearning Global Epoch  = 1
Federated Unlearning Global Epoch  = 2
Federated Unlearning Global Epoch  = 3
Federated Unlearning Global Epoch  = 4
Federated Unlearning Global Epoch  = 5
Federated Unlearning Global Epoch  = 6
Federated Unlearning Global Epoch  = 7
Federated Unlearning Global Epoch  = 8
Federated Unlearning Global Epoch  = 9
Federated Unlearning Global Epoch  = 10
Federated Unlearning Global Epoch  = 11
Federated Unlearning Global Epoch  = 12
Federated Unlearning Global Epoch  = 13
Federated Unlearning Global Epoch  = 14
Federated Unlearning Global Epoch  = 15
Federated Unlearning Global Epoch  = 16
Federated Unlearning Global Epoch  = 17
Federated Unlearning Global Epoch  = 18
Federated Unlearning Global Epoch  = 19
N [1, 3, 3, 5]
cc 0.4
ss 1.0666666666666667
rouc:  0.4  rous:  0.32
IE:  {1, 3, 5, 7, 9, 11, 13, 15, 17}
tr:  5
selected_clients:      [3 4 7 3]
client_models 10
selected_clients:      [7 9 5 5]
client_models 10
selected_clients:      [8 0 2 4]
client_models 10
selected_clients:      [5 0 0 8]
client_models 10
selected_clients:      [7 1 1 0]
client_models 10
selected_clients:      [2 7 6 9]
client_models 10
selected_clients:      [8 8 7 5]
client_models 10
here
client_data_loaders:  [<torch.utils.data.dataloader.DataLoader object at 0x16d7e1640>, <torch.utils.data.dataloader.DataLoader object at 0x16f954c10>, <torch.utils.data.dataloader.DataLoader object at 0x16d7def70>, <torch.utils.data.dataloader.DataLoader object at 0x16d7dae50>, <torch.utils.data.dataloader.DataLoader object at 0x16d7e6f10>, <torch.utils.data.dataloader.DataLoader object at 0x16d7e1820>, <torch.utils.data.dataloader.DataLoader object at 0x16d7e4a30>, <torch.utils.data.dataloader.DataLoader object at 0x16d7dab80>, <torch.utils.data.dataloader.DataLoader object at 0x16d7e42b0>, <torch.utils.data.dataloader.DataLoader object at 0x16d7e4b20>, <torch.utils.data.dataloader.DataLoader object at 0x16d7de250>] 11
Federated Unlearning Global Epoch  = 1
Federated Unlearning Global Epoch  = 2
Federated Unlearning Global Epoch  = 3
Federated Unlearning Global Epoch  = 4
Federated Unlearning Global Epoch  = 5
Federated Unlearning Global Epoch  = 6
Federated Unlearning Global Epoch  = 7
Federated Unlearning Global Epoch  = 8
Federated Unlearning Global Epoch  = 9
Federated Unlearning Global Epoch  = 10
Federated Unlearning Global Epoch  = 11
Federated Unlearning Global Epoch  = 12
Federated Unlearning Global Epoch  = 13
Federated Unlearning Global Epoch  = 14
Federated Unlearning Global Epoch  = 15
Federated Unlearning Global Epoch  = 16
Federated Unlearning Global Epoch  = 17
Federated Unlearning Global Epoch  = 18
Federated Unlearning Global Epoch  = 19
N [1, 3, 3, 5]
cc 0.4
ss 1.0666666666666667
rouc:  0.4  rous:  0.32
IE:  {1, 3, 5, 7, 9, 11, 13, 15, 17}
tr:  5
selected_clients:      [6 9 0 3]
client_models 10
selected_clients:      [5 2 3 8]
client_models 10
selected_clients:      [5 9 1 0]
client_models 10
selected_clients:      [8 6 0 7]
client_models 10
selected_clients:      [0 5 5 2]
client_models 10
selected_clients:      [2 0 9 8]
client_models 10
selected_clients:      [6 8 5 5]
client_models 10
here
client_data_loaders:  [<torch.utils.data.dataloader.DataLoader object at 0x16d7e1640>, <torch.utils.data.dataloader.DataLoader object at 0x16ff95a90>, <torch.utils.data.dataloader.DataLoader object at 0x16d7def70>, <torch.utils.data.dataloader.DataLoader object at 0x16d7dae50>, <torch.utils.data.dataloader.DataLoader object at 0x16d7e6f10>, <torch.utils.data.dataloader.DataLoader object at 0x16d7e1820>, <torch.utils.data.dataloader.DataLoader object at 0x16d7e4a30>, <torch.utils.data.dataloader.DataLoader object at 0x16d7dab80>, <torch.utils.data.dataloader.DataLoader object at 0x16d7e42b0>, <torch.utils.data.dataloader.DataLoader object at 0x16d7e4b20>, <torch.utils.data.dataloader.DataLoader object at 0x16d7de250>] 11
Federated Unlearning Global Epoch  = 1
Federated Unlearning Global Epoch  = 2
Federated Unlearning Global Epoch  = 3
Federated Unlearning Global Epoch  = 4
Federated Unlearning Global Epoch  = 5
Federated Unlearning Global Epoch  = 6
Federated Unlearning Global Epoch  = 7
Federated Unlearning Global Epoch  = 8
Federated Unlearning Global Epoch  = 9
Federated Unlearning Global Epoch  = 10
Federated Unlearning Global Epoch  = 11
Federated Unlearning Global Epoch  = 12
Federated Unlearning Global Epoch  = 13
Federated Unlearning Global Epoch  = 14
Federated Unlearning Global Epoch  = 15
Federated Unlearning Global Epoch  = 16
Federated Unlearning Global Epoch  = 17
Federated Unlearning Global Epoch  = 18
Federated Unlearning Global Epoch  = 19
N [1, 3, 3, 5]
cc 0.4
ss 1.0666666666666667
rouc:  0.4  rous:  0.32
IE:  {1, 3, 5, 7, 9, 11, 13, 15, 17}
tr:  5
selected_clients:      [2 8 4 2]
client_models 10
selected_clients:      [8 5 1 8]
client_models 10
selected_clients:      [6 0 5 7]
client_models 10
selected_clients:      [8 0 3 1]
client_models 10
selected_clients:      [4 0 4 2]
client_models 10
selected_clients:      [3 1 5 0]
client_models 10
selected_clients:      [2 0 5 6]
client_models 10
here
client_data_loaders:  [<torch.utils.data.dataloader.DataLoader object at 0x16d7e1640>, <torch.utils.data.dataloader.DataLoader object at 0x16df23100>, <torch.utils.data.dataloader.DataLoader object at 0x16d7def70>, <torch.utils.data.dataloader.DataLoader object at 0x16d7dae50>, <torch.utils.data.dataloader.DataLoader object at 0x16d7e6f10>, <torch.utils.data.dataloader.DataLoader object at 0x16d7e1820>, <torch.utils.data.dataloader.DataLoader object at 0x16d7e4a30>, <torch.utils.data.dataloader.DataLoader object at 0x16d7dab80>, <torch.utils.data.dataloader.DataLoader object at 0x16d7e42b0>, <torch.utils.data.dataloader.DataLoader object at 0x16d7e4b20>, <torch.utils.data.dataloader.DataLoader object at 0x16d7de250>] 11
Federated Unlearning Global Epoch  = 1
Federated Unlearning Global Epoch  = 2
Federated Unlearning Global Epoch  = 3
Federated Unlearning Global Epoch  = 4
Federated Unlearning Global Epoch  = 5
Federated Unlearning Global Epoch  = 6
Federated Unlearning Global Epoch  = 7
Federated Unlearning Global Epoch  = 8
Federated Unlearning Global Epoch  = 9
Federated Unlearning Global Epoch  = 10
Federated Unlearning Global Epoch  = 11
Federated Unlearning Global Epoch  = 12
Federated Unlearning Global Epoch  = 13
Federated Unlearning Global Epoch  = 14
Federated Unlearning Global Epoch  = 15
Federated Unlearning Global Epoch  = 16
Federated Unlearning Global Epoch  = 17
Federated Unlearning Global Epoch  = 18
Federated Unlearning Global Epoch  = 19
N [1, 3, 3, 5]
cc 0.4
ss 1.0666666666666667
rouc:  0.4  rous:  0.32
IE:  {1, 3, 5, 7, 9, 11, 13, 15, 17}
tr:  5
selected_clients:      [3 9 0 0]
client_models 10
selected_clients:      [8 3 6 9]
client_models 10
selected_clients:      [7 2 4 1]
client_models 10
selected_clients:      [0 7 2 2]
client_models 10
selected_clients:      [5 2 8 2]
client_models 10
selected_clients:      [3 5 1 9]
client_models 10
selected_clients:      [0 5 8 5]
client_models 10
X_u <torch.utils.data.dataloader.DataLoader object at 0x16df23100>
data_loader_ku <torch.utils.data.dataloader.DataLoader object at 0x16df23100>
here
client_data_loaders:  [<torch.utils.data.dataloader.DataLoader object at 0x16d7e1640>, <torch.utils.data.dataloader.DataLoader object at 0x2a62ea9d0>, <torch.utils.data.dataloader.DataLoader object at 0x16d7def70>, <torch.utils.data.dataloader.DataLoader object at 0x16d7dae50>, <torch.utils.data.dataloader.DataLoader object at 0x16d7e6f10>, <torch.utils.data.dataloader.DataLoader object at 0x16d7e1820>, <torch.utils.data.dataloader.DataLoader object at 0x16d7e4a30>, <torch.utils.data.dataloader.DataLoader object at 0x16d7dab80>, <torch.utils.data.dataloader.DataLoader object at 0x16d7e42b0>, <torch.utils.data.dataloader.DataLoader object at 0x16d7e4b20>, <torch.utils.data.dataloader.DataLoader object at 0x16d7de250>] 11
Federated Unlearning Global Epoch  = 1
Federated Unlearning Global Epoch  = 2
Federated Unlearning Global Epoch  = 3
Federated Unlearning Global Epoch  = 4
Federated Unlearning Global Epoch  = 5
Federated Unlearning Global Epoch  = 6
Federated Unlearning Global Epoch  = 7
Federated Unlearning Global Epoch  = 8
Federated Unlearning Global Epoch  = 9
Federated Unlearning Global Epoch  = 10
Federated Unlearning Global Epoch  = 11
Federated Unlearning Global Epoch  = 12
Federated Unlearning Global Epoch  = 13
Federated Unlearning Global Epoch  = 14
Federated Unlearning Global Epoch  = 15
Federated Unlearning Global Epoch  = 16
Federated Unlearning Global Epoch  = 17
Federated Unlearning Global Epoch  = 18
Federated Unlearning Global Epoch  = 19
N [1, 3, 3, 5]
cc 0.4
ss 1.0666666666666667
rouc:  0.4  rous:  0.32
IE:  {1, 3, 5, 7, 9, 11, 13, 15, 17}
tr:  5
selected_clients:      [7 2 4 7]
client_models 10
selected_clients:      [6 8 9 0]
client_models 10
selected_clients:      [6 8 4 1]
client_models 10
selected_clients:      [9 9 5 1]
client_models 10
selected_clients:      [1 5 9 3]
client_models 10
selected_clients:      [9 2 7 4]
client_models 10
selected_clients:      [0 9 5 1]
client_models 10
here
client_data_loaders:  [<torch.utils.data.dataloader.DataLoader object at 0x16d7e1640>, <torch.utils.data.dataloader.DataLoader object at 0x2a6232b50>, <torch.utils.data.dataloader.DataLoader object at 0x16d7def70>, <torch.utils.data.dataloader.DataLoader object at 0x16d7dae50>, <torch.utils.data.dataloader.DataLoader object at 0x16d7e6f10>, <torch.utils.data.dataloader.DataLoader object at 0x16d7e1820>, <torch.utils.data.dataloader.DataLoader object at 0x16d7e4a30>, <torch.utils.data.dataloader.DataLoader object at 0x16d7dab80>, <torch.utils.data.dataloader.DataLoader object at 0x16d7e42b0>, <torch.utils.data.dataloader.DataLoader object at 0x16d7e4b20>, <torch.utils.data.dataloader.DataLoader object at 0x16d7de250>] 11
Federated Unlearning Global Epoch  = 1
Federated Unlearning Global Epoch  = 2
Federated Unlearning Global Epoch  = 3
Federated Unlearning Global Epoch  = 4
Federated Unlearning Global Epoch  = 5
Federated Unlearning Global Epoch  = 6
Federated Unlearning Global Epoch  = 7
Federated Unlearning Global Epoch  = 8
Federated Unlearning Global Epoch  = 9
Federated Unlearning Global Epoch  = 10
Federated Unlearning Global Epoch  = 11
Federated Unlearning Global Epoch  = 12
Federated Unlearning Global Epoch  = 13
Federated Unlearning Global Epoch  = 14
Federated Unlearning Global Epoch  = 15
Federated Unlearning Global Epoch  = 16
Federated Unlearning Global Epoch  = 17
Federated Unlearning Global Epoch  = 18
Federated Unlearning Global Epoch  = 19
N [1, 3, 3, 5]
cc 0.4
ss 1.0666666666666667
rouc:  0.4  rous:  0.32
IE:  {1, 3, 5, 7, 9, 11, 13, 15, 17}
tr:  5
selected_clients:      [1 1 4 2]
client_models 10
selected_clients:      [9 1 5 7]
client_models 10
selected_clients:      [0 1 6 1]
client_models 10
selected_clients:      [8 3 3 6]
client_models 10
selected_clients:      [6 2 0 6]
client_models 10
selected_clients:      [0 4 3 5]
client_models 10
selected_clients:      [9 7 2 8]
client_models 10
here
client_data_loaders:  [<torch.utils.data.dataloader.DataLoader object at 0x16d7e1640>, <torch.utils.data.dataloader.DataLoader object at 0x16dff9100>, <torch.utils.data.dataloader.DataLoader object at 0x16d7def70>, <torch.utils.data.dataloader.DataLoader object at 0x16d7dae50>, <torch.utils.data.dataloader.DataLoader object at 0x16d7e6f10>, <torch.utils.data.dataloader.DataLoader object at 0x16d7e1820>, <torch.utils.data.dataloader.DataLoader object at 0x16d7e4a30>, <torch.utils.data.dataloader.DataLoader object at 0x16d7dab80>, <torch.utils.data.dataloader.DataLoader object at 0x16d7e42b0>, <torch.utils.data.dataloader.DataLoader object at 0x16d7e4b20>, <torch.utils.data.dataloader.DataLoader object at 0x16d7de250>] 11
Federated Unlearning Global Epoch  = 1
Federated Unlearning Global Epoch  = 2
Federated Unlearning Global Epoch  = 3
Federated Unlearning Global Epoch  = 4
Federated Unlearning Global Epoch  = 5
Federated Unlearning Global Epoch  = 6
Federated Unlearning Global Epoch  = 7
Federated Unlearning Global Epoch  = 8
Federated Unlearning Global Epoch  = 9
Federated Unlearning Global Epoch  = 10
Federated Unlearning Global Epoch  = 11
Federated Unlearning Global Epoch  = 12
Federated Unlearning Global Epoch  = 13
Federated Unlearning Global Epoch  = 14
Federated Unlearning Global Epoch  = 15
Federated Unlearning Global Epoch  = 16
Federated Unlearning Global Epoch  = 17
Federated Unlearning Global Epoch  = 18
Federated Unlearning Global Epoch  = 19
N [1, 3, 3, 5]
cc 0.4
ss 1.0666666666666667
rouc:  0.4  rous:  0.32
IE:  {1, 3, 5, 7, 9, 11, 13, 15, 17}
tr:  5
selected_clients:      [6 5 3 4]
client_models 10
selected_clients:      [6 3 5 9]
client_models 10
selected_clients:      [9 9 5 1]
client_models 10
selected_clients:      [6 3 6 5]
client_models 10
selected_clients:      [6 0 3 0]
client_models 10
selected_clients:      [7 3 2 0]
client_models 10
selected_clients:      [0 7 4 4]
client_models 10
here
client_data_loaders:  [<torch.utils.data.dataloader.DataLoader object at 0x16d7e1640>, <torch.utils.data.dataloader.DataLoader object at 0x16d9f52e0>, <torch.utils.data.dataloader.DataLoader object at 0x16d7def70>, <torch.utils.data.dataloader.DataLoader object at 0x16d7dae50>, <torch.utils.data.dataloader.DataLoader object at 0x16d7e6f10>, <torch.utils.data.dataloader.DataLoader object at 0x16d7e1820>, <torch.utils.data.dataloader.DataLoader object at 0x16d7e4a30>, <torch.utils.data.dataloader.DataLoader object at 0x16d7dab80>, <torch.utils.data.dataloader.DataLoader object at 0x16d7e42b0>, <torch.utils.data.dataloader.DataLoader object at 0x16d7e4b20>, <torch.utils.data.dataloader.DataLoader object at 0x16d7de250>] 11
Federated Unlearning Global Epoch  = 1
Federated Unlearning Global Epoch  = 2
Federated Unlearning Global Epoch  = 3
Federated Unlearning Global Epoch  = 4
Federated Unlearning Global Epoch  = 5
Federated Unlearning Global Epoch  = 6
Federated Unlearning Global Epoch  = 7
Federated Unlearning Global Epoch  = 8
Federated Unlearning Global Epoch  = 9
Federated Unlearning Global Epoch  = 10
Federated Unlearning Global Epoch  = 11
Federated Unlearning Global Epoch  = 12
Federated Unlearning Global Epoch  = 13
Federated Unlearning Global Epoch  = 14
Federated Unlearning Global Epoch  = 15
Federated Unlearning Global Epoch  = 16
Federated Unlearning Global Epoch  = 17
Federated Unlearning Global Epoch  = 18
Federated Unlearning Global Epoch  = 19
N [1, 3, 3, 5]
cc 0.4
ss 1.0666666666666667
rouc:  0.4  rous:  0.32
IE:  {1, 3, 5, 7, 9, 11, 13, 15, 17}
tr:  5
selected_clients:      [9 9 7 7]
client_models 10
selected_clients:      [4 1 5 2]
client_models 10
selected_clients:      [3 7 8 8]
client_models 10
selected_clients:      [7 7 8 4]
client_models 10
selected_clients:      [5 9 2 4]
client_models 10
selected_clients:      [1 9 5 8]
client_models 10
selected_clients:      [0 9 5 4]
client_models 10
here
client_data_loaders:  [<torch.utils.data.dataloader.DataLoader object at 0x16d7e1640>, <torch.utils.data.dataloader.DataLoader object at 0x16df475b0>, <torch.utils.data.dataloader.DataLoader object at 0x16d7def70>, <torch.utils.data.dataloader.DataLoader object at 0x16d7dae50>, <torch.utils.data.dataloader.DataLoader object at 0x16d7e6f10>, <torch.utils.data.dataloader.DataLoader object at 0x16d7e1820>, <torch.utils.data.dataloader.DataLoader object at 0x16d7e4a30>, <torch.utils.data.dataloader.DataLoader object at 0x16d7dab80>, <torch.utils.data.dataloader.DataLoader object at 0x16d7e42b0>, <torch.utils.data.dataloader.DataLoader object at 0x16d7e4b20>, <torch.utils.data.dataloader.DataLoader object at 0x16d7de250>] 11
Federated Unlearning Global Epoch  = 1
Federated Unlearning Global Epoch  = 2
Federated Unlearning Global Epoch  = 3
Federated Unlearning Global Epoch  = 4
Federated Unlearning Global Epoch  = 5
Federated Unlearning Global Epoch  = 6
Federated Unlearning Global Epoch  = 7
Federated Unlearning Global Epoch  = 8
Federated Unlearning Global Epoch  = 9
Federated Unlearning Global Epoch  = 10
Federated Unlearning Global Epoch  = 11
Federated Unlearning Global Epoch  = 12
Federated Unlearning Global Epoch  = 13
Federated Unlearning Global Epoch  = 14
Federated Unlearning Global Epoch  = 15
Federated Unlearning Global Epoch  = 16
Federated Unlearning Global Epoch  = 17
Federated Unlearning Global Epoch  = 18
Federated Unlearning Global Epoch  = 19
N [1, 3, 3, 5]
cc 0.4
ss 1.0666666666666667
rouc:  0.4  rous:  0.32
IE:  {1, 3, 5, 7, 9, 11, 13, 15, 17}
tr:  5
selected_clients:      [1 9 9 1]
client_models 10
selected_clients:      [3 9 9 4]
client_models 10
selected_clients:      [9 5 7 4]
client_models 10
selected_clients:      [1 3 4 5]
client_models 10
selected_clients:      [6 3 2 8]
client_models 10
selected_clients:      [7 6 3 7]
client_models 10
selected_clients:      [2 1 6 5]
client_models 10
here
client_data_loaders:  [<torch.utils.data.dataloader.DataLoader object at 0x16d7e1640>, <torch.utils.data.dataloader.DataLoader object at 0x2a7e271c0>, <torch.utils.data.dataloader.DataLoader object at 0x16d7def70>, <torch.utils.data.dataloader.DataLoader object at 0x16d7dae50>, <torch.utils.data.dataloader.DataLoader object at 0x16d7e6f10>, <torch.utils.data.dataloader.DataLoader object at 0x16d7e1820>, <torch.utils.data.dataloader.DataLoader object at 0x16d7e4a30>, <torch.utils.data.dataloader.DataLoader object at 0x16d7dab80>, <torch.utils.data.dataloader.DataLoader object at 0x16d7e42b0>, <torch.utils.data.dataloader.DataLoader object at 0x16d7e4b20>, <torch.utils.data.dataloader.DataLoader object at 0x16d7de250>] 11
Federated Unlearning Global Epoch  = 1
Federated Unlearning Global Epoch  = 2
Federated Unlearning Global Epoch  = 3
Federated Unlearning Global Epoch  = 4
Federated Unlearning Global Epoch  = 5
Federated Unlearning Global Epoch  = 6
Federated Unlearning Global Epoch  = 7
Federated Unlearning Global Epoch  = 8
Federated Unlearning Global Epoch  = 9
Federated Unlearning Global Epoch  = 10
Federated Unlearning Global Epoch  = 11
Federated Unlearning Global Epoch  = 12
Federated Unlearning Global Epoch  = 13
Federated Unlearning Global Epoch  = 14
Federated Unlearning Global Epoch  = 15
Federated Unlearning Global Epoch  = 16
Federated Unlearning Global Epoch  = 17
Federated Unlearning Global Epoch  = 18
Federated Unlearning Global Epoch  = 19
N [1, 3, 3, 5]
cc 0.4
ss 1.0666666666666667
rouc:  0.4  rous:  0.32
IE:  {1, 3, 5, 7, 9, 11, 13, 15, 17}
tr:  5
selected_clients:      [7 4 4 6]
client_models 10
selected_clients:      [2 8 4 4]
client_models 10
selected_clients:      [3 4 2 1]
client_models 10
selected_clients:      [5 7 7 0]
client_models 10
selected_clients:      [5 8 1 5]
client_models 10
selected_clients:      [3 1 4 3]
client_models 10
selected_clients:      [7 5 9 8]
client_models 10
here
client_data_loaders:  [<torch.utils.data.dataloader.DataLoader object at 0x16d7e1640>, <torch.utils.data.dataloader.DataLoader object at 0x16d84da90>, <torch.utils.data.dataloader.DataLoader object at 0x16d7def70>, <torch.utils.data.dataloader.DataLoader object at 0x16d7dae50>, <torch.utils.data.dataloader.DataLoader object at 0x16d7e6f10>, <torch.utils.data.dataloader.DataLoader object at 0x16d7e1820>, <torch.utils.data.dataloader.DataLoader object at 0x16d7e4a30>, <torch.utils.data.dataloader.DataLoader object at 0x16d7dab80>, <torch.utils.data.dataloader.DataLoader object at 0x16d7e42b0>, <torch.utils.data.dataloader.DataLoader object at 0x16d7e4b20>, <torch.utils.data.dataloader.DataLoader object at 0x16d7de250>] 11
Federated Unlearning Global Epoch  = 1
Federated Unlearning Global Epoch  = 2
Federated Unlearning Global Epoch  = 3
Federated Unlearning Global Epoch  = 4
Federated Unlearning Global Epoch  = 5
Federated Unlearning Global Epoch  = 6
Federated Unlearning Global Epoch  = 7
Federated Unlearning Global Epoch  = 8
Federated Unlearning Global Epoch  = 9
Federated Unlearning Global Epoch  = 10
Federated Unlearning Global Epoch  = 11
Federated Unlearning Global Epoch  = 12
Federated Unlearning Global Epoch  = 13
Federated Unlearning Global Epoch  = 14
Federated Unlearning Global Epoch  = 15
Federated Unlearning Global Epoch  = 16
Federated Unlearning Global Epoch  = 17
Federated Unlearning Global Epoch  = 18
Federated Unlearning Global Epoch  = 19
N [1, 3, 3, 5]
cc 0.4
ss 1.0666666666666667
rouc:  0.4  rous:  0.32
IE:  {1, 3, 5, 7, 9, 11, 13, 15, 17}
tr:  5
selected_clients:      [7 2 7 9]
client_models 10
selected_clients:      [2 4 7 0]
client_models 10
selected_clients:      [6 3 2 3]
client_models 10
selected_clients:      [6 9 7 2]
client_models 10
selected_clients:      [4 6 8 7]
client_models 10
selected_clients:      [4 6 9 5]
client_models 10
selected_clients:      [9 4 1 9]
client_models 10
here
client_data_loaders:  [<torch.utils.data.dataloader.DataLoader object at 0x16d7e1640>, <torch.utils.data.dataloader.DataLoader object at 0x2a61f1f40>, <torch.utils.data.dataloader.DataLoader object at 0x16d7def70>, <torch.utils.data.dataloader.DataLoader object at 0x16d7dae50>, <torch.utils.data.dataloader.DataLoader object at 0x16d7e6f10>, <torch.utils.data.dataloader.DataLoader object at 0x16d7e1820>, <torch.utils.data.dataloader.DataLoader object at 0x16d7e4a30>, <torch.utils.data.dataloader.DataLoader object at 0x16d7dab80>, <torch.utils.data.dataloader.DataLoader object at 0x16d7e42b0>, <torch.utils.data.dataloader.DataLoader object at 0x16d7e4b20>, <torch.utils.data.dataloader.DataLoader object at 0x16d7de250>] 11
Federated Unlearning Global Epoch  = 1
Federated Unlearning Global Epoch  = 2
Federated Unlearning Global Epoch  = 3
Federated Unlearning Global Epoch  = 4
Federated Unlearning Global Epoch  = 5
Federated Unlearning Global Epoch  = 6
Federated Unlearning Global Epoch  = 7
Federated Unlearning Global Epoch  = 8
Federated Unlearning Global Epoch  = 9
Federated Unlearning Global Epoch  = 10
Federated Unlearning Global Epoch  = 11
Federated Unlearning Global Epoch  = 12
Federated Unlearning Global Epoch  = 13
Federated Unlearning Global Epoch  = 14
Federated Unlearning Global Epoch  = 15
Federated Unlearning Global Epoch  = 16
Federated Unlearning Global Epoch  = 17
Federated Unlearning Global Epoch  = 18
Federated Unlearning Global Epoch  = 19
N [1, 3, 3, 5]
cc 0.4
ss 1.0666666666666667
rouc:  0.4  rous:  0.32
IE:  {1, 3, 5, 7, 9, 11, 13, 15, 17}
tr:  5
selected_clients:      [8 9 4 8]
client_models 10
selected_clients:      [4 7 9 1]
client_models 10
selected_clients:      [5 8 9 5]
client_models 10
selected_clients:      [2 5 2 9]
client_models 10
selected_clients:      [2 3 1 2]
client_models 10
selected_clients:      [6 1 1 6]
client_models 10
selected_clients:      [9 0 6 0]
client_models 10
X_u <torch.utils.data.dataloader.DataLoader object at 0x2a61f1f40>
data_loader_ku <torch.utils.data.dataloader.DataLoader object at 0x2a61f1f40>
here
client_data_loaders:  [<torch.utils.data.dataloader.DataLoader object at 0x16d7e1640>, <torch.utils.data.dataloader.DataLoader object at 0x2a7e0f250>, <torch.utils.data.dataloader.DataLoader object at 0x16d7def70>, <torch.utils.data.dataloader.DataLoader object at 0x16d7dae50>, <torch.utils.data.dataloader.DataLoader object at 0x16d7e6f10>, <torch.utils.data.dataloader.DataLoader object at 0x16d7e1820>, <torch.utils.data.dataloader.DataLoader object at 0x16d7e4a30>, <torch.utils.data.dataloader.DataLoader object at 0x16d7dab80>, <torch.utils.data.dataloader.DataLoader object at 0x16d7e42b0>, <torch.utils.data.dataloader.DataLoader object at 0x16d7e4b20>, <torch.utils.data.dataloader.DataLoader object at 0x16d7de250>] 11
Federated Unlearning Global Epoch  = 1
Federated Unlearning Global Epoch  = 2
Federated Unlearning Global Epoch  = 3
Federated Unlearning Global Epoch  = 4
Federated Unlearning Global Epoch  = 5
Federated Unlearning Global Epoch  = 6
Federated Unlearning Global Epoch  = 7
Federated Unlearning Global Epoch  = 8
Federated Unlearning Global Epoch  = 9
Federated Unlearning Global Epoch  = 10
Federated Unlearning Global Epoch  = 11
Federated Unlearning Global Epoch  = 12
Federated Unlearning Global Epoch  = 13
Federated Unlearning Global Epoch  = 14
Federated Unlearning Global Epoch  = 15
Federated Unlearning Global Epoch  = 16
Federated Unlearning Global Epoch  = 17
Federated Unlearning Global Epoch  = 18
Federated Unlearning Global Epoch  = 19
N [1, 3, 3, 5]
cc 0.4
ss 1.0666666666666667
rouc:  0.4  rous:  0.32
IE:  {1, 3, 5, 7, 9, 11, 13, 15, 17}
tr:  5
selected_clients:      [6 1 6 1]
client_models 10
selected_clients:      [0 2 5 6]
client_models 10
selected_clients:      [8 7 1 8]
client_models 10
selected_clients:      [7 1 9 0]
client_models 10
selected_clients:      [0 9 0 7]
client_models 10
selected_clients:      [7 8 7 6]
client_models 10
selected_clients:      [5 7 9 5]
client_models 10
here
client_data_loaders:  [<torch.utils.data.dataloader.DataLoader object at 0x16d7e1640>, <torch.utils.data.dataloader.DataLoader object at 0x2a6232400>, <torch.utils.data.dataloader.DataLoader object at 0x16d7def70>, <torch.utils.data.dataloader.DataLoader object at 0x16d7dae50>, <torch.utils.data.dataloader.DataLoader object at 0x16d7e6f10>, <torch.utils.data.dataloader.DataLoader object at 0x16d7e1820>, <torch.utils.data.dataloader.DataLoader object at 0x16d7e4a30>, <torch.utils.data.dataloader.DataLoader object at 0x16d7dab80>, <torch.utils.data.dataloader.DataLoader object at 0x16d7e42b0>, <torch.utils.data.dataloader.DataLoader object at 0x16d7e4b20>, <torch.utils.data.dataloader.DataLoader object at 0x16d7de250>] 11
Federated Unlearning Global Epoch  = 1
Federated Unlearning Global Epoch  = 2
Federated Unlearning Global Epoch  = 3
Federated Unlearning Global Epoch  = 4
Federated Unlearning Global Epoch  = 5
Federated Unlearning Global Epoch  = 6
Federated Unlearning Global Epoch  = 7
Federated Unlearning Global Epoch  = 8
Federated Unlearning Global Epoch  = 9
Federated Unlearning Global Epoch  = 10
Federated Unlearning Global Epoch  = 11
Federated Unlearning Global Epoch  = 12
Federated Unlearning Global Epoch  = 13
Federated Unlearning Global Epoch  = 14
Federated Unlearning Global Epoch  = 15
Federated Unlearning Global Epoch  = 16
Federated Unlearning Global Epoch  = 17
Federated Unlearning Global Epoch  = 18
Federated Unlearning Global Epoch  = 19
N [1, 3, 3, 5]
cc 0.4
ss 1.0666666666666667
rouc:  0.4  rous:  0.32
IE:  {1, 3, 5, 7, 9, 11, 13, 15, 17}
tr:  5
selected_clients:      [2 8 7 7]
client_models 10
selected_clients:      [6 0 6 6]
client_models 10
selected_clients:      [0 4 0 6]
client_models 10
selected_clients:      [6 5 6 0]
client_models 10
selected_clients:      [2 5 9 7]
client_models 10
selected_clients:      [0 3 5 4]
client_models 10
selected_clients:      [1 3 3 7]
client_models 10
here
client_data_loaders:  [<torch.utils.data.dataloader.DataLoader object at 0x16d7e1640>, <torch.utils.data.dataloader.DataLoader object at 0x16dfd5b50>, <torch.utils.data.dataloader.DataLoader object at 0x16d7def70>, <torch.utils.data.dataloader.DataLoader object at 0x16d7dae50>, <torch.utils.data.dataloader.DataLoader object at 0x16d7e6f10>, <torch.utils.data.dataloader.DataLoader object at 0x16d7e1820>, <torch.utils.data.dataloader.DataLoader object at 0x16d7e4a30>, <torch.utils.data.dataloader.DataLoader object at 0x16d7dab80>, <torch.utils.data.dataloader.DataLoader object at 0x16d7e42b0>, <torch.utils.data.dataloader.DataLoader object at 0x16d7e4b20>, <torch.utils.data.dataloader.DataLoader object at 0x16d7de250>] 11
Federated Unlearning Global Epoch  = 1
Federated Unlearning Global Epoch  = 2
Federated Unlearning Global Epoch  = 3
Federated Unlearning Global Epoch  = 4
Federated Unlearning Global Epoch  = 5
Federated Unlearning Global Epoch  = 6
Federated Unlearning Global Epoch  = 7
Federated Unlearning Global Epoch  = 8
Federated Unlearning Global Epoch  = 9
Federated Unlearning Global Epoch  = 10
Federated Unlearning Global Epoch  = 11
Federated Unlearning Global Epoch  = 12
Federated Unlearning Global Epoch  = 13
Federated Unlearning Global Epoch  = 14
Federated Unlearning Global Epoch  = 15
Federated Unlearning Global Epoch  = 16
Federated Unlearning Global Epoch  = 17
Federated Unlearning Global Epoch  = 18
Federated Unlearning Global Epoch  = 19
N [1, 3, 3, 5]
cc 0.4
ss 1.0666666666666667
rouc:  0.4  rous:  0.32
IE:  {1, 3, 5, 7, 9, 11, 13, 15, 17}
tr:  5
selected_clients:      [8 4 0 0]
client_models 10
selected_clients:      [7 1 7 3]
client_models 10
selected_clients:      [3 5 4 1]
client_models 10
selected_clients:      [1 0 8 0]
client_models 10
selected_clients:      [9 6 0 0]
client_models 10
selected_clients:      [1 7 1 0]
client_models 10
selected_clients:      [0 7 5 7]
client_models 10
here
client_data_loaders:  [<torch.utils.data.dataloader.DataLoader object at 0x16d7e1640>, <torch.utils.data.dataloader.DataLoader object at 0x16d7eb460>, <torch.utils.data.dataloader.DataLoader object at 0x16d7def70>, <torch.utils.data.dataloader.DataLoader object at 0x16d7dae50>, <torch.utils.data.dataloader.DataLoader object at 0x16d7e6f10>, <torch.utils.data.dataloader.DataLoader object at 0x16d7e1820>, <torch.utils.data.dataloader.DataLoader object at 0x16d7e4a30>, <torch.utils.data.dataloader.DataLoader object at 0x16d7dab80>, <torch.utils.data.dataloader.DataLoader object at 0x16d7e42b0>, <torch.utils.data.dataloader.DataLoader object at 0x16d7e4b20>, <torch.utils.data.dataloader.DataLoader object at 0x16d7de250>] 11
Federated Unlearning Global Epoch  = 1
Federated Unlearning Global Epoch  = 2
Federated Unlearning Global Epoch  = 3
Federated Unlearning Global Epoch  = 4
Federated Unlearning Global Epoch  = 5
Federated Unlearning Global Epoch  = 6
Federated Unlearning Global Epoch  = 7
Federated Unlearning Global Epoch  = 8
Federated Unlearning Global Epoch  = 9
Federated Unlearning Global Epoch  = 10
Federated Unlearning Global Epoch  = 11
Federated Unlearning Global Epoch  = 12
Federated Unlearning Global Epoch  = 13
Federated Unlearning Global Epoch  = 14
Federated Unlearning Global Epoch  = 15
Federated Unlearning Global Epoch  = 16
Federated Unlearning Global Epoch  = 17
Federated Unlearning Global Epoch  = 18
Federated Unlearning Global Epoch  = 19
N [1, 3, 3, 5]
cc 0.4
ss 1.0666666666666667
rouc:  0.4  rous:  0.32
IE:  {1, 3, 5, 7, 9, 11, 13, 15, 17}
tr:  5
selected_clients:      [2 9 4 8]
client_models 10
selected_clients:      [8 7 4 1]
client_models 10
selected_clients:      [9 4 4 6]
client_models 10
selected_clients:      [3 5 9 0]
client_models 10
selected_clients:      [7 8 9 6]
client_models 10
selected_clients:      [1 1 3 4]
client_models 10
selected_clients:      [1 4 0 6]
client_models 10
here
client_data_loaders:  [<torch.utils.data.dataloader.DataLoader object at 0x16d7e1640>, <torch.utils.data.dataloader.DataLoader object at 0x2a7e3a340>, <torch.utils.data.dataloader.DataLoader object at 0x16d7def70>, <torch.utils.data.dataloader.DataLoader object at 0x16d7dae50>, <torch.utils.data.dataloader.DataLoader object at 0x16d7e6f10>, <torch.utils.data.dataloader.DataLoader object at 0x16d7e1820>, <torch.utils.data.dataloader.DataLoader object at 0x16d7e4a30>, <torch.utils.data.dataloader.DataLoader object at 0x16d7dab80>, <torch.utils.data.dataloader.DataLoader object at 0x16d7e42b0>, <torch.utils.data.dataloader.DataLoader object at 0x16d7e4b20>, <torch.utils.data.dataloader.DataLoader object at 0x16d7de250>] 11
Federated Unlearning Global Epoch  = 1
Federated Unlearning Global Epoch  = 2
Federated Unlearning Global Epoch  = 3
Federated Unlearning Global Epoch  = 4
Federated Unlearning Global Epoch  = 5
Federated Unlearning Global Epoch  = 6
Federated Unlearning Global Epoch  = 7
Federated Unlearning Global Epoch  = 8
Federated Unlearning Global Epoch  = 9
Federated Unlearning Global Epoch  = 10
Federated Unlearning Global Epoch  = 11
Federated Unlearning Global Epoch  = 12
Federated Unlearning Global Epoch  = 13
Federated Unlearning Global Epoch  = 14
Federated Unlearning Global Epoch  = 15
Federated Unlearning Global Epoch  = 16
Federated Unlearning Global Epoch  = 17
Federated Unlearning Global Epoch  = 18
Federated Unlearning Global Epoch  = 19
N [1, 3, 3, 5]
cc 0.4
ss 1.0666666666666667
rouc:  0.4  rous:  0.32
IE:  {1, 3, 5, 7, 9, 11, 13, 15, 17}
tr:  5
selected_clients:      [8 5 7 6]
client_models 10
selected_clients:      [2 9 7 4]
client_models 10
selected_clients:      [1 3 6 1]
client_models 10
selected_clients:      [9 1 3 8]
client_models 10
selected_clients:      [6 7 8 9]
client_models 10
selected_clients:      [2 0 4 2]
client_models 10
selected_clients:      [4 2 7 4]
client_models 10
here
client_data_loaders:  [<torch.utils.data.dataloader.DataLoader object at 0x16d7e1640>, <torch.utils.data.dataloader.DataLoader object at 0x16fc35730>, <torch.utils.data.dataloader.DataLoader object at 0x16d7def70>, <torch.utils.data.dataloader.DataLoader object at 0x16d7dae50>, <torch.utils.data.dataloader.DataLoader object at 0x16d7e6f10>, <torch.utils.data.dataloader.DataLoader object at 0x16d7e1820>, <torch.utils.data.dataloader.DataLoader object at 0x16d7e4a30>, <torch.utils.data.dataloader.DataLoader object at 0x16d7dab80>, <torch.utils.data.dataloader.DataLoader object at 0x16d7e42b0>, <torch.utils.data.dataloader.DataLoader object at 0x16d7e4b20>, <torch.utils.data.dataloader.DataLoader object at 0x16d7de250>] 11
Federated Unlearning Global Epoch  = 1
Federated Unlearning Global Epoch  = 2
Federated Unlearning Global Epoch  = 3
Federated Unlearning Global Epoch  = 4
Federated Unlearning Global Epoch  = 5
Federated Unlearning Global Epoch  = 6
Federated Unlearning Global Epoch  = 7
Federated Unlearning Global Epoch  = 8
Federated Unlearning Global Epoch  = 9
Federated Unlearning Global Epoch  = 10
Federated Unlearning Global Epoch  = 11
Federated Unlearning Global Epoch  = 12
Federated Unlearning Global Epoch  = 13
Federated Unlearning Global Epoch  = 14
Federated Unlearning Global Epoch  = 15
Federated Unlearning Global Epoch  = 16
Federated Unlearning Global Epoch  = 17
Federated Unlearning Global Epoch  = 18
Federated Unlearning Global Epoch  = 19
N [1, 3, 3, 5]
cc 0.4
ss 1.0666666666666667
rouc:  0.4  rous:  0.32
IE:  {1, 3, 5, 7, 9, 11, 13, 15, 17}
tr:  5
selected_clients:      [8 1 6 5]
client_models 10
selected_clients:      [4 6 4 0]
client_models 10
selected_clients:      [7 4 6 1]
client_models 10
selected_clients:      [8 8 1 8]
client_models 10
selected_clients:      [4 2 5 7]
client_models 10
selected_clients:      [1 6 8 9]
client_models 10
selected_clients:      [9 2 9 1]
client_models 10
here
client_data_loaders:  [<torch.utils.data.dataloader.DataLoader object at 0x16d7e1640>, <torch.utils.data.dataloader.DataLoader object at 0x16d895dc0>, <torch.utils.data.dataloader.DataLoader object at 0x16d7def70>, <torch.utils.data.dataloader.DataLoader object at 0x16d7dae50>, <torch.utils.data.dataloader.DataLoader object at 0x16d7e6f10>, <torch.utils.data.dataloader.DataLoader object at 0x16d7e1820>, <torch.utils.data.dataloader.DataLoader object at 0x16d7e4a30>, <torch.utils.data.dataloader.DataLoader object at 0x16d7dab80>, <torch.utils.data.dataloader.DataLoader object at 0x16d7e42b0>, <torch.utils.data.dataloader.DataLoader object at 0x16d7e4b20>, <torch.utils.data.dataloader.DataLoader object at 0x16d7de250>] 11
Federated Unlearning Global Epoch  = 1
Federated Unlearning Global Epoch  = 2
Federated Unlearning Global Epoch  = 3
Federated Unlearning Global Epoch  = 4
Federated Unlearning Global Epoch  = 5
Federated Unlearning Global Epoch  = 6
Federated Unlearning Global Epoch  = 7
Federated Unlearning Global Epoch  = 8
Federated Unlearning Global Epoch  = 9
Federated Unlearning Global Epoch  = 10
Federated Unlearning Global Epoch  = 11
Federated Unlearning Global Epoch  = 12
Federated Unlearning Global Epoch  = 13
Federated Unlearning Global Epoch  = 14
Federated Unlearning Global Epoch  = 15
Federated Unlearning Global Epoch  = 16
Federated Unlearning Global Epoch  = 17
Federated Unlearning Global Epoch  = 18
Federated Unlearning Global Epoch  = 19
N [1, 3, 3, 5]
cc 0.4
ss 1.0666666666666667
rouc:  0.4  rous:  0.32
IE:  {1, 3, 5, 7, 9, 11, 13, 15, 17}
tr:  5
selected_clients:      [7 5 6 6]
client_models 10
selected_clients:      [8 1 1 8]
client_models 10
selected_clients:      [8 5 1 8]
client_models 10
selected_clients:      [3 7 9 8]
client_models 10
selected_clients:      [5 2 1 7]
client_models 10
selected_clients:      [5 6 1 0]
client_models 10
selected_clients:      [4 0 6 9]
client_models 10
here
client_data_loaders:  [<torch.utils.data.dataloader.DataLoader object at 0x16d7e1640>, <torch.utils.data.dataloader.DataLoader object at 0x2a82fb100>, <torch.utils.data.dataloader.DataLoader object at 0x16d7def70>, <torch.utils.data.dataloader.DataLoader object at 0x16d7dae50>, <torch.utils.data.dataloader.DataLoader object at 0x16d7e6f10>, <torch.utils.data.dataloader.DataLoader object at 0x16d7e1820>, <torch.utils.data.dataloader.DataLoader object at 0x16d7e4a30>, <torch.utils.data.dataloader.DataLoader object at 0x16d7dab80>, <torch.utils.data.dataloader.DataLoader object at 0x16d7e42b0>, <torch.utils.data.dataloader.DataLoader object at 0x16d7e4b20>, <torch.utils.data.dataloader.DataLoader object at 0x16d7de250>] 11
Federated Unlearning Global Epoch  = 1
Federated Unlearning Global Epoch  = 2
Federated Unlearning Global Epoch  = 3
Federated Unlearning Global Epoch  = 4
Federated Unlearning Global Epoch  = 5
Federated Unlearning Global Epoch  = 6
Federated Unlearning Global Epoch  = 7
Federated Unlearning Global Epoch  = 8
Federated Unlearning Global Epoch  = 9
Federated Unlearning Global Epoch  = 10
Federated Unlearning Global Epoch  = 11
Federated Unlearning Global Epoch  = 12
Federated Unlearning Global Epoch  = 13
Federated Unlearning Global Epoch  = 14
Federated Unlearning Global Epoch  = 15
Federated Unlearning Global Epoch  = 16
Federated Unlearning Global Epoch  = 17
Federated Unlearning Global Epoch  = 18
Federated Unlearning Global Epoch  = 19
N [1, 3, 3, 5]
cc 0.4
ss 1.0666666666666667
rouc:  0.4  rous:  0.32
IE:  {1, 3, 5, 7, 9, 11, 13, 15, 17}
tr:  5
selected_clients:      [5 8 6 4]
client_models 10
selected_clients:      [7 8 6 9]
client_models 10
selected_clients:      [9 9 2 6]
client_models 10
selected_clients:      [6 1 7 5]
client_models 10
selected_clients:      [3 1 3 9]
client_models 10
selected_clients:      [3 3 8 8]
client_models 10
selected_clients:      [6 6 4 9]
client_models 10
#####  Federated Unlearning End  #####


#####  Federated Unlearning without Calibration Start  #####
FL_params.forget_client_idx:  [1, 3, 5]
temp 10
[1, 3, 5]
temp 10
[1, 3, 5]
temp 10
[1, 3, 5]
temp 10
[1, 3, 5]
temp 10
[1, 3, 5]
temp 10
[1, 3, 5]
temp 10
[1, 3, 5]
temp 10
[1, 3, 5]
temp 10
[1, 3, 5]
temp 10
[1, 3, 5]
temp 10
[1, 3, 5]
temp 10
[1, 3, 5]
temp 10
[1, 3, 5]
temp 10
[1, 3, 5]
temp 10
[1, 3, 5]
temp 10
[1, 3, 5]
temp 10
[1, 3, 5]
temp 10
[1, 3, 5]
temp 10
[1, 3, 5]
temp 10
[1, 3, 5]
Federated Unlearning without Clibration Global Epoch  = 0
Federated Unlearning Global Epoch  = 1
Federated Unlearning Global Epoch  = 2
Federated Unlearning Global Epoch  = 3
Federated Unlearning Global Epoch  = 4
Federated Unlearning Global Epoch  = 5
Federated Unlearning Global Epoch  = 6
Federated Unlearning Global Epoch  = 7
Federated Unlearning Global Epoch  = 8
Federated Unlearning Global Epoch  = 9
Federated Unlearning Global Epoch  = 10
Federated Unlearning Global Epoch  = 11
Federated Unlearning Global Epoch  = 12
Federated Unlearning Global Epoch  = 13
Federated Unlearning Global Epoch  = 14
Federated Unlearning Global Epoch  = 15
Federated Unlearning Global Epoch  = 16
Federated Unlearning Global Epoch  = 17
Federated Unlearning Global Epoch  = 18
Federated Unlearning Global Epoch  = 19
#####  Federated Unlearning without Calibration End  #####
 Learning time consuming = 69.2217960357666 secods
 Unlearning time consuming = 5168.680647134781 secods
 Unlearning no Cali time consuming = 0.051017045974731445 secods
FL_params.forget_client_idx [1, 3, 5]


#####  Federated Retraining Start  #####
Federated Retrain with Forget Client NO.[1, 3, 5]
Global Retraining epoch = 0
Global Retraining epoch = 1
Global Retraining epoch = 2
Global Retraining epoch = 3
Global Retraining epoch = 4
Global Retraining epoch = 5
Global Retraining epoch = 6
Global Retraining epoch = 7
Global Retraining epoch = 8
Global Retraining epoch = 9
Global Retraining epoch = 10
Global Retraining epoch = 11
Global Retraining epoch = 12
Global Retraining epoch = 13
Global Retraining epoch = 14
Global Retraining epoch = 15
Global Retraining epoch = 16
Global Retraining epoch = 17
Global Retraining epoch = 18
Global Retraining epoch = 19
#####  Federated Retraining End  #####
Retrain Time using = 46.28067207336426 seconds
unlearned GMs:  <class 'list'> 160
unlearned accum GMs:  <class 'list'> <class 'model_initiation.Net_cifar10'> 21
Test set: Average loss: 0.03600481
Test set: Average acc:  0.1760
Test set: Average loss: nan
Test set: Average acc:  0.1000
Test set: Average loss: 0.03588864
Test set: Average acc:  0.1850
Test set: Average loss: nan
Test set: Average acc:  0.1000
target_loader_len 3
Traceback (most recent call last):
  File "/Users/wangjiayi/Desktop/FedEraser-Code/Fed_Unlearn_main.py", line 194, in <module>
    Federated_Unlearning()
  File "/Users/wangjiayi/Desktop/FedEraser-Code/Fed_Unlearn_main.py", line 135, in Federated_Unlearning
    federaser_target_loss, federaser_target_acc = test(unlearn_GMs[-1], target_loader)
  File "/Users/wangjiayi/Desktop/FedEraser-Code/FL_base.py", line 194, in test
    for data, target in test_loader:
ValueError: too many values to unpack (expected 2)
