Files already downloaded and verified
============================================================
Step1. Federated Learning Settings 
 We use dataset: cifar10 for our Federated Unlearning experiment.

============================================================
Step2. Client data loaded, testing data loaded!!!
       Initial Model loaded!!!
Files already downloaded and verified
Files already downloaded and verified
============================================================
Step3. Fedearated Learning and Unlearning Training...
#####  Federated Learning Start#####
Global Federated Learning epoch = 0
Global Federated Learning epoch = 1
Global Federated Learning epoch = 2
Global Federated Learning epoch = 3
Global Federated Learning epoch = 4
Global Federated Learning epoch = 5
Global Federated Learning epoch = 6
Global Federated Learning epoch = 7
Global Federated Learning epoch = 8
Global Federated Learning epoch = 9
Global Federated Learning epoch = 10
Global Federated Learning epoch = 11
Global Federated Learning epoch = 12
Global Federated Learning epoch = 13
Global Federated Learning epoch = 14
Global Federated Learning epoch = 15
Global Federated Learning epoch = 16
Global Federated Learning epoch = 17
Global Federated Learning epoch = 18
Global Federated Learning epoch = 19
#####  Federated Learning End#####


#####  Federated Unlearning Start  #####
#### Sample-level Unlearning ####
selected_clients2 [3, 1, 0, 7]
P:  [3, 1, 0, 7]
X_u <torch.utils.data.dataloader.DataLoader object at 0x291526f70>
data_loader_ku <torch.utils.data.dataloader.DataLoader object at 0x291526f70>
here
client_data_loaders:  [<torch.utils.data.dataloader.DataLoader object at 0x291535520>, <torch.utils.data.dataloader.DataLoader object at 0x291532130>, <torch.utils.data.dataloader.DataLoader object at 0x291535610>, <torch.utils.data.dataloader.DataLoader object at 0x29eb44c70>, <torch.utils.data.dataloader.DataLoader object at 0x29152a550>, <torch.utils.data.dataloader.DataLoader object at 0x2915313d0>, <torch.utils.data.dataloader.DataLoader object at 0x291531790>, <torch.utils.data.dataloader.DataLoader object at 0x29152a640>, <torch.utils.data.dataloader.DataLoader object at 0x29152a910>, <torch.utils.data.dataloader.DataLoader object at 0x291535250>, <torch.utils.data.dataloader.DataLoader object at 0x2915327c0>] 11
Federated Unlearning Global Epoch  = 1
Federated Unlearning Global Epoch  = 2
Federated Unlearning Global Epoch  = 3
Federated Unlearning Global Epoch  = 4
Federated Unlearning Global Epoch  = 5
Federated Unlearning Global Epoch  = 6
Federated Unlearning Global Epoch  = 7
Federated Unlearning Global Epoch  = 8
Federated Unlearning Global Epoch  = 9
Federated Unlearning Global Epoch  = 10
Federated Unlearning Global Epoch  = 11
Federated Unlearning Global Epoch  = 12
Federated Unlearning Global Epoch  = 13
Federated Unlearning Global Epoch  = 14
Federated Unlearning Global Epoch  = 15
Federated Unlearning Global Epoch  = 16
Federated Unlearning Global Epoch  = 17
Federated Unlearning Global Epoch  = 18
Federated Unlearning Global Epoch  = 19
N [3, 1, 0, 7]
cc 0.4
ss 0.8
rouc:  0.4  rous:  0.32
IE:  {1, 3, 5, 7, 9, 11, 13, 15, 17}
tr:  5
selected_clients:      [8 4 1 8]
client_models 10
selected_clients:      [8 4 5 3]
client_models 10
selected_clients:      [1 0 3 3]
client_models 10
selected_clients:      [6 1 5 4]
client_models 10
selected_clients:      [8 4 2 1]
client_models 10
selected_clients:      [6 7 5 6]
client_models 10
selected_clients:      [3 3 0 1]
client_models 10
here
client_data_loaders:  [<torch.utils.data.dataloader.DataLoader object at 0x291535520>, <torch.utils.data.dataloader.DataLoader object at 0x291532130>, <torch.utils.data.dataloader.DataLoader object at 0x291535610>, <torch.utils.data.dataloader.DataLoader object at 0x29fa3db80>, <torch.utils.data.dataloader.DataLoader object at 0x29152a550>, <torch.utils.data.dataloader.DataLoader object at 0x2915313d0>, <torch.utils.data.dataloader.DataLoader object at 0x291531790>, <torch.utils.data.dataloader.DataLoader object at 0x29152a640>, <torch.utils.data.dataloader.DataLoader object at 0x29152a910>, <torch.utils.data.dataloader.DataLoader object at 0x291535250>, <torch.utils.data.dataloader.DataLoader object at 0x2915327c0>] 11
Federated Unlearning Global Epoch  = 1
Federated Unlearning Global Epoch  = 2
Federated Unlearning Global Epoch  = 3
Federated Unlearning Global Epoch  = 4
Federated Unlearning Global Epoch  = 5
Federated Unlearning Global Epoch  = 6
Federated Unlearning Global Epoch  = 7
Federated Unlearning Global Epoch  = 8
Federated Unlearning Global Epoch  = 9
Federated Unlearning Global Epoch  = 10
Federated Unlearning Global Epoch  = 11
Federated Unlearning Global Epoch  = 12
Federated Unlearning Global Epoch  = 13
Federated Unlearning Global Epoch  = 14
Federated Unlearning Global Epoch  = 15
Federated Unlearning Global Epoch  = 16
Federated Unlearning Global Epoch  = 17
Federated Unlearning Global Epoch  = 18
Federated Unlearning Global Epoch  = 19
N [3, 1, 0, 7]
cc 0.4
ss 0.8
rouc:  0.4  rous:  0.32
IE:  {1, 3, 5, 7, 9, 11, 13, 15, 17}
tr:  5
selected_clients:      [2 8 5 1]
client_models 10
selected_clients:      [0 3 1 1]
client_models 10
selected_clients:      [4 8 7 5]
client_models 10
selected_clients:      [8 2 0 7]
client_models 10
selected_clients:      [8 1 6 3]
client_models 10
selected_clients:      [2 1 8 8]
client_models 10
selected_clients:      [4 5 7 4]
client_models 10
here
client_data_loaders:  [<torch.utils.data.dataloader.DataLoader object at 0x291535520>, <torch.utils.data.dataloader.DataLoader object at 0x291532130>, <torch.utils.data.dataloader.DataLoader object at 0x291535610>, <torch.utils.data.dataloader.DataLoader object at 0x29d9af7f0>, <torch.utils.data.dataloader.DataLoader object at 0x29152a550>, <torch.utils.data.dataloader.DataLoader object at 0x2915313d0>, <torch.utils.data.dataloader.DataLoader object at 0x291531790>, <torch.utils.data.dataloader.DataLoader object at 0x29152a640>, <torch.utils.data.dataloader.DataLoader object at 0x29152a910>, <torch.utils.data.dataloader.DataLoader object at 0x291535250>, <torch.utils.data.dataloader.DataLoader object at 0x2915327c0>] 11
Federated Unlearning Global Epoch  = 1
Federated Unlearning Global Epoch  = 2
Federated Unlearning Global Epoch  = 3
Federated Unlearning Global Epoch  = 4
Federated Unlearning Global Epoch  = 5
Federated Unlearning Global Epoch  = 6
Federated Unlearning Global Epoch  = 7
Federated Unlearning Global Epoch  = 8
Federated Unlearning Global Epoch  = 9
Federated Unlearning Global Epoch  = 10
Federated Unlearning Global Epoch  = 11
Federated Unlearning Global Epoch  = 12
Federated Unlearning Global Epoch  = 13
Federated Unlearning Global Epoch  = 14
Federated Unlearning Global Epoch  = 15
Federated Unlearning Global Epoch  = 16
Federated Unlearning Global Epoch  = 17
Federated Unlearning Global Epoch  = 18
Federated Unlearning Global Epoch  = 19
N [3, 1, 0, 7]
cc 0.4
ss 0.8
rouc:  0.4  rous:  0.32
IE:  {1, 3, 5, 7, 9, 11, 13, 15, 17}
tr:  5
selected_clients:      [5 0 1 9]
client_models 10
selected_clients:      [2 2 3 6]
client_models 10
selected_clients:      [4 0 9 4]
client_models 10
selected_clients:      [1 5 0 5]
client_models 10
selected_clients:      [1 8 0 5]
client_models 10
selected_clients:      [9 7 7 0]
client_models 10
selected_clients:      [3 0 7 6]
client_models 10
here
client_data_loaders:  [<torch.utils.data.dataloader.DataLoader object at 0x291535520>, <torch.utils.data.dataloader.DataLoader object at 0x291532130>, <torch.utils.data.dataloader.DataLoader object at 0x291535610>, <torch.utils.data.dataloader.DataLoader object at 0x29ff13460>, <torch.utils.data.dataloader.DataLoader object at 0x29152a550>, <torch.utils.data.dataloader.DataLoader object at 0x2915313d0>, <torch.utils.data.dataloader.DataLoader object at 0x291531790>, <torch.utils.data.dataloader.DataLoader object at 0x29152a640>, <torch.utils.data.dataloader.DataLoader object at 0x29152a910>, <torch.utils.data.dataloader.DataLoader object at 0x291535250>, <torch.utils.data.dataloader.DataLoader object at 0x2915327c0>] 11
Federated Unlearning Global Epoch  = 1
Federated Unlearning Global Epoch  = 2
Federated Unlearning Global Epoch  = 3
Federated Unlearning Global Epoch  = 4
Federated Unlearning Global Epoch  = 5
Federated Unlearning Global Epoch  = 6
Federated Unlearning Global Epoch  = 7
Federated Unlearning Global Epoch  = 8
Federated Unlearning Global Epoch  = 9
Federated Unlearning Global Epoch  = 10
Federated Unlearning Global Epoch  = 11
Federated Unlearning Global Epoch  = 12
Federated Unlearning Global Epoch  = 13
Federated Unlearning Global Epoch  = 14
Federated Unlearning Global Epoch  = 15
Federated Unlearning Global Epoch  = 16
Federated Unlearning Global Epoch  = 17
Federated Unlearning Global Epoch  = 18
Federated Unlearning Global Epoch  = 19
N [3, 1, 0, 7]
cc 0.4
ss 0.8
rouc:  0.4  rous:  0.32
IE:  {1, 3, 5, 7, 9, 11, 13, 15, 17}
tr:  5
selected_clients:      [7 6 6 0]
client_models 10
selected_clients:      [7 2 5 4]
client_models 10
selected_clients:      [7 7 0 2]
client_models 10
selected_clients:      [5 7 7 1]
client_models 10
selected_clients:      [8 5 7 7]
client_models 10
selected_clients:      [4 8 5 0]
client_models 10
selected_clients:      [5 9 5 1]
client_models 10
here
client_data_loaders:  [<torch.utils.data.dataloader.DataLoader object at 0x291535520>, <torch.utils.data.dataloader.DataLoader object at 0x291532130>, <torch.utils.data.dataloader.DataLoader object at 0x291535610>, <torch.utils.data.dataloader.DataLoader object at 0x29fa6fe20>, <torch.utils.data.dataloader.DataLoader object at 0x29152a550>, <torch.utils.data.dataloader.DataLoader object at 0x2915313d0>, <torch.utils.data.dataloader.DataLoader object at 0x291531790>, <torch.utils.data.dataloader.DataLoader object at 0x29152a640>, <torch.utils.data.dataloader.DataLoader object at 0x29152a910>, <torch.utils.data.dataloader.DataLoader object at 0x291535250>, <torch.utils.data.dataloader.DataLoader object at 0x2915327c0>] 11
Federated Unlearning Global Epoch  = 1
Federated Unlearning Global Epoch  = 2
Federated Unlearning Global Epoch  = 3
Federated Unlearning Global Epoch  = 4
Federated Unlearning Global Epoch  = 5
Federated Unlearning Global Epoch  = 6
Federated Unlearning Global Epoch  = 7
Federated Unlearning Global Epoch  = 8
Federated Unlearning Global Epoch  = 9
Federated Unlearning Global Epoch  = 10
Federated Unlearning Global Epoch  = 11
Federated Unlearning Global Epoch  = 12
Federated Unlearning Global Epoch  = 13
Federated Unlearning Global Epoch  = 14
Federated Unlearning Global Epoch  = 15
Federated Unlearning Global Epoch  = 16
Federated Unlearning Global Epoch  = 17
Federated Unlearning Global Epoch  = 18
Federated Unlearning Global Epoch  = 19
N [3, 1, 0, 7]
cc 0.4
ss 0.8
rouc:  0.4  rous:  0.32
IE:  {1, 3, 5, 7, 9, 11, 13, 15, 17}
tr:  5
selected_clients:      [8 1 8 1]
client_models 10
selected_clients:      [6 0 5 6]
client_models 10
selected_clients:      [9 8 8 3]
client_models 10
selected_clients:      [3 0 9 2]
client_models 10
selected_clients:      [1 6 4 2]
client_models 10
selected_clients:      [8 0 0 4]
client_models 10
selected_clients:      [0 3 2 3]
client_models 10
here
client_data_loaders:  [<torch.utils.data.dataloader.DataLoader object at 0x291535520>, <torch.utils.data.dataloader.DataLoader object at 0x291532130>, <torch.utils.data.dataloader.DataLoader object at 0x291535610>, <torch.utils.data.dataloader.DataLoader object at 0x29d8db4c0>, <torch.utils.data.dataloader.DataLoader object at 0x29152a550>, <torch.utils.data.dataloader.DataLoader object at 0x2915313d0>, <torch.utils.data.dataloader.DataLoader object at 0x291531790>, <torch.utils.data.dataloader.DataLoader object at 0x29152a640>, <torch.utils.data.dataloader.DataLoader object at 0x29152a910>, <torch.utils.data.dataloader.DataLoader object at 0x291535250>, <torch.utils.data.dataloader.DataLoader object at 0x2915327c0>] 11
Federated Unlearning Global Epoch  = 1
Federated Unlearning Global Epoch  = 2
Federated Unlearning Global Epoch  = 3
Federated Unlearning Global Epoch  = 4
Federated Unlearning Global Epoch  = 5
Federated Unlearning Global Epoch  = 6
Federated Unlearning Global Epoch  = 7
Federated Unlearning Global Epoch  = 8
Federated Unlearning Global Epoch  = 9
Federated Unlearning Global Epoch  = 10
Federated Unlearning Global Epoch  = 11
Federated Unlearning Global Epoch  = 12
Federated Unlearning Global Epoch  = 13
Federated Unlearning Global Epoch  = 14
Federated Unlearning Global Epoch  = 15
Federated Unlearning Global Epoch  = 16
Federated Unlearning Global Epoch  = 17
Federated Unlearning Global Epoch  = 18
Federated Unlearning Global Epoch  = 19
N [3, 1, 0, 7]
cc 0.4
ss 0.8
rouc:  0.4  rous:  0.32
IE:  {1, 3, 5, 7, 9, 11, 13, 15, 17}
tr:  5
selected_clients:      [6 3 3 9]
client_models 10
selected_clients:      [4 2 1 7]
client_models 10
selected_clients:      [4 3 3 4]
client_models 10
selected_clients:      [1 7 8 1]
client_models 10
selected_clients:      [3 1 7 8]
client_models 10
selected_clients:      [3 4 5 9]
client_models 10
selected_clients:      [3 5 0 6]
client_models 10
here
client_data_loaders:  [<torch.utils.data.dataloader.DataLoader object at 0x291535520>, <torch.utils.data.dataloader.DataLoader object at 0x291532130>, <torch.utils.data.dataloader.DataLoader object at 0x291535610>, <torch.utils.data.dataloader.DataLoader object at 0x29db22f10>, <torch.utils.data.dataloader.DataLoader object at 0x29152a550>, <torch.utils.data.dataloader.DataLoader object at 0x2915313d0>, <torch.utils.data.dataloader.DataLoader object at 0x291531790>, <torch.utils.data.dataloader.DataLoader object at 0x29152a640>, <torch.utils.data.dataloader.DataLoader object at 0x29152a910>, <torch.utils.data.dataloader.DataLoader object at 0x291535250>, <torch.utils.data.dataloader.DataLoader object at 0x2915327c0>] 11
Federated Unlearning Global Epoch  = 1
Federated Unlearning Global Epoch  = 2
Federated Unlearning Global Epoch  = 3
Federated Unlearning Global Epoch  = 4
Federated Unlearning Global Epoch  = 5
Federated Unlearning Global Epoch  = 6
Federated Unlearning Global Epoch  = 7
Federated Unlearning Global Epoch  = 8
Federated Unlearning Global Epoch  = 9
Federated Unlearning Global Epoch  = 10
Federated Unlearning Global Epoch  = 11
Federated Unlearning Global Epoch  = 12
Federated Unlearning Global Epoch  = 13
Federated Unlearning Global Epoch  = 14
Federated Unlearning Global Epoch  = 15
Federated Unlearning Global Epoch  = 16
Federated Unlearning Global Epoch  = 17
Federated Unlearning Global Epoch  = 18
Federated Unlearning Global Epoch  = 19
N [3, 1, 0, 7]
cc 0.4
ss 0.8
rouc:  0.4  rous:  0.32
IE:  {1, 3, 5, 7, 9, 11, 13, 15, 17}
tr:  5
selected_clients:      [0 8 2 6]
client_models 10
selected_clients:      [1 9 9 6]
client_models 10
selected_clients:      [3 4 0 7]
client_models 10
selected_clients:      [4 8 3 0]
client_models 10
selected_clients:      [6 8 7 4]
client_models 10
selected_clients:      [7 6 3 8]
client_models 10
selected_clients:      [5 7 0 2]
client_models 10
here
client_data_loaders:  [<torch.utils.data.dataloader.DataLoader object at 0x291535520>, <torch.utils.data.dataloader.DataLoader object at 0x291532130>, <torch.utils.data.dataloader.DataLoader object at 0x291535610>, <torch.utils.data.dataloader.DataLoader object at 0x29dc5f3d0>, <torch.utils.data.dataloader.DataLoader object at 0x29152a550>, <torch.utils.data.dataloader.DataLoader object at 0x2915313d0>, <torch.utils.data.dataloader.DataLoader object at 0x291531790>, <torch.utils.data.dataloader.DataLoader object at 0x29152a640>, <torch.utils.data.dataloader.DataLoader object at 0x29152a910>, <torch.utils.data.dataloader.DataLoader object at 0x291535250>, <torch.utils.data.dataloader.DataLoader object at 0x2915327c0>] 11
Federated Unlearning Global Epoch  = 1
Federated Unlearning Global Epoch  = 2
Federated Unlearning Global Epoch  = 3
Federated Unlearning Global Epoch  = 4
Federated Unlearning Global Epoch  = 5
Federated Unlearning Global Epoch  = 6
Federated Unlearning Global Epoch  = 7
Federated Unlearning Global Epoch  = 8
Federated Unlearning Global Epoch  = 9
Federated Unlearning Global Epoch  = 10
Federated Unlearning Global Epoch  = 11
Federated Unlearning Global Epoch  = 12
Federated Unlearning Global Epoch  = 13
Federated Unlearning Global Epoch  = 14
Federated Unlearning Global Epoch  = 15
Federated Unlearning Global Epoch  = 16
Federated Unlearning Global Epoch  = 17
Federated Unlearning Global Epoch  = 18
Federated Unlearning Global Epoch  = 19
N [3, 1, 0, 7]
cc 0.4
ss 0.8
rouc:  0.4  rous:  0.32
IE:  {1, 3, 5, 7, 9, 11, 13, 15, 17}
tr:  5
selected_clients:      [9 7 3 2]
client_models 10
selected_clients:      [9 8 3 6]
client_models 10
selected_clients:      [4 5 4 9]
client_models 10
selected_clients:      [5 7 4 8]
client_models 10
selected_clients:      [6 3 5 5]
client_models 10
selected_clients:      [3 5 2 8]
client_models 10
selected_clients:      [0 5 1 1]
client_models 10
X_u <torch.utils.data.dataloader.DataLoader object at 0x29dc5f3d0>
data_loader_ku <torch.utils.data.dataloader.DataLoader object at 0x29dc5f3d0>
here
client_data_loaders:  [<torch.utils.data.dataloader.DataLoader object at 0x291535520>, <torch.utils.data.dataloader.DataLoader object at 0x291532130>, <torch.utils.data.dataloader.DataLoader object at 0x291535610>, <torch.utils.data.dataloader.DataLoader object at 0x29b2d92b0>, <torch.utils.data.dataloader.DataLoader object at 0x29152a550>, <torch.utils.data.dataloader.DataLoader object at 0x2915313d0>, <torch.utils.data.dataloader.DataLoader object at 0x291531790>, <torch.utils.data.dataloader.DataLoader object at 0x29152a640>, <torch.utils.data.dataloader.DataLoader object at 0x29152a910>, <torch.utils.data.dataloader.DataLoader object at 0x291535250>, <torch.utils.data.dataloader.DataLoader object at 0x2915327c0>] 11
Federated Unlearning Global Epoch  = 1
Federated Unlearning Global Epoch  = 2
Federated Unlearning Global Epoch  = 3
Federated Unlearning Global Epoch  = 4
Federated Unlearning Global Epoch  = 5
Federated Unlearning Global Epoch  = 6
Federated Unlearning Global Epoch  = 7
Federated Unlearning Global Epoch  = 8
Federated Unlearning Global Epoch  = 9
Federated Unlearning Global Epoch  = 10
Federated Unlearning Global Epoch  = 11
Federated Unlearning Global Epoch  = 12
Federated Unlearning Global Epoch  = 13
Federated Unlearning Global Epoch  = 14
Federated Unlearning Global Epoch  = 15
Federated Unlearning Global Epoch  = 16
Federated Unlearning Global Epoch  = 17
Federated Unlearning Global Epoch  = 18
Federated Unlearning Global Epoch  = 19
N [3, 1, 0, 7]
cc 0.4
ss 0.8
rouc:  0.4  rous:  0.32
IE:  {1, 3, 5, 7, 9, 11, 13, 15, 17}
tr:  5
selected_clients:      [9 5 1 2]
client_models 10
selected_clients:      [3 6 0 8]
client_models 10
selected_clients:      [5 9 2 4]
client_models 10
selected_clients:      [2 5 4 2]
client_models 10
selected_clients:      [2 9 6 1]
client_models 10
selected_clients:      [9 5 0 0]
client_models 10
selected_clients:      [5 5 9 8]
client_models 10
here
client_data_loaders:  [<torch.utils.data.dataloader.DataLoader object at 0x291535520>, <torch.utils.data.dataloader.DataLoader object at 0x291532130>, <torch.utils.data.dataloader.DataLoader object at 0x291535610>, <torch.utils.data.dataloader.DataLoader object at 0x29ed2faf0>, <torch.utils.data.dataloader.DataLoader object at 0x29152a550>, <torch.utils.data.dataloader.DataLoader object at 0x2915313d0>, <torch.utils.data.dataloader.DataLoader object at 0x291531790>, <torch.utils.data.dataloader.DataLoader object at 0x29152a640>, <torch.utils.data.dataloader.DataLoader object at 0x29152a910>, <torch.utils.data.dataloader.DataLoader object at 0x291535250>, <torch.utils.data.dataloader.DataLoader object at 0x2915327c0>] 11
Federated Unlearning Global Epoch  = 1
Federated Unlearning Global Epoch  = 2
Federated Unlearning Global Epoch  = 3
Federated Unlearning Global Epoch  = 4
Federated Unlearning Global Epoch  = 5
Federated Unlearning Global Epoch  = 6
Federated Unlearning Global Epoch  = 7
Federated Unlearning Global Epoch  = 8
Federated Unlearning Global Epoch  = 9
Federated Unlearning Global Epoch  = 10
Federated Unlearning Global Epoch  = 11
Federated Unlearning Global Epoch  = 12
Federated Unlearning Global Epoch  = 13
Federated Unlearning Global Epoch  = 14
Federated Unlearning Global Epoch  = 15
Federated Unlearning Global Epoch  = 16
Federated Unlearning Global Epoch  = 17
Federated Unlearning Global Epoch  = 18
Federated Unlearning Global Epoch  = 19
N [3, 1, 0, 7]
cc 0.4
ss 0.8
rouc:  0.4  rous:  0.32
IE:  {1, 3, 5, 7, 9, 11, 13, 15, 17}
tr:  5
selected_clients:      [1 3 8 3]
client_models 10
selected_clients:      [5 2 7 8]
client_models 10
selected_clients:      [1 6 2 7]
client_models 10
selected_clients:      [1 9 5 1]
client_models 10
selected_clients:      [5 5 0 2]
client_models 10
selected_clients:      [5 7 1 7]
client_models 10
selected_clients:      [4 0 7 8]
client_models 10
here
client_data_loaders:  [<torch.utils.data.dataloader.DataLoader object at 0x291535520>, <torch.utils.data.dataloader.DataLoader object at 0x291532130>, <torch.utils.data.dataloader.DataLoader object at 0x291535610>, <torch.utils.data.dataloader.DataLoader object at 0x29dcd3280>, <torch.utils.data.dataloader.DataLoader object at 0x29152a550>, <torch.utils.data.dataloader.DataLoader object at 0x2915313d0>, <torch.utils.data.dataloader.DataLoader object at 0x291531790>, <torch.utils.data.dataloader.DataLoader object at 0x29152a640>, <torch.utils.data.dataloader.DataLoader object at 0x29152a910>, <torch.utils.data.dataloader.DataLoader object at 0x291535250>, <torch.utils.data.dataloader.DataLoader object at 0x2915327c0>] 11
Federated Unlearning Global Epoch  = 1
Federated Unlearning Global Epoch  = 2
Federated Unlearning Global Epoch  = 3
Federated Unlearning Global Epoch  = 4
Federated Unlearning Global Epoch  = 5
Federated Unlearning Global Epoch  = 6
Federated Unlearning Global Epoch  = 7
Federated Unlearning Global Epoch  = 8
Federated Unlearning Global Epoch  = 9
Federated Unlearning Global Epoch  = 10
Federated Unlearning Global Epoch  = 11
Federated Unlearning Global Epoch  = 12
Federated Unlearning Global Epoch  = 13
Federated Unlearning Global Epoch  = 14
Federated Unlearning Global Epoch  = 15
Federated Unlearning Global Epoch  = 16
Federated Unlearning Global Epoch  = 17
Federated Unlearning Global Epoch  = 18
Federated Unlearning Global Epoch  = 19
N [3, 1, 0, 7]
cc 0.4
ss 0.8
rouc:  0.4  rous:  0.32
IE:  {1, 3, 5, 7, 9, 11, 13, 15, 17}
tr:  5
selected_clients:      [3 1 5 9]
client_models 10
selected_clients:      [5 9 8 9]
client_models 10
selected_clients:      [1 2 6 1]
client_models 10
selected_clients:      [4 2 6 4]
client_models 10
selected_clients:      [2 4 0 0]
client_models 10
selected_clients:      [8 7 0 2]
client_models 10
selected_clients:      [8 8 6 4]
client_models 10
here
client_data_loaders:  [<torch.utils.data.dataloader.DataLoader object at 0x291535520>, <torch.utils.data.dataloader.DataLoader object at 0x291532130>, <torch.utils.data.dataloader.DataLoader object at 0x291535610>, <torch.utils.data.dataloader.DataLoader object at 0x29d9af880>, <torch.utils.data.dataloader.DataLoader object at 0x29152a550>, <torch.utils.data.dataloader.DataLoader object at 0x2915313d0>, <torch.utils.data.dataloader.DataLoader object at 0x291531790>, <torch.utils.data.dataloader.DataLoader object at 0x29152a640>, <torch.utils.data.dataloader.DataLoader object at 0x29152a910>, <torch.utils.data.dataloader.DataLoader object at 0x291535250>, <torch.utils.data.dataloader.DataLoader object at 0x2915327c0>] 11
Federated Unlearning Global Epoch  = 1
Federated Unlearning Global Epoch  = 2
Federated Unlearning Global Epoch  = 3
Federated Unlearning Global Epoch  = 4
Federated Unlearning Global Epoch  = 5
Federated Unlearning Global Epoch  = 6
Federated Unlearning Global Epoch  = 7
Federated Unlearning Global Epoch  = 8
Federated Unlearning Global Epoch  = 9
Federated Unlearning Global Epoch  = 10
Federated Unlearning Global Epoch  = 11
Federated Unlearning Global Epoch  = 12
Federated Unlearning Global Epoch  = 13
Federated Unlearning Global Epoch  = 14
Federated Unlearning Global Epoch  = 15
Federated Unlearning Global Epoch  = 16
Federated Unlearning Global Epoch  = 17
Federated Unlearning Global Epoch  = 18
Federated Unlearning Global Epoch  = 19
N [3, 1, 0, 7]
cc 0.4
ss 0.8
rouc:  0.4  rous:  0.32
IE:  {1, 3, 5, 7, 9, 11, 13, 15, 17}
tr:  5
selected_clients:      [3 8 0 5]
client_models 10
selected_clients:      [1 8 4 9]
client_models 10
selected_clients:      [5 2 9 9]
client_models 10
selected_clients:      [7 1 9 5]
client_models 10
selected_clients:      [4 3 0 5]
client_models 10
selected_clients:      [4 9 0 6]
client_models 10
selected_clients:      [7 6 6 4]
client_models 10
here
client_data_loaders:  [<torch.utils.data.dataloader.DataLoader object at 0x291535520>, <torch.utils.data.dataloader.DataLoader object at 0x291532130>, <torch.utils.data.dataloader.DataLoader object at 0x291535610>, <torch.utils.data.dataloader.DataLoader object at 0x29edd4700>, <torch.utils.data.dataloader.DataLoader object at 0x29152a550>, <torch.utils.data.dataloader.DataLoader object at 0x2915313d0>, <torch.utils.data.dataloader.DataLoader object at 0x291531790>, <torch.utils.data.dataloader.DataLoader object at 0x29152a640>, <torch.utils.data.dataloader.DataLoader object at 0x29152a910>, <torch.utils.data.dataloader.DataLoader object at 0x291535250>, <torch.utils.data.dataloader.DataLoader object at 0x2915327c0>] 11
Federated Unlearning Global Epoch  = 1
Federated Unlearning Global Epoch  = 2
Federated Unlearning Global Epoch  = 3
Federated Unlearning Global Epoch  = 4
Federated Unlearning Global Epoch  = 5
Federated Unlearning Global Epoch  = 6
Federated Unlearning Global Epoch  = 7
Federated Unlearning Global Epoch  = 8
Federated Unlearning Global Epoch  = 9
Federated Unlearning Global Epoch  = 10
Federated Unlearning Global Epoch  = 11
Federated Unlearning Global Epoch  = 12
Federated Unlearning Global Epoch  = 13
Federated Unlearning Global Epoch  = 14
Federated Unlearning Global Epoch  = 15
Federated Unlearning Global Epoch  = 16
Federated Unlearning Global Epoch  = 17
Federated Unlearning Global Epoch  = 18
Federated Unlearning Global Epoch  = 19
N [3, 1, 0, 7]
cc 0.4
ss 0.8
rouc:  0.4  rous:  0.32
IE:  {1, 3, 5, 7, 9, 11, 13, 15, 17}
tr:  5
selected_clients:      [3 6 8 1]
client_models 10
selected_clients:      [0 0 6 2]
client_models 10
selected_clients:      [9 6 2 6]
client_models 10
selected_clients:      [5 9 3 2]
client_models 10
selected_clients:      [9 6 9 9]
client_models 10
selected_clients:      [8 2 0 4]
client_models 10
selected_clients:      [3 2 7 8]
client_models 10
here
client_data_loaders:  [<torch.utils.data.dataloader.DataLoader object at 0x291535520>, <torch.utils.data.dataloader.DataLoader object at 0x291532130>, <torch.utils.data.dataloader.DataLoader object at 0x291535610>, <torch.utils.data.dataloader.DataLoader object at 0x29df50400>, <torch.utils.data.dataloader.DataLoader object at 0x29152a550>, <torch.utils.data.dataloader.DataLoader object at 0x2915313d0>, <torch.utils.data.dataloader.DataLoader object at 0x291531790>, <torch.utils.data.dataloader.DataLoader object at 0x29152a640>, <torch.utils.data.dataloader.DataLoader object at 0x29152a910>, <torch.utils.data.dataloader.DataLoader object at 0x291535250>, <torch.utils.data.dataloader.DataLoader object at 0x2915327c0>] 11
Federated Unlearning Global Epoch  = 1
Federated Unlearning Global Epoch  = 2
Federated Unlearning Global Epoch  = 3
Federated Unlearning Global Epoch  = 4
Federated Unlearning Global Epoch  = 5
Federated Unlearning Global Epoch  = 6
Federated Unlearning Global Epoch  = 7
Federated Unlearning Global Epoch  = 8
Federated Unlearning Global Epoch  = 9
Federated Unlearning Global Epoch  = 10
Federated Unlearning Global Epoch  = 11
Federated Unlearning Global Epoch  = 12
Federated Unlearning Global Epoch  = 13
Federated Unlearning Global Epoch  = 14
Federated Unlearning Global Epoch  = 15
Federated Unlearning Global Epoch  = 16
Federated Unlearning Global Epoch  = 17
Federated Unlearning Global Epoch  = 18
Federated Unlearning Global Epoch  = 19
N [3, 1, 0, 7]
cc 0.4
ss 0.8
rouc:  0.4  rous:  0.32
IE:  {1, 3, 5, 7, 9, 11, 13, 15, 17}
tr:  5
selected_clients:      [5 2 3 2]
client_models 10
selected_clients:      [1 2 5 7]
client_models 10
selected_clients:      [8 0 1 2]
client_models 10
selected_clients:      [9 8 0 1]
client_models 10
selected_clients:      [1 0 9 6]
client_models 10
selected_clients:      [4 2 6 1]
client_models 10
selected_clients:      [2 1 8 9]
client_models 10
here
client_data_loaders:  [<torch.utils.data.dataloader.DataLoader object at 0x291535520>, <torch.utils.data.dataloader.DataLoader object at 0x291532130>, <torch.utils.data.dataloader.DataLoader object at 0x291535610>, <torch.utils.data.dataloader.DataLoader object at 0x29ee382e0>, <torch.utils.data.dataloader.DataLoader object at 0x29152a550>, <torch.utils.data.dataloader.DataLoader object at 0x2915313d0>, <torch.utils.data.dataloader.DataLoader object at 0x291531790>, <torch.utils.data.dataloader.DataLoader object at 0x29152a640>, <torch.utils.data.dataloader.DataLoader object at 0x29152a910>, <torch.utils.data.dataloader.DataLoader object at 0x291535250>, <torch.utils.data.dataloader.DataLoader object at 0x2915327c0>] 11
Federated Unlearning Global Epoch  = 1
Federated Unlearning Global Epoch  = 2
Federated Unlearning Global Epoch  = 3
Federated Unlearning Global Epoch  = 4
Federated Unlearning Global Epoch  = 5
Federated Unlearning Global Epoch  = 6
Federated Unlearning Global Epoch  = 7
Federated Unlearning Global Epoch  = 8
Federated Unlearning Global Epoch  = 9
Federated Unlearning Global Epoch  = 10
Federated Unlearning Global Epoch  = 11
Federated Unlearning Global Epoch  = 12
Federated Unlearning Global Epoch  = 13
Federated Unlearning Global Epoch  = 14
Federated Unlearning Global Epoch  = 15
Federated Unlearning Global Epoch  = 16
Federated Unlearning Global Epoch  = 17
Federated Unlearning Global Epoch  = 18
Federated Unlearning Global Epoch  = 19
N [3, 1, 0, 7]
cc 0.4
ss 0.8
rouc:  0.4  rous:  0.32
IE:  {1, 3, 5, 7, 9, 11, 13, 15, 17}
tr:  5
selected_clients:      [9 1 5 8]
client_models 10
selected_clients:      [6 5 6 2]
client_models 10
selected_clients:      [6 9 5 2]
client_models 10
selected_clients:      [2 1 3 1]
client_models 10
selected_clients:      [0 0 4 7]
client_models 10
selected_clients:      [6 5 6 6]
client_models 10
selected_clients:      [2 0 3 0]
client_models 10
here
client_data_loaders:  [<torch.utils.data.dataloader.DataLoader object at 0x291535520>, <torch.utils.data.dataloader.DataLoader object at 0x291532130>, <torch.utils.data.dataloader.DataLoader object at 0x291535610>, <torch.utils.data.dataloader.DataLoader object at 0x29dcefd00>, <torch.utils.data.dataloader.DataLoader object at 0x29152a550>, <torch.utils.data.dataloader.DataLoader object at 0x2915313d0>, <torch.utils.data.dataloader.DataLoader object at 0x291531790>, <torch.utils.data.dataloader.DataLoader object at 0x29152a640>, <torch.utils.data.dataloader.DataLoader object at 0x29152a910>, <torch.utils.data.dataloader.DataLoader object at 0x291535250>, <torch.utils.data.dataloader.DataLoader object at 0x2915327c0>] 11
Federated Unlearning Global Epoch  = 1
Federated Unlearning Global Epoch  = 2
Federated Unlearning Global Epoch  = 3
Federated Unlearning Global Epoch  = 4
Federated Unlearning Global Epoch  = 5
Federated Unlearning Global Epoch  = 6
Federated Unlearning Global Epoch  = 7
Federated Unlearning Global Epoch  = 8
Federated Unlearning Global Epoch  = 9
Federated Unlearning Global Epoch  = 10
Federated Unlearning Global Epoch  = 11
Federated Unlearning Global Epoch  = 12
Federated Unlearning Global Epoch  = 13
Federated Unlearning Global Epoch  = 14
Federated Unlearning Global Epoch  = 15
Federated Unlearning Global Epoch  = 16
Federated Unlearning Global Epoch  = 17
Federated Unlearning Global Epoch  = 18
Federated Unlearning Global Epoch  = 19
N [3, 1, 0, 7]
cc 0.4
ss 0.8
rouc:  0.4  rous:  0.32
IE:  {1, 3, 5, 7, 9, 11, 13, 15, 17}
tr:  5
selected_clients:      [3 5 0 5]
client_models 10
selected_clients:      [6 8 6 0]
client_models 10
selected_clients:      [9 3 4 4]
client_models 10
selected_clients:      [4 5 4 2]
client_models 10
selected_clients:      [5 3 4 2]
client_models 10
selected_clients:      [0 7 7 8]
client_models 10
selected_clients:      [3 7 9 7]
client_models 10
X_u <torch.utils.data.dataloader.DataLoader object at 0x29dcefd00>
data_loader_ku <torch.utils.data.dataloader.DataLoader object at 0x29dcefd00>
here
client_data_loaders:  [<torch.utils.data.dataloader.DataLoader object at 0x291535520>, <torch.utils.data.dataloader.DataLoader object at 0x291532130>, <torch.utils.data.dataloader.DataLoader object at 0x291535610>, <torch.utils.data.dataloader.DataLoader object at 0x29ff255b0>, <torch.utils.data.dataloader.DataLoader object at 0x29152a550>, <torch.utils.data.dataloader.DataLoader object at 0x2915313d0>, <torch.utils.data.dataloader.DataLoader object at 0x291531790>, <torch.utils.data.dataloader.DataLoader object at 0x29152a640>, <torch.utils.data.dataloader.DataLoader object at 0x29152a910>, <torch.utils.data.dataloader.DataLoader object at 0x291535250>, <torch.utils.data.dataloader.DataLoader object at 0x2915327c0>] 11
Federated Unlearning Global Epoch  = 1
Federated Unlearning Global Epoch  = 2
Federated Unlearning Global Epoch  = 3
Federated Unlearning Global Epoch  = 4
Federated Unlearning Global Epoch  = 5
Federated Unlearning Global Epoch  = 6
Federated Unlearning Global Epoch  = 7
Federated Unlearning Global Epoch  = 8
Federated Unlearning Global Epoch  = 9
Federated Unlearning Global Epoch  = 10
Federated Unlearning Global Epoch  = 11
Federated Unlearning Global Epoch  = 12
Federated Unlearning Global Epoch  = 13
Federated Unlearning Global Epoch  = 14
Federated Unlearning Global Epoch  = 15
Federated Unlearning Global Epoch  = 16
Federated Unlearning Global Epoch  = 17
Federated Unlearning Global Epoch  = 18
Federated Unlearning Global Epoch  = 19
N [3, 1, 0, 7]
cc 0.4
ss 0.8
rouc:  0.4  rous:  0.32
IE:  {1, 3, 5, 7, 9, 11, 13, 15, 17}
tr:  5
selected_clients:      [8 5 4 1]
client_models 10
selected_clients:      [9 1 7 3]
client_models 10
selected_clients:      [5 9 0 4]
client_models 10
selected_clients:      [5 6 4 2]
client_models 10
selected_clients:      [2 9 3 0]
client_models 10
selected_clients:      [8 1 6 9]
client_models 10
selected_clients:      [0 3 0 5]
client_models 10
here
client_data_loaders:  [<torch.utils.data.dataloader.DataLoader object at 0x291535520>, <torch.utils.data.dataloader.DataLoader object at 0x291532130>, <torch.utils.data.dataloader.DataLoader object at 0x291535610>, <torch.utils.data.dataloader.DataLoader object at 0x29b2cb250>, <torch.utils.data.dataloader.DataLoader object at 0x29152a550>, <torch.utils.data.dataloader.DataLoader object at 0x2915313d0>, <torch.utils.data.dataloader.DataLoader object at 0x291531790>, <torch.utils.data.dataloader.DataLoader object at 0x29152a640>, <torch.utils.data.dataloader.DataLoader object at 0x29152a910>, <torch.utils.data.dataloader.DataLoader object at 0x291535250>, <torch.utils.data.dataloader.DataLoader object at 0x2915327c0>] 11
Federated Unlearning Global Epoch  = 1
Federated Unlearning Global Epoch  = 2
Federated Unlearning Global Epoch  = 3
Federated Unlearning Global Epoch  = 4
Federated Unlearning Global Epoch  = 5
Federated Unlearning Global Epoch  = 6
Federated Unlearning Global Epoch  = 7
Federated Unlearning Global Epoch  = 8
Federated Unlearning Global Epoch  = 9
Federated Unlearning Global Epoch  = 10
Federated Unlearning Global Epoch  = 11
Federated Unlearning Global Epoch  = 12
Federated Unlearning Global Epoch  = 13
Federated Unlearning Global Epoch  = 14
Federated Unlearning Global Epoch  = 15
Federated Unlearning Global Epoch  = 16
Federated Unlearning Global Epoch  = 17
Federated Unlearning Global Epoch  = 18
Federated Unlearning Global Epoch  = 19
N [3, 1, 0, 7]
cc 0.4
ss 0.8
rouc:  0.4  rous:  0.32
IE:  {1, 3, 5, 7, 9, 11, 13, 15, 17}
tr:  5
selected_clients:      [9 4 9 6]
client_models 10
selected_clients:      [0 6 9 7]
client_models 10
selected_clients:      [5 4 1 6]
client_models 10
selected_clients:      [5 5 3 5]
client_models 10
selected_clients:      [4 2 5 2]
client_models 10
selected_clients:      [5 8 8 1]
client_models 10
selected_clients:      [2 9 0 3]
client_models 10
here
client_data_loaders:  [<torch.utils.data.dataloader.DataLoader object at 0x291535520>, <torch.utils.data.dataloader.DataLoader object at 0x291532130>, <torch.utils.data.dataloader.DataLoader object at 0x291535610>, <torch.utils.data.dataloader.DataLoader object at 0x29fa013d0>, <torch.utils.data.dataloader.DataLoader object at 0x29152a550>, <torch.utils.data.dataloader.DataLoader object at 0x2915313d0>, <torch.utils.data.dataloader.DataLoader object at 0x291531790>, <torch.utils.data.dataloader.DataLoader object at 0x29152a640>, <torch.utils.data.dataloader.DataLoader object at 0x29152a910>, <torch.utils.data.dataloader.DataLoader object at 0x291535250>, <torch.utils.data.dataloader.DataLoader object at 0x2915327c0>] 11
Federated Unlearning Global Epoch  = 1
Federated Unlearning Global Epoch  = 2
Federated Unlearning Global Epoch  = 3
Federated Unlearning Global Epoch  = 4
Federated Unlearning Global Epoch  = 5
Federated Unlearning Global Epoch  = 6
Federated Unlearning Global Epoch  = 7
Federated Unlearning Global Epoch  = 8
Federated Unlearning Global Epoch  = 9
Federated Unlearning Global Epoch  = 10
Federated Unlearning Global Epoch  = 11
Federated Unlearning Global Epoch  = 12
Federated Unlearning Global Epoch  = 13
Federated Unlearning Global Epoch  = 14
Federated Unlearning Global Epoch  = 15
Federated Unlearning Global Epoch  = 16
Federated Unlearning Global Epoch  = 17
Federated Unlearning Global Epoch  = 18
Federated Unlearning Global Epoch  = 19
N [3, 1, 0, 7]
cc 0.4
ss 0.8
rouc:  0.4  rous:  0.32
IE:  {1, 3, 5, 7, 9, 11, 13, 15, 17}
tr:  5
selected_clients:      [4 2 5 4]
client_models 10
selected_clients:      [2 0 1 8]
client_models 10
selected_clients:      [9 1 2 4]
client_models 10
selected_clients:      [5 8 6 2]
client_models 10
selected_clients:      [7 6 1 8]
client_models 10
selected_clients:      [3 3 0 0]
client_models 10
selected_clients:      [1 7 6 3]
client_models 10
here
client_data_loaders:  [<torch.utils.data.dataloader.DataLoader object at 0x291535520>, <torch.utils.data.dataloader.DataLoader object at 0x291532130>, <torch.utils.data.dataloader.DataLoader object at 0x291535610>, <torch.utils.data.dataloader.DataLoader object at 0x29df12b20>, <torch.utils.data.dataloader.DataLoader object at 0x29152a550>, <torch.utils.data.dataloader.DataLoader object at 0x2915313d0>, <torch.utils.data.dataloader.DataLoader object at 0x291531790>, <torch.utils.data.dataloader.DataLoader object at 0x29152a640>, <torch.utils.data.dataloader.DataLoader object at 0x29152a910>, <torch.utils.data.dataloader.DataLoader object at 0x291535250>, <torch.utils.data.dataloader.DataLoader object at 0x2915327c0>] 11
Federated Unlearning Global Epoch  = 1
Federated Unlearning Global Epoch  = 2
Federated Unlearning Global Epoch  = 3
Federated Unlearning Global Epoch  = 4
Federated Unlearning Global Epoch  = 5
Federated Unlearning Global Epoch  = 6
Federated Unlearning Global Epoch  = 7
Federated Unlearning Global Epoch  = 8
Federated Unlearning Global Epoch  = 9
Federated Unlearning Global Epoch  = 10
Federated Unlearning Global Epoch  = 11
Federated Unlearning Global Epoch  = 12
Federated Unlearning Global Epoch  = 13
Federated Unlearning Global Epoch  = 14
Federated Unlearning Global Epoch  = 15
Federated Unlearning Global Epoch  = 16
Federated Unlearning Global Epoch  = 17
Federated Unlearning Global Epoch  = 18
Federated Unlearning Global Epoch  = 19
N [3, 1, 0, 7]
cc 0.4
ss 0.8
rouc:  0.4  rous:  0.32
IE:  {1, 3, 5, 7, 9, 11, 13, 15, 17}
tr:  5
selected_clients:      [0 5 8 1]
client_models 10
selected_clients:      [9 5 1 7]
client_models 10
selected_clients:      [0 6 3 8]
client_models 10
selected_clients:      [6 1 1 2]
client_models 10
selected_clients:      [8 1 5 0]
client_models 10
selected_clients:      [1 5 0 4]
client_models 10
selected_clients:      [9 9 4 5]
client_models 10
here
client_data_loaders:  [<torch.utils.data.dataloader.DataLoader object at 0x291535520>, <torch.utils.data.dataloader.DataLoader object at 0x291532130>, <torch.utils.data.dataloader.DataLoader object at 0x291535610>, <torch.utils.data.dataloader.DataLoader object at 0x29eb44f10>, <torch.utils.data.dataloader.DataLoader object at 0x29152a550>, <torch.utils.data.dataloader.DataLoader object at 0x2915313d0>, <torch.utils.data.dataloader.DataLoader object at 0x291531790>, <torch.utils.data.dataloader.DataLoader object at 0x29152a640>, <torch.utils.data.dataloader.DataLoader object at 0x29152a910>, <torch.utils.data.dataloader.DataLoader object at 0x291535250>, <torch.utils.data.dataloader.DataLoader object at 0x2915327c0>] 11
Federated Unlearning Global Epoch  = 1
Federated Unlearning Global Epoch  = 2
Federated Unlearning Global Epoch  = 3
Federated Unlearning Global Epoch  = 4
Federated Unlearning Global Epoch  = 5
Federated Unlearning Global Epoch  = 6
Federated Unlearning Global Epoch  = 7
Federated Unlearning Global Epoch  = 8
Federated Unlearning Global Epoch  = 9
Federated Unlearning Global Epoch  = 10
Federated Unlearning Global Epoch  = 11
Federated Unlearning Global Epoch  = 12
Federated Unlearning Global Epoch  = 13
Federated Unlearning Global Epoch  = 14
Federated Unlearning Global Epoch  = 15
Federated Unlearning Global Epoch  = 16
Federated Unlearning Global Epoch  = 17
Federated Unlearning Global Epoch  = 18
Federated Unlearning Global Epoch  = 19
N [3, 1, 0, 7]
cc 0.4
ss 0.8
rouc:  0.4  rous:  0.32
IE:  {1, 3, 5, 7, 9, 11, 13, 15, 17}
tr:  5
selected_clients:      [3 9 9 3]
client_models 10
selected_clients:      [3 3 7 9]
client_models 10
selected_clients:      [9 5 6 5]
client_models 10
selected_clients:      [6 7 9 2]
client_models 10
selected_clients:      [2 8 8 9]
client_models 10
selected_clients:      [8 9 0 4]
client_models 10
selected_clients:      [3 9 0 3]
client_models 10
here
client_data_loaders:  [<torch.utils.data.dataloader.DataLoader object at 0x291535520>, <torch.utils.data.dataloader.DataLoader object at 0x291532130>, <torch.utils.data.dataloader.DataLoader object at 0x291535610>, <torch.utils.data.dataloader.DataLoader object at 0x29db22eb0>, <torch.utils.data.dataloader.DataLoader object at 0x29152a550>, <torch.utils.data.dataloader.DataLoader object at 0x2915313d0>, <torch.utils.data.dataloader.DataLoader object at 0x291531790>, <torch.utils.data.dataloader.DataLoader object at 0x29152a640>, <torch.utils.data.dataloader.DataLoader object at 0x29152a910>, <torch.utils.data.dataloader.DataLoader object at 0x291535250>, <torch.utils.data.dataloader.DataLoader object at 0x2915327c0>] 11
Federated Unlearning Global Epoch  = 1
Federated Unlearning Global Epoch  = 2
Federated Unlearning Global Epoch  = 3
Federated Unlearning Global Epoch  = 4
Federated Unlearning Global Epoch  = 5
Federated Unlearning Global Epoch  = 6
Federated Unlearning Global Epoch  = 7
Federated Unlearning Global Epoch  = 8
Federated Unlearning Global Epoch  = 9
Federated Unlearning Global Epoch  = 10
Federated Unlearning Global Epoch  = 11
Federated Unlearning Global Epoch  = 12
Federated Unlearning Global Epoch  = 13
Federated Unlearning Global Epoch  = 14
Federated Unlearning Global Epoch  = 15
Federated Unlearning Global Epoch  = 16
Federated Unlearning Global Epoch  = 17
Federated Unlearning Global Epoch  = 18
Federated Unlearning Global Epoch  = 19
N [3, 1, 0, 7]
cc 0.4
ss 0.8
rouc:  0.4  rous:  0.32
IE:  {1, 3, 5, 7, 9, 11, 13, 15, 17}
tr:  5
selected_clients:      [7 2 9 0]
client_models 10
selected_clients:      [2 0 0 7]
client_models 10
selected_clients:      [6 7 5 5]
client_models 10
selected_clients:      [8 9 5 7]
client_models 10
selected_clients:      [4 2 5 5]
client_models 10
selected_clients:      [7 0 3 5]
client_models 10
selected_clients:      [4 7 4 7]
client_models 10
here
client_data_loaders:  [<torch.utils.data.dataloader.DataLoader object at 0x291535520>, <torch.utils.data.dataloader.DataLoader object at 0x291532130>, <torch.utils.data.dataloader.DataLoader object at 0x291535610>, <torch.utils.data.dataloader.DataLoader object at 0x2909508e0>, <torch.utils.data.dataloader.DataLoader object at 0x29152a550>, <torch.utils.data.dataloader.DataLoader object at 0x2915313d0>, <torch.utils.data.dataloader.DataLoader object at 0x291531790>, <torch.utils.data.dataloader.DataLoader object at 0x29152a640>, <torch.utils.data.dataloader.DataLoader object at 0x29152a910>, <torch.utils.data.dataloader.DataLoader object at 0x291535250>, <torch.utils.data.dataloader.DataLoader object at 0x2915327c0>] 11
Federated Unlearning Global Epoch  = 1
Federated Unlearning Global Epoch  = 2
Federated Unlearning Global Epoch  = 3
Federated Unlearning Global Epoch  = 4
Federated Unlearning Global Epoch  = 5
Federated Unlearning Global Epoch  = 6
Federated Unlearning Global Epoch  = 7
Federated Unlearning Global Epoch  = 8
Federated Unlearning Global Epoch  = 9
Federated Unlearning Global Epoch  = 10
Federated Unlearning Global Epoch  = 11
Federated Unlearning Global Epoch  = 12
Federated Unlearning Global Epoch  = 13
Federated Unlearning Global Epoch  = 14
Federated Unlearning Global Epoch  = 15
Federated Unlearning Global Epoch  = 16
Federated Unlearning Global Epoch  = 17
Federated Unlearning Global Epoch  = 18
Federated Unlearning Global Epoch  = 19
N [3, 1, 0, 7]
cc 0.4
ss 0.8
rouc:  0.4  rous:  0.32
IE:  {1, 3, 5, 7, 9, 11, 13, 15, 17}
tr:  5
selected_clients:      [1 8 7 6]
client_models 10
selected_clients:      [0 6 8 1]
client_models 10
selected_clients:      [6 1 1 2]
client_models 10
selected_clients:      [4 0 0 3]
client_models 10
selected_clients:      [0 6 9 3]
client_models 10
selected_clients:      [9 9 2 6]
client_models 10
selected_clients:      [3 5 0 8]
client_models 10
here
client_data_loaders:  [<torch.utils.data.dataloader.DataLoader object at 0x291535520>, <torch.utils.data.dataloader.DataLoader object at 0x291532130>, <torch.utils.data.dataloader.DataLoader object at 0x291535610>, <torch.utils.data.dataloader.DataLoader object at 0x29ff4eac0>, <torch.utils.data.dataloader.DataLoader object at 0x29152a550>, <torch.utils.data.dataloader.DataLoader object at 0x2915313d0>, <torch.utils.data.dataloader.DataLoader object at 0x291531790>, <torch.utils.data.dataloader.DataLoader object at 0x29152a640>, <torch.utils.data.dataloader.DataLoader object at 0x29152a910>, <torch.utils.data.dataloader.DataLoader object at 0x291535250>, <torch.utils.data.dataloader.DataLoader object at 0x2915327c0>] 11
Federated Unlearning Global Epoch  = 1
Federated Unlearning Global Epoch  = 2
Federated Unlearning Global Epoch  = 3
Federated Unlearning Global Epoch  = 4
Federated Unlearning Global Epoch  = 5
Federated Unlearning Global Epoch  = 6
Federated Unlearning Global Epoch  = 7
Federated Unlearning Global Epoch  = 8
Federated Unlearning Global Epoch  = 9
Federated Unlearning Global Epoch  = 10
Federated Unlearning Global Epoch  = 11
Federated Unlearning Global Epoch  = 12
Federated Unlearning Global Epoch  = 13
Federated Unlearning Global Epoch  = 14
Federated Unlearning Global Epoch  = 15
Federated Unlearning Global Epoch  = 16
Federated Unlearning Global Epoch  = 17
Federated Unlearning Global Epoch  = 18
Federated Unlearning Global Epoch  = 19
N [3, 1, 0, 7]
cc 0.4
ss 0.8
rouc:  0.4  rous:  0.32
IE:  {1, 3, 5, 7, 9, 11, 13, 15, 17}
tr:  5
selected_clients:      [9 3 2 3]
client_models 10
selected_clients:      [4 7 0 1]
client_models 10
selected_clients:      [4 2 7 8]
client_models 10
selected_clients:      [6 6 3 0]
client_models 10
selected_clients:      [2 6 0 3]
client_models 10
selected_clients:      [5 4 1 6]
client_models 10
selected_clients:      [0 4 9 5]
client_models 10
X_u <torch.utils.data.dataloader.DataLoader object at 0x29ff4eac0>
data_loader_ku <torch.utils.data.dataloader.DataLoader object at 0x29ff4eac0>
here
client_data_loaders:  [<torch.utils.data.dataloader.DataLoader object at 0x291535520>, <torch.utils.data.dataloader.DataLoader object at 0x291532130>, <torch.utils.data.dataloader.DataLoader object at 0x291535610>, <torch.utils.data.dataloader.DataLoader object at 0x29df120d0>, <torch.utils.data.dataloader.DataLoader object at 0x29152a550>, <torch.utils.data.dataloader.DataLoader object at 0x2915313d0>, <torch.utils.data.dataloader.DataLoader object at 0x291531790>, <torch.utils.data.dataloader.DataLoader object at 0x29152a640>, <torch.utils.data.dataloader.DataLoader object at 0x29152a910>, <torch.utils.data.dataloader.DataLoader object at 0x291535250>, <torch.utils.data.dataloader.DataLoader object at 0x2915327c0>] 11
Federated Unlearning Global Epoch  = 1
Federated Unlearning Global Epoch  = 2
Federated Unlearning Global Epoch  = 3
Federated Unlearning Global Epoch  = 4
Federated Unlearning Global Epoch  = 5
Federated Unlearning Global Epoch  = 6
Federated Unlearning Global Epoch  = 7
Federated Unlearning Global Epoch  = 8
Federated Unlearning Global Epoch  = 9
Federated Unlearning Global Epoch  = 10
Federated Unlearning Global Epoch  = 11
Federated Unlearning Global Epoch  = 12
Federated Unlearning Global Epoch  = 13
Federated Unlearning Global Epoch  = 14
Federated Unlearning Global Epoch  = 15
Federated Unlearning Global Epoch  = 16
Federated Unlearning Global Epoch  = 17
Federated Unlearning Global Epoch  = 18
Federated Unlearning Global Epoch  = 19
N [3, 1, 0, 7]
cc 0.4
ss 0.8
rouc:  0.4  rous:  0.32
IE:  {1, 3, 5, 7, 9, 11, 13, 15, 17}
tr:  5
selected_clients:      [6 1 6 9]
client_models 10
selected_clients:      [2 1 1 0]
client_models 10
selected_clients:      [5 9 2 6]
client_models 10
selected_clients:      [3 8 4 7]
client_models 10
selected_clients:      [1 1 0 5]
client_models 10
selected_clients:      [6 6 1 1]
client_models 10
selected_clients:      [6 9 6 9]
client_models 10
here
client_data_loaders:  [<torch.utils.data.dataloader.DataLoader object at 0x291535520>, <torch.utils.data.dataloader.DataLoader object at 0x291532130>, <torch.utils.data.dataloader.DataLoader object at 0x291535610>, <torch.utils.data.dataloader.DataLoader object at 0x29d9d1220>, <torch.utils.data.dataloader.DataLoader object at 0x29152a550>, <torch.utils.data.dataloader.DataLoader object at 0x2915313d0>, <torch.utils.data.dataloader.DataLoader object at 0x291531790>, <torch.utils.data.dataloader.DataLoader object at 0x29152a640>, <torch.utils.data.dataloader.DataLoader object at 0x29152a910>, <torch.utils.data.dataloader.DataLoader object at 0x291535250>, <torch.utils.data.dataloader.DataLoader object at 0x2915327c0>] 11
Federated Unlearning Global Epoch  = 1
Federated Unlearning Global Epoch  = 2
Federated Unlearning Global Epoch  = 3
Federated Unlearning Global Epoch  = 4
Federated Unlearning Global Epoch  = 5
Federated Unlearning Global Epoch  = 6
Federated Unlearning Global Epoch  = 7
Federated Unlearning Global Epoch  = 8
Federated Unlearning Global Epoch  = 9
Federated Unlearning Global Epoch  = 10
Federated Unlearning Global Epoch  = 11
Federated Unlearning Global Epoch  = 12
Federated Unlearning Global Epoch  = 13
Federated Unlearning Global Epoch  = 14
Federated Unlearning Global Epoch  = 15
Federated Unlearning Global Epoch  = 16
Federated Unlearning Global Epoch  = 17
Federated Unlearning Global Epoch  = 18
Federated Unlearning Global Epoch  = 19
N [3, 1, 0, 7]
cc 0.4
ss 0.8
rouc:  0.4  rous:  0.32
IE:  {1, 3, 5, 7, 9, 11, 13, 15, 17}
tr:  5
selected_clients:      [1 8 5 9]
client_models 10
selected_clients:      [0 3 6 6]
client_models 10
selected_clients:      [9 4 0 2]
client_models 10
selected_clients:      [8 9 2 8]
client_models 10
selected_clients:      [8 2 2 7]
client_models 10
selected_clients:      [7 9 7 7]
client_models 10
selected_clients:      [1 7 5 5]
client_models 10
here
client_data_loaders:  [<torch.utils.data.dataloader.DataLoader object at 0x291535520>, <torch.utils.data.dataloader.DataLoader object at 0x291532130>, <torch.utils.data.dataloader.DataLoader object at 0x291535610>, <torch.utils.data.dataloader.DataLoader object at 0x29dca7a60>, <torch.utils.data.dataloader.DataLoader object at 0x29152a550>, <torch.utils.data.dataloader.DataLoader object at 0x2915313d0>, <torch.utils.data.dataloader.DataLoader object at 0x291531790>, <torch.utils.data.dataloader.DataLoader object at 0x29152a640>, <torch.utils.data.dataloader.DataLoader object at 0x29152a910>, <torch.utils.data.dataloader.DataLoader object at 0x291535250>, <torch.utils.data.dataloader.DataLoader object at 0x2915327c0>] 11
Federated Unlearning Global Epoch  = 1
Federated Unlearning Global Epoch  = 2
Federated Unlearning Global Epoch  = 3
Federated Unlearning Global Epoch  = 4
Federated Unlearning Global Epoch  = 5
Federated Unlearning Global Epoch  = 6
Federated Unlearning Global Epoch  = 7
Federated Unlearning Global Epoch  = 8
Federated Unlearning Global Epoch  = 9
Federated Unlearning Global Epoch  = 10
Federated Unlearning Global Epoch  = 11
Federated Unlearning Global Epoch  = 12
Federated Unlearning Global Epoch  = 13
Federated Unlearning Global Epoch  = 14
Federated Unlearning Global Epoch  = 15
Federated Unlearning Global Epoch  = 16
Federated Unlearning Global Epoch  = 17
Federated Unlearning Global Epoch  = 18
Federated Unlearning Global Epoch  = 19
N [3, 1, 0, 7]
cc 0.4
ss 0.8
rouc:  0.4  rous:  0.32
IE:  {1, 3, 5, 7, 9, 11, 13, 15, 17}
tr:  5
selected_clients:      [0 9 8 6]
client_models 10
selected_clients:      [6 9 9 1]
client_models 10
selected_clients:      [8 8 5 7]
client_models 10
selected_clients:      [9 8 3 2]
client_models 10
selected_clients:      [3 9 1 8]
client_models 10
selected_clients:      [9 9 1 6]
client_models 10
selected_clients:      [8 7 0 9]
client_models 10
here
client_data_loaders:  [<torch.utils.data.dataloader.DataLoader object at 0x291535520>, <torch.utils.data.dataloader.DataLoader object at 0x291532130>, <torch.utils.data.dataloader.DataLoader object at 0x291535610>, <torch.utils.data.dataloader.DataLoader object at 0x29dc193d0>, <torch.utils.data.dataloader.DataLoader object at 0x29152a550>, <torch.utils.data.dataloader.DataLoader object at 0x2915313d0>, <torch.utils.data.dataloader.DataLoader object at 0x291531790>, <torch.utils.data.dataloader.DataLoader object at 0x29152a640>, <torch.utils.data.dataloader.DataLoader object at 0x29152a910>, <torch.utils.data.dataloader.DataLoader object at 0x291535250>, <torch.utils.data.dataloader.DataLoader object at 0x2915327c0>] 11
Federated Unlearning Global Epoch  = 1
Federated Unlearning Global Epoch  = 2
Federated Unlearning Global Epoch  = 3
Federated Unlearning Global Epoch  = 4
Federated Unlearning Global Epoch  = 5
Federated Unlearning Global Epoch  = 6
Federated Unlearning Global Epoch  = 7
Federated Unlearning Global Epoch  = 8
Federated Unlearning Global Epoch  = 9
Federated Unlearning Global Epoch  = 10
Federated Unlearning Global Epoch  = 11
Federated Unlearning Global Epoch  = 12
Federated Unlearning Global Epoch  = 13
Federated Unlearning Global Epoch  = 14
Federated Unlearning Global Epoch  = 15
Federated Unlearning Global Epoch  = 16
Federated Unlearning Global Epoch  = 17
Federated Unlearning Global Epoch  = 18
Federated Unlearning Global Epoch  = 19
N [3, 1, 0, 7]
cc 0.4
ss 0.8
rouc:  0.4  rous:  0.32
IE:  {1, 3, 5, 7, 9, 11, 13, 15, 17}
tr:  5
selected_clients:      [7 4 2 8]
client_models 10
selected_clients:      [1 0 9 5]
client_models 10
selected_clients:      [3 6 3 3]
client_models 10
selected_clients:      [6 0 2 7]
client_models 10
selected_clients:      [7 8 0 4]
client_models 10
selected_clients:      [6 0 0 2]
client_models 10
selected_clients:      [0 8 1 0]
client_models 10
here
client_data_loaders:  [<torch.utils.data.dataloader.DataLoader object at 0x291535520>, <torch.utils.data.dataloader.DataLoader object at 0x291532130>, <torch.utils.data.dataloader.DataLoader object at 0x291535610>, <torch.utils.data.dataloader.DataLoader object at 0x16a655910>, <torch.utils.data.dataloader.DataLoader object at 0x29152a550>, <torch.utils.data.dataloader.DataLoader object at 0x2915313d0>, <torch.utils.data.dataloader.DataLoader object at 0x291531790>, <torch.utils.data.dataloader.DataLoader object at 0x29152a640>, <torch.utils.data.dataloader.DataLoader object at 0x29152a910>, <torch.utils.data.dataloader.DataLoader object at 0x291535250>, <torch.utils.data.dataloader.DataLoader object at 0x2915327c0>] 11
Federated Unlearning Global Epoch  = 1
Federated Unlearning Global Epoch  = 2
Federated Unlearning Global Epoch  = 3
Federated Unlearning Global Epoch  = 4
Federated Unlearning Global Epoch  = 5
Federated Unlearning Global Epoch  = 6
Federated Unlearning Global Epoch  = 7
Federated Unlearning Global Epoch  = 8
Federated Unlearning Global Epoch  = 9
Federated Unlearning Global Epoch  = 10
Federated Unlearning Global Epoch  = 11
Federated Unlearning Global Epoch  = 12
Federated Unlearning Global Epoch  = 13
Federated Unlearning Global Epoch  = 14
Federated Unlearning Global Epoch  = 15
Federated Unlearning Global Epoch  = 16
Federated Unlearning Global Epoch  = 17
Federated Unlearning Global Epoch  = 18
Federated Unlearning Global Epoch  = 19
N [3, 1, 0, 7]
cc 0.4
ss 0.8
rouc:  0.4  rous:  0.32
IE:  {1, 3, 5, 7, 9, 11, 13, 15, 17}
tr:  5
selected_clients:      [5 8 9 7]
client_models 10
selected_clients:      [7 7 0 3]
client_models 10
selected_clients:      [2 0 3 3]
client_models 10
selected_clients:      [7 1 2 0]
client_models 10
selected_clients:      [1 5 3 7]
client_models 10
selected_clients:      [3 1 3 6]
client_models 10
selected_clients:      [5 2 4 8]
client_models 10
here
client_data_loaders:  [<torch.utils.data.dataloader.DataLoader object at 0x291535520>, <torch.utils.data.dataloader.DataLoader object at 0x291532130>, <torch.utils.data.dataloader.DataLoader object at 0x291535610>, <torch.utils.data.dataloader.DataLoader object at 0x29fa49a00>, <torch.utils.data.dataloader.DataLoader object at 0x29152a550>, <torch.utils.data.dataloader.DataLoader object at 0x2915313d0>, <torch.utils.data.dataloader.DataLoader object at 0x291531790>, <torch.utils.data.dataloader.DataLoader object at 0x29152a640>, <torch.utils.data.dataloader.DataLoader object at 0x29152a910>, <torch.utils.data.dataloader.DataLoader object at 0x291535250>, <torch.utils.data.dataloader.DataLoader object at 0x2915327c0>] 11
Federated Unlearning Global Epoch  = 1
Federated Unlearning Global Epoch  = 2
Federated Unlearning Global Epoch  = 3
Federated Unlearning Global Epoch  = 4
Federated Unlearning Global Epoch  = 5
Federated Unlearning Global Epoch  = 6
Federated Unlearning Global Epoch  = 7
Federated Unlearning Global Epoch  = 8
Federated Unlearning Global Epoch  = 9
Federated Unlearning Global Epoch  = 10
Federated Unlearning Global Epoch  = 11
Federated Unlearning Global Epoch  = 12
Federated Unlearning Global Epoch  = 13
Federated Unlearning Global Epoch  = 14
Federated Unlearning Global Epoch  = 15
Federated Unlearning Global Epoch  = 16
Federated Unlearning Global Epoch  = 17
Federated Unlearning Global Epoch  = 18
Federated Unlearning Global Epoch  = 19
N [3, 1, 0, 7]
cc 0.4
ss 0.8
rouc:  0.4  rous:  0.32
IE:  {1, 3, 5, 7, 9, 11, 13, 15, 17}
tr:  5
selected_clients:      [4 3 9 8]
client_models 10
selected_clients:      [8 9 0 4]
client_models 10
selected_clients:      [3 6 8 2]
client_models 10
selected_clients:      [2 8 2 3]
client_models 10
selected_clients:      [8 1 9 2]
client_models 10
selected_clients:      [6 3 9 0]
client_models 10
selected_clients:      [8 8 6 8]
client_models 10
here
client_data_loaders:  [<torch.utils.data.dataloader.DataLoader object at 0x291535520>, <torch.utils.data.dataloader.DataLoader object at 0x291532130>, <torch.utils.data.dataloader.DataLoader object at 0x291535610>, <torch.utils.data.dataloader.DataLoader object at 0x290950bb0>, <torch.utils.data.dataloader.DataLoader object at 0x29152a550>, <torch.utils.data.dataloader.DataLoader object at 0x2915313d0>, <torch.utils.data.dataloader.DataLoader object at 0x291531790>, <torch.utils.data.dataloader.DataLoader object at 0x29152a640>, <torch.utils.data.dataloader.DataLoader object at 0x29152a910>, <torch.utils.data.dataloader.DataLoader object at 0x291535250>, <torch.utils.data.dataloader.DataLoader object at 0x2915327c0>] 11
Federated Unlearning Global Epoch  = 1
Federated Unlearning Global Epoch  = 2
Federated Unlearning Global Epoch  = 3
Federated Unlearning Global Epoch  = 4
Federated Unlearning Global Epoch  = 5
Federated Unlearning Global Epoch  = 6
Federated Unlearning Global Epoch  = 7
Federated Unlearning Global Epoch  = 8
Federated Unlearning Global Epoch  = 9
Federated Unlearning Global Epoch  = 10
Federated Unlearning Global Epoch  = 11
Federated Unlearning Global Epoch  = 12
Federated Unlearning Global Epoch  = 13
Federated Unlearning Global Epoch  = 14
Federated Unlearning Global Epoch  = 15
Federated Unlearning Global Epoch  = 16
Federated Unlearning Global Epoch  = 17
Federated Unlearning Global Epoch  = 18
Federated Unlearning Global Epoch  = 19
N [3, 1, 0, 7]
cc 0.4
ss 0.8
rouc:  0.4  rous:  0.32
IE:  {1, 3, 5, 7, 9, 11, 13, 15, 17}
tr:  5
selected_clients:      [2 7 6 3]
client_models 10
selected_clients:      [9 0 4 3]
client_models 10
selected_clients:      [2 7 8 9]
client_models 10
selected_clients:      [3 6 7 3]
client_models 10
selected_clients:      [7 8 2 4]
client_models 10
selected_clients:      [9 3 8 3]
client_models 10
selected_clients:      [4 9 8 9]
client_models 10
here
client_data_loaders:  [<torch.utils.data.dataloader.DataLoader object at 0x291535520>, <torch.utils.data.dataloader.DataLoader object at 0x291532130>, <torch.utils.data.dataloader.DataLoader object at 0x291535610>, <torch.utils.data.dataloader.DataLoader object at 0x2915a09a0>, <torch.utils.data.dataloader.DataLoader object at 0x29152a550>, <torch.utils.data.dataloader.DataLoader object at 0x2915313d0>, <torch.utils.data.dataloader.DataLoader object at 0x291531790>, <torch.utils.data.dataloader.DataLoader object at 0x29152a640>, <torch.utils.data.dataloader.DataLoader object at 0x29152a910>, <torch.utils.data.dataloader.DataLoader object at 0x291535250>, <torch.utils.data.dataloader.DataLoader object at 0x2915327c0>] 11
Federated Unlearning Global Epoch  = 1
Federated Unlearning Global Epoch  = 2
Federated Unlearning Global Epoch  = 3
Federated Unlearning Global Epoch  = 4
Federated Unlearning Global Epoch  = 5
Federated Unlearning Global Epoch  = 6
Federated Unlearning Global Epoch  = 7
Federated Unlearning Global Epoch  = 8
Federated Unlearning Global Epoch  = 9
Federated Unlearning Global Epoch  = 10
Federated Unlearning Global Epoch  = 11
Federated Unlearning Global Epoch  = 12
Federated Unlearning Global Epoch  = 13
Federated Unlearning Global Epoch  = 14
Federated Unlearning Global Epoch  = 15
Federated Unlearning Global Epoch  = 16
Federated Unlearning Global Epoch  = 17
Federated Unlearning Global Epoch  = 18
Federated Unlearning Global Epoch  = 19
N [3, 1, 0, 7]
cc 0.4
ss 0.8
rouc:  0.4  rous:  0.32
IE:  {1, 3, 5, 7, 9, 11, 13, 15, 17}
tr:  5
selected_clients:      [6 2 1 2]
client_models 10
selected_clients:      [1 6 9 7]
client_models 10
selected_clients:      [6 1 4 7]
client_models 10
selected_clients:      [5 5 4 8]
client_models 10
selected_clients:      [3 7 1 4]
client_models 10
selected_clients:      [5 8 8 2]
client_models 10
selected_clients:      [9 0 0 8]
client_models 10
X_u <torch.utils.data.dataloader.DataLoader object at 0x2915a09a0>
data_loader_ku <torch.utils.data.dataloader.DataLoader object at 0x2915a09a0>
here
client_data_loaders:  [<torch.utils.data.dataloader.DataLoader object at 0x291535520>, <torch.utils.data.dataloader.DataLoader object at 0x291532130>, <torch.utils.data.dataloader.DataLoader object at 0x291535610>, <torch.utils.data.dataloader.DataLoader object at 0x29d8fd580>, <torch.utils.data.dataloader.DataLoader object at 0x29152a550>, <torch.utils.data.dataloader.DataLoader object at 0x2915313d0>, <torch.utils.data.dataloader.DataLoader object at 0x291531790>, <torch.utils.data.dataloader.DataLoader object at 0x29152a640>, <torch.utils.data.dataloader.DataLoader object at 0x29152a910>, <torch.utils.data.dataloader.DataLoader object at 0x291535250>, <torch.utils.data.dataloader.DataLoader object at 0x2915327c0>] 11
Federated Unlearning Global Epoch  = 1
Federated Unlearning Global Epoch  = 2
Federated Unlearning Global Epoch  = 3
Federated Unlearning Global Epoch  = 4
Federated Unlearning Global Epoch  = 5
Federated Unlearning Global Epoch  = 6
Federated Unlearning Global Epoch  = 7
Federated Unlearning Global Epoch  = 8
Federated Unlearning Global Epoch  = 9
Federated Unlearning Global Epoch  = 10
Federated Unlearning Global Epoch  = 11
Federated Unlearning Global Epoch  = 12
Federated Unlearning Global Epoch  = 13
Federated Unlearning Global Epoch  = 14
Federated Unlearning Global Epoch  = 15
Federated Unlearning Global Epoch  = 16
Federated Unlearning Global Epoch  = 17
Federated Unlearning Global Epoch  = 18
Federated Unlearning Global Epoch  = 19
N [3, 1, 0, 7]
cc 0.4
ss 0.8
rouc:  0.4  rous:  0.32
IE:  {1, 3, 5, 7, 9, 11, 13, 15, 17}
tr:  5
selected_clients:      [5 5 1 4]
client_models 10
selected_clients:      [1 3 7 7]
client_models 10
selected_clients:      [9 1 9 0]
client_models 10
selected_clients:      [7 1 3 6]
client_models 10
selected_clients:      [2 4 3 7]
client_models 10
selected_clients:      [3 7 4 1]
client_models 10
selected_clients:      [2 4 1 7]
client_models 10
here
client_data_loaders:  [<torch.utils.data.dataloader.DataLoader object at 0x291535520>, <torch.utils.data.dataloader.DataLoader object at 0x291532130>, <torch.utils.data.dataloader.DataLoader object at 0x291535610>, <torch.utils.data.dataloader.DataLoader object at 0x29dbb00a0>, <torch.utils.data.dataloader.DataLoader object at 0x29152a550>, <torch.utils.data.dataloader.DataLoader object at 0x2915313d0>, <torch.utils.data.dataloader.DataLoader object at 0x291531790>, <torch.utils.data.dataloader.DataLoader object at 0x29152a640>, <torch.utils.data.dataloader.DataLoader object at 0x29152a910>, <torch.utils.data.dataloader.DataLoader object at 0x291535250>, <torch.utils.data.dataloader.DataLoader object at 0x2915327c0>] 11
Federated Unlearning Global Epoch  = 1
Federated Unlearning Global Epoch  = 2
Federated Unlearning Global Epoch  = 3
Federated Unlearning Global Epoch  = 4
Federated Unlearning Global Epoch  = 5
Federated Unlearning Global Epoch  = 6
Federated Unlearning Global Epoch  = 7
Federated Unlearning Global Epoch  = 8
Federated Unlearning Global Epoch  = 9
Federated Unlearning Global Epoch  = 10
Federated Unlearning Global Epoch  = 11
Federated Unlearning Global Epoch  = 12
Federated Unlearning Global Epoch  = 13
Federated Unlearning Global Epoch  = 14
Federated Unlearning Global Epoch  = 15
Federated Unlearning Global Epoch  = 16
Federated Unlearning Global Epoch  = 17
Federated Unlearning Global Epoch  = 18
Federated Unlearning Global Epoch  = 19
N [3, 1, 0, 7]
cc 0.4
ss 0.8
rouc:  0.4  rous:  0.32
IE:  {1, 3, 5, 7, 9, 11, 13, 15, 17}
tr:  5
selected_clients:      [6 6 4 2]
client_models 10
selected_clients:      [2 8 6 6]
client_models 10
selected_clients:      [5 2 1 1]
client_models 10
selected_clients:      [9 5 2 8]
client_models 10
selected_clients:      [5 9 5 0]
client_models 10
selected_clients:      [6 6 9 2]
client_models 10
selected_clients:      [1 5 7 2]
client_models 10
here
client_data_loaders:  [<torch.utils.data.dataloader.DataLoader object at 0x291535520>, <torch.utils.data.dataloader.DataLoader object at 0x291532130>, <torch.utils.data.dataloader.DataLoader object at 0x291535610>, <torch.utils.data.dataloader.DataLoader object at 0x29df2d190>, <torch.utils.data.dataloader.DataLoader object at 0x29152a550>, <torch.utils.data.dataloader.DataLoader object at 0x2915313d0>, <torch.utils.data.dataloader.DataLoader object at 0x291531790>, <torch.utils.data.dataloader.DataLoader object at 0x29152a640>, <torch.utils.data.dataloader.DataLoader object at 0x29152a910>, <torch.utils.data.dataloader.DataLoader object at 0x291535250>, <torch.utils.data.dataloader.DataLoader object at 0x2915327c0>] 11
Federated Unlearning Global Epoch  = 1
Federated Unlearning Global Epoch  = 2
Federated Unlearning Global Epoch  = 3
Federated Unlearning Global Epoch  = 4
Federated Unlearning Global Epoch  = 5
Federated Unlearning Global Epoch  = 6
Federated Unlearning Global Epoch  = 7
Federated Unlearning Global Epoch  = 8
Federated Unlearning Global Epoch  = 9
Federated Unlearning Global Epoch  = 10
Federated Unlearning Global Epoch  = 11
Federated Unlearning Global Epoch  = 12
Federated Unlearning Global Epoch  = 13
Federated Unlearning Global Epoch  = 14
Federated Unlearning Global Epoch  = 15
Federated Unlearning Global Epoch  = 16
Federated Unlearning Global Epoch  = 17
Federated Unlearning Global Epoch  = 18
Federated Unlearning Global Epoch  = 19
N [3, 1, 0, 7]
cc 0.4
ss 0.8
rouc:  0.4  rous:  0.32
IE:  {1, 3, 5, 7, 9, 11, 13, 15, 17}
tr:  5
selected_clients:      [0 8 0 6]
client_models 10
selected_clients:      [6 8 1 6]
client_models 10
selected_clients:      [7 5 0 7]
client_models 10
selected_clients:      [4 1 7 2]
client_models 10
selected_clients:      [6 6 3 4]
client_models 10
selected_clients:      [1 7 8 2]
client_models 10
selected_clients:      [7 0 2 6]
client_models 10
here
client_data_loaders:  [<torch.utils.data.dataloader.DataLoader object at 0x291535520>, <torch.utils.data.dataloader.DataLoader object at 0x291532130>, <torch.utils.data.dataloader.DataLoader object at 0x291535610>, <torch.utils.data.dataloader.DataLoader object at 0x29eb446d0>, <torch.utils.data.dataloader.DataLoader object at 0x29152a550>, <torch.utils.data.dataloader.DataLoader object at 0x2915313d0>, <torch.utils.data.dataloader.DataLoader object at 0x291531790>, <torch.utils.data.dataloader.DataLoader object at 0x29152a640>, <torch.utils.data.dataloader.DataLoader object at 0x29152a910>, <torch.utils.data.dataloader.DataLoader object at 0x291535250>, <torch.utils.data.dataloader.DataLoader object at 0x2915327c0>] 11
Federated Unlearning Global Epoch  = 1
Federated Unlearning Global Epoch  = 2
Federated Unlearning Global Epoch  = 3
Federated Unlearning Global Epoch  = 4
Federated Unlearning Global Epoch  = 5
Federated Unlearning Global Epoch  = 6
Federated Unlearning Global Epoch  = 7
Federated Unlearning Global Epoch  = 8
Federated Unlearning Global Epoch  = 9
Federated Unlearning Global Epoch  = 10
Federated Unlearning Global Epoch  = 11
Federated Unlearning Global Epoch  = 12
Federated Unlearning Global Epoch  = 13
Federated Unlearning Global Epoch  = 14
Federated Unlearning Global Epoch  = 15
Federated Unlearning Global Epoch  = 16
Federated Unlearning Global Epoch  = 17
Federated Unlearning Global Epoch  = 18
Federated Unlearning Global Epoch  = 19
N [3, 1, 0, 7]
cc 0.4
ss 0.8
rouc:  0.4  rous:  0.32
IE:  {1, 3, 5, 7, 9, 11, 13, 15, 17}
tr:  5
selected_clients:      [4 1 2 4]
client_models 10
selected_clients:      [8 4 4 0]
client_models 10
selected_clients:      [8 8 2 7]
client_models 10
selected_clients:      [3 0 7 0]
client_models 10
selected_clients:      [2 2 0 2]
client_models 10
selected_clients:      [3 6 1 4]
client_models 10
selected_clients:      [0 0 3 9]
client_models 10
here
client_data_loaders:  [<torch.utils.data.dataloader.DataLoader object at 0x291535520>, <torch.utils.data.dataloader.DataLoader object at 0x291532130>, <torch.utils.data.dataloader.DataLoader object at 0x291535610>, <torch.utils.data.dataloader.DataLoader object at 0x16a8b1f70>, <torch.utils.data.dataloader.DataLoader object at 0x29152a550>, <torch.utils.data.dataloader.DataLoader object at 0x2915313d0>, <torch.utils.data.dataloader.DataLoader object at 0x291531790>, <torch.utils.data.dataloader.DataLoader object at 0x29152a640>, <torch.utils.data.dataloader.DataLoader object at 0x29152a910>, <torch.utils.data.dataloader.DataLoader object at 0x291535250>, <torch.utils.data.dataloader.DataLoader object at 0x2915327c0>] 11
Federated Unlearning Global Epoch  = 1
Federated Unlearning Global Epoch  = 2
Federated Unlearning Global Epoch  = 3
Federated Unlearning Global Epoch  = 4
Federated Unlearning Global Epoch  = 5
Federated Unlearning Global Epoch  = 6
Federated Unlearning Global Epoch  = 7
Federated Unlearning Global Epoch  = 8
Federated Unlearning Global Epoch  = 9
Federated Unlearning Global Epoch  = 10
Federated Unlearning Global Epoch  = 11
Federated Unlearning Global Epoch  = 12
Federated Unlearning Global Epoch  = 13
Federated Unlearning Global Epoch  = 14
Federated Unlearning Global Epoch  = 15
Federated Unlearning Global Epoch  = 16
Federated Unlearning Global Epoch  = 17
Federated Unlearning Global Epoch  = 18
Federated Unlearning Global Epoch  = 19
N [3, 1, 0, 7]
cc 0.4
ss 0.8
rouc:  0.4  rous:  0.32
IE:  {1, 3, 5, 7, 9, 11, 13, 15, 17}
tr:  5
selected_clients:      [5 4 8 5]
client_models 10
selected_clients:      [0 2 1 9]
client_models 10
selected_clients:      [8 3 5 4]
client_models 10
selected_clients:      [3 8 4 7]
client_models 10
selected_clients:      [1 0 2 6]
client_models 10
selected_clients:      [2 0 5 1]
client_models 10
selected_clients:      [7 1 6 1]
client_models 10
here
client_data_loaders:  [<torch.utils.data.dataloader.DataLoader object at 0x291535520>, <torch.utils.data.dataloader.DataLoader object at 0x291532130>, <torch.utils.data.dataloader.DataLoader object at 0x291535610>, <torch.utils.data.dataloader.DataLoader object at 0x29dc19af0>, <torch.utils.data.dataloader.DataLoader object at 0x29152a550>, <torch.utils.data.dataloader.DataLoader object at 0x2915313d0>, <torch.utils.data.dataloader.DataLoader object at 0x291531790>, <torch.utils.data.dataloader.DataLoader object at 0x29152a640>, <torch.utils.data.dataloader.DataLoader object at 0x29152a910>, <torch.utils.data.dataloader.DataLoader object at 0x291535250>, <torch.utils.data.dataloader.DataLoader object at 0x2915327c0>] 11
Federated Unlearning Global Epoch  = 1
Federated Unlearning Global Epoch  = 2
Federated Unlearning Global Epoch  = 3
Federated Unlearning Global Epoch  = 4
Federated Unlearning Global Epoch  = 5
Federated Unlearning Global Epoch  = 6
Federated Unlearning Global Epoch  = 7
Federated Unlearning Global Epoch  = 8
Federated Unlearning Global Epoch  = 9
Federated Unlearning Global Epoch  = 10
Federated Unlearning Global Epoch  = 11
Federated Unlearning Global Epoch  = 12
Federated Unlearning Global Epoch  = 13
Federated Unlearning Global Epoch  = 14
Federated Unlearning Global Epoch  = 15
Federated Unlearning Global Epoch  = 16
Federated Unlearning Global Epoch  = 17
Federated Unlearning Global Epoch  = 18
Federated Unlearning Global Epoch  = 19
N [3, 1, 0, 7]
cc 0.4
ss 0.8
rouc:  0.4  rous:  0.32
IE:  {1, 3, 5, 7, 9, 11, 13, 15, 17}
tr:  5
selected_clients:      [0 7 0 2]
client_models 10
selected_clients:      [9 2 5 2]
client_models 10
selected_clients:      [8 2 5 0]
client_models 10
selected_clients:      [8 5 0 5]
client_models 10
selected_clients:      [2 1 0 6]
client_models 10
selected_clients:      [6 4 1 7]
client_models 10
selected_clients:      [2 3 0 1]
client_models 10
here
client_data_loaders:  [<torch.utils.data.dataloader.DataLoader object at 0x291535520>, <torch.utils.data.dataloader.DataLoader object at 0x291532130>, <torch.utils.data.dataloader.DataLoader object at 0x291535610>, <torch.utils.data.dataloader.DataLoader object at 0x16a655880>, <torch.utils.data.dataloader.DataLoader object at 0x29152a550>, <torch.utils.data.dataloader.DataLoader object at 0x2915313d0>, <torch.utils.data.dataloader.DataLoader object at 0x291531790>, <torch.utils.data.dataloader.DataLoader object at 0x29152a640>, <torch.utils.data.dataloader.DataLoader object at 0x29152a910>, <torch.utils.data.dataloader.DataLoader object at 0x291535250>, <torch.utils.data.dataloader.DataLoader object at 0x2915327c0>] 11
Federated Unlearning Global Epoch  = 1
Federated Unlearning Global Epoch  = 2
Federated Unlearning Global Epoch  = 3
Federated Unlearning Global Epoch  = 4
Federated Unlearning Global Epoch  = 5
Federated Unlearning Global Epoch  = 6
Federated Unlearning Global Epoch  = 7
Federated Unlearning Global Epoch  = 8
Federated Unlearning Global Epoch  = 9
Federated Unlearning Global Epoch  = 10
Federated Unlearning Global Epoch  = 11
Federated Unlearning Global Epoch  = 12
Federated Unlearning Global Epoch  = 13
Federated Unlearning Global Epoch  = 14
Federated Unlearning Global Epoch  = 15
Federated Unlearning Global Epoch  = 16
Federated Unlearning Global Epoch  = 17
Federated Unlearning Global Epoch  = 18
Federated Unlearning Global Epoch  = 19
N [3, 1, 0, 7]
cc 0.4
ss 0.8
rouc:  0.4  rous:  0.32
IE:  {1, 3, 5, 7, 9, 11, 13, 15, 17}
tr:  5
selected_clients:      [3 4 5 1]
client_models 10
selected_clients:      [8 2 7 5]
client_models 10
selected_clients:      [0 2 4 4]
client_models 10
selected_clients:      [2 6 4 9]
client_models 10
selected_clients:      [7 2 2 1]
client_models 10
selected_clients:      [5 8 9 0]
client_models 10
selected_clients:      [4 8 7 2]
client_models 10
here
client_data_loaders:  [<torch.utils.data.dataloader.DataLoader object at 0x291535520>, <torch.utils.data.dataloader.DataLoader object at 0x291532130>, <torch.utils.data.dataloader.DataLoader object at 0x291535610>, <torch.utils.data.dataloader.DataLoader object at 0x29b2df910>, <torch.utils.data.dataloader.DataLoader object at 0x29152a550>, <torch.utils.data.dataloader.DataLoader object at 0x2915313d0>, <torch.utils.data.dataloader.DataLoader object at 0x291531790>, <torch.utils.data.dataloader.DataLoader object at 0x29152a640>, <torch.utils.data.dataloader.DataLoader object at 0x29152a910>, <torch.utils.data.dataloader.DataLoader object at 0x291535250>, <torch.utils.data.dataloader.DataLoader object at 0x2915327c0>] 11
Federated Unlearning Global Epoch  = 1
Federated Unlearning Global Epoch  = 2
Federated Unlearning Global Epoch  = 3
Federated Unlearning Global Epoch  = 4
Federated Unlearning Global Epoch  = 5
Federated Unlearning Global Epoch  = 6
Federated Unlearning Global Epoch  = 7
Federated Unlearning Global Epoch  = 8
Federated Unlearning Global Epoch  = 9
Federated Unlearning Global Epoch  = 10
Federated Unlearning Global Epoch  = 11
Federated Unlearning Global Epoch  = 12
Federated Unlearning Global Epoch  = 13
Federated Unlearning Global Epoch  = 14
Federated Unlearning Global Epoch  = 15
Federated Unlearning Global Epoch  = 16
Federated Unlearning Global Epoch  = 17
Federated Unlearning Global Epoch  = 18
Federated Unlearning Global Epoch  = 19
N [3, 1, 0, 7]
cc 0.4
ss 0.8
rouc:  0.4  rous:  0.32
IE:  {1, 3, 5, 7, 9, 11, 13, 15, 17}
tr:  5
selected_clients:      [3 1 5 7]
client_models 10
selected_clients:      [5 5 7 6]
client_models 10
selected_clients:      [3 7 0 0]
client_models 10
selected_clients:      [3 9 5 5]
client_models 10
selected_clients:      [9 5 5 8]
client_models 10
selected_clients:      [9 0 9 7]
client_models 10
selected_clients:      [3 9 6 1]
client_models 10
X_u <torch.utils.data.dataloader.DataLoader object at 0x29b2df910>
data_loader_ku <torch.utils.data.dataloader.DataLoader object at 0x29b2df910>
here
client_data_loaders:  [<torch.utils.data.dataloader.DataLoader object at 0x291535520>, <torch.utils.data.dataloader.DataLoader object at 0x291532130>, <torch.utils.data.dataloader.DataLoader object at 0x291535610>, <torch.utils.data.dataloader.DataLoader object at 0x29db22f10>, <torch.utils.data.dataloader.DataLoader object at 0x29152a550>, <torch.utils.data.dataloader.DataLoader object at 0x2915313d0>, <torch.utils.data.dataloader.DataLoader object at 0x291531790>, <torch.utils.data.dataloader.DataLoader object at 0x29152a640>, <torch.utils.data.dataloader.DataLoader object at 0x29152a910>, <torch.utils.data.dataloader.DataLoader object at 0x291535250>, <torch.utils.data.dataloader.DataLoader object at 0x2915327c0>] 11
Federated Unlearning Global Epoch  = 1
Federated Unlearning Global Epoch  = 2
Federated Unlearning Global Epoch  = 3
Federated Unlearning Global Epoch  = 4
Federated Unlearning Global Epoch  = 5
Federated Unlearning Global Epoch  = 6
Federated Unlearning Global Epoch  = 7
Federated Unlearning Global Epoch  = 8
Federated Unlearning Global Epoch  = 9
Federated Unlearning Global Epoch  = 10
Federated Unlearning Global Epoch  = 11
Federated Unlearning Global Epoch  = 12
Federated Unlearning Global Epoch  = 13
Federated Unlearning Global Epoch  = 14
Federated Unlearning Global Epoch  = 15
Federated Unlearning Global Epoch  = 16
Federated Unlearning Global Epoch  = 17
Federated Unlearning Global Epoch  = 18
Federated Unlearning Global Epoch  = 19
N [3, 1, 0, 7]
cc 0.4
ss 0.8
rouc:  0.4  rous:  0.32
IE:  {1, 3, 5, 7, 9, 11, 13, 15, 17}
tr:  5
selected_clients:      [1 9 9 7]
client_models 10
selected_clients:      [6 5 4 1]
client_models 10
selected_clients:      [6 1 2 8]
client_models 10
selected_clients:      [4 2 2 6]
client_models 10
selected_clients:      [2 1 1 3]
client_models 10
selected_clients:      [6 1 1 6]
client_models 10
selected_clients:      [0 6 4 7]
client_models 10
here
client_data_loaders:  [<torch.utils.data.dataloader.DataLoader object at 0x291535520>, <torch.utils.data.dataloader.DataLoader object at 0x291532130>, <torch.utils.data.dataloader.DataLoader object at 0x291535610>, <torch.utils.data.dataloader.DataLoader object at 0x29fa1ae20>, <torch.utils.data.dataloader.DataLoader object at 0x29152a550>, <torch.utils.data.dataloader.DataLoader object at 0x2915313d0>, <torch.utils.data.dataloader.DataLoader object at 0x291531790>, <torch.utils.data.dataloader.DataLoader object at 0x29152a640>, <torch.utils.data.dataloader.DataLoader object at 0x29152a910>, <torch.utils.data.dataloader.DataLoader object at 0x291535250>, <torch.utils.data.dataloader.DataLoader object at 0x2915327c0>] 11
Federated Unlearning Global Epoch  = 1
Federated Unlearning Global Epoch  = 2
Federated Unlearning Global Epoch  = 3
Federated Unlearning Global Epoch  = 4
Federated Unlearning Global Epoch  = 5
Federated Unlearning Global Epoch  = 6
Federated Unlearning Global Epoch  = 7
Federated Unlearning Global Epoch  = 8
Federated Unlearning Global Epoch  = 9
Federated Unlearning Global Epoch  = 10
Federated Unlearning Global Epoch  = 11
Federated Unlearning Global Epoch  = 12
Federated Unlearning Global Epoch  = 13
Federated Unlearning Global Epoch  = 14
Federated Unlearning Global Epoch  = 15
Federated Unlearning Global Epoch  = 16
Federated Unlearning Global Epoch  = 17
Federated Unlearning Global Epoch  = 18
Federated Unlearning Global Epoch  = 19
N [3, 1, 0, 7]
cc 0.4
ss 0.8
rouc:  0.4  rous:  0.32
IE:  {1, 3, 5, 7, 9, 11, 13, 15, 17}
tr:  5
selected_clients:      [4 5 5 7]
client_models 10
selected_clients:      [7 1 0 4]
client_models 10
selected_clients:      [2 5 2 8]
client_models 10
selected_clients:      [4 9 0 8]
client_models 10
selected_clients:      [8 6 3 7]
client_models 10
selected_clients:      [2 1 5 8]
client_models 10
selected_clients:      [2 2 1 6]
client_models 10
here
client_data_loaders:  [<torch.utils.data.dataloader.DataLoader object at 0x291535520>, <torch.utils.data.dataloader.DataLoader object at 0x291532130>, <torch.utils.data.dataloader.DataLoader object at 0x291535610>, <torch.utils.data.dataloader.DataLoader object at 0x29b43db80>, <torch.utils.data.dataloader.DataLoader object at 0x29152a550>, <torch.utils.data.dataloader.DataLoader object at 0x2915313d0>, <torch.utils.data.dataloader.DataLoader object at 0x291531790>, <torch.utils.data.dataloader.DataLoader object at 0x29152a640>, <torch.utils.data.dataloader.DataLoader object at 0x29152a910>, <torch.utils.data.dataloader.DataLoader object at 0x291535250>, <torch.utils.data.dataloader.DataLoader object at 0x2915327c0>] 11
Federated Unlearning Global Epoch  = 1
Federated Unlearning Global Epoch  = 2
Federated Unlearning Global Epoch  = 3
Federated Unlearning Global Epoch  = 4
Federated Unlearning Global Epoch  = 5
Federated Unlearning Global Epoch  = 6
Federated Unlearning Global Epoch  = 7
Federated Unlearning Global Epoch  = 8
Federated Unlearning Global Epoch  = 9
Federated Unlearning Global Epoch  = 10
Federated Unlearning Global Epoch  = 11
Federated Unlearning Global Epoch  = 12
Federated Unlearning Global Epoch  = 13
Federated Unlearning Global Epoch  = 14
Federated Unlearning Global Epoch  = 15
Federated Unlearning Global Epoch  = 16
Federated Unlearning Global Epoch  = 17
Federated Unlearning Global Epoch  = 18
Federated Unlearning Global Epoch  = 19
N [3, 1, 0, 7]
cc 0.4
ss 0.8
rouc:  0.4  rous:  0.32
IE:  {1, 3, 5, 7, 9, 11, 13, 15, 17}
tr:  5
selected_clients:      [3 3 5 9]
client_models 10
selected_clients:      [8 6 4 2]
client_models 10
selected_clients:      [2 6 5 3]
client_models 10
selected_clients:      [1 7 7 9]
client_models 10
selected_clients:      [6 0 6 6]
client_models 10
selected_clients:      [7 9 8 5]
client_models 10
selected_clients:      [6 0 0 1]
client_models 10
here
client_data_loaders:  [<torch.utils.data.dataloader.DataLoader object at 0x291535520>, <torch.utils.data.dataloader.DataLoader object at 0x291532130>, <torch.utils.data.dataloader.DataLoader object at 0x291535610>, <torch.utils.data.dataloader.DataLoader object at 0x29dc3cfd0>, <torch.utils.data.dataloader.DataLoader object at 0x29152a550>, <torch.utils.data.dataloader.DataLoader object at 0x2915313d0>, <torch.utils.data.dataloader.DataLoader object at 0x291531790>, <torch.utils.data.dataloader.DataLoader object at 0x29152a640>, <torch.utils.data.dataloader.DataLoader object at 0x29152a910>, <torch.utils.data.dataloader.DataLoader object at 0x291535250>, <torch.utils.data.dataloader.DataLoader object at 0x2915327c0>] 11
Federated Unlearning Global Epoch  = 1
Federated Unlearning Global Epoch  = 2
Federated Unlearning Global Epoch  = 3
Federated Unlearning Global Epoch  = 4
Federated Unlearning Global Epoch  = 5
Federated Unlearning Global Epoch  = 6
Federated Unlearning Global Epoch  = 7
Federated Unlearning Global Epoch  = 8
Federated Unlearning Global Epoch  = 9
Federated Unlearning Global Epoch  = 10
Federated Unlearning Global Epoch  = 11
Federated Unlearning Global Epoch  = 12
Federated Unlearning Global Epoch  = 13
Federated Unlearning Global Epoch  = 14
Federated Unlearning Global Epoch  = 15
Federated Unlearning Global Epoch  = 16
Federated Unlearning Global Epoch  = 17
Federated Unlearning Global Epoch  = 18
Federated Unlearning Global Epoch  = 19
N [3, 1, 0, 7]
cc 0.4
ss 0.8
rouc:  0.4  rous:  0.32
IE:  {1, 3, 5, 7, 9, 11, 13, 15, 17}
tr:  5
selected_clients:      [5 3 9 0]
client_models 10
selected_clients:      [1 0 9 5]
client_models 10
selected_clients:      [3 8 3 1]
client_models 10
selected_clients:      [3 1 0 1]
client_models 10
selected_clients:      [1 8 0 9]
client_models 10
selected_clients:      [3 6 3 8]
client_models 10
selected_clients:      [8 8 2 2]
client_models 10
here
client_data_loaders:  [<torch.utils.data.dataloader.DataLoader object at 0x291535520>, <torch.utils.data.dataloader.DataLoader object at 0x291532130>, <torch.utils.data.dataloader.DataLoader object at 0x291535610>, <torch.utils.data.dataloader.DataLoader object at 0x29dbf5190>, <torch.utils.data.dataloader.DataLoader object at 0x29152a550>, <torch.utils.data.dataloader.DataLoader object at 0x2915313d0>, <torch.utils.data.dataloader.DataLoader object at 0x291531790>, <torch.utils.data.dataloader.DataLoader object at 0x29152a640>, <torch.utils.data.dataloader.DataLoader object at 0x29152a910>, <torch.utils.data.dataloader.DataLoader object at 0x291535250>, <torch.utils.data.dataloader.DataLoader object at 0x2915327c0>] 11
Federated Unlearning Global Epoch  = 1
Federated Unlearning Global Epoch  = 2
Federated Unlearning Global Epoch  = 3
Federated Unlearning Global Epoch  = 4
Federated Unlearning Global Epoch  = 5
Federated Unlearning Global Epoch  = 6
Federated Unlearning Global Epoch  = 7
Federated Unlearning Global Epoch  = 8
Federated Unlearning Global Epoch  = 9
Federated Unlearning Global Epoch  = 10
Federated Unlearning Global Epoch  = 11
Federated Unlearning Global Epoch  = 12
Federated Unlearning Global Epoch  = 13
Federated Unlearning Global Epoch  = 14
Federated Unlearning Global Epoch  = 15
Federated Unlearning Global Epoch  = 16
Federated Unlearning Global Epoch  = 17
Federated Unlearning Global Epoch  = 18
Federated Unlearning Global Epoch  = 19
N [3, 1, 0, 7]
cc 0.4
ss 0.8
rouc:  0.4  rous:  0.32
IE:  {1, 3, 5, 7, 9, 11, 13, 15, 17}
tr:  5
selected_clients:      [0 0 6 3]
client_models 10
selected_clients:      [4 2 6 5]
client_models 10
selected_clients:      [5 2 2 8]
client_models 10
selected_clients:      [3 5 7 9]
client_models 10
selected_clients:      [9 8 1 7]
client_models 10
selected_clients:      [3 2 7 0]
client_models 10
selected_clients:      [4 5 4 4]
client_models 10
here
client_data_loaders:  [<torch.utils.data.dataloader.DataLoader object at 0x291535520>, <torch.utils.data.dataloader.DataLoader object at 0x291532130>, <torch.utils.data.dataloader.DataLoader object at 0x291535610>, <torch.utils.data.dataloader.DataLoader object at 0x29b43da30>, <torch.utils.data.dataloader.DataLoader object at 0x29152a550>, <torch.utils.data.dataloader.DataLoader object at 0x2915313d0>, <torch.utils.data.dataloader.DataLoader object at 0x291531790>, <torch.utils.data.dataloader.DataLoader object at 0x29152a640>, <torch.utils.data.dataloader.DataLoader object at 0x29152a910>, <torch.utils.data.dataloader.DataLoader object at 0x291535250>, <torch.utils.data.dataloader.DataLoader object at 0x2915327c0>] 11
Federated Unlearning Global Epoch  = 1
Federated Unlearning Global Epoch  = 2
Federated Unlearning Global Epoch  = 3
Federated Unlearning Global Epoch  = 4
Federated Unlearning Global Epoch  = 5
Federated Unlearning Global Epoch  = 6
Federated Unlearning Global Epoch  = 7
Federated Unlearning Global Epoch  = 8
Federated Unlearning Global Epoch  = 9
Federated Unlearning Global Epoch  = 10
Federated Unlearning Global Epoch  = 11
Federated Unlearning Global Epoch  = 12
Federated Unlearning Global Epoch  = 13
Federated Unlearning Global Epoch  = 14
Federated Unlearning Global Epoch  = 15
Federated Unlearning Global Epoch  = 16
Federated Unlearning Global Epoch  = 17
Federated Unlearning Global Epoch  = 18
Federated Unlearning Global Epoch  = 19
N [3, 1, 0, 7]
cc 0.4
ss 0.8
rouc:  0.4  rous:  0.32
IE:  {1, 3, 5, 7, 9, 11, 13, 15, 17}
tr:  5
selected_clients:      [3 2 8 8]
client_models 10
selected_clients:      [6 4 6 7]
client_models 10
selected_clients:      [7 7 2 5]
client_models 10
selected_clients:      [7 2 4 9]
client_models 10
selected_clients:      [6 7 1 9]
client_models 10
selected_clients:      [2 7 5 2]
client_models 10
selected_clients:      [5 4 9 2]
client_models 10
here
client_data_loaders:  [<torch.utils.data.dataloader.DataLoader object at 0x291535520>, <torch.utils.data.dataloader.DataLoader object at 0x291532130>, <torch.utils.data.dataloader.DataLoader object at 0x291535610>, <torch.utils.data.dataloader.DataLoader object at 0x29dec2100>, <torch.utils.data.dataloader.DataLoader object at 0x29152a550>, <torch.utils.data.dataloader.DataLoader object at 0x2915313d0>, <torch.utils.data.dataloader.DataLoader object at 0x291531790>, <torch.utils.data.dataloader.DataLoader object at 0x29152a640>, <torch.utils.data.dataloader.DataLoader object at 0x29152a910>, <torch.utils.data.dataloader.DataLoader object at 0x291535250>, <torch.utils.data.dataloader.DataLoader object at 0x2915327c0>] 11
Federated Unlearning Global Epoch  = 1
Federated Unlearning Global Epoch  = 2
Federated Unlearning Global Epoch  = 3
Federated Unlearning Global Epoch  = 4
Federated Unlearning Global Epoch  = 5
Federated Unlearning Global Epoch  = 6
Federated Unlearning Global Epoch  = 7
Federated Unlearning Global Epoch  = 8
Federated Unlearning Global Epoch  = 9
Federated Unlearning Global Epoch  = 10
Federated Unlearning Global Epoch  = 11
Federated Unlearning Global Epoch  = 12
Federated Unlearning Global Epoch  = 13
Federated Unlearning Global Epoch  = 14
Federated Unlearning Global Epoch  = 15
Federated Unlearning Global Epoch  = 16
Federated Unlearning Global Epoch  = 17
Federated Unlearning Global Epoch  = 18
Federated Unlearning Global Epoch  = 19
N [3, 1, 0, 7]
cc 0.4
ss 0.8
rouc:  0.4  rous:  0.32
IE:  {1, 3, 5, 7, 9, 11, 13, 15, 17}
tr:  5
selected_clients:      [9 8 5 0]
client_models 10
selected_clients:      [6 6 2 0]
client_models 10
selected_clients:      [3 2 7 5]
client_models 10
selected_clients:      [0 7 1 7]
client_models 10
selected_clients:      [1 0 6 0]
client_models 10
selected_clients:      [6 7 4 6]
client_models 10
selected_clients:      [7 0 6 7]
client_models 10
here
client_data_loaders:  [<torch.utils.data.dataloader.DataLoader object at 0x291535520>, <torch.utils.data.dataloader.DataLoader object at 0x291532130>, <torch.utils.data.dataloader.DataLoader object at 0x291535610>, <torch.utils.data.dataloader.DataLoader object at 0x29b2e5fa0>, <torch.utils.data.dataloader.DataLoader object at 0x29152a550>, <torch.utils.data.dataloader.DataLoader object at 0x2915313d0>, <torch.utils.data.dataloader.DataLoader object at 0x291531790>, <torch.utils.data.dataloader.DataLoader object at 0x29152a640>, <torch.utils.data.dataloader.DataLoader object at 0x29152a910>, <torch.utils.data.dataloader.DataLoader object at 0x291535250>, <torch.utils.data.dataloader.DataLoader object at 0x2915327c0>] 11
Federated Unlearning Global Epoch  = 1
Federated Unlearning Global Epoch  = 2
Federated Unlearning Global Epoch  = 3
Federated Unlearning Global Epoch  = 4
Federated Unlearning Global Epoch  = 5
Federated Unlearning Global Epoch  = 6
Federated Unlearning Global Epoch  = 7
Federated Unlearning Global Epoch  = 8
Federated Unlearning Global Epoch  = 9
Federated Unlearning Global Epoch  = 10
Federated Unlearning Global Epoch  = 11
Federated Unlearning Global Epoch  = 12
Federated Unlearning Global Epoch  = 13
Federated Unlearning Global Epoch  = 14
Federated Unlearning Global Epoch  = 15
Federated Unlearning Global Epoch  = 16
Federated Unlearning Global Epoch  = 17
Federated Unlearning Global Epoch  = 18
Federated Unlearning Global Epoch  = 19
N [3, 1, 0, 7]
cc 0.4
ss 0.8
rouc:  0.4  rous:  0.32
IE:  {1, 3, 5, 7, 9, 11, 13, 15, 17}
tr:  5
selected_clients:      [6 5 5 1]
client_models 10
selected_clients:      [4 4 7 0]
client_models 10
selected_clients:      [6 6 2 0]
client_models 10
selected_clients:      [7 2 1 1]
client_models 10
selected_clients:      [7 7 3 3]
client_models 10
selected_clients:      [5 1 8 3]
client_models 10
selected_clients:      [0 8 5 9]
client_models 10
X_u <torch.utils.data.dataloader.DataLoader object at 0x29b2e5fa0>
data_loader_ku <torch.utils.data.dataloader.DataLoader object at 0x29b2e5fa0>
here
client_data_loaders:  [<torch.utils.data.dataloader.DataLoader object at 0x291535520>, <torch.utils.data.dataloader.DataLoader object at 0x291532130>, <torch.utils.data.dataloader.DataLoader object at 0x291535610>, <torch.utils.data.dataloader.DataLoader object at 0x29ff2a880>, <torch.utils.data.dataloader.DataLoader object at 0x29152a550>, <torch.utils.data.dataloader.DataLoader object at 0x2915313d0>, <torch.utils.data.dataloader.DataLoader object at 0x291531790>, <torch.utils.data.dataloader.DataLoader object at 0x29152a640>, <torch.utils.data.dataloader.DataLoader object at 0x29152a910>, <torch.utils.data.dataloader.DataLoader object at 0x291535250>, <torch.utils.data.dataloader.DataLoader object at 0x2915327c0>] 11
Federated Unlearning Global Epoch  = 1
Federated Unlearning Global Epoch  = 2
Federated Unlearning Global Epoch  = 3
Federated Unlearning Global Epoch  = 4
Federated Unlearning Global Epoch  = 5
Federated Unlearning Global Epoch  = 6
Federated Unlearning Global Epoch  = 7
Federated Unlearning Global Epoch  = 8
Federated Unlearning Global Epoch  = 9
Federated Unlearning Global Epoch  = 10
Federated Unlearning Global Epoch  = 11
Federated Unlearning Global Epoch  = 12
Federated Unlearning Global Epoch  = 13
Federated Unlearning Global Epoch  = 14
Federated Unlearning Global Epoch  = 15
Federated Unlearning Global Epoch  = 16
Federated Unlearning Global Epoch  = 17
Federated Unlearning Global Epoch  = 18
Federated Unlearning Global Epoch  = 19
N [3, 1, 0, 7]
cc 0.4
ss 0.8
rouc:  0.4  rous:  0.32
IE:  {1, 3, 5, 7, 9, 11, 13, 15, 17}
tr:  5
selected_clients:      [2 3 9 9]
client_models 10
selected_clients:      [8 4 8 5]
client_models 10
selected_clients:      [2 9 0 4]
client_models 10
selected_clients:      [9 8 0 8]
client_models 10
selected_clients:      [2 8 5 7]
client_models 10
selected_clients:      [0 4 2 8]
client_models 10
selected_clients:      [6 5 2 0]
client_models 10
here
client_data_loaders:  [<torch.utils.data.dataloader.DataLoader object at 0x291535520>, <torch.utils.data.dataloader.DataLoader object at 0x291532130>, <torch.utils.data.dataloader.DataLoader object at 0x291535610>, <torch.utils.data.dataloader.DataLoader object at 0x29dbb06d0>, <torch.utils.data.dataloader.DataLoader object at 0x29152a550>, <torch.utils.data.dataloader.DataLoader object at 0x2915313d0>, <torch.utils.data.dataloader.DataLoader object at 0x291531790>, <torch.utils.data.dataloader.DataLoader object at 0x29152a640>, <torch.utils.data.dataloader.DataLoader object at 0x29152a910>, <torch.utils.data.dataloader.DataLoader object at 0x291535250>, <torch.utils.data.dataloader.DataLoader object at 0x2915327c0>] 11
Federated Unlearning Global Epoch  = 1
Federated Unlearning Global Epoch  = 2
Federated Unlearning Global Epoch  = 3
Federated Unlearning Global Epoch  = 4
Federated Unlearning Global Epoch  = 5
Federated Unlearning Global Epoch  = 6
Federated Unlearning Global Epoch  = 7
Federated Unlearning Global Epoch  = 8
Federated Unlearning Global Epoch  = 9
Federated Unlearning Global Epoch  = 10
Federated Unlearning Global Epoch  = 11
Federated Unlearning Global Epoch  = 12
Federated Unlearning Global Epoch  = 13
Federated Unlearning Global Epoch  = 14
Federated Unlearning Global Epoch  = 15
Federated Unlearning Global Epoch  = 16
Federated Unlearning Global Epoch  = 17
Federated Unlearning Global Epoch  = 18
Federated Unlearning Global Epoch  = 19
N [3, 1, 0, 7]
cc 0.4
ss 0.8
rouc:  0.4  rous:  0.32
IE:  {1, 3, 5, 7, 9, 11, 13, 15, 17}
tr:  5
selected_clients:      [8 2 4 8]
client_models 10
selected_clients:      [9 6 8 3]
client_models 10
selected_clients:      [5 1 2 4]
client_models 10
selected_clients:      [7 7 5 6]
client_models 10
selected_clients:      [7 5 9 6]
client_models 10
selected_clients:      [7 3 6 0]
client_models 10
selected_clients:      [0 8 6 0]
client_models 10
here
client_data_loaders:  [<torch.utils.data.dataloader.DataLoader object at 0x291535520>, <torch.utils.data.dataloader.DataLoader object at 0x291532130>, <torch.utils.data.dataloader.DataLoader object at 0x291535610>, <torch.utils.data.dataloader.DataLoader object at 0x29d968310>, <torch.utils.data.dataloader.DataLoader object at 0x29152a550>, <torch.utils.data.dataloader.DataLoader object at 0x2915313d0>, <torch.utils.data.dataloader.DataLoader object at 0x291531790>, <torch.utils.data.dataloader.DataLoader object at 0x29152a640>, <torch.utils.data.dataloader.DataLoader object at 0x29152a910>, <torch.utils.data.dataloader.DataLoader object at 0x291535250>, <torch.utils.data.dataloader.DataLoader object at 0x2915327c0>] 11
Federated Unlearning Global Epoch  = 1
Federated Unlearning Global Epoch  = 2
Federated Unlearning Global Epoch  = 3
Federated Unlearning Global Epoch  = 4
Federated Unlearning Global Epoch  = 5
Federated Unlearning Global Epoch  = 6
Federated Unlearning Global Epoch  = 7
Federated Unlearning Global Epoch  = 8
Federated Unlearning Global Epoch  = 9
Federated Unlearning Global Epoch  = 10
Federated Unlearning Global Epoch  = 11
Federated Unlearning Global Epoch  = 12
Federated Unlearning Global Epoch  = 13
Federated Unlearning Global Epoch  = 14
Federated Unlearning Global Epoch  = 15
Federated Unlearning Global Epoch  = 16
Federated Unlearning Global Epoch  = 17
Federated Unlearning Global Epoch  = 18
Federated Unlearning Global Epoch  = 19
N [3, 1, 0, 7]
cc 0.4
ss 0.8
rouc:  0.4  rous:  0.32
IE:  {1, 3, 5, 7, 9, 11, 13, 15, 17}
tr:  5
selected_clients:      [5 1 4 3]
client_models 10
selected_clients:      [8 9 0 4]
client_models 10
selected_clients:      [0 2 5 7]
client_models 10
selected_clients:      [1 9 4 5]
client_models 10
selected_clients:      [5 8 9 1]
client_models 10
selected_clients:      [7 2 1 6]
client_models 10
selected_clients:      [5 8 4 2]
client_models 10
here
client_data_loaders:  [<torch.utils.data.dataloader.DataLoader object at 0x291535520>, <torch.utils.data.dataloader.DataLoader object at 0x291532130>, <torch.utils.data.dataloader.DataLoader object at 0x291535610>, <torch.utils.data.dataloader.DataLoader object at 0x29d98b820>, <torch.utils.data.dataloader.DataLoader object at 0x29152a550>, <torch.utils.data.dataloader.DataLoader object at 0x2915313d0>, <torch.utils.data.dataloader.DataLoader object at 0x291531790>, <torch.utils.data.dataloader.DataLoader object at 0x29152a640>, <torch.utils.data.dataloader.DataLoader object at 0x29152a910>, <torch.utils.data.dataloader.DataLoader object at 0x291535250>, <torch.utils.data.dataloader.DataLoader object at 0x2915327c0>] 11
Federated Unlearning Global Epoch  = 1
Federated Unlearning Global Epoch  = 2
Federated Unlearning Global Epoch  = 3
Federated Unlearning Global Epoch  = 4
Federated Unlearning Global Epoch  = 5
Federated Unlearning Global Epoch  = 6
Federated Unlearning Global Epoch  = 7
Federated Unlearning Global Epoch  = 8
Federated Unlearning Global Epoch  = 9
Federated Unlearning Global Epoch  = 10
Federated Unlearning Global Epoch  = 11
Federated Unlearning Global Epoch  = 12
Federated Unlearning Global Epoch  = 13
Federated Unlearning Global Epoch  = 14
Federated Unlearning Global Epoch  = 15
Federated Unlearning Global Epoch  = 16
Federated Unlearning Global Epoch  = 17
Federated Unlearning Global Epoch  = 18
Federated Unlearning Global Epoch  = 19
N [3, 1, 0, 7]
cc 0.4
ss 0.8
rouc:  0.4  rous:  0.32
IE:  {1, 3, 5, 7, 9, 11, 13, 15, 17}
tr:  5
selected_clients:      [4 1 1 9]
client_models 10
selected_clients:      [9 6 4 1]
client_models 10
selected_clients:      [5 7 6 7]
client_models 10
selected_clients:      [2 6 3 8]
client_models 10
selected_clients:      [6 6 5 3]
client_models 10
selected_clients:      [3 0 2 3]
client_models 10
selected_clients:      [1 5 6 4]
client_models 10
here
client_data_loaders:  [<torch.utils.data.dataloader.DataLoader object at 0x291535520>, <torch.utils.data.dataloader.DataLoader object at 0x291532130>, <torch.utils.data.dataloader.DataLoader object at 0x291535610>, <torch.utils.data.dataloader.DataLoader object at 0x291553880>, <torch.utils.data.dataloader.DataLoader object at 0x29152a550>, <torch.utils.data.dataloader.DataLoader object at 0x2915313d0>, <torch.utils.data.dataloader.DataLoader object at 0x291531790>, <torch.utils.data.dataloader.DataLoader object at 0x29152a640>, <torch.utils.data.dataloader.DataLoader object at 0x29152a910>, <torch.utils.data.dataloader.DataLoader object at 0x291535250>, <torch.utils.data.dataloader.DataLoader object at 0x2915327c0>] 11
Federated Unlearning Global Epoch  = 1
Federated Unlearning Global Epoch  = 2
Federated Unlearning Global Epoch  = 3
Federated Unlearning Global Epoch  = 4
Federated Unlearning Global Epoch  = 5
Federated Unlearning Global Epoch  = 6
Federated Unlearning Global Epoch  = 7
Federated Unlearning Global Epoch  = 8
Federated Unlearning Global Epoch  = 9
Federated Unlearning Global Epoch  = 10
Federated Unlearning Global Epoch  = 11
Federated Unlearning Global Epoch  = 12
Federated Unlearning Global Epoch  = 13
Federated Unlearning Global Epoch  = 14
Federated Unlearning Global Epoch  = 15
Federated Unlearning Global Epoch  = 16
Federated Unlearning Global Epoch  = 17
Federated Unlearning Global Epoch  = 18
Federated Unlearning Global Epoch  = 19
N [3, 1, 0, 7]
cc 0.4
ss 0.8
rouc:  0.4  rous:  0.32
IE:  {1, 3, 5, 7, 9, 11, 13, 15, 17}
tr:  5
selected_clients:      [1 3 8 9]
client_models 10
selected_clients:      [9 7 7 7]
client_models 10
selected_clients:      [6 2 1 0]
client_models 10
selected_clients:      [8 5 8 1]
client_models 10
selected_clients:      [8 6 7 0]
client_models 10
selected_clients:      [5 8 7 6]
client_models 10
selected_clients:      [0 5 4 5]
client_models 10
here
client_data_loaders:  [<torch.utils.data.dataloader.DataLoader object at 0x291535520>, <torch.utils.data.dataloader.DataLoader object at 0x291532130>, <torch.utils.data.dataloader.DataLoader object at 0x291535610>, <torch.utils.data.dataloader.DataLoader object at 0x2915795b0>, <torch.utils.data.dataloader.DataLoader object at 0x29152a550>, <torch.utils.data.dataloader.DataLoader object at 0x2915313d0>, <torch.utils.data.dataloader.DataLoader object at 0x291531790>, <torch.utils.data.dataloader.DataLoader object at 0x29152a640>, <torch.utils.data.dataloader.DataLoader object at 0x29152a910>, <torch.utils.data.dataloader.DataLoader object at 0x291535250>, <torch.utils.data.dataloader.DataLoader object at 0x2915327c0>] 11
Federated Unlearning Global Epoch  = 1
Federated Unlearning Global Epoch  = 2
Federated Unlearning Global Epoch  = 3
Federated Unlearning Global Epoch  = 4
Federated Unlearning Global Epoch  = 5
Federated Unlearning Global Epoch  = 6
Federated Unlearning Global Epoch  = 7
Federated Unlearning Global Epoch  = 8
Federated Unlearning Global Epoch  = 9
Federated Unlearning Global Epoch  = 10
Federated Unlearning Global Epoch  = 11
Federated Unlearning Global Epoch  = 12
Federated Unlearning Global Epoch  = 13
Federated Unlearning Global Epoch  = 14
Federated Unlearning Global Epoch  = 15
Federated Unlearning Global Epoch  = 16
Federated Unlearning Global Epoch  = 17
Federated Unlearning Global Epoch  = 18
Federated Unlearning Global Epoch  = 19
N [3, 1, 0, 7]
cc 0.4
ss 0.8
rouc:  0.4  rous:  0.32
IE:  {1, 3, 5, 7, 9, 11, 13, 15, 17}
tr:  5
selected_clients:      [9 4 8 4]
client_models 10
selected_clients:      [5 9 2 7]
client_models 10
selected_clients:      [0 0 8 0]
client_models 10
selected_clients:      [4 5 0 6]
client_models 10
selected_clients:      [4 1 5 0]
client_models 10
selected_clients:      [5 6 6 1]
client_models 10
selected_clients:      [7 3 4 3]
client_models 10
here
client_data_loaders:  [<torch.utils.data.dataloader.DataLoader object at 0x291535520>, <torch.utils.data.dataloader.DataLoader object at 0x291532130>, <torch.utils.data.dataloader.DataLoader object at 0x291535610>, <torch.utils.data.dataloader.DataLoader object at 0x29dbb09d0>, <torch.utils.data.dataloader.DataLoader object at 0x29152a550>, <torch.utils.data.dataloader.DataLoader object at 0x2915313d0>, <torch.utils.data.dataloader.DataLoader object at 0x291531790>, <torch.utils.data.dataloader.DataLoader object at 0x29152a640>, <torch.utils.data.dataloader.DataLoader object at 0x29152a910>, <torch.utils.data.dataloader.DataLoader object at 0x291535250>, <torch.utils.data.dataloader.DataLoader object at 0x2915327c0>] 11
Federated Unlearning Global Epoch  = 1
Federated Unlearning Global Epoch  = 2
Federated Unlearning Global Epoch  = 3
Federated Unlearning Global Epoch  = 4
Federated Unlearning Global Epoch  = 5
Federated Unlearning Global Epoch  = 6
Federated Unlearning Global Epoch  = 7
Federated Unlearning Global Epoch  = 8
Federated Unlearning Global Epoch  = 9
Federated Unlearning Global Epoch  = 10
Federated Unlearning Global Epoch  = 11
Federated Unlearning Global Epoch  = 12
Federated Unlearning Global Epoch  = 13
Federated Unlearning Global Epoch  = 14
Federated Unlearning Global Epoch  = 15
Federated Unlearning Global Epoch  = 16
Federated Unlearning Global Epoch  = 17
Federated Unlearning Global Epoch  = 18
Federated Unlearning Global Epoch  = 19
N [3, 1, 0, 7]
cc 0.4
ss 0.8
rouc:  0.4  rous:  0.32
IE:  {1, 3, 5, 7, 9, 11, 13, 15, 17}
tr:  5
selected_clients:      [3 7 7 9]
client_models 10
selected_clients:      [6 3 5 5]
client_models 10
selected_clients:      [0 9 8 9]
client_models 10
selected_clients:      [1 5 3 0]
client_models 10
selected_clients:      [4 0 5 5]
client_models 10
selected_clients:      [8 2 3 3]
client_models 10
selected_clients:      [3 2 6 8]
client_models 10
here
client_data_loaders:  [<torch.utils.data.dataloader.DataLoader object at 0x291535520>, <torch.utils.data.dataloader.DataLoader object at 0x291532130>, <torch.utils.data.dataloader.DataLoader object at 0x291535610>, <torch.utils.data.dataloader.DataLoader object at 0x29dee8520>, <torch.utils.data.dataloader.DataLoader object at 0x29152a550>, <torch.utils.data.dataloader.DataLoader object at 0x2915313d0>, <torch.utils.data.dataloader.DataLoader object at 0x291531790>, <torch.utils.data.dataloader.DataLoader object at 0x29152a640>, <torch.utils.data.dataloader.DataLoader object at 0x29152a910>, <torch.utils.data.dataloader.DataLoader object at 0x291535250>, <torch.utils.data.dataloader.DataLoader object at 0x2915327c0>] 11
Federated Unlearning Global Epoch  = 1
Federated Unlearning Global Epoch  = 2
Federated Unlearning Global Epoch  = 3
Federated Unlearning Global Epoch  = 4
Federated Unlearning Global Epoch  = 5
Federated Unlearning Global Epoch  = 6
Federated Unlearning Global Epoch  = 7
Federated Unlearning Global Epoch  = 8
Federated Unlearning Global Epoch  = 9
Federated Unlearning Global Epoch  = 10
Federated Unlearning Global Epoch  = 11
Federated Unlearning Global Epoch  = 12
Federated Unlearning Global Epoch  = 13
Federated Unlearning Global Epoch  = 14
Federated Unlearning Global Epoch  = 15
Federated Unlearning Global Epoch  = 16
Federated Unlearning Global Epoch  = 17
Federated Unlearning Global Epoch  = 18
Federated Unlearning Global Epoch  = 19
N [3, 1, 0, 7]
cc 0.4
ss 0.8
rouc:  0.4  rous:  0.32
IE:  {1, 3, 5, 7, 9, 11, 13, 15, 17}
tr:  5
selected_clients:      [0 2 8 6]
client_models 10
selected_clients:      [5 0 6 9]
client_models 10
selected_clients:      [3 2 7 2]
client_models 10
selected_clients:      [7 0 0 1]
client_models 10
selected_clients:      [9 9 4 5]
client_models 10
selected_clients:      [1 8 5 8]
client_models 10
selected_clients:      [5 7 2 0]
client_models 10
X_u <torch.utils.data.dataloader.DataLoader object at 0x29dee8520>
data_loader_ku <torch.utils.data.dataloader.DataLoader object at 0x29dee8520>
here
client_data_loaders:  [<torch.utils.data.dataloader.DataLoader object at 0x291535520>, <torch.utils.data.dataloader.DataLoader object at 0x291532130>, <torch.utils.data.dataloader.DataLoader object at 0x291535610>, <torch.utils.data.dataloader.DataLoader object at 0x29de59a60>, <torch.utils.data.dataloader.DataLoader object at 0x29152a550>, <torch.utils.data.dataloader.DataLoader object at 0x2915313d0>, <torch.utils.data.dataloader.DataLoader object at 0x291531790>, <torch.utils.data.dataloader.DataLoader object at 0x29152a640>, <torch.utils.data.dataloader.DataLoader object at 0x29152a910>, <torch.utils.data.dataloader.DataLoader object at 0x291535250>, <torch.utils.data.dataloader.DataLoader object at 0x2915327c0>] 11
Federated Unlearning Global Epoch  = 1
Federated Unlearning Global Epoch  = 2
Federated Unlearning Global Epoch  = 3
Federated Unlearning Global Epoch  = 4
Federated Unlearning Global Epoch  = 5
Federated Unlearning Global Epoch  = 6
Federated Unlearning Global Epoch  = 7
Federated Unlearning Global Epoch  = 8
Federated Unlearning Global Epoch  = 9
Federated Unlearning Global Epoch  = 10
Federated Unlearning Global Epoch  = 11
Federated Unlearning Global Epoch  = 12
Federated Unlearning Global Epoch  = 13
Federated Unlearning Global Epoch  = 14
Federated Unlearning Global Epoch  = 15
Federated Unlearning Global Epoch  = 16
Federated Unlearning Global Epoch  = 17
Federated Unlearning Global Epoch  = 18
Federated Unlearning Global Epoch  = 19
N [3, 1, 0, 7]
cc 0.4
ss 0.8
rouc:  0.4  rous:  0.32
IE:  {1, 3, 5, 7, 9, 11, 13, 15, 17}
tr:  5
selected_clients:      [0 7 4 3]
client_models 10
selected_clients:      [0 6 9 5]
client_models 10
selected_clients:      [8 1 2 9]
client_models 10
selected_clients:      [2 4 4 6]
client_models 10
selected_clients:      [0 8 3 4]
client_models 10
selected_clients:      [2 7 3 2]
client_models 10
selected_clients:      [3 8 5 6]
client_models 10
here
client_data_loaders:  [<torch.utils.data.dataloader.DataLoader object at 0x291535520>, <torch.utils.data.dataloader.DataLoader object at 0x291532130>, <torch.utils.data.dataloader.DataLoader object at 0x291535610>, <torch.utils.data.dataloader.DataLoader object at 0x29fa0dee0>, <torch.utils.data.dataloader.DataLoader object at 0x29152a550>, <torch.utils.data.dataloader.DataLoader object at 0x2915313d0>, <torch.utils.data.dataloader.DataLoader object at 0x291531790>, <torch.utils.data.dataloader.DataLoader object at 0x29152a640>, <torch.utils.data.dataloader.DataLoader object at 0x29152a910>, <torch.utils.data.dataloader.DataLoader object at 0x291535250>, <torch.utils.data.dataloader.DataLoader object at 0x2915327c0>] 11
Federated Unlearning Global Epoch  = 1
Federated Unlearning Global Epoch  = 2
Federated Unlearning Global Epoch  = 3
Federated Unlearning Global Epoch  = 4
Federated Unlearning Global Epoch  = 5
Federated Unlearning Global Epoch  = 6
Federated Unlearning Global Epoch  = 7
Federated Unlearning Global Epoch  = 8
Federated Unlearning Global Epoch  = 9
Federated Unlearning Global Epoch  = 10
Federated Unlearning Global Epoch  = 11
Federated Unlearning Global Epoch  = 12
Federated Unlearning Global Epoch  = 13
Federated Unlearning Global Epoch  = 14
Federated Unlearning Global Epoch  = 15
Federated Unlearning Global Epoch  = 16
Federated Unlearning Global Epoch  = 17
Federated Unlearning Global Epoch  = 18
Federated Unlearning Global Epoch  = 19
N [3, 1, 0, 7]
cc 0.4
ss 0.8
rouc:  0.4  rous:  0.32
IE:  {1, 3, 5, 7, 9, 11, 13, 15, 17}
tr:  5
selected_clients:      [9 7 4 1]
client_models 10
selected_clients:      [7 7 0 4]
client_models 10
selected_clients:      [6 8 7 2]
client_models 10
selected_clients:      [8 2 9 7]
client_models 10
selected_clients:      [5 9 7 9]
client_models 10
selected_clients:      [9 2 6 5]
client_models 10
selected_clients:      [5 7 7 8]
client_models 10
here
client_data_loaders:  [<torch.utils.data.dataloader.DataLoader object at 0x291535520>, <torch.utils.data.dataloader.DataLoader object at 0x291532130>, <torch.utils.data.dataloader.DataLoader object at 0x291535610>, <torch.utils.data.dataloader.DataLoader object at 0x29db22c40>, <torch.utils.data.dataloader.DataLoader object at 0x29152a550>, <torch.utils.data.dataloader.DataLoader object at 0x2915313d0>, <torch.utils.data.dataloader.DataLoader object at 0x291531790>, <torch.utils.data.dataloader.DataLoader object at 0x29152a640>, <torch.utils.data.dataloader.DataLoader object at 0x29152a910>, <torch.utils.data.dataloader.DataLoader object at 0x291535250>, <torch.utils.data.dataloader.DataLoader object at 0x2915327c0>] 11
Federated Unlearning Global Epoch  = 1
Federated Unlearning Global Epoch  = 2
Federated Unlearning Global Epoch  = 3
Federated Unlearning Global Epoch  = 4
Federated Unlearning Global Epoch  = 5
Federated Unlearning Global Epoch  = 6
Federated Unlearning Global Epoch  = 7
Federated Unlearning Global Epoch  = 8
Federated Unlearning Global Epoch  = 9
Federated Unlearning Global Epoch  = 10
Federated Unlearning Global Epoch  = 11
Federated Unlearning Global Epoch  = 12
Federated Unlearning Global Epoch  = 13
Federated Unlearning Global Epoch  = 14
Federated Unlearning Global Epoch  = 15
Federated Unlearning Global Epoch  = 16
Federated Unlearning Global Epoch  = 17
Federated Unlearning Global Epoch  = 18
Federated Unlearning Global Epoch  = 19
N [3, 1, 0, 7]
cc 0.4
ss 0.8
rouc:  0.4  rous:  0.32
IE:  {1, 3, 5, 7, 9, 11, 13, 15, 17}
tr:  5
selected_clients:      [3 4 7 5]
client_models 10
selected_clients:      [3 2 9 5]
client_models 10
selected_clients:      [1 7 7 7]
client_models 10
selected_clients:      [1 3 5 9]
client_models 10
selected_clients:      [7 5 3 7]
client_models 10
selected_clients:      [9 2 0 7]
client_models 10
selected_clients:      [2 5 9 4]
client_models 10
here
client_data_loaders:  [<torch.utils.data.dataloader.DataLoader object at 0x291535520>, <torch.utils.data.dataloader.DataLoader object at 0x291532130>, <torch.utils.data.dataloader.DataLoader object at 0x291535610>, <torch.utils.data.dataloader.DataLoader object at 0x29ff2d3d0>, <torch.utils.data.dataloader.DataLoader object at 0x29152a550>, <torch.utils.data.dataloader.DataLoader object at 0x2915313d0>, <torch.utils.data.dataloader.DataLoader object at 0x291531790>, <torch.utils.data.dataloader.DataLoader object at 0x29152a640>, <torch.utils.data.dataloader.DataLoader object at 0x29152a910>, <torch.utils.data.dataloader.DataLoader object at 0x291535250>, <torch.utils.data.dataloader.DataLoader object at 0x2915327c0>] 11
Federated Unlearning Global Epoch  = 1
Federated Unlearning Global Epoch  = 2
Federated Unlearning Global Epoch  = 3
Federated Unlearning Global Epoch  = 4
Federated Unlearning Global Epoch  = 5
Federated Unlearning Global Epoch  = 6
Federated Unlearning Global Epoch  = 7
Federated Unlearning Global Epoch  = 8
Federated Unlearning Global Epoch  = 9
Federated Unlearning Global Epoch  = 10
Federated Unlearning Global Epoch  = 11
Federated Unlearning Global Epoch  = 12
Federated Unlearning Global Epoch  = 13
Federated Unlearning Global Epoch  = 14
Federated Unlearning Global Epoch  = 15
Federated Unlearning Global Epoch  = 16
Federated Unlearning Global Epoch  = 17
Federated Unlearning Global Epoch  = 18
Federated Unlearning Global Epoch  = 19
N [3, 1, 0, 7]
cc 0.4
ss 0.8
rouc:  0.4  rous:  0.32
IE:  {1, 3, 5, 7, 9, 11, 13, 15, 17}
tr:  5
selected_clients:      [8 0 2 9]
client_models 10
selected_clients:      [2 4 7 8]
client_models 10
selected_clients:      [0 1 9 8]
client_models 10
selected_clients:      [8 0 0 0]
client_models 10
selected_clients:      [4 0 2 1]
client_models 10
selected_clients:      [6 7 9 8]
client_models 10
selected_clients:      [2 6 1 1]
client_models 10
here
client_data_loaders:  [<torch.utils.data.dataloader.DataLoader object at 0x291535520>, <torch.utils.data.dataloader.DataLoader object at 0x291532130>, <torch.utils.data.dataloader.DataLoader object at 0x291535610>, <torch.utils.data.dataloader.DataLoader object at 0x29fee4fa0>, <torch.utils.data.dataloader.DataLoader object at 0x29152a550>, <torch.utils.data.dataloader.DataLoader object at 0x2915313d0>, <torch.utils.data.dataloader.DataLoader object at 0x291531790>, <torch.utils.data.dataloader.DataLoader object at 0x29152a640>, <torch.utils.data.dataloader.DataLoader object at 0x29152a910>, <torch.utils.data.dataloader.DataLoader object at 0x291535250>, <torch.utils.data.dataloader.DataLoader object at 0x2915327c0>] 11
Federated Unlearning Global Epoch  = 1
Federated Unlearning Global Epoch  = 2
Federated Unlearning Global Epoch  = 3
Federated Unlearning Global Epoch  = 4
Federated Unlearning Global Epoch  = 5
Federated Unlearning Global Epoch  = 6
Federated Unlearning Global Epoch  = 7
Federated Unlearning Global Epoch  = 8
Federated Unlearning Global Epoch  = 9
Federated Unlearning Global Epoch  = 10
Federated Unlearning Global Epoch  = 11
Federated Unlearning Global Epoch  = 12
Federated Unlearning Global Epoch  = 13
Federated Unlearning Global Epoch  = 14
Federated Unlearning Global Epoch  = 15
Federated Unlearning Global Epoch  = 16
Federated Unlearning Global Epoch  = 17
Federated Unlearning Global Epoch  = 18
Federated Unlearning Global Epoch  = 19
N [3, 1, 0, 7]
cc 0.4
ss 0.8
rouc:  0.4  rous:  0.32
IE:  {1, 3, 5, 7, 9, 11, 13, 15, 17}
tr:  5
selected_clients:      [6 8 3 4]
client_models 10
selected_clients:      [1 7 1 6]
client_models 10
selected_clients:      [2 7 2 5]
client_models 10
selected_clients:      [0 0 9 7]
client_models 10
selected_clients:      [9 8 9 4]
client_models 10
selected_clients:      [4 6 7 9]
client_models 10
selected_clients:      [7 6 6 2]
client_models 10
here
client_data_loaders:  [<torch.utils.data.dataloader.DataLoader object at 0x291535520>, <torch.utils.data.dataloader.DataLoader object at 0x291532130>, <torch.utils.data.dataloader.DataLoader object at 0x291535610>, <torch.utils.data.dataloader.DataLoader object at 0x29d9d1b20>, <torch.utils.data.dataloader.DataLoader object at 0x29152a550>, <torch.utils.data.dataloader.DataLoader object at 0x2915313d0>, <torch.utils.data.dataloader.DataLoader object at 0x291531790>, <torch.utils.data.dataloader.DataLoader object at 0x29152a640>, <torch.utils.data.dataloader.DataLoader object at 0x29152a910>, <torch.utils.data.dataloader.DataLoader object at 0x291535250>, <torch.utils.data.dataloader.DataLoader object at 0x2915327c0>] 11
Federated Unlearning Global Epoch  = 1
Federated Unlearning Global Epoch  = 2
Federated Unlearning Global Epoch  = 3
Federated Unlearning Global Epoch  = 4
Federated Unlearning Global Epoch  = 5
Federated Unlearning Global Epoch  = 6
Federated Unlearning Global Epoch  = 7
Federated Unlearning Global Epoch  = 8
Federated Unlearning Global Epoch  = 9
Federated Unlearning Global Epoch  = 10
Federated Unlearning Global Epoch  = 11
Federated Unlearning Global Epoch  = 12
Federated Unlearning Global Epoch  = 13
Federated Unlearning Global Epoch  = 14
Federated Unlearning Global Epoch  = 15
Federated Unlearning Global Epoch  = 16
Federated Unlearning Global Epoch  = 17
Federated Unlearning Global Epoch  = 18
Federated Unlearning Global Epoch  = 19
N [3, 1, 0, 7]
cc 0.4
ss 0.8
rouc:  0.4  rous:  0.32
IE:  {1, 3, 5, 7, 9, 11, 13, 15, 17}
tr:  5
selected_clients:      [9 2 0 4]
client_models 10
selected_clients:      [0 5 8 0]
client_models 10
selected_clients:      [2 9 5 8]
client_models 10
selected_clients:      [4 6 5 8]
client_models 10
selected_clients:      [2 0 8 5]
client_models 10
selected_clients:      [9 0 5 1]
client_models 10
selected_clients:      [8 8 0 9]
client_models 10
here
client_data_loaders:  [<torch.utils.data.dataloader.DataLoader object at 0x291535520>, <torch.utils.data.dataloader.DataLoader object at 0x291532130>, <torch.utils.data.dataloader.DataLoader object at 0x291535610>, <torch.utils.data.dataloader.DataLoader object at 0x29eb44d60>, <torch.utils.data.dataloader.DataLoader object at 0x29152a550>, <torch.utils.data.dataloader.DataLoader object at 0x2915313d0>, <torch.utils.data.dataloader.DataLoader object at 0x291531790>, <torch.utils.data.dataloader.DataLoader object at 0x29152a640>, <torch.utils.data.dataloader.DataLoader object at 0x29152a910>, <torch.utils.data.dataloader.DataLoader object at 0x291535250>, <torch.utils.data.dataloader.DataLoader object at 0x2915327c0>] 11
Federated Unlearning Global Epoch  = 1
Federated Unlearning Global Epoch  = 2
Federated Unlearning Global Epoch  = 3
Federated Unlearning Global Epoch  = 4
Federated Unlearning Global Epoch  = 5
Federated Unlearning Global Epoch  = 6
Federated Unlearning Global Epoch  = 7
Federated Unlearning Global Epoch  = 8
Federated Unlearning Global Epoch  = 9
Federated Unlearning Global Epoch  = 10
Federated Unlearning Global Epoch  = 11
Federated Unlearning Global Epoch  = 12
Federated Unlearning Global Epoch  = 13
Federated Unlearning Global Epoch  = 14
Federated Unlearning Global Epoch  = 15
Federated Unlearning Global Epoch  = 16
Federated Unlearning Global Epoch  = 17
Federated Unlearning Global Epoch  = 18
Federated Unlearning Global Epoch  = 19
N [3, 1, 0, 7]
cc 0.4
ss 0.8
rouc:  0.4  rous:  0.32
IE:  {1, 3, 5, 7, 9, 11, 13, 15, 17}
tr:  5
selected_clients:      [8 7 3 6]
client_models 10
selected_clients:      [5 3 6 0]
client_models 10
selected_clients:      [2 5 8 6]
client_models 10
selected_clients:      [7 7 6 0]
client_models 10
selected_clients:      [5 5 1 6]
client_models 10
selected_clients:      [2 0 5 7]
client_models 10
selected_clients:      [3 5 3 4]
client_models 10
here
client_data_loaders:  [<torch.utils.data.dataloader.DataLoader object at 0x291535520>, <torch.utils.data.dataloader.DataLoader object at 0x291532130>, <torch.utils.data.dataloader.DataLoader object at 0x291535610>, <torch.utils.data.dataloader.DataLoader object at 0x291579c70>, <torch.utils.data.dataloader.DataLoader object at 0x29152a550>, <torch.utils.data.dataloader.DataLoader object at 0x2915313d0>, <torch.utils.data.dataloader.DataLoader object at 0x291531790>, <torch.utils.data.dataloader.DataLoader object at 0x29152a640>, <torch.utils.data.dataloader.DataLoader object at 0x29152a910>, <torch.utils.data.dataloader.DataLoader object at 0x291535250>, <torch.utils.data.dataloader.DataLoader object at 0x2915327c0>] 11
Federated Unlearning Global Epoch  = 1
Federated Unlearning Global Epoch  = 2
Federated Unlearning Global Epoch  = 3
Federated Unlearning Global Epoch  = 4
Federated Unlearning Global Epoch  = 5
Federated Unlearning Global Epoch  = 6
Federated Unlearning Global Epoch  = 7
Federated Unlearning Global Epoch  = 8
Federated Unlearning Global Epoch  = 9
Federated Unlearning Global Epoch  = 10
Federated Unlearning Global Epoch  = 11
Federated Unlearning Global Epoch  = 12
Federated Unlearning Global Epoch  = 13
Federated Unlearning Global Epoch  = 14
Federated Unlearning Global Epoch  = 15
Federated Unlearning Global Epoch  = 16
Federated Unlearning Global Epoch  = 17
Federated Unlearning Global Epoch  = 18
Federated Unlearning Global Epoch  = 19
N [3, 1, 0, 7]
cc 0.4
ss 0.8
rouc:  0.4  rous:  0.32
IE:  {1, 3, 5, 7, 9, 11, 13, 15, 17}
tr:  5
selected_clients:      [0 8 7 8]
client_models 10
selected_clients:      [3 6 6 5]
client_models 10
selected_clients:      [1 1 5 8]
client_models 10
selected_clients:      [0 0 8 5]
client_models 10
selected_clients:      [2 5 0 1]
client_models 10
selected_clients:      [6 8 5 5]
client_models 10
selected_clients:      [8 6 6 4]
client_models 10
X_u <torch.utils.data.dataloader.DataLoader object at 0x291579c70>
data_loader_ku <torch.utils.data.dataloader.DataLoader object at 0x291579c70>
here
client_data_loaders:  [<torch.utils.data.dataloader.DataLoader object at 0x291535520>, <torch.utils.data.dataloader.DataLoader object at 0x291532130>, <torch.utils.data.dataloader.DataLoader object at 0x291535610>, <torch.utils.data.dataloader.DataLoader object at 0x29dc195b0>, <torch.utils.data.dataloader.DataLoader object at 0x29152a550>, <torch.utils.data.dataloader.DataLoader object at 0x2915313d0>, <torch.utils.data.dataloader.DataLoader object at 0x291531790>, <torch.utils.data.dataloader.DataLoader object at 0x29152a640>, <torch.utils.data.dataloader.DataLoader object at 0x29152a910>, <torch.utils.data.dataloader.DataLoader object at 0x291535250>, <torch.utils.data.dataloader.DataLoader object at 0x2915327c0>] 11
Federated Unlearning Global Epoch  = 1
Federated Unlearning Global Epoch  = 2
Federated Unlearning Global Epoch  = 3
Federated Unlearning Global Epoch  = 4
Federated Unlearning Global Epoch  = 5
Federated Unlearning Global Epoch  = 6
Federated Unlearning Global Epoch  = 7
Federated Unlearning Global Epoch  = 8
Federated Unlearning Global Epoch  = 9
Federated Unlearning Global Epoch  = 10
Federated Unlearning Global Epoch  = 11
Federated Unlearning Global Epoch  = 12
Federated Unlearning Global Epoch  = 13
Federated Unlearning Global Epoch  = 14
Federated Unlearning Global Epoch  = 15
Federated Unlearning Global Epoch  = 16
Federated Unlearning Global Epoch  = 17
Federated Unlearning Global Epoch  = 18
Federated Unlearning Global Epoch  = 19
N [3, 1, 0, 7]
cc 0.4
ss 0.8
rouc:  0.4  rous:  0.32
IE:  {1, 3, 5, 7, 9, 11, 13, 15, 17}
tr:  5
selected_clients:      [0 1 9 9]
client_models 10
selected_clients:      [9 2 1 3]
client_models 10
selected_clients:      [5 5 9 4]
client_models 10
selected_clients:      [9 1 5 0]
client_models 10
selected_clients:      [4 5 6 1]
client_models 10
selected_clients:      [4 3 0 6]
client_models 10
selected_clients:      [8 6 7 9]
client_models 10
here
client_data_loaders:  [<torch.utils.data.dataloader.DataLoader object at 0x291535520>, <torch.utils.data.dataloader.DataLoader object at 0x291532130>, <torch.utils.data.dataloader.DataLoader object at 0x291535610>, <torch.utils.data.dataloader.DataLoader object at 0x29d9462e0>, <torch.utils.data.dataloader.DataLoader object at 0x29152a550>, <torch.utils.data.dataloader.DataLoader object at 0x2915313d0>, <torch.utils.data.dataloader.DataLoader object at 0x291531790>, <torch.utils.data.dataloader.DataLoader object at 0x29152a640>, <torch.utils.data.dataloader.DataLoader object at 0x29152a910>, <torch.utils.data.dataloader.DataLoader object at 0x291535250>, <torch.utils.data.dataloader.DataLoader object at 0x2915327c0>] 11
Federated Unlearning Global Epoch  = 1
Federated Unlearning Global Epoch  = 2
Federated Unlearning Global Epoch  = 3
Federated Unlearning Global Epoch  = 4
Federated Unlearning Global Epoch  = 5
Federated Unlearning Global Epoch  = 6
Federated Unlearning Global Epoch  = 7
Federated Unlearning Global Epoch  = 8
Federated Unlearning Global Epoch  = 9
Federated Unlearning Global Epoch  = 10
Federated Unlearning Global Epoch  = 11
Federated Unlearning Global Epoch  = 12
Federated Unlearning Global Epoch  = 13
Federated Unlearning Global Epoch  = 14
Federated Unlearning Global Epoch  = 15
Federated Unlearning Global Epoch  = 16
Federated Unlearning Global Epoch  = 17
Federated Unlearning Global Epoch  = 18
Federated Unlearning Global Epoch  = 19
N [3, 1, 0, 7]
cc 0.4
ss 0.8
rouc:  0.4  rous:  0.32
IE:  {1, 3, 5, 7, 9, 11, 13, 15, 17}
tr:  5
selected_clients:      [3 3 7 2]
client_models 10
selected_clients:      [5 0 7 1]
client_models 10
selected_clients:      [0 6 7 9]
client_models 10
selected_clients:      [6 3 0 2]
client_models 10
selected_clients:      [2 4 6 5]
client_models 10
selected_clients:      [5 6 5 3]
client_models 10
selected_clients:      [3 9 4 9]
client_models 10
here
client_data_loaders:  [<torch.utils.data.dataloader.DataLoader object at 0x291535520>, <torch.utils.data.dataloader.DataLoader object at 0x291532130>, <torch.utils.data.dataloader.DataLoader object at 0x291535610>, <torch.utils.data.dataloader.DataLoader object at 0x29fa096d0>, <torch.utils.data.dataloader.DataLoader object at 0x29152a550>, <torch.utils.data.dataloader.DataLoader object at 0x2915313d0>, <torch.utils.data.dataloader.DataLoader object at 0x291531790>, <torch.utils.data.dataloader.DataLoader object at 0x29152a640>, <torch.utils.data.dataloader.DataLoader object at 0x29152a910>, <torch.utils.data.dataloader.DataLoader object at 0x291535250>, <torch.utils.data.dataloader.DataLoader object at 0x2915327c0>] 11
Federated Unlearning Global Epoch  = 1
Federated Unlearning Global Epoch  = 2
Federated Unlearning Global Epoch  = 3
Federated Unlearning Global Epoch  = 4
Federated Unlearning Global Epoch  = 5
Federated Unlearning Global Epoch  = 6
Federated Unlearning Global Epoch  = 7
Federated Unlearning Global Epoch  = 8
Federated Unlearning Global Epoch  = 9
Federated Unlearning Global Epoch  = 10
Federated Unlearning Global Epoch  = 11
Federated Unlearning Global Epoch  = 12
Federated Unlearning Global Epoch  = 13
Federated Unlearning Global Epoch  = 14
Federated Unlearning Global Epoch  = 15
Federated Unlearning Global Epoch  = 16
Federated Unlearning Global Epoch  = 17
Federated Unlearning Global Epoch  = 18
Federated Unlearning Global Epoch  = 19
N [3, 1, 0, 7]
cc 0.4
ss 0.8
rouc:  0.4  rous:  0.32
IE:  {1, 3, 5, 7, 9, 11, 13, 15, 17}
tr:  5
selected_clients:      [9 5 0 1]
client_models 10
selected_clients:      [2 4 5 9]
client_models 10
selected_clients:      [8 6 8 3]
client_models 10
selected_clients:      [0 4 8 4]
client_models 10
selected_clients:      [8 0 8 9]
client_models 10
selected_clients:      [2 6 7 8]
client_models 10
selected_clients:      [7 7 0 3]
client_models 10
here
client_data_loaders:  [<torch.utils.data.dataloader.DataLoader object at 0x291535520>, <torch.utils.data.dataloader.DataLoader object at 0x291532130>, <torch.utils.data.dataloader.DataLoader object at 0x291535610>, <torch.utils.data.dataloader.DataLoader object at 0x29ff1ac70>, <torch.utils.data.dataloader.DataLoader object at 0x29152a550>, <torch.utils.data.dataloader.DataLoader object at 0x2915313d0>, <torch.utils.data.dataloader.DataLoader object at 0x291531790>, <torch.utils.data.dataloader.DataLoader object at 0x29152a640>, <torch.utils.data.dataloader.DataLoader object at 0x29152a910>, <torch.utils.data.dataloader.DataLoader object at 0x291535250>, <torch.utils.data.dataloader.DataLoader object at 0x2915327c0>] 11
Federated Unlearning Global Epoch  = 1
Federated Unlearning Global Epoch  = 2
Federated Unlearning Global Epoch  = 3
Federated Unlearning Global Epoch  = 4
Federated Unlearning Global Epoch  = 5
Federated Unlearning Global Epoch  = 6
Federated Unlearning Global Epoch  = 7
Federated Unlearning Global Epoch  = 8
Federated Unlearning Global Epoch  = 9
Federated Unlearning Global Epoch  = 10
Federated Unlearning Global Epoch  = 11
Federated Unlearning Global Epoch  = 12
Federated Unlearning Global Epoch  = 13
Federated Unlearning Global Epoch  = 14
Federated Unlearning Global Epoch  = 15
Federated Unlearning Global Epoch  = 16
Federated Unlearning Global Epoch  = 17
Federated Unlearning Global Epoch  = 18
Federated Unlearning Global Epoch  = 19
N [3, 1, 0, 7]
cc 0.4
ss 0.8
rouc:  0.4  rous:  0.32
IE:  {1, 3, 5, 7, 9, 11, 13, 15, 17}
tr:  5
selected_clients:      [6 0 1 8]
client_models 10
selected_clients:      [9 4 9 7]
client_models 10
selected_clients:      [4 9 8 2]
client_models 10
selected_clients:      [9 6 8 8]
client_models 10
selected_clients:      [7 4 1 8]
client_models 10
selected_clients:      [5 0 2 9]
client_models 10
selected_clients:      [4 5 8 0]
client_models 10
here
client_data_loaders:  [<torch.utils.data.dataloader.DataLoader object at 0x291535520>, <torch.utils.data.dataloader.DataLoader object at 0x291532130>, <torch.utils.data.dataloader.DataLoader object at 0x291535610>, <torch.utils.data.dataloader.DataLoader object at 0x29d9d1520>, <torch.utils.data.dataloader.DataLoader object at 0x29152a550>, <torch.utils.data.dataloader.DataLoader object at 0x2915313d0>, <torch.utils.data.dataloader.DataLoader object at 0x291531790>, <torch.utils.data.dataloader.DataLoader object at 0x29152a640>, <torch.utils.data.dataloader.DataLoader object at 0x29152a910>, <torch.utils.data.dataloader.DataLoader object at 0x291535250>, <torch.utils.data.dataloader.DataLoader object at 0x2915327c0>] 11
Federated Unlearning Global Epoch  = 1
Federated Unlearning Global Epoch  = 2
Federated Unlearning Global Epoch  = 3
Federated Unlearning Global Epoch  = 4
Federated Unlearning Global Epoch  = 5
Federated Unlearning Global Epoch  = 6
Federated Unlearning Global Epoch  = 7
Federated Unlearning Global Epoch  = 8
Federated Unlearning Global Epoch  = 9
Federated Unlearning Global Epoch  = 10
Federated Unlearning Global Epoch  = 11
Federated Unlearning Global Epoch  = 12
Federated Unlearning Global Epoch  = 13
Federated Unlearning Global Epoch  = 14
Federated Unlearning Global Epoch  = 15
Federated Unlearning Global Epoch  = 16
Federated Unlearning Global Epoch  = 17
Federated Unlearning Global Epoch  = 18
Federated Unlearning Global Epoch  = 19
N [3, 1, 0, 7]
cc 0.4
ss 0.8
rouc:  0.4  rous:  0.32
IE:  {1, 3, 5, 7, 9, 11, 13, 15, 17}
tr:  5
selected_clients:      [7 2 8 3]
client_models 10
selected_clients:      [8 4 9 6]
client_models 10
selected_clients:      [4 8 3 8]
client_models 10
selected_clients:      [0 5 7 3]
client_models 10
selected_clients:      [1 2 0 7]
client_models 10
selected_clients:      [8 6 3 4]
client_models 10
selected_clients:      [8 4 9 7]
client_models 10
here
client_data_loaders:  [<torch.utils.data.dataloader.DataLoader object at 0x291535520>, <torch.utils.data.dataloader.DataLoader object at 0x291532130>, <torch.utils.data.dataloader.DataLoader object at 0x291535610>, <torch.utils.data.dataloader.DataLoader object at 0x29dbd1f40>, <torch.utils.data.dataloader.DataLoader object at 0x29152a550>, <torch.utils.data.dataloader.DataLoader object at 0x2915313d0>, <torch.utils.data.dataloader.DataLoader object at 0x291531790>, <torch.utils.data.dataloader.DataLoader object at 0x29152a640>, <torch.utils.data.dataloader.DataLoader object at 0x29152a910>, <torch.utils.data.dataloader.DataLoader object at 0x291535250>, <torch.utils.data.dataloader.DataLoader object at 0x2915327c0>] 11
Federated Unlearning Global Epoch  = 1
Federated Unlearning Global Epoch  = 2
Federated Unlearning Global Epoch  = 3
Federated Unlearning Global Epoch  = 4
Federated Unlearning Global Epoch  = 5
Federated Unlearning Global Epoch  = 6
Federated Unlearning Global Epoch  = 7
Federated Unlearning Global Epoch  = 8
Federated Unlearning Global Epoch  = 9
Federated Unlearning Global Epoch  = 10
Federated Unlearning Global Epoch  = 11
Federated Unlearning Global Epoch  = 12
Federated Unlearning Global Epoch  = 13
Federated Unlearning Global Epoch  = 14
Federated Unlearning Global Epoch  = 15
Federated Unlearning Global Epoch  = 16
Federated Unlearning Global Epoch  = 17
Federated Unlearning Global Epoch  = 18
Federated Unlearning Global Epoch  = 19
N [3, 1, 0, 7]
cc 0.4
ss 0.8
rouc:  0.4  rous:  0.32
IE:  {1, 3, 5, 7, 9, 11, 13, 15, 17}
tr:  5
selected_clients:      [6 0 9 2]
client_models 10
selected_clients:      [0 5 2 7]
client_models 10
selected_clients:      [6 7 8 6]
client_models 10
selected_clients:      [8 7 4 7]
client_models 10
selected_clients:      [5 0 7 3]
client_models 10
selected_clients:      [5 3 0 4]
client_models 10
selected_clients:      [8 6 4 5]
client_models 10
here
client_data_loaders:  [<torch.utils.data.dataloader.DataLoader object at 0x291535520>, <torch.utils.data.dataloader.DataLoader object at 0x291532130>, <torch.utils.data.dataloader.DataLoader object at 0x291535610>, <torch.utils.data.dataloader.DataLoader object at 0x29df50220>, <torch.utils.data.dataloader.DataLoader object at 0x29152a550>, <torch.utils.data.dataloader.DataLoader object at 0x2915313d0>, <torch.utils.data.dataloader.DataLoader object at 0x291531790>, <torch.utils.data.dataloader.DataLoader object at 0x29152a640>, <torch.utils.data.dataloader.DataLoader object at 0x29152a910>, <torch.utils.data.dataloader.DataLoader object at 0x291535250>, <torch.utils.data.dataloader.DataLoader object at 0x2915327c0>] 11
Federated Unlearning Global Epoch  = 1
Federated Unlearning Global Epoch  = 2
Federated Unlearning Global Epoch  = 3
Federated Unlearning Global Epoch  = 4
Federated Unlearning Global Epoch  = 5
Federated Unlearning Global Epoch  = 6
Federated Unlearning Global Epoch  = 7
Federated Unlearning Global Epoch  = 8
Federated Unlearning Global Epoch  = 9
Federated Unlearning Global Epoch  = 10
Federated Unlearning Global Epoch  = 11
Federated Unlearning Global Epoch  = 12
Federated Unlearning Global Epoch  = 13
Federated Unlearning Global Epoch  = 14
Federated Unlearning Global Epoch  = 15
Federated Unlearning Global Epoch  = 16
Federated Unlearning Global Epoch  = 17
Federated Unlearning Global Epoch  = 18
Federated Unlearning Global Epoch  = 19
N [3, 1, 0, 7]
cc 0.4
ss 0.8
rouc:  0.4  rous:  0.32
IE:  {1, 3, 5, 7, 9, 11, 13, 15, 17}
tr:  5
selected_clients:      [6 3 2 3]
client_models 10
selected_clients:      [1 5 8 9]
client_models 10
selected_clients:      [7 1 4 1]
client_models 10
selected_clients:      [9 9 9 8]
client_models 10
selected_clients:      [9 9 7 5]
client_models 10
selected_clients:      [7 3 1 8]
client_models 10
selected_clients:      [9 3 0 6]
client_models 10
here
client_data_loaders:  [<torch.utils.data.dataloader.DataLoader object at 0x291535520>, <torch.utils.data.dataloader.DataLoader object at 0x291532130>, <torch.utils.data.dataloader.DataLoader object at 0x291535610>, <torch.utils.data.dataloader.DataLoader object at 0x29dc85fd0>, <torch.utils.data.dataloader.DataLoader object at 0x29152a550>, <torch.utils.data.dataloader.DataLoader object at 0x2915313d0>, <torch.utils.data.dataloader.DataLoader object at 0x291531790>, <torch.utils.data.dataloader.DataLoader object at 0x29152a640>, <torch.utils.data.dataloader.DataLoader object at 0x29152a910>, <torch.utils.data.dataloader.DataLoader object at 0x291535250>, <torch.utils.data.dataloader.DataLoader object at 0x2915327c0>] 11
Federated Unlearning Global Epoch  = 1
Federated Unlearning Global Epoch  = 2
Federated Unlearning Global Epoch  = 3
Federated Unlearning Global Epoch  = 4
Federated Unlearning Global Epoch  = 5
Federated Unlearning Global Epoch  = 6
Federated Unlearning Global Epoch  = 7
Federated Unlearning Global Epoch  = 8
Federated Unlearning Global Epoch  = 9
Federated Unlearning Global Epoch  = 10
Federated Unlearning Global Epoch  = 11
Federated Unlearning Global Epoch  = 12
Federated Unlearning Global Epoch  = 13
Federated Unlearning Global Epoch  = 14
Federated Unlearning Global Epoch  = 15
Federated Unlearning Global Epoch  = 16
Federated Unlearning Global Epoch  = 17
Federated Unlearning Global Epoch  = 18
Federated Unlearning Global Epoch  = 19
N [3, 1, 0, 7]
cc 0.4
ss 0.8
rouc:  0.4  rous:  0.32
IE:  {1, 3, 5, 7, 9, 11, 13, 15, 17}
tr:  5
selected_clients:      [3 4 8 3]
client_models 10
selected_clients:      [4 0 3 2]
client_models 10
selected_clients:      [5 1 7 1]
client_models 10
selected_clients:      [5 0 8 1]
client_models 10
selected_clients:      [7 3 9 9]
client_models 10
selected_clients:      [1 9 6 6]
client_models 10
selected_clients:      [7 6 9 1]
client_models 10
X_u <torch.utils.data.dataloader.DataLoader object at 0x29dc85fd0>
data_loader_ku <torch.utils.data.dataloader.DataLoader object at 0x29dc85fd0>
here
client_data_loaders:  [<torch.utils.data.dataloader.DataLoader object at 0x291535520>, <torch.utils.data.dataloader.DataLoader object at 0x291532130>, <torch.utils.data.dataloader.DataLoader object at 0x291535610>, <torch.utils.data.dataloader.DataLoader object at 0x29d9af250>, <torch.utils.data.dataloader.DataLoader object at 0x29152a550>, <torch.utils.data.dataloader.DataLoader object at 0x2915313d0>, <torch.utils.data.dataloader.DataLoader object at 0x291531790>, <torch.utils.data.dataloader.DataLoader object at 0x29152a640>, <torch.utils.data.dataloader.DataLoader object at 0x29152a910>, <torch.utils.data.dataloader.DataLoader object at 0x291535250>, <torch.utils.data.dataloader.DataLoader object at 0x2915327c0>] 11
Federated Unlearning Global Epoch  = 1
Federated Unlearning Global Epoch  = 2
Federated Unlearning Global Epoch  = 3
Federated Unlearning Global Epoch  = 4
Federated Unlearning Global Epoch  = 5
Federated Unlearning Global Epoch  = 6
Federated Unlearning Global Epoch  = 7
Federated Unlearning Global Epoch  = 8
Federated Unlearning Global Epoch  = 9
Federated Unlearning Global Epoch  = 10
Federated Unlearning Global Epoch  = 11
Federated Unlearning Global Epoch  = 12
Federated Unlearning Global Epoch  = 13
Federated Unlearning Global Epoch  = 14
Federated Unlearning Global Epoch  = 15
Federated Unlearning Global Epoch  = 16
Federated Unlearning Global Epoch  = 17
Federated Unlearning Global Epoch  = 18
Federated Unlearning Global Epoch  = 19
N [3, 1, 0, 7]
cc 0.4
ss 0.8
rouc:  0.4  rous:  0.32
IE:  {1, 3, 5, 7, 9, 11, 13, 15, 17}
tr:  5
selected_clients:      [7 3 8 9]
client_models 10
selected_clients:      [9 9 3 3]
client_models 10
selected_clients:      [2 9 0 6]
client_models 10
selected_clients:      [0 7 5 8]
client_models 10
selected_clients:      [3 8 4 3]
client_models 10
selected_clients:      [9 6 0 4]
client_models 10
selected_clients:      [0 8 4 9]
client_models 10
here
client_data_loaders:  [<torch.utils.data.dataloader.DataLoader object at 0x291535520>, <torch.utils.data.dataloader.DataLoader object at 0x291532130>, <torch.utils.data.dataloader.DataLoader object at 0x291535610>, <torch.utils.data.dataloader.DataLoader object at 0x29dbf5910>, <torch.utils.data.dataloader.DataLoader object at 0x29152a550>, <torch.utils.data.dataloader.DataLoader object at 0x2915313d0>, <torch.utils.data.dataloader.DataLoader object at 0x291531790>, <torch.utils.data.dataloader.DataLoader object at 0x29152a640>, <torch.utils.data.dataloader.DataLoader object at 0x29152a910>, <torch.utils.data.dataloader.DataLoader object at 0x291535250>, <torch.utils.data.dataloader.DataLoader object at 0x2915327c0>] 11
Federated Unlearning Global Epoch  = 1
Federated Unlearning Global Epoch  = 2
Federated Unlearning Global Epoch  = 3
Federated Unlearning Global Epoch  = 4
Federated Unlearning Global Epoch  = 5
Federated Unlearning Global Epoch  = 6
Federated Unlearning Global Epoch  = 7
Federated Unlearning Global Epoch  = 8
Federated Unlearning Global Epoch  = 9
Federated Unlearning Global Epoch  = 10
Federated Unlearning Global Epoch  = 11
Federated Unlearning Global Epoch  = 12
Federated Unlearning Global Epoch  = 13
Federated Unlearning Global Epoch  = 14
Federated Unlearning Global Epoch  = 15
Federated Unlearning Global Epoch  = 16
Federated Unlearning Global Epoch  = 17
Federated Unlearning Global Epoch  = 18
Federated Unlearning Global Epoch  = 19
N [3, 1, 0, 7]
cc 0.4
ss 0.8
rouc:  0.4  rous:  0.32
IE:  {1, 3, 5, 7, 9, 11, 13, 15, 17}
tr:  5
selected_clients:      [6 8 5 8]
client_models 10
selected_clients:      [9 4 5 6]
client_models 10
selected_clients:      [3 5 6 2]
client_models 10
selected_clients:      [4 1 1 6]
client_models 10
selected_clients:      [5 8 1 6]
client_models 10
selected_clients:      [3 2 1 6]
client_models 10
selected_clients:      [6 3 6 7]
client_models 10
here
client_data_loaders:  [<torch.utils.data.dataloader.DataLoader object at 0x291535520>, <torch.utils.data.dataloader.DataLoader object at 0x291532130>, <torch.utils.data.dataloader.DataLoader object at 0x291535610>, <torch.utils.data.dataloader.DataLoader object at 0x29eb44cd0>, <torch.utils.data.dataloader.DataLoader object at 0x29152a550>, <torch.utils.data.dataloader.DataLoader object at 0x2915313d0>, <torch.utils.data.dataloader.DataLoader object at 0x291531790>, <torch.utils.data.dataloader.DataLoader object at 0x29152a640>, <torch.utils.data.dataloader.DataLoader object at 0x29152a910>, <torch.utils.data.dataloader.DataLoader object at 0x291535250>, <torch.utils.data.dataloader.DataLoader object at 0x2915327c0>] 11
Federated Unlearning Global Epoch  = 1
Federated Unlearning Global Epoch  = 2
Federated Unlearning Global Epoch  = 3
Federated Unlearning Global Epoch  = 4
Federated Unlearning Global Epoch  = 5
Federated Unlearning Global Epoch  = 6
Federated Unlearning Global Epoch  = 7
Federated Unlearning Global Epoch  = 8
Federated Unlearning Global Epoch  = 9
Federated Unlearning Global Epoch  = 10
Federated Unlearning Global Epoch  = 11
Federated Unlearning Global Epoch  = 12
Federated Unlearning Global Epoch  = 13
Federated Unlearning Global Epoch  = 14
Federated Unlearning Global Epoch  = 15
Federated Unlearning Global Epoch  = 16
Federated Unlearning Global Epoch  = 17
Federated Unlearning Global Epoch  = 18
Federated Unlearning Global Epoch  = 19
N [3, 1, 0, 7]
cc 0.4
ss 0.8
rouc:  0.4  rous:  0.32
IE:  {1, 3, 5, 7, 9, 11, 13, 15, 17}
tr:  5
selected_clients:      [9 2 6 3]
client_models 10
selected_clients:      [0 8 0 6]
client_models 10
selected_clients:      [8 6 6 2]
client_models 10
selected_clients:      [0 9 8 7]
client_models 10
selected_clients:      [1 8 6 5]
client_models 10
selected_clients:      [0 4 8 8]
client_models 10
selected_clients:      [9 9 2 9]
client_models 10
here
client_data_loaders:  [<torch.utils.data.dataloader.DataLoader object at 0x291535520>, <torch.utils.data.dataloader.DataLoader object at 0x291532130>, <torch.utils.data.dataloader.DataLoader object at 0x291535610>, <torch.utils.data.dataloader.DataLoader object at 0x29db44f70>, <torch.utils.data.dataloader.DataLoader object at 0x29152a550>, <torch.utils.data.dataloader.DataLoader object at 0x2915313d0>, <torch.utils.data.dataloader.DataLoader object at 0x291531790>, <torch.utils.data.dataloader.DataLoader object at 0x29152a640>, <torch.utils.data.dataloader.DataLoader object at 0x29152a910>, <torch.utils.data.dataloader.DataLoader object at 0x291535250>, <torch.utils.data.dataloader.DataLoader object at 0x2915327c0>] 11
Federated Unlearning Global Epoch  = 1
Federated Unlearning Global Epoch  = 2
Federated Unlearning Global Epoch  = 3
Federated Unlearning Global Epoch  = 4
Federated Unlearning Global Epoch  = 5
Federated Unlearning Global Epoch  = 6
Federated Unlearning Global Epoch  = 7
Federated Unlearning Global Epoch  = 8
Federated Unlearning Global Epoch  = 9
Federated Unlearning Global Epoch  = 10
Federated Unlearning Global Epoch  = 11
Federated Unlearning Global Epoch  = 12
Federated Unlearning Global Epoch  = 13
Federated Unlearning Global Epoch  = 14
Federated Unlearning Global Epoch  = 15
Federated Unlearning Global Epoch  = 16
Federated Unlearning Global Epoch  = 17
Federated Unlearning Global Epoch  = 18
Federated Unlearning Global Epoch  = 19
N [3, 1, 0, 7]
cc 0.4
ss 0.8
rouc:  0.4  rous:  0.32
IE:  {1, 3, 5, 7, 9, 11, 13, 15, 17}
tr:  5
selected_clients:      [4 8 4 5]
client_models 10
selected_clients:      [6 0 0 9]
client_models 10
selected_clients:      [1 8 6 6]
client_models 10
selected_clients:      [6 4 8 8]
client_models 10
selected_clients:      [2 6 1 6]
client_models 10
selected_clients:      [9 1 4 0]
client_models 10
selected_clients:      [6 5 5 4]
client_models 10
here
client_data_loaders:  [<torch.utils.data.dataloader.DataLoader object at 0x291535520>, <torch.utils.data.dataloader.DataLoader object at 0x291532130>, <torch.utils.data.dataloader.DataLoader object at 0x291535610>, <torch.utils.data.dataloader.DataLoader object at 0x29b2f59d0>, <torch.utils.data.dataloader.DataLoader object at 0x29152a550>, <torch.utils.data.dataloader.DataLoader object at 0x2915313d0>, <torch.utils.data.dataloader.DataLoader object at 0x291531790>, <torch.utils.data.dataloader.DataLoader object at 0x29152a640>, <torch.utils.data.dataloader.DataLoader object at 0x29152a910>, <torch.utils.data.dataloader.DataLoader object at 0x291535250>, <torch.utils.data.dataloader.DataLoader object at 0x2915327c0>] 11
Federated Unlearning Global Epoch  = 1
Federated Unlearning Global Epoch  = 2
Federated Unlearning Global Epoch  = 3
Federated Unlearning Global Epoch  = 4
Federated Unlearning Global Epoch  = 5
Federated Unlearning Global Epoch  = 6
Federated Unlearning Global Epoch  = 7
Federated Unlearning Global Epoch  = 8
Federated Unlearning Global Epoch  = 9
Federated Unlearning Global Epoch  = 10
Federated Unlearning Global Epoch  = 11
Federated Unlearning Global Epoch  = 12
Federated Unlearning Global Epoch  = 13
Federated Unlearning Global Epoch  = 14
Federated Unlearning Global Epoch  = 15
Federated Unlearning Global Epoch  = 16
Federated Unlearning Global Epoch  = 17
Federated Unlearning Global Epoch  = 18
Federated Unlearning Global Epoch  = 19
N [3, 1, 0, 7]
cc 0.4
ss 0.8
rouc:  0.4  rous:  0.32
IE:  {1, 3, 5, 7, 9, 11, 13, 15, 17}
tr:  5
selected_clients:      [0 2 1 1]
client_models 10
selected_clients:      [0 6 3 6]
client_models 10
selected_clients:      [0 3 7 1]
client_models 10
selected_clients:      [8 9 0 1]
client_models 10
selected_clients:      [5 6 3 1]
client_models 10
selected_clients:      [4 6 7 9]
client_models 10
selected_clients:      [8 5 0 7]
client_models 10
here
client_data_loaders:  [<torch.utils.data.dataloader.DataLoader object at 0x291535520>, <torch.utils.data.dataloader.DataLoader object at 0x291532130>, <torch.utils.data.dataloader.DataLoader object at 0x291535610>, <torch.utils.data.dataloader.DataLoader object at 0x29de59d30>, <torch.utils.data.dataloader.DataLoader object at 0x29152a550>, <torch.utils.data.dataloader.DataLoader object at 0x2915313d0>, <torch.utils.data.dataloader.DataLoader object at 0x291531790>, <torch.utils.data.dataloader.DataLoader object at 0x29152a640>, <torch.utils.data.dataloader.DataLoader object at 0x29152a910>, <torch.utils.data.dataloader.DataLoader object at 0x291535250>, <torch.utils.data.dataloader.DataLoader object at 0x2915327c0>] 11
Federated Unlearning Global Epoch  = 1
Federated Unlearning Global Epoch  = 2
Federated Unlearning Global Epoch  = 3
Federated Unlearning Global Epoch  = 4
Federated Unlearning Global Epoch  = 5
Federated Unlearning Global Epoch  = 6
Federated Unlearning Global Epoch  = 7
Federated Unlearning Global Epoch  = 8
Federated Unlearning Global Epoch  = 9
Federated Unlearning Global Epoch  = 10
Federated Unlearning Global Epoch  = 11
Federated Unlearning Global Epoch  = 12
Federated Unlearning Global Epoch  = 13
Federated Unlearning Global Epoch  = 14
Federated Unlearning Global Epoch  = 15
Federated Unlearning Global Epoch  = 16
Federated Unlearning Global Epoch  = 17
Federated Unlearning Global Epoch  = 18
Federated Unlearning Global Epoch  = 19
N [3, 1, 0, 7]
cc 0.4
ss 0.8
rouc:  0.4  rous:  0.32
IE:  {1, 3, 5, 7, 9, 11, 13, 15, 17}
tr:  5
selected_clients:      [4 0 7 8]
client_models 10
selected_clients:      [1 5 5 7]
client_models 10
selected_clients:      [7 8 5 6]
client_models 10
selected_clients:      [0 5 4 5]
client_models 10
selected_clients:      [1 1 3 4]
client_models 10
selected_clients:      [8 0 6 9]
client_models 10
selected_clients:      [3 0 0 3]
client_models 10
here
client_data_loaders:  [<torch.utils.data.dataloader.DataLoader object at 0x291535520>, <torch.utils.data.dataloader.DataLoader object at 0x291532130>, <torch.utils.data.dataloader.DataLoader object at 0x291535610>, <torch.utils.data.dataloader.DataLoader object at 0x29ff46f70>, <torch.utils.data.dataloader.DataLoader object at 0x29152a550>, <torch.utils.data.dataloader.DataLoader object at 0x2915313d0>, <torch.utils.data.dataloader.DataLoader object at 0x291531790>, <torch.utils.data.dataloader.DataLoader object at 0x29152a640>, <torch.utils.data.dataloader.DataLoader object at 0x29152a910>, <torch.utils.data.dataloader.DataLoader object at 0x291535250>, <torch.utils.data.dataloader.DataLoader object at 0x2915327c0>] 11
Federated Unlearning Global Epoch  = 1
Federated Unlearning Global Epoch  = 2
Federated Unlearning Global Epoch  = 3
Federated Unlearning Global Epoch  = 4
Federated Unlearning Global Epoch  = 5
Federated Unlearning Global Epoch  = 6
Federated Unlearning Global Epoch  = 7
Federated Unlearning Global Epoch  = 8
Federated Unlearning Global Epoch  = 9
Federated Unlearning Global Epoch  = 10
Federated Unlearning Global Epoch  = 11
Federated Unlearning Global Epoch  = 12
Federated Unlearning Global Epoch  = 13
Federated Unlearning Global Epoch  = 14
Federated Unlearning Global Epoch  = 15
Federated Unlearning Global Epoch  = 16
Federated Unlearning Global Epoch  = 17
Federated Unlearning Global Epoch  = 18
Federated Unlearning Global Epoch  = 19
N [3, 1, 0, 7]
cc 0.4
ss 0.8
rouc:  0.4  rous:  0.32
IE:  {1, 3, 5, 7, 9, 11, 13, 15, 17}
tr:  5
selected_clients:      [1 9 4 2]
client_models 10
selected_clients:      [3 8 6 6]
client_models 10
selected_clients:      [0 7 3 6]
client_models 10
selected_clients:      [8 9 1 8]
client_models 10
selected_clients:      [6 7 4 9]
client_models 10
selected_clients:      [2 5 4 7]
client_models 10
selected_clients:      [2 9 8 5]
client_models 10
here
client_data_loaders:  [<torch.utils.data.dataloader.DataLoader object at 0x291535520>, <torch.utils.data.dataloader.DataLoader object at 0x291532130>, <torch.utils.data.dataloader.DataLoader object at 0x291535610>, <torch.utils.data.dataloader.DataLoader object at 0x29d883a00>, <torch.utils.data.dataloader.DataLoader object at 0x29152a550>, <torch.utils.data.dataloader.DataLoader object at 0x2915313d0>, <torch.utils.data.dataloader.DataLoader object at 0x291531790>, <torch.utils.data.dataloader.DataLoader object at 0x29152a640>, <torch.utils.data.dataloader.DataLoader object at 0x29152a910>, <torch.utils.data.dataloader.DataLoader object at 0x291535250>, <torch.utils.data.dataloader.DataLoader object at 0x2915327c0>] 11
Federated Unlearning Global Epoch  = 1
Federated Unlearning Global Epoch  = 2
Federated Unlearning Global Epoch  = 3
Federated Unlearning Global Epoch  = 4
Federated Unlearning Global Epoch  = 5
Federated Unlearning Global Epoch  = 6
Federated Unlearning Global Epoch  = 7
Federated Unlearning Global Epoch  = 8
Federated Unlearning Global Epoch  = 9
Federated Unlearning Global Epoch  = 10
Federated Unlearning Global Epoch  = 11
Federated Unlearning Global Epoch  = 12
Federated Unlearning Global Epoch  = 13
Federated Unlearning Global Epoch  = 14
Federated Unlearning Global Epoch  = 15
Federated Unlearning Global Epoch  = 16
Federated Unlearning Global Epoch  = 17
Federated Unlearning Global Epoch  = 18
Federated Unlearning Global Epoch  = 19
N [3, 1, 0, 7]
cc 0.4
ss 0.8
rouc:  0.4  rous:  0.32
IE:  {1, 3, 5, 7, 9, 11, 13, 15, 17}
tr:  5
selected_clients:      [0 2 1 5]
client_models 10
selected_clients:      [9 3 2 1]
client_models 10
selected_clients:      [0 4 3 0]
client_models 10
selected_clients:      [0 3 9 3]
client_models 10
selected_clients:      [1 7 5 0]
client_models 10
selected_clients:      [9 6 8 0]
client_models 10
selected_clients:      [4 8 4 7]
client_models 10
X_u <torch.utils.data.dataloader.DataLoader object at 0x29d883a00>
data_loader_ku <torch.utils.data.dataloader.DataLoader object at 0x29d883a00>
here
client_data_loaders:  [<torch.utils.data.dataloader.DataLoader object at 0x291535520>, <torch.utils.data.dataloader.DataLoader object at 0x291532130>, <torch.utils.data.dataloader.DataLoader object at 0x291535610>, <torch.utils.data.dataloader.DataLoader object at 0x29ff4ed90>, <torch.utils.data.dataloader.DataLoader object at 0x29152a550>, <torch.utils.data.dataloader.DataLoader object at 0x2915313d0>, <torch.utils.data.dataloader.DataLoader object at 0x291531790>, <torch.utils.data.dataloader.DataLoader object at 0x29152a640>, <torch.utils.data.dataloader.DataLoader object at 0x29152a910>, <torch.utils.data.dataloader.DataLoader object at 0x291535250>, <torch.utils.data.dataloader.DataLoader object at 0x2915327c0>] 11
Federated Unlearning Global Epoch  = 1
Federated Unlearning Global Epoch  = 2
Federated Unlearning Global Epoch  = 3
Federated Unlearning Global Epoch  = 4
Federated Unlearning Global Epoch  = 5
Federated Unlearning Global Epoch  = 6
Federated Unlearning Global Epoch  = 7
Federated Unlearning Global Epoch  = 8
Federated Unlearning Global Epoch  = 9
Federated Unlearning Global Epoch  = 10
Federated Unlearning Global Epoch  = 11
Federated Unlearning Global Epoch  = 12
Federated Unlearning Global Epoch  = 13
Federated Unlearning Global Epoch  = 14
Federated Unlearning Global Epoch  = 15
Federated Unlearning Global Epoch  = 16
Federated Unlearning Global Epoch  = 17
Federated Unlearning Global Epoch  = 18
Federated Unlearning Global Epoch  = 19
N [3, 1, 0, 7]
cc 0.4
ss 0.8
rouc:  0.4  rous:  0.32
IE:  {1, 3, 5, 7, 9, 11, 13, 15, 17}
tr:  5
selected_clients:      [8 4 8 6]
client_models 10
selected_clients:      [1 0 7 2]
client_models 10
selected_clients:      [8 3 6 8]
client_models 10
selected_clients:      [9 6 0 1]
client_models 10
selected_clients:      [5 1 1 6]
client_models 10
selected_clients:      [4 6 6 3]
client_models 10
selected_clients:      [3 8 5 2]
client_models 10
here
client_data_loaders:  [<torch.utils.data.dataloader.DataLoader object at 0x291535520>, <torch.utils.data.dataloader.DataLoader object at 0x291532130>, <torch.utils.data.dataloader.DataLoader object at 0x291535610>, <torch.utils.data.dataloader.DataLoader object at 0x29de7ba90>, <torch.utils.data.dataloader.DataLoader object at 0x29152a550>, <torch.utils.data.dataloader.DataLoader object at 0x2915313d0>, <torch.utils.data.dataloader.DataLoader object at 0x291531790>, <torch.utils.data.dataloader.DataLoader object at 0x29152a640>, <torch.utils.data.dataloader.DataLoader object at 0x29152a910>, <torch.utils.data.dataloader.DataLoader object at 0x291535250>, <torch.utils.data.dataloader.DataLoader object at 0x2915327c0>] 11
Federated Unlearning Global Epoch  = 1
Federated Unlearning Global Epoch  = 2
Federated Unlearning Global Epoch  = 3
Federated Unlearning Global Epoch  = 4
Federated Unlearning Global Epoch  = 5
Federated Unlearning Global Epoch  = 6
Federated Unlearning Global Epoch  = 7
Federated Unlearning Global Epoch  = 8
Federated Unlearning Global Epoch  = 9
Federated Unlearning Global Epoch  = 10
Federated Unlearning Global Epoch  = 11
Federated Unlearning Global Epoch  = 12
Federated Unlearning Global Epoch  = 13
Federated Unlearning Global Epoch  = 14
Federated Unlearning Global Epoch  = 15
Federated Unlearning Global Epoch  = 16
Federated Unlearning Global Epoch  = 17
Federated Unlearning Global Epoch  = 18
Federated Unlearning Global Epoch  = 19
N [3, 1, 0, 7]
cc 0.4
ss 0.8
rouc:  0.4  rous:  0.32
IE:  {1, 3, 5, 7, 9, 11, 13, 15, 17}
tr:  5
selected_clients:      [6 5 1 1]
client_models 10
selected_clients:      [0 8 3 2]
client_models 10
selected_clients:      [1 8 8 3]
client_models 10
selected_clients:      [1 8 6 3]
client_models 10
selected_clients:      [5 6 9 0]
client_models 10
selected_clients:      [9 0 3 7]
client_models 10
selected_clients:      [5 9 4 4]
client_models 10
here
client_data_loaders:  [<torch.utils.data.dataloader.DataLoader object at 0x291535520>, <torch.utils.data.dataloader.DataLoader object at 0x291532130>, <torch.utils.data.dataloader.DataLoader object at 0x291535610>, <torch.utils.data.dataloader.DataLoader object at 0x29ee81310>, <torch.utils.data.dataloader.DataLoader object at 0x29152a550>, <torch.utils.data.dataloader.DataLoader object at 0x2915313d0>, <torch.utils.data.dataloader.DataLoader object at 0x291531790>, <torch.utils.data.dataloader.DataLoader object at 0x29152a640>, <torch.utils.data.dataloader.DataLoader object at 0x29152a910>, <torch.utils.data.dataloader.DataLoader object at 0x291535250>, <torch.utils.data.dataloader.DataLoader object at 0x2915327c0>] 11
Federated Unlearning Global Epoch  = 1
Federated Unlearning Global Epoch  = 2
Federated Unlearning Global Epoch  = 3
Federated Unlearning Global Epoch  = 4
Federated Unlearning Global Epoch  = 5
Federated Unlearning Global Epoch  = 6
Federated Unlearning Global Epoch  = 7
Federated Unlearning Global Epoch  = 8
Federated Unlearning Global Epoch  = 9
Federated Unlearning Global Epoch  = 10
Federated Unlearning Global Epoch  = 11
Federated Unlearning Global Epoch  = 12
Federated Unlearning Global Epoch  = 13
Federated Unlearning Global Epoch  = 14
Federated Unlearning Global Epoch  = 15
Federated Unlearning Global Epoch  = 16
Federated Unlearning Global Epoch  = 17
Federated Unlearning Global Epoch  = 18
Federated Unlearning Global Epoch  = 19
N [3, 1, 0, 7]
cc 0.4
ss 0.8
rouc:  0.4  rous:  0.32
IE:  {1, 3, 5, 7, 9, 11, 13, 15, 17}
tr:  5
selected_clients:      [6 9 2 6]
client_models 10
selected_clients:      [0 2 1 5]
client_models 10
selected_clients:      [4 3 4 0]
client_models 10
selected_clients:      [1 7 0 5]
client_models 10
selected_clients:      [8 8 5 0]
client_models 10
selected_clients:      [4 1 6 3]
client_models 10
selected_clients:      [7 5 6 2]
client_models 10
here
client_data_loaders:  [<torch.utils.data.dataloader.DataLoader object at 0x291535520>, <torch.utils.data.dataloader.DataLoader object at 0x291532130>, <torch.utils.data.dataloader.DataLoader object at 0x291535610>, <torch.utils.data.dataloader.DataLoader object at 0x29dc85160>, <torch.utils.data.dataloader.DataLoader object at 0x29152a550>, <torch.utils.data.dataloader.DataLoader object at 0x2915313d0>, <torch.utils.data.dataloader.DataLoader object at 0x291531790>, <torch.utils.data.dataloader.DataLoader object at 0x29152a640>, <torch.utils.data.dataloader.DataLoader object at 0x29152a910>, <torch.utils.data.dataloader.DataLoader object at 0x291535250>, <torch.utils.data.dataloader.DataLoader object at 0x2915327c0>] 11
Federated Unlearning Global Epoch  = 1
Federated Unlearning Global Epoch  = 2
Federated Unlearning Global Epoch  = 3
Federated Unlearning Global Epoch  = 4
Federated Unlearning Global Epoch  = 5
Federated Unlearning Global Epoch  = 6
Federated Unlearning Global Epoch  = 7
Federated Unlearning Global Epoch  = 8
Federated Unlearning Global Epoch  = 9
Federated Unlearning Global Epoch  = 10
Federated Unlearning Global Epoch  = 11
Federated Unlearning Global Epoch  = 12
Federated Unlearning Global Epoch  = 13
Federated Unlearning Global Epoch  = 14
Federated Unlearning Global Epoch  = 15
Federated Unlearning Global Epoch  = 16
Federated Unlearning Global Epoch  = 17
Federated Unlearning Global Epoch  = 18
Federated Unlearning Global Epoch  = 19
N [3, 1, 0, 7]
cc 0.4
ss 0.8
rouc:  0.4  rous:  0.32
IE:  {1, 3, 5, 7, 9, 11, 13, 15, 17}
tr:  5
selected_clients:      [9 5 6 1]
client_models 10
selected_clients:      [2 1 4 8]
client_models 10
selected_clients:      [7 6 7 4]
client_models 10
selected_clients:      [1 8 8 5]
client_models 10
selected_clients:      [9 6 7 5]
client_models 10
selected_clients:      [1 7 2 7]
client_models 10
selected_clients:      [9 7 6 0]
client_models 10
here
client_data_loaders:  [<torch.utils.data.dataloader.DataLoader object at 0x291535520>, <torch.utils.data.dataloader.DataLoader object at 0x291532130>, <torch.utils.data.dataloader.DataLoader object at 0x291535610>, <torch.utils.data.dataloader.DataLoader object at 0x29d9afa00>, <torch.utils.data.dataloader.DataLoader object at 0x29152a550>, <torch.utils.data.dataloader.DataLoader object at 0x2915313d0>, <torch.utils.data.dataloader.DataLoader object at 0x291531790>, <torch.utils.data.dataloader.DataLoader object at 0x29152a640>, <torch.utils.data.dataloader.DataLoader object at 0x29152a910>, <torch.utils.data.dataloader.DataLoader object at 0x291535250>, <torch.utils.data.dataloader.DataLoader object at 0x2915327c0>] 11
Federated Unlearning Global Epoch  = 1
Federated Unlearning Global Epoch  = 2
Federated Unlearning Global Epoch  = 3
Federated Unlearning Global Epoch  = 4
Federated Unlearning Global Epoch  = 5
Federated Unlearning Global Epoch  = 6
Federated Unlearning Global Epoch  = 7
Federated Unlearning Global Epoch  = 8
Federated Unlearning Global Epoch  = 9
Federated Unlearning Global Epoch  = 10
Federated Unlearning Global Epoch  = 11
Federated Unlearning Global Epoch  = 12
Federated Unlearning Global Epoch  = 13
Federated Unlearning Global Epoch  = 14
Federated Unlearning Global Epoch  = 15
Federated Unlearning Global Epoch  = 16
Federated Unlearning Global Epoch  = 17
Federated Unlearning Global Epoch  = 18
Federated Unlearning Global Epoch  = 19
N [3, 1, 0, 7]
cc 0.4
ss 0.8
rouc:  0.4  rous:  0.32
IE:  {1, 3, 5, 7, 9, 11, 13, 15, 17}
tr:  5
selected_clients:      [1 8 5 1]
client_models 10
selected_clients:      [9 1 5 6]
client_models 10
selected_clients:      [6 8 8 3]
client_models 10
selected_clients:      [3 2 9 0]
client_models 10
selected_clients:      [9 2 3 1]
client_models 10
selected_clients:      [9 3 1 6]
client_models 10
selected_clients:      [8 1 9 7]
client_models 10
here
client_data_loaders:  [<torch.utils.data.dataloader.DataLoader object at 0x291535520>, <torch.utils.data.dataloader.DataLoader object at 0x291532130>, <torch.utils.data.dataloader.DataLoader object at 0x291535610>, <torch.utils.data.dataloader.DataLoader object at 0x29fa0b8b0>, <torch.utils.data.dataloader.DataLoader object at 0x29152a550>, <torch.utils.data.dataloader.DataLoader object at 0x2915313d0>, <torch.utils.data.dataloader.DataLoader object at 0x291531790>, <torch.utils.data.dataloader.DataLoader object at 0x29152a640>, <torch.utils.data.dataloader.DataLoader object at 0x29152a910>, <torch.utils.data.dataloader.DataLoader object at 0x291535250>, <torch.utils.data.dataloader.DataLoader object at 0x2915327c0>] 11
Federated Unlearning Global Epoch  = 1
Federated Unlearning Global Epoch  = 2
Federated Unlearning Global Epoch  = 3
Federated Unlearning Global Epoch  = 4
Federated Unlearning Global Epoch  = 5
Federated Unlearning Global Epoch  = 6
Federated Unlearning Global Epoch  = 7
Federated Unlearning Global Epoch  = 8
Federated Unlearning Global Epoch  = 9
Federated Unlearning Global Epoch  = 10
Federated Unlearning Global Epoch  = 11
Federated Unlearning Global Epoch  = 12
Federated Unlearning Global Epoch  = 13
Federated Unlearning Global Epoch  = 14
Federated Unlearning Global Epoch  = 15
Federated Unlearning Global Epoch  = 16
Federated Unlearning Global Epoch  = 17
Federated Unlearning Global Epoch  = 18
Federated Unlearning Global Epoch  = 19
N [3, 1, 0, 7]
cc 0.4
ss 0.8
rouc:  0.4  rous:  0.32
IE:  {1, 3, 5, 7, 9, 11, 13, 15, 17}
tr:  5
selected_clients:      [6 8 5 1]
client_models 10
selected_clients:      [0 6 7 3]
client_models 10
selected_clients:      [5 2 7 7]
client_models 10
selected_clients:      [8 7 9 0]
client_models 10
selected_clients:      [7 0 3 5]
client_models 10
selected_clients:      [2 0 5 3]
client_models 10
selected_clients:      [6 9 5 1]
client_models 10
here
client_data_loaders:  [<torch.utils.data.dataloader.DataLoader object at 0x291535520>, <torch.utils.data.dataloader.DataLoader object at 0x291532130>, <torch.utils.data.dataloader.DataLoader object at 0x291535610>, <torch.utils.data.dataloader.DataLoader object at 0x29d9683d0>, <torch.utils.data.dataloader.DataLoader object at 0x29152a550>, <torch.utils.data.dataloader.DataLoader object at 0x2915313d0>, <torch.utils.data.dataloader.DataLoader object at 0x291531790>, <torch.utils.data.dataloader.DataLoader object at 0x29152a640>, <torch.utils.data.dataloader.DataLoader object at 0x29152a910>, <torch.utils.data.dataloader.DataLoader object at 0x291535250>, <torch.utils.data.dataloader.DataLoader object at 0x2915327c0>] 11
Federated Unlearning Global Epoch  = 1
Federated Unlearning Global Epoch  = 2
Federated Unlearning Global Epoch  = 3
Federated Unlearning Global Epoch  = 4
Federated Unlearning Global Epoch  = 5
Federated Unlearning Global Epoch  = 6
Federated Unlearning Global Epoch  = 7
Federated Unlearning Global Epoch  = 8
Federated Unlearning Global Epoch  = 9
Federated Unlearning Global Epoch  = 10
Federated Unlearning Global Epoch  = 11
Federated Unlearning Global Epoch  = 12
Federated Unlearning Global Epoch  = 13
Federated Unlearning Global Epoch  = 14
Federated Unlearning Global Epoch  = 15
Federated Unlearning Global Epoch  = 16
Federated Unlearning Global Epoch  = 17
Federated Unlearning Global Epoch  = 18
Federated Unlearning Global Epoch  = 19
N [3, 1, 0, 7]
cc 0.4
ss 0.8
rouc:  0.4  rous:  0.32
IE:  {1, 3, 5, 7, 9, 11, 13, 15, 17}
tr:  5
selected_clients:      [2 3 9 2]
client_models 10
selected_clients:      [0 0 0 9]
client_models 10
selected_clients:      [6 5 8 0]
client_models 10
selected_clients:      [9 6 5 2]
client_models 10
selected_clients:      [6 7 9 0]
client_models 10
selected_clients:      [9 5 6 1]
client_models 10
selected_clients:      [1 9 6 2]
client_models 10
here
client_data_loaders:  [<torch.utils.data.dataloader.DataLoader object at 0x291535520>, <torch.utils.data.dataloader.DataLoader object at 0x291532130>, <torch.utils.data.dataloader.DataLoader object at 0x291535610>, <torch.utils.data.dataloader.DataLoader object at 0x29dbd14c0>, <torch.utils.data.dataloader.DataLoader object at 0x29152a550>, <torch.utils.data.dataloader.DataLoader object at 0x2915313d0>, <torch.utils.data.dataloader.DataLoader object at 0x291531790>, <torch.utils.data.dataloader.DataLoader object at 0x29152a640>, <torch.utils.data.dataloader.DataLoader object at 0x29152a910>, <torch.utils.data.dataloader.DataLoader object at 0x291535250>, <torch.utils.data.dataloader.DataLoader object at 0x2915327c0>] 11
Federated Unlearning Global Epoch  = 1
Federated Unlearning Global Epoch  = 2
Federated Unlearning Global Epoch  = 3
Federated Unlearning Global Epoch  = 4
Federated Unlearning Global Epoch  = 5
Federated Unlearning Global Epoch  = 6
Federated Unlearning Global Epoch  = 7
Federated Unlearning Global Epoch  = 8
Federated Unlearning Global Epoch  = 9
Federated Unlearning Global Epoch  = 10
Federated Unlearning Global Epoch  = 11
Federated Unlearning Global Epoch  = 12
Federated Unlearning Global Epoch  = 13
Federated Unlearning Global Epoch  = 14
Federated Unlearning Global Epoch  = 15
Federated Unlearning Global Epoch  = 16
Federated Unlearning Global Epoch  = 17
Federated Unlearning Global Epoch  = 18
Federated Unlearning Global Epoch  = 19
N [3, 1, 0, 7]
cc 0.4
ss 0.8
rouc:  0.4  rous:  0.32
IE:  {1, 3, 5, 7, 9, 11, 13, 15, 17}
tr:  5
selected_clients:      [8 2 1 4]
client_models 10
selected_clients:      [3 1 6 7]
client_models 10
selected_clients:      [9 7 3 2]
client_models 10
selected_clients:      [6 5 4 9]
client_models 10
selected_clients:      [5 8 5 9]
client_models 10
selected_clients:      [7 0 0 2]
client_models 10
selected_clients:      [9 8 1 5]
client_models 10
X_u <torch.utils.data.dataloader.DataLoader object at 0x29dbd14c0>
data_loader_ku <torch.utils.data.dataloader.DataLoader object at 0x29dbd14c0>
here
client_data_loaders:  [<torch.utils.data.dataloader.DataLoader object at 0x291535520>, <torch.utils.data.dataloader.DataLoader object at 0x291532130>, <torch.utils.data.dataloader.DataLoader object at 0x291535610>, <torch.utils.data.dataloader.DataLoader object at 0x29dcd33a0>, <torch.utils.data.dataloader.DataLoader object at 0x29152a550>, <torch.utils.data.dataloader.DataLoader object at 0x2915313d0>, <torch.utils.data.dataloader.DataLoader object at 0x291531790>, <torch.utils.data.dataloader.DataLoader object at 0x29152a640>, <torch.utils.data.dataloader.DataLoader object at 0x29152a910>, <torch.utils.data.dataloader.DataLoader object at 0x291535250>, <torch.utils.data.dataloader.DataLoader object at 0x2915327c0>] 11
Federated Unlearning Global Epoch  = 1
Federated Unlearning Global Epoch  = 2
Federated Unlearning Global Epoch  = 3
Federated Unlearning Global Epoch  = 4
Federated Unlearning Global Epoch  = 5
Federated Unlearning Global Epoch  = 6
Federated Unlearning Global Epoch  = 7
Federated Unlearning Global Epoch  = 8
Federated Unlearning Global Epoch  = 9
Federated Unlearning Global Epoch  = 10
Federated Unlearning Global Epoch  = 11
Federated Unlearning Global Epoch  = 12
Federated Unlearning Global Epoch  = 13
Federated Unlearning Global Epoch  = 14
Federated Unlearning Global Epoch  = 15
Federated Unlearning Global Epoch  = 16
Federated Unlearning Global Epoch  = 17
Federated Unlearning Global Epoch  = 18
Federated Unlearning Global Epoch  = 19
N [3, 1, 0, 7]
cc 0.4
ss 0.8
rouc:  0.4  rous:  0.32
IE:  {1, 3, 5, 7, 9, 11, 13, 15, 17}
tr:  5
selected_clients:      [7 5 0 8]
client_models 10
selected_clients:      [9 4 4 7]
client_models 10
selected_clients:      [6 7 4 5]
client_models 10
selected_clients:      [9 1 1 2]
client_models 10
selected_clients:      [9 1 5 6]
client_models 10
selected_clients:      [5 3 2 4]
client_models 10
selected_clients:      [8 3 8 4]
client_models 10
here
client_data_loaders:  [<torch.utils.data.dataloader.DataLoader object at 0x291535520>, <torch.utils.data.dataloader.DataLoader object at 0x291532130>, <torch.utils.data.dataloader.DataLoader object at 0x291535610>, <torch.utils.data.dataloader.DataLoader object at 0x29dec2190>, <torch.utils.data.dataloader.DataLoader object at 0x29152a550>, <torch.utils.data.dataloader.DataLoader object at 0x2915313d0>, <torch.utils.data.dataloader.DataLoader object at 0x291531790>, <torch.utils.data.dataloader.DataLoader object at 0x29152a640>, <torch.utils.data.dataloader.DataLoader object at 0x29152a910>, <torch.utils.data.dataloader.DataLoader object at 0x291535250>, <torch.utils.data.dataloader.DataLoader object at 0x2915327c0>] 11
Federated Unlearning Global Epoch  = 1
Federated Unlearning Global Epoch  = 2
Federated Unlearning Global Epoch  = 3
Federated Unlearning Global Epoch  = 4
Federated Unlearning Global Epoch  = 5
Federated Unlearning Global Epoch  = 6
Federated Unlearning Global Epoch  = 7
Federated Unlearning Global Epoch  = 8
Federated Unlearning Global Epoch  = 9
Federated Unlearning Global Epoch  = 10
Federated Unlearning Global Epoch  = 11
Federated Unlearning Global Epoch  = 12
Federated Unlearning Global Epoch  = 13
Federated Unlearning Global Epoch  = 14
Federated Unlearning Global Epoch  = 15
Federated Unlearning Global Epoch  = 16
Federated Unlearning Global Epoch  = 17
Federated Unlearning Global Epoch  = 18
Federated Unlearning Global Epoch  = 19
N [3, 1, 0, 7]
cc 0.4
ss 0.8
rouc:  0.4  rous:  0.32
IE:  {1, 3, 5, 7, 9, 11, 13, 15, 17}
tr:  5
selected_clients:      [0 2 5 5]
client_models 10
selected_clients:      [3 5 1 4]
client_models 10
selected_clients:      [7 9 5 2]
client_models 10
selected_clients:      [4 4 2 1]
client_models 10
selected_clients:      [6 4 6 6]
client_models 10
selected_clients:      [9 0 1 7]
client_models 10
selected_clients:      [3 9 6 0]
client_models 10
here
client_data_loaders:  [<torch.utils.data.dataloader.DataLoader object at 0x291535520>, <torch.utils.data.dataloader.DataLoader object at 0x291532130>, <torch.utils.data.dataloader.DataLoader object at 0x291535610>, <torch.utils.data.dataloader.DataLoader object at 0x29d968820>, <torch.utils.data.dataloader.DataLoader object at 0x29152a550>, <torch.utils.data.dataloader.DataLoader object at 0x2915313d0>, <torch.utils.data.dataloader.DataLoader object at 0x291531790>, <torch.utils.data.dataloader.DataLoader object at 0x29152a640>, <torch.utils.data.dataloader.DataLoader object at 0x29152a910>, <torch.utils.data.dataloader.DataLoader object at 0x291535250>, <torch.utils.data.dataloader.DataLoader object at 0x2915327c0>] 11
Federated Unlearning Global Epoch  = 1
Federated Unlearning Global Epoch  = 2
Federated Unlearning Global Epoch  = 3
Federated Unlearning Global Epoch  = 4
Federated Unlearning Global Epoch  = 5
Federated Unlearning Global Epoch  = 6
Federated Unlearning Global Epoch  = 7
Federated Unlearning Global Epoch  = 8
Federated Unlearning Global Epoch  = 9
Federated Unlearning Global Epoch  = 10
Federated Unlearning Global Epoch  = 11
Federated Unlearning Global Epoch  = 12
Federated Unlearning Global Epoch  = 13
Federated Unlearning Global Epoch  = 14
Federated Unlearning Global Epoch  = 15
Federated Unlearning Global Epoch  = 16
Federated Unlearning Global Epoch  = 17
Federated Unlearning Global Epoch  = 18
Federated Unlearning Global Epoch  = 19
N [3, 1, 0, 7]
cc 0.4
ss 0.8
rouc:  0.4  rous:  0.32
IE:  {1, 3, 5, 7, 9, 11, 13, 15, 17}
tr:  5
selected_clients:      [1 4 0 2]
client_models 10
selected_clients:      [3 7 3 8]
client_models 10
selected_clients:      [4 9 4 7]
client_models 10
selected_clients:      [6 4 3 8]
client_models 10
selected_clients:      [2 7 5 8]
client_models 10
selected_clients:      [2 1 1 0]
client_models 10
selected_clients:      [5 2 5 6]
client_models 10
here
client_data_loaders:  [<torch.utils.data.dataloader.DataLoader object at 0x291535520>, <torch.utils.data.dataloader.DataLoader object at 0x291532130>, <torch.utils.data.dataloader.DataLoader object at 0x291535610>, <torch.utils.data.dataloader.DataLoader object at 0x29b2c7310>, <torch.utils.data.dataloader.DataLoader object at 0x29152a550>, <torch.utils.data.dataloader.DataLoader object at 0x2915313d0>, <torch.utils.data.dataloader.DataLoader object at 0x291531790>, <torch.utils.data.dataloader.DataLoader object at 0x29152a640>, <torch.utils.data.dataloader.DataLoader object at 0x29152a910>, <torch.utils.data.dataloader.DataLoader object at 0x291535250>, <torch.utils.data.dataloader.DataLoader object at 0x2915327c0>] 11
Federated Unlearning Global Epoch  = 1
Federated Unlearning Global Epoch  = 2
Federated Unlearning Global Epoch  = 3
Federated Unlearning Global Epoch  = 4
Federated Unlearning Global Epoch  = 5
Federated Unlearning Global Epoch  = 6
Federated Unlearning Global Epoch  = 7
Federated Unlearning Global Epoch  = 8
Federated Unlearning Global Epoch  = 9
Federated Unlearning Global Epoch  = 10
Federated Unlearning Global Epoch  = 11
Federated Unlearning Global Epoch  = 12
Federated Unlearning Global Epoch  = 13
Federated Unlearning Global Epoch  = 14
Federated Unlearning Global Epoch  = 15
Federated Unlearning Global Epoch  = 16
Federated Unlearning Global Epoch  = 17
Federated Unlearning Global Epoch  = 18
Federated Unlearning Global Epoch  = 19
N [3, 1, 0, 7]
cc 0.4
ss 0.8
rouc:  0.4  rous:  0.32
IE:  {1, 3, 5, 7, 9, 11, 13, 15, 17}
tr:  5
selected_clients:      [9 4 7 5]
client_models 10
selected_clients:      [5 9 4 8]
client_models 10
selected_clients:      [6 5 3 6]
client_models 10
selected_clients:      [4 4 0 6]
client_models 10
selected_clients:      [0 6 8 8]
client_models 10
selected_clients:      [9 9 9 7]
client_models 10
selected_clients:      [8 6 1 9]
client_models 10
here
client_data_loaders:  [<torch.utils.data.dataloader.DataLoader object at 0x291535520>, <torch.utils.data.dataloader.DataLoader object at 0x291532130>, <torch.utils.data.dataloader.DataLoader object at 0x291535610>, <torch.utils.data.dataloader.DataLoader object at 0x29dec2f40>, <torch.utils.data.dataloader.DataLoader object at 0x29152a550>, <torch.utils.data.dataloader.DataLoader object at 0x2915313d0>, <torch.utils.data.dataloader.DataLoader object at 0x291531790>, <torch.utils.data.dataloader.DataLoader object at 0x29152a640>, <torch.utils.data.dataloader.DataLoader object at 0x29152a910>, <torch.utils.data.dataloader.DataLoader object at 0x291535250>, <torch.utils.data.dataloader.DataLoader object at 0x2915327c0>] 11
Federated Unlearning Global Epoch  = 1
Federated Unlearning Global Epoch  = 2
Federated Unlearning Global Epoch  = 3
Federated Unlearning Global Epoch  = 4
Federated Unlearning Global Epoch  = 5
Federated Unlearning Global Epoch  = 6
Federated Unlearning Global Epoch  = 7
Federated Unlearning Global Epoch  = 8
Federated Unlearning Global Epoch  = 9
Federated Unlearning Global Epoch  = 10
Federated Unlearning Global Epoch  = 11
Federated Unlearning Global Epoch  = 12
Federated Unlearning Global Epoch  = 13
Federated Unlearning Global Epoch  = 14
Federated Unlearning Global Epoch  = 15
Federated Unlearning Global Epoch  = 16
Federated Unlearning Global Epoch  = 17
Federated Unlearning Global Epoch  = 18
Federated Unlearning Global Epoch  = 19
N [3, 1, 0, 7]
cc 0.4
ss 0.8
rouc:  0.4  rous:  0.32
IE:  {1, 3, 5, 7, 9, 11, 13, 15, 17}
tr:  5
selected_clients:      [6 3 2 2]
client_models 10
selected_clients:      [6 8 3 2]
client_models 10
selected_clients:      [2 4 8 2]
client_models 10
selected_clients:      [1 7 5 3]
client_models 10
selected_clients:      [2 0 5 4]
client_models 10
selected_clients:      [2 5 4 9]
client_models 10
selected_clients:      [4 0 1 3]
client_models 10
here
client_data_loaders:  [<torch.utils.data.dataloader.DataLoader object at 0x291535520>, <torch.utils.data.dataloader.DataLoader object at 0x291532130>, <torch.utils.data.dataloader.DataLoader object at 0x291535610>, <torch.utils.data.dataloader.DataLoader object at 0x29ecd9be0>, <torch.utils.data.dataloader.DataLoader object at 0x29152a550>, <torch.utils.data.dataloader.DataLoader object at 0x2915313d0>, <torch.utils.data.dataloader.DataLoader object at 0x291531790>, <torch.utils.data.dataloader.DataLoader object at 0x29152a640>, <torch.utils.data.dataloader.DataLoader object at 0x29152a910>, <torch.utils.data.dataloader.DataLoader object at 0x291535250>, <torch.utils.data.dataloader.DataLoader object at 0x2915327c0>] 11
Federated Unlearning Global Epoch  = 1
Federated Unlearning Global Epoch  = 2
Federated Unlearning Global Epoch  = 3
Federated Unlearning Global Epoch  = 4
Federated Unlearning Global Epoch  = 5
Federated Unlearning Global Epoch  = 6
Federated Unlearning Global Epoch  = 7
Federated Unlearning Global Epoch  = 8
Federated Unlearning Global Epoch  = 9
Federated Unlearning Global Epoch  = 10
Federated Unlearning Global Epoch  = 11
Federated Unlearning Global Epoch  = 12
Federated Unlearning Global Epoch  = 13
Federated Unlearning Global Epoch  = 14
Federated Unlearning Global Epoch  = 15
Federated Unlearning Global Epoch  = 16
Federated Unlearning Global Epoch  = 17
Federated Unlearning Global Epoch  = 18
Federated Unlearning Global Epoch  = 19
N [3, 1, 0, 7]
cc 0.4
ss 0.8
rouc:  0.4  rous:  0.32
IE:  {1, 3, 5, 7, 9, 11, 13, 15, 17}
tr:  5
selected_clients:      [1 1 0 7]
client_models 10
selected_clients:      [3 5 4 7]
client_models 10
selected_clients:      [9 2 6 3]
client_models 10
selected_clients:      [7 0 6 4]
client_models 10
selected_clients:      [7 6 5 3]
client_models 10
selected_clients:      [5 9 7 9]
client_models 10
selected_clients:      [9 4 4 1]
client_models 10
here
client_data_loaders:  [<torch.utils.data.dataloader.DataLoader object at 0x291535520>, <torch.utils.data.dataloader.DataLoader object at 0x291532130>, <torch.utils.data.dataloader.DataLoader object at 0x291535610>, <torch.utils.data.dataloader.DataLoader object at 0x29d9af670>, <torch.utils.data.dataloader.DataLoader object at 0x29152a550>, <torch.utils.data.dataloader.DataLoader object at 0x2915313d0>, <torch.utils.data.dataloader.DataLoader object at 0x291531790>, <torch.utils.data.dataloader.DataLoader object at 0x29152a640>, <torch.utils.data.dataloader.DataLoader object at 0x29152a910>, <torch.utils.data.dataloader.DataLoader object at 0x291535250>, <torch.utils.data.dataloader.DataLoader object at 0x2915327c0>] 11
Federated Unlearning Global Epoch  = 1
Federated Unlearning Global Epoch  = 2
Federated Unlearning Global Epoch  = 3
Federated Unlearning Global Epoch  = 4
Federated Unlearning Global Epoch  = 5
Federated Unlearning Global Epoch  = 6
Federated Unlearning Global Epoch  = 7
Federated Unlearning Global Epoch  = 8
Federated Unlearning Global Epoch  = 9
Federated Unlearning Global Epoch  = 10
Federated Unlearning Global Epoch  = 11
Federated Unlearning Global Epoch  = 12
Federated Unlearning Global Epoch  = 13
Federated Unlearning Global Epoch  = 14
Federated Unlearning Global Epoch  = 15
Federated Unlearning Global Epoch  = 16
Federated Unlearning Global Epoch  = 17
Federated Unlearning Global Epoch  = 18
Federated Unlearning Global Epoch  = 19
N [3, 1, 0, 7]
cc 0.4
ss 0.8
rouc:  0.4  rous:  0.32
IE:  {1, 3, 5, 7, 9, 11, 13, 15, 17}
tr:  5
selected_clients:      [5 5 4 5]
client_models 10
selected_clients:      [1 5 8 1]
client_models 10
selected_clients:      [1 7 5 7]
client_models 10
selected_clients:      [0 7 0 6]
client_models 10
selected_clients:      [8 1 6 3]
client_models 10
selected_clients:      [6 0 0 1]
client_models 10
selected_clients:      [0 1 4 3]
client_models 10
here
client_data_loaders:  [<torch.utils.data.dataloader.DataLoader object at 0x291535520>, <torch.utils.data.dataloader.DataLoader object at 0x291532130>, <torch.utils.data.dataloader.DataLoader object at 0x291535610>, <torch.utils.data.dataloader.DataLoader object at 0x29efc6070>, <torch.utils.data.dataloader.DataLoader object at 0x29152a550>, <torch.utils.data.dataloader.DataLoader object at 0x2915313d0>, <torch.utils.data.dataloader.DataLoader object at 0x291531790>, <torch.utils.data.dataloader.DataLoader object at 0x29152a640>, <torch.utils.data.dataloader.DataLoader object at 0x29152a910>, <torch.utils.data.dataloader.DataLoader object at 0x291535250>, <torch.utils.data.dataloader.DataLoader object at 0x2915327c0>] 11
Federated Unlearning Global Epoch  = 1
Federated Unlearning Global Epoch  = 2
Federated Unlearning Global Epoch  = 3
Federated Unlearning Global Epoch  = 4
Federated Unlearning Global Epoch  = 5
Federated Unlearning Global Epoch  = 6
Federated Unlearning Global Epoch  = 7
Federated Unlearning Global Epoch  = 8
Federated Unlearning Global Epoch  = 9
Federated Unlearning Global Epoch  = 10
Federated Unlearning Global Epoch  = 11
Federated Unlearning Global Epoch  = 12
Federated Unlearning Global Epoch  = 13
Federated Unlearning Global Epoch  = 14
Federated Unlearning Global Epoch  = 15
Federated Unlearning Global Epoch  = 16
Federated Unlearning Global Epoch  = 17
Federated Unlearning Global Epoch  = 18
Federated Unlearning Global Epoch  = 19
N [3, 1, 0, 7]
cc 0.4
ss 0.8
rouc:  0.4  rous:  0.32
IE:  {1, 3, 5, 7, 9, 11, 13, 15, 17}
tr:  5
selected_clients:      [9 5 2 5]
client_models 10
selected_clients:      [4 3 1 0]
client_models 10
selected_clients:      [6 2 3 9]
client_models 10
selected_clients:      [1 1 9 3]
client_models 10
selected_clients:      [7 1 5 0]
client_models 10
selected_clients:      [6 6 7 6]
client_models 10
selected_clients:      [8 5 5 5]
client_models 10
X_u <torch.utils.data.dataloader.DataLoader object at 0x29efc6070>
data_loader_ku <torch.utils.data.dataloader.DataLoader object at 0x29efc6070>
here
client_data_loaders:  [<torch.utils.data.dataloader.DataLoader object at 0x291535520>, <torch.utils.data.dataloader.DataLoader object at 0x291532130>, <torch.utils.data.dataloader.DataLoader object at 0x291535610>, <torch.utils.data.dataloader.DataLoader object at 0x29b2f89a0>, <torch.utils.data.dataloader.DataLoader object at 0x29152a550>, <torch.utils.data.dataloader.DataLoader object at 0x2915313d0>, <torch.utils.data.dataloader.DataLoader object at 0x291531790>, <torch.utils.data.dataloader.DataLoader object at 0x29152a640>, <torch.utils.data.dataloader.DataLoader object at 0x29152a910>, <torch.utils.data.dataloader.DataLoader object at 0x291535250>, <torch.utils.data.dataloader.DataLoader object at 0x2915327c0>] 11
Federated Unlearning Global Epoch  = 1
Federated Unlearning Global Epoch  = 2
Federated Unlearning Global Epoch  = 3
Federated Unlearning Global Epoch  = 4
Federated Unlearning Global Epoch  = 5
Federated Unlearning Global Epoch  = 6
Federated Unlearning Global Epoch  = 7
Federated Unlearning Global Epoch  = 8
Federated Unlearning Global Epoch  = 9
Federated Unlearning Global Epoch  = 10
Federated Unlearning Global Epoch  = 11
Federated Unlearning Global Epoch  = 12
Federated Unlearning Global Epoch  = 13
Federated Unlearning Global Epoch  = 14
Federated Unlearning Global Epoch  = 15
Federated Unlearning Global Epoch  = 16
Federated Unlearning Global Epoch  = 17
Federated Unlearning Global Epoch  = 18
Federated Unlearning Global Epoch  = 19
N [3, 1, 0, 7]
cc 0.4
ss 0.8
rouc:  0.4  rous:  0.32
IE:  {1, 3, 5, 7, 9, 11, 13, 15, 17}
tr:  5
selected_clients:      [6 5 2 2]
client_models 10
selected_clients:      [2 8 8 4]
client_models 10
selected_clients:      [4 8 7 9]
client_models 10
selected_clients:      [0 0 0 3]
client_models 10
selected_clients:      [8 8 2 6]
client_models 10
selected_clients:      [6 3 2 2]
client_models 10
selected_clients:      [8 7 1 2]
client_models 10
here
client_data_loaders:  [<torch.utils.data.dataloader.DataLoader object at 0x291535520>, <torch.utils.data.dataloader.DataLoader object at 0x291532130>, <torch.utils.data.dataloader.DataLoader object at 0x291535610>, <torch.utils.data.dataloader.DataLoader object at 0x29fa77d90>, <torch.utils.data.dataloader.DataLoader object at 0x29152a550>, <torch.utils.data.dataloader.DataLoader object at 0x2915313d0>, <torch.utils.data.dataloader.DataLoader object at 0x291531790>, <torch.utils.data.dataloader.DataLoader object at 0x29152a640>, <torch.utils.data.dataloader.DataLoader object at 0x29152a910>, <torch.utils.data.dataloader.DataLoader object at 0x291535250>, <torch.utils.data.dataloader.DataLoader object at 0x2915327c0>] 11
Federated Unlearning Global Epoch  = 1
Federated Unlearning Global Epoch  = 2
Federated Unlearning Global Epoch  = 3
Federated Unlearning Global Epoch  = 4
Federated Unlearning Global Epoch  = 5
Federated Unlearning Global Epoch  = 6
Federated Unlearning Global Epoch  = 7
Federated Unlearning Global Epoch  = 8
Federated Unlearning Global Epoch  = 9
Federated Unlearning Global Epoch  = 10
Federated Unlearning Global Epoch  = 11
Federated Unlearning Global Epoch  = 12
Federated Unlearning Global Epoch  = 13
Federated Unlearning Global Epoch  = 14
Federated Unlearning Global Epoch  = 15
Federated Unlearning Global Epoch  = 16
Federated Unlearning Global Epoch  = 17
Federated Unlearning Global Epoch  = 18
Federated Unlearning Global Epoch  = 19
N [3, 1, 0, 7]
cc 0.4
ss 0.8
rouc:  0.4  rous:  0.32
IE:  {1, 3, 5, 7, 9, 11, 13, 15, 17}
tr:  5
selected_clients:      [7 2 7 4]
client_models 10
selected_clients:      [0 3 7 7]
client_models 10
selected_clients:      [0 9 4 0]
client_models 10
selected_clients:      [8 8 9 6]
client_models 10
selected_clients:      [0 4 7 5]
client_models 10
selected_clients:      [1 7 7 2]
client_models 10
selected_clients:      [8 3 9 6]
client_models 10
here
client_data_loaders:  [<torch.utils.data.dataloader.DataLoader object at 0x291535520>, <torch.utils.data.dataloader.DataLoader object at 0x291532130>, <torch.utils.data.dataloader.DataLoader object at 0x291535610>, <torch.utils.data.dataloader.DataLoader object at 0x29b2e9820>, <torch.utils.data.dataloader.DataLoader object at 0x29152a550>, <torch.utils.data.dataloader.DataLoader object at 0x2915313d0>, <torch.utils.data.dataloader.DataLoader object at 0x291531790>, <torch.utils.data.dataloader.DataLoader object at 0x29152a640>, <torch.utils.data.dataloader.DataLoader object at 0x29152a910>, <torch.utils.data.dataloader.DataLoader object at 0x291535250>, <torch.utils.data.dataloader.DataLoader object at 0x2915327c0>] 11
Federated Unlearning Global Epoch  = 1
Federated Unlearning Global Epoch  = 2
Federated Unlearning Global Epoch  = 3
Federated Unlearning Global Epoch  = 4
Federated Unlearning Global Epoch  = 5
Federated Unlearning Global Epoch  = 6
Federated Unlearning Global Epoch  = 7
Federated Unlearning Global Epoch  = 8
Federated Unlearning Global Epoch  = 9
Federated Unlearning Global Epoch  = 10
Federated Unlearning Global Epoch  = 11
Federated Unlearning Global Epoch  = 12
Federated Unlearning Global Epoch  = 13
Federated Unlearning Global Epoch  = 14
Federated Unlearning Global Epoch  = 15
Federated Unlearning Global Epoch  = 16
Federated Unlearning Global Epoch  = 17
Federated Unlearning Global Epoch  = 18
Federated Unlearning Global Epoch  = 19
N [3, 1, 0, 7]
cc 0.4
ss 0.8
rouc:  0.4  rous:  0.32
IE:  {1, 3, 5, 7, 9, 11, 13, 15, 17}
tr:  5
selected_clients:      [9 0 5 4]
client_models 10
selected_clients:      [2 5 6 3]
client_models 10
selected_clients:      [7 6 2 6]
client_models 10
selected_clients:      [4 6 4 4]
client_models 10
selected_clients:      [5 3 9 6]
client_models 10
selected_clients:      [1 1 9 8]
client_models 10
selected_clients:      [7 2 8 3]
client_models 10
here
client_data_loaders:  [<torch.utils.data.dataloader.DataLoader object at 0x291535520>, <torch.utils.data.dataloader.DataLoader object at 0x291532130>, <torch.utils.data.dataloader.DataLoader object at 0x291535610>, <torch.utils.data.dataloader.DataLoader object at 0x29d883ee0>, <torch.utils.data.dataloader.DataLoader object at 0x29152a550>, <torch.utils.data.dataloader.DataLoader object at 0x2915313d0>, <torch.utils.data.dataloader.DataLoader object at 0x291531790>, <torch.utils.data.dataloader.DataLoader object at 0x29152a640>, <torch.utils.data.dataloader.DataLoader object at 0x29152a910>, <torch.utils.data.dataloader.DataLoader object at 0x291535250>, <torch.utils.data.dataloader.DataLoader object at 0x2915327c0>] 11
Federated Unlearning Global Epoch  = 1
Federated Unlearning Global Epoch  = 2
Federated Unlearning Global Epoch  = 3
Federated Unlearning Global Epoch  = 4
Federated Unlearning Global Epoch  = 5
Federated Unlearning Global Epoch  = 6
Federated Unlearning Global Epoch  = 7
Federated Unlearning Global Epoch  = 8
Federated Unlearning Global Epoch  = 9
Federated Unlearning Global Epoch  = 10
Federated Unlearning Global Epoch  = 11
Federated Unlearning Global Epoch  = 12
Federated Unlearning Global Epoch  = 13
Federated Unlearning Global Epoch  = 14
Federated Unlearning Global Epoch  = 15
Federated Unlearning Global Epoch  = 16
Federated Unlearning Global Epoch  = 17
Federated Unlearning Global Epoch  = 18
Federated Unlearning Global Epoch  = 19
N [3, 1, 0, 7]
cc 0.4
ss 0.8
rouc:  0.4  rous:  0.32
IE:  {1, 3, 5, 7, 9, 11, 13, 15, 17}
tr:  5
selected_clients:      [8 4 7 1]
client_models 10
selected_clients:      [6 8 6 8]
client_models 10
selected_clients:      [8 4 5 2]
client_models 10
selected_clients:      [3 4 1 3]
client_models 10
selected_clients:      [2 2 3 0]
client_models 10
selected_clients:      [1 4 5 5]
client_models 10
selected_clients:      [7 0 0 6]
client_models 10
here
client_data_loaders:  [<torch.utils.data.dataloader.DataLoader object at 0x291535520>, <torch.utils.data.dataloader.DataLoader object at 0x291532130>, <torch.utils.data.dataloader.DataLoader object at 0x291535610>, <torch.utils.data.dataloader.DataLoader object at 0x29efc6340>, <torch.utils.data.dataloader.DataLoader object at 0x29152a550>, <torch.utils.data.dataloader.DataLoader object at 0x2915313d0>, <torch.utils.data.dataloader.DataLoader object at 0x291531790>, <torch.utils.data.dataloader.DataLoader object at 0x29152a640>, <torch.utils.data.dataloader.DataLoader object at 0x29152a910>, <torch.utils.data.dataloader.DataLoader object at 0x291535250>, <torch.utils.data.dataloader.DataLoader object at 0x2915327c0>] 11
Federated Unlearning Global Epoch  = 1
Federated Unlearning Global Epoch  = 2
Federated Unlearning Global Epoch  = 3
Federated Unlearning Global Epoch  = 4
Federated Unlearning Global Epoch  = 5
Federated Unlearning Global Epoch  = 6
Federated Unlearning Global Epoch  = 7
Federated Unlearning Global Epoch  = 8
Federated Unlearning Global Epoch  = 9
Federated Unlearning Global Epoch  = 10
Federated Unlearning Global Epoch  = 11
Federated Unlearning Global Epoch  = 12
Federated Unlearning Global Epoch  = 13
Federated Unlearning Global Epoch  = 14
Federated Unlearning Global Epoch  = 15
Federated Unlearning Global Epoch  = 16
Federated Unlearning Global Epoch  = 17
Federated Unlearning Global Epoch  = 18
Federated Unlearning Global Epoch  = 19
N [3, 1, 0, 7]
cc 0.4
ss 0.8
rouc:  0.4  rous:  0.32
IE:  {1, 3, 5, 7, 9, 11, 13, 15, 17}
tr:  5
selected_clients:      [7 1 1 1]
client_models 10
selected_clients:      [4 1 3 3]
client_models 10
selected_clients:      [1 6 9 9]
client_models 10
selected_clients:      [1 4 1 9]
client_models 10
selected_clients:      [4 8 3 5]
client_models 10
selected_clients:      [1 9 2 3]
client_models 10
selected_clients:      [4 9 0 0]
client_models 10
here
client_data_loaders:  [<torch.utils.data.dataloader.DataLoader object at 0x291535520>, <torch.utils.data.dataloader.DataLoader object at 0x291532130>, <torch.utils.data.dataloader.DataLoader object at 0x291535610>, <torch.utils.data.dataloader.DataLoader object at 0x29d9afdf0>, <torch.utils.data.dataloader.DataLoader object at 0x29152a550>, <torch.utils.data.dataloader.DataLoader object at 0x2915313d0>, <torch.utils.data.dataloader.DataLoader object at 0x291531790>, <torch.utils.data.dataloader.DataLoader object at 0x29152a640>, <torch.utils.data.dataloader.DataLoader object at 0x29152a910>, <torch.utils.data.dataloader.DataLoader object at 0x291535250>, <torch.utils.data.dataloader.DataLoader object at 0x2915327c0>] 11
Federated Unlearning Global Epoch  = 1
Federated Unlearning Global Epoch  = 2
Federated Unlearning Global Epoch  = 3
Federated Unlearning Global Epoch  = 4
Federated Unlearning Global Epoch  = 5
Federated Unlearning Global Epoch  = 6
Federated Unlearning Global Epoch  = 7
Federated Unlearning Global Epoch  = 8
Federated Unlearning Global Epoch  = 9
Federated Unlearning Global Epoch  = 10
Federated Unlearning Global Epoch  = 11
Federated Unlearning Global Epoch  = 12
Federated Unlearning Global Epoch  = 13
Federated Unlearning Global Epoch  = 14
Federated Unlearning Global Epoch  = 15
Federated Unlearning Global Epoch  = 16
Federated Unlearning Global Epoch  = 17
Federated Unlearning Global Epoch  = 18
Federated Unlearning Global Epoch  = 19
N [3, 1, 0, 7]
cc 0.4
ss 0.8
rouc:  0.4  rous:  0.32
IE:  {1, 3, 5, 7, 9, 11, 13, 15, 17}
tr:  5
selected_clients:      [5 6 6 0]
client_models 10
selected_clients:      [4 3 6 3]
client_models 10
selected_clients:      [7 6 1 4]
client_models 10
selected_clients:      [5 6 4 3]
client_models 10
selected_clients:      [2 9 7 6]
client_models 10
selected_clients:      [7 8 3 4]
client_models 10
selected_clients:      [9 3 4 2]
client_models 10
here
client_data_loaders:  [<torch.utils.data.dataloader.DataLoader object at 0x291535520>, <torch.utils.data.dataloader.DataLoader object at 0x291532130>, <torch.utils.data.dataloader.DataLoader object at 0x291535610>, <torch.utils.data.dataloader.DataLoader object at 0x29db8b9d0>, <torch.utils.data.dataloader.DataLoader object at 0x29152a550>, <torch.utils.data.dataloader.DataLoader object at 0x2915313d0>, <torch.utils.data.dataloader.DataLoader object at 0x291531790>, <torch.utils.data.dataloader.DataLoader object at 0x29152a640>, <torch.utils.data.dataloader.DataLoader object at 0x29152a910>, <torch.utils.data.dataloader.DataLoader object at 0x291535250>, <torch.utils.data.dataloader.DataLoader object at 0x2915327c0>] 11
Federated Unlearning Global Epoch  = 1
Federated Unlearning Global Epoch  = 2
Federated Unlearning Global Epoch  = 3
Federated Unlearning Global Epoch  = 4
Federated Unlearning Global Epoch  = 5
Federated Unlearning Global Epoch  = 6
Federated Unlearning Global Epoch  = 7
Federated Unlearning Global Epoch  = 8
Federated Unlearning Global Epoch  = 9
Federated Unlearning Global Epoch  = 10
Federated Unlearning Global Epoch  = 11
Federated Unlearning Global Epoch  = 12
Federated Unlearning Global Epoch  = 13
Federated Unlearning Global Epoch  = 14
Federated Unlearning Global Epoch  = 15
Federated Unlearning Global Epoch  = 16
Federated Unlearning Global Epoch  = 17
Federated Unlearning Global Epoch  = 18
Federated Unlearning Global Epoch  = 19
N [3, 1, 0, 7]
cc 0.4
ss 0.8
rouc:  0.4  rous:  0.32
IE:  {1, 3, 5, 7, 9, 11, 13, 15, 17}
tr:  5
selected_clients:      [0 8 5 0]
client_models 10
selected_clients:      [2 5 6 0]
client_models 10
selected_clients:      [3 5 5 1]
client_models 10
selected_clients:      [4 3 3 2]
client_models 10
selected_clients:      [5 9 5 0]
client_models 10
selected_clients:      [6 8 5 5]
client_models 10
selected_clients:      [1 6 8 0]
client_models 10
here
client_data_loaders:  [<torch.utils.data.dataloader.DataLoader object at 0x291535520>, <torch.utils.data.dataloader.DataLoader object at 0x291532130>, <torch.utils.data.dataloader.DataLoader object at 0x291535610>, <torch.utils.data.dataloader.DataLoader object at 0x29efc6340>, <torch.utils.data.dataloader.DataLoader object at 0x29152a550>, <torch.utils.data.dataloader.DataLoader object at 0x2915313d0>, <torch.utils.data.dataloader.DataLoader object at 0x291531790>, <torch.utils.data.dataloader.DataLoader object at 0x29152a640>, <torch.utils.data.dataloader.DataLoader object at 0x29152a910>, <torch.utils.data.dataloader.DataLoader object at 0x291535250>, <torch.utils.data.dataloader.DataLoader object at 0x2915327c0>] 11
Federated Unlearning Global Epoch  = 1
Federated Unlearning Global Epoch  = 2
Federated Unlearning Global Epoch  = 3
Federated Unlearning Global Epoch  = 4
Federated Unlearning Global Epoch  = 5
Federated Unlearning Global Epoch  = 6
Federated Unlearning Global Epoch  = 7
Federated Unlearning Global Epoch  = 8
Federated Unlearning Global Epoch  = 9
Federated Unlearning Global Epoch  = 10
Federated Unlearning Global Epoch  = 11
Federated Unlearning Global Epoch  = 12
Federated Unlearning Global Epoch  = 13
Federated Unlearning Global Epoch  = 14
Federated Unlearning Global Epoch  = 15
Federated Unlearning Global Epoch  = 16
Federated Unlearning Global Epoch  = 17
Federated Unlearning Global Epoch  = 18
Federated Unlearning Global Epoch  = 19
N [3, 1, 0, 7]
cc 0.4
ss 0.8
rouc:  0.4  rous:  0.32
IE:  {1, 3, 5, 7, 9, 11, 13, 15, 17}
tr:  5
selected_clients:      [9 8 3 8]
client_models 10
selected_clients:      [8 8 4 3]
client_models 10
selected_clients:      [2 0 5 5]
client_models 10
selected_clients:      [4 5 0 6]
client_models 10
selected_clients:      [1 5 5 2]
client_models 10
selected_clients:      [9 4 5 0]
client_models 10
selected_clients:      [2 2 7 2]
client_models 10
X_u <torch.utils.data.dataloader.DataLoader object at 0x29efc6340>
data_loader_ku <torch.utils.data.dataloader.DataLoader object at 0x29efc6340>
here
client_data_loaders:  [<torch.utils.data.dataloader.DataLoader object at 0x291535520>, <torch.utils.data.dataloader.DataLoader object at 0x291532130>, <torch.utils.data.dataloader.DataLoader object at 0x291535610>, <torch.utils.data.dataloader.DataLoader object at 0x29dc3c250>, <torch.utils.data.dataloader.DataLoader object at 0x29152a550>, <torch.utils.data.dataloader.DataLoader object at 0x2915313d0>, <torch.utils.data.dataloader.DataLoader object at 0x291531790>, <torch.utils.data.dataloader.DataLoader object at 0x29152a640>, <torch.utils.data.dataloader.DataLoader object at 0x29152a910>, <torch.utils.data.dataloader.DataLoader object at 0x291535250>, <torch.utils.data.dataloader.DataLoader object at 0x2915327c0>] 11
Federated Unlearning Global Epoch  = 1
Federated Unlearning Global Epoch  = 2
Federated Unlearning Global Epoch  = 3
Federated Unlearning Global Epoch  = 4
Federated Unlearning Global Epoch  = 5
Federated Unlearning Global Epoch  = 6
Federated Unlearning Global Epoch  = 7
Federated Unlearning Global Epoch  = 8
Federated Unlearning Global Epoch  = 9
Federated Unlearning Global Epoch  = 10
Federated Unlearning Global Epoch  = 11
Federated Unlearning Global Epoch  = 12
Federated Unlearning Global Epoch  = 13
Federated Unlearning Global Epoch  = 14
Federated Unlearning Global Epoch  = 15
Federated Unlearning Global Epoch  = 16
Federated Unlearning Global Epoch  = 17
Federated Unlearning Global Epoch  = 18
Federated Unlearning Global Epoch  = 19
N [3, 1, 0, 7]
cc 0.4
ss 0.8
rouc:  0.4  rous:  0.32
IE:  {1, 3, 5, 7, 9, 11, 13, 15, 17}
tr:  5
selected_clients:      [7 0 8 3]
client_models 10
selected_clients:      [4 5 6 6]
client_models 10
selected_clients:      [5 0 3 9]
client_models 10
selected_clients:      [6 0 4 7]
client_models 10
selected_clients:      [4 4 3 5]
client_models 10
selected_clients:      [3 0 5 3]
client_models 10
selected_clients:      [7 4 4 4]
client_models 10
here
client_data_loaders:  [<torch.utils.data.dataloader.DataLoader object at 0x291535520>, <torch.utils.data.dataloader.DataLoader object at 0x291532130>, <torch.utils.data.dataloader.DataLoader object at 0x291535610>, <torch.utils.data.dataloader.DataLoader object at 0x29d98b1c0>, <torch.utils.data.dataloader.DataLoader object at 0x29152a550>, <torch.utils.data.dataloader.DataLoader object at 0x2915313d0>, <torch.utils.data.dataloader.DataLoader object at 0x291531790>, <torch.utils.data.dataloader.DataLoader object at 0x29152a640>, <torch.utils.data.dataloader.DataLoader object at 0x29152a910>, <torch.utils.data.dataloader.DataLoader object at 0x291535250>, <torch.utils.data.dataloader.DataLoader object at 0x2915327c0>] 11
Federated Unlearning Global Epoch  = 1
Federated Unlearning Global Epoch  = 2
Federated Unlearning Global Epoch  = 3
Federated Unlearning Global Epoch  = 4
Federated Unlearning Global Epoch  = 5
Federated Unlearning Global Epoch  = 6
Federated Unlearning Global Epoch  = 7
Federated Unlearning Global Epoch  = 8
Federated Unlearning Global Epoch  = 9
Federated Unlearning Global Epoch  = 10
Federated Unlearning Global Epoch  = 11
Federated Unlearning Global Epoch  = 12
Federated Unlearning Global Epoch  = 13
Federated Unlearning Global Epoch  = 14
Federated Unlearning Global Epoch  = 15
Federated Unlearning Global Epoch  = 16
Federated Unlearning Global Epoch  = 17
Federated Unlearning Global Epoch  = 18
Federated Unlearning Global Epoch  = 19
N [3, 1, 0, 7]
cc 0.4
ss 0.8
rouc:  0.4  rous:  0.32
IE:  {1, 3, 5, 7, 9, 11, 13, 15, 17}
tr:  5
selected_clients:      [4 9 9 2]
client_models 10
selected_clients:      [9 5 8 8]
client_models 10
selected_clients:      [2 1 3 0]
client_models 10
selected_clients:      [8 9 1 1]
client_models 10
selected_clients:      [7 0 7 3]
client_models 10
selected_clients:      [9 6 2 5]
client_models 10
selected_clients:      [3 3 2 0]
client_models 10
here
client_data_loaders:  [<torch.utils.data.dataloader.DataLoader object at 0x291535520>, <torch.utils.data.dataloader.DataLoader object at 0x291532130>, <torch.utils.data.dataloader.DataLoader object at 0x291535610>, <torch.utils.data.dataloader.DataLoader object at 0x29deaa040>, <torch.utils.data.dataloader.DataLoader object at 0x29152a550>, <torch.utils.data.dataloader.DataLoader object at 0x2915313d0>, <torch.utils.data.dataloader.DataLoader object at 0x291531790>, <torch.utils.data.dataloader.DataLoader object at 0x29152a640>, <torch.utils.data.dataloader.DataLoader object at 0x29152a910>, <torch.utils.data.dataloader.DataLoader object at 0x291535250>, <torch.utils.data.dataloader.DataLoader object at 0x2915327c0>] 11
Federated Unlearning Global Epoch  = 1
Federated Unlearning Global Epoch  = 2
Federated Unlearning Global Epoch  = 3
Federated Unlearning Global Epoch  = 4
Federated Unlearning Global Epoch  = 5
Federated Unlearning Global Epoch  = 6
Federated Unlearning Global Epoch  = 7
Federated Unlearning Global Epoch  = 8
Federated Unlearning Global Epoch  = 9
Federated Unlearning Global Epoch  = 10
Federated Unlearning Global Epoch  = 11
Federated Unlearning Global Epoch  = 12
Federated Unlearning Global Epoch  = 13
Federated Unlearning Global Epoch  = 14
Federated Unlearning Global Epoch  = 15
Federated Unlearning Global Epoch  = 16
Federated Unlearning Global Epoch  = 17
Federated Unlearning Global Epoch  = 18
Federated Unlearning Global Epoch  = 19
N [3, 1, 0, 7]
cc 0.4
ss 0.8
rouc:  0.4  rous:  0.32
IE:  {1, 3, 5, 7, 9, 11, 13, 15, 17}
tr:  5
selected_clients:      [8 6 5 4]
client_models 10
selected_clients:      [1 7 5 5]
client_models 10
selected_clients:      [3 0 5 2]
client_models 10
selected_clients:      [3 6 4 9]
client_models 10
selected_clients:      [0 1 1 3]
client_models 10
selected_clients:      [7 8 2 1]
client_models 10
selected_clients:      [8 6 8 0]
client_models 10
here
client_data_loaders:  [<torch.utils.data.dataloader.DataLoader object at 0x291535520>, <torch.utils.data.dataloader.DataLoader object at 0x291532130>, <torch.utils.data.dataloader.DataLoader object at 0x291535610>, <torch.utils.data.dataloader.DataLoader object at 0x29dbb0070>, <torch.utils.data.dataloader.DataLoader object at 0x29152a550>, <torch.utils.data.dataloader.DataLoader object at 0x2915313d0>, <torch.utils.data.dataloader.DataLoader object at 0x291531790>, <torch.utils.data.dataloader.DataLoader object at 0x29152a640>, <torch.utils.data.dataloader.DataLoader object at 0x29152a910>, <torch.utils.data.dataloader.DataLoader object at 0x291535250>, <torch.utils.data.dataloader.DataLoader object at 0x2915327c0>] 11
Federated Unlearning Global Epoch  = 1
Federated Unlearning Global Epoch  = 2
Federated Unlearning Global Epoch  = 3
Federated Unlearning Global Epoch  = 4
Federated Unlearning Global Epoch  = 5
Federated Unlearning Global Epoch  = 6
Federated Unlearning Global Epoch  = 7
Federated Unlearning Global Epoch  = 8
Federated Unlearning Global Epoch  = 9
Federated Unlearning Global Epoch  = 10
Federated Unlearning Global Epoch  = 11
Federated Unlearning Global Epoch  = 12
Federated Unlearning Global Epoch  = 13
Federated Unlearning Global Epoch  = 14
Federated Unlearning Global Epoch  = 15
Federated Unlearning Global Epoch  = 16
Federated Unlearning Global Epoch  = 17
Federated Unlearning Global Epoch  = 18
Federated Unlearning Global Epoch  = 19
N [3, 1, 0, 7]
cc 0.4
ss 0.8
rouc:  0.4  rous:  0.32
IE:  {1, 3, 5, 7, 9, 11, 13, 15, 17}
tr:  5
selected_clients:      [8 6 3 7]
client_models 10
selected_clients:      [2 4 0 8]
client_models 10
selected_clients:      [7 1 1 7]
client_models 10
selected_clients:      [9 5 4 3]
client_models 10
selected_clients:      [0 2 1 3]
client_models 10
selected_clients:      [0 8 9 6]
client_models 10
selected_clients:      [6 4 9 7]
client_models 10
here
client_data_loaders:  [<torch.utils.data.dataloader.DataLoader object at 0x291535520>, <torch.utils.data.dataloader.DataLoader object at 0x291532130>, <torch.utils.data.dataloader.DataLoader object at 0x291535610>, <torch.utils.data.dataloader.DataLoader object at 0x29de122e0>, <torch.utils.data.dataloader.DataLoader object at 0x29152a550>, <torch.utils.data.dataloader.DataLoader object at 0x2915313d0>, <torch.utils.data.dataloader.DataLoader object at 0x291531790>, <torch.utils.data.dataloader.DataLoader object at 0x29152a640>, <torch.utils.data.dataloader.DataLoader object at 0x29152a910>, <torch.utils.data.dataloader.DataLoader object at 0x291535250>, <torch.utils.data.dataloader.DataLoader object at 0x2915327c0>] 11
Federated Unlearning Global Epoch  = 1
Federated Unlearning Global Epoch  = 2
Federated Unlearning Global Epoch  = 3
Federated Unlearning Global Epoch  = 4
Federated Unlearning Global Epoch  = 5
Federated Unlearning Global Epoch  = 6
Federated Unlearning Global Epoch  = 7
Federated Unlearning Global Epoch  = 8
Federated Unlearning Global Epoch  = 9
Federated Unlearning Global Epoch  = 10
Federated Unlearning Global Epoch  = 11
Federated Unlearning Global Epoch  = 12
Federated Unlearning Global Epoch  = 13
Federated Unlearning Global Epoch  = 14
Federated Unlearning Global Epoch  = 15
Federated Unlearning Global Epoch  = 16
Federated Unlearning Global Epoch  = 17
Federated Unlearning Global Epoch  = 18
Federated Unlearning Global Epoch  = 19
N [3, 1, 0, 7]
cc 0.4
ss 0.8
rouc:  0.4  rous:  0.32
IE:  {1, 3, 5, 7, 9, 11, 13, 15, 17}
tr:  5
selected_clients:      [4 7 2 6]
client_models 10
selected_clients:      [9 9 3 9]
client_models 10
selected_clients:      [0 7 1 9]
client_models 10
selected_clients:      [2 5 1 3]
client_models 10
selected_clients:      [8 0 3 9]
client_models 10
selected_clients:      [9 6 3 2]
client_models 10
selected_clients:      [6 1 5 0]
client_models 10
here
client_data_loaders:  [<torch.utils.data.dataloader.DataLoader object at 0x291535520>, <torch.utils.data.dataloader.DataLoader object at 0x291532130>, <torch.utils.data.dataloader.DataLoader object at 0x291535610>, <torch.utils.data.dataloader.DataLoader object at 0x29db44d30>, <torch.utils.data.dataloader.DataLoader object at 0x29152a550>, <torch.utils.data.dataloader.DataLoader object at 0x2915313d0>, <torch.utils.data.dataloader.DataLoader object at 0x291531790>, <torch.utils.data.dataloader.DataLoader object at 0x29152a640>, <torch.utils.data.dataloader.DataLoader object at 0x29152a910>, <torch.utils.data.dataloader.DataLoader object at 0x291535250>, <torch.utils.data.dataloader.DataLoader object at 0x2915327c0>] 11
Federated Unlearning Global Epoch  = 1
Federated Unlearning Global Epoch  = 2
Federated Unlearning Global Epoch  = 3
Federated Unlearning Global Epoch  = 4
Federated Unlearning Global Epoch  = 5
Federated Unlearning Global Epoch  = 6
Federated Unlearning Global Epoch  = 7
Federated Unlearning Global Epoch  = 8
Federated Unlearning Global Epoch  = 9
Federated Unlearning Global Epoch  = 10
Federated Unlearning Global Epoch  = 11
Federated Unlearning Global Epoch  = 12
Federated Unlearning Global Epoch  = 13
Federated Unlearning Global Epoch  = 14
Federated Unlearning Global Epoch  = 15
Federated Unlearning Global Epoch  = 16
Federated Unlearning Global Epoch  = 17
Federated Unlearning Global Epoch  = 18
Federated Unlearning Global Epoch  = 19
N [3, 1, 0, 7]
cc 0.4
ss 0.8
rouc:  0.4  rous:  0.32
IE:  {1, 3, 5, 7, 9, 11, 13, 15, 17}
tr:  5
selected_clients:      [8 1 7 1]
client_models 10
selected_clients:      [8 3 8 7]
client_models 10
selected_clients:      [3 3 0 5]
client_models 10
selected_clients:      [7 4 0 5]
client_models 10
selected_clients:      [9 0 3 6]
client_models 10
selected_clients:      [9 3 9 7]
client_models 10
selected_clients:      [0 3 5 0]
client_models 10
here
client_data_loaders:  [<torch.utils.data.dataloader.DataLoader object at 0x291535520>, <torch.utils.data.dataloader.DataLoader object at 0x291532130>, <torch.utils.data.dataloader.DataLoader object at 0x291535610>, <torch.utils.data.dataloader.DataLoader object at 0x29d8dbe80>, <torch.utils.data.dataloader.DataLoader object at 0x29152a550>, <torch.utils.data.dataloader.DataLoader object at 0x2915313d0>, <torch.utils.data.dataloader.DataLoader object at 0x291531790>, <torch.utils.data.dataloader.DataLoader object at 0x29152a640>, <torch.utils.data.dataloader.DataLoader object at 0x29152a910>, <torch.utils.data.dataloader.DataLoader object at 0x291535250>, <torch.utils.data.dataloader.DataLoader object at 0x2915327c0>] 11
Federated Unlearning Global Epoch  = 1
Federated Unlearning Global Epoch  = 2
Federated Unlearning Global Epoch  = 3
Federated Unlearning Global Epoch  = 4
Federated Unlearning Global Epoch  = 5
Federated Unlearning Global Epoch  = 6
Federated Unlearning Global Epoch  = 7
Federated Unlearning Global Epoch  = 8
Federated Unlearning Global Epoch  = 9
Federated Unlearning Global Epoch  = 10
Federated Unlearning Global Epoch  = 11
Federated Unlearning Global Epoch  = 12
Federated Unlearning Global Epoch  = 13
Federated Unlearning Global Epoch  = 14
Federated Unlearning Global Epoch  = 15
Federated Unlearning Global Epoch  = 16
Federated Unlearning Global Epoch  = 17
Federated Unlearning Global Epoch  = 18
Federated Unlearning Global Epoch  = 19
N [3, 1, 0, 7]
cc 0.4
ss 0.8
rouc:  0.4  rous:  0.32
IE:  {1, 3, 5, 7, 9, 11, 13, 15, 17}
tr:  5
selected_clients:      [7 7 7 8]
client_models 10
selected_clients:      [2 9 1 4]
client_models 10
selected_clients:      [6 4 3 4]
client_models 10
selected_clients:      [1 7 2 4]
client_models 10
selected_clients:      [4 8 4 5]
client_models 10
selected_clients:      [2 7 5 2]
client_models 10
selected_clients:      [1 0 5 3]
client_models 10
here
client_data_loaders:  [<torch.utils.data.dataloader.DataLoader object at 0x291535520>, <torch.utils.data.dataloader.DataLoader object at 0x291532130>, <torch.utils.data.dataloader.DataLoader object at 0x291535610>, <torch.utils.data.dataloader.DataLoader object at 0x29ef3cfa0>, <torch.utils.data.dataloader.DataLoader object at 0x29152a550>, <torch.utils.data.dataloader.DataLoader object at 0x2915313d0>, <torch.utils.data.dataloader.DataLoader object at 0x291531790>, <torch.utils.data.dataloader.DataLoader object at 0x29152a640>, <torch.utils.data.dataloader.DataLoader object at 0x29152a910>, <torch.utils.data.dataloader.DataLoader object at 0x291535250>, <torch.utils.data.dataloader.DataLoader object at 0x2915327c0>] 11
Federated Unlearning Global Epoch  = 1
Federated Unlearning Global Epoch  = 2
Federated Unlearning Global Epoch  = 3
Federated Unlearning Global Epoch  = 4
Federated Unlearning Global Epoch  = 5
Federated Unlearning Global Epoch  = 6
Federated Unlearning Global Epoch  = 7
Federated Unlearning Global Epoch  = 8
Federated Unlearning Global Epoch  = 9
Federated Unlearning Global Epoch  = 10
Federated Unlearning Global Epoch  = 11
Federated Unlearning Global Epoch  = 12
Federated Unlearning Global Epoch  = 13
Federated Unlearning Global Epoch  = 14
Federated Unlearning Global Epoch  = 15
Federated Unlearning Global Epoch  = 16
Federated Unlearning Global Epoch  = 17
Federated Unlearning Global Epoch  = 18
Federated Unlearning Global Epoch  = 19
N [3, 1, 0, 7]
cc 0.4
ss 0.8
rouc:  0.4  rous:  0.32
IE:  {1, 3, 5, 7, 9, 11, 13, 15, 17}
tr:  5
selected_clients:      [9 6 3 2]
client_models 10
selected_clients:      [1 4 8 3]
client_models 10
selected_clients:      [4 8 1 0]
client_models 10
selected_clients:      [0 9 4 4]
client_models 10
selected_clients:      [0 1 2 0]
client_models 10
selected_clients:      [8 2 5 6]
client_models 10
selected_clients:      [0 7 3 1]
client_models 10
X_u <torch.utils.data.dataloader.DataLoader object at 0x29ef3cfa0>
data_loader_ku <torch.utils.data.dataloader.DataLoader object at 0x29ef3cfa0>
here
client_data_loaders:  [<torch.utils.data.dataloader.DataLoader object at 0x291535520>, <torch.utils.data.dataloader.DataLoader object at 0x291532130>, <torch.utils.data.dataloader.DataLoader object at 0x291535610>, <torch.utils.data.dataloader.DataLoader object at 0x29d91f1c0>, <torch.utils.data.dataloader.DataLoader object at 0x29152a550>, <torch.utils.data.dataloader.DataLoader object at 0x2915313d0>, <torch.utils.data.dataloader.DataLoader object at 0x291531790>, <torch.utils.data.dataloader.DataLoader object at 0x29152a640>, <torch.utils.data.dataloader.DataLoader object at 0x29152a910>, <torch.utils.data.dataloader.DataLoader object at 0x291535250>, <torch.utils.data.dataloader.DataLoader object at 0x2915327c0>] 11
Federated Unlearning Global Epoch  = 1
Federated Unlearning Global Epoch  = 2
Federated Unlearning Global Epoch  = 3
Federated Unlearning Global Epoch  = 4
Federated Unlearning Global Epoch  = 5
Federated Unlearning Global Epoch  = 6
Federated Unlearning Global Epoch  = 7
Federated Unlearning Global Epoch  = 8
Federated Unlearning Global Epoch  = 9
Federated Unlearning Global Epoch  = 10
Federated Unlearning Global Epoch  = 11
Federated Unlearning Global Epoch  = 12
Federated Unlearning Global Epoch  = 13
Federated Unlearning Global Epoch  = 14
Federated Unlearning Global Epoch  = 15
Federated Unlearning Global Epoch  = 16
Federated Unlearning Global Epoch  = 17
Federated Unlearning Global Epoch  = 18
Federated Unlearning Global Epoch  = 19
N [3, 1, 0, 7]
cc 0.4
ss 0.8
rouc:  0.4  rous:  0.32
IE:  {1, 3, 5, 7, 9, 11, 13, 15, 17}
tr:  5
selected_clients:      [7 9 2 7]
client_models 10
selected_clients:      [4 7 5 8]
client_models 10
selected_clients:      [9 7 4 8]
client_models 10
selected_clients:      [0 5 6 7]
client_models 10
selected_clients:      [8 9 8 0]
client_models 10
selected_clients:      [6 9 6 7]
client_models 10
selected_clients:      [2 3 1 1]
client_models 10
here
client_data_loaders:  [<torch.utils.data.dataloader.DataLoader object at 0x291535520>, <torch.utils.data.dataloader.DataLoader object at 0x291532130>, <torch.utils.data.dataloader.DataLoader object at 0x291535610>, <torch.utils.data.dataloader.DataLoader object at 0x29fa73b50>, <torch.utils.data.dataloader.DataLoader object at 0x29152a550>, <torch.utils.data.dataloader.DataLoader object at 0x2915313d0>, <torch.utils.data.dataloader.DataLoader object at 0x291531790>, <torch.utils.data.dataloader.DataLoader object at 0x29152a640>, <torch.utils.data.dataloader.DataLoader object at 0x29152a910>, <torch.utils.data.dataloader.DataLoader object at 0x291535250>, <torch.utils.data.dataloader.DataLoader object at 0x2915327c0>] 11
Federated Unlearning Global Epoch  = 1
Federated Unlearning Global Epoch  = 2
Federated Unlearning Global Epoch  = 3
Federated Unlearning Global Epoch  = 4
Federated Unlearning Global Epoch  = 5
Federated Unlearning Global Epoch  = 6
Federated Unlearning Global Epoch  = 7
Federated Unlearning Global Epoch  = 8
Federated Unlearning Global Epoch  = 9
Federated Unlearning Global Epoch  = 10
Federated Unlearning Global Epoch  = 11
Federated Unlearning Global Epoch  = 12
Federated Unlearning Global Epoch  = 13
Federated Unlearning Global Epoch  = 14
Federated Unlearning Global Epoch  = 15
Federated Unlearning Global Epoch  = 16
Federated Unlearning Global Epoch  = 17
Federated Unlearning Global Epoch  = 18
Federated Unlearning Global Epoch  = 19
N [3, 1, 0, 7]
cc 0.4
ss 0.8
rouc:  0.4  rous:  0.32
IE:  {1, 3, 5, 7, 9, 11, 13, 15, 17}
tr:  5
selected_clients:      [6 4 9 4]
client_models 10
selected_clients:      [6 1 2 2]
client_models 10
selected_clients:      [0 8 6 8]
client_models 10
selected_clients:      [4 3 6 2]
client_models 10
selected_clients:      [5 2 1 1]
client_models 10
selected_clients:      [6 3 5 8]
client_models 10
selected_clients:      [7 5 6 8]
client_models 10
here
client_data_loaders:  [<torch.utils.data.dataloader.DataLoader object at 0x291535520>, <torch.utils.data.dataloader.DataLoader object at 0x291532130>, <torch.utils.data.dataloader.DataLoader object at 0x291535610>, <torch.utils.data.dataloader.DataLoader object at 0x29df12070>, <torch.utils.data.dataloader.DataLoader object at 0x29152a550>, <torch.utils.data.dataloader.DataLoader object at 0x2915313d0>, <torch.utils.data.dataloader.DataLoader object at 0x291531790>, <torch.utils.data.dataloader.DataLoader object at 0x29152a640>, <torch.utils.data.dataloader.DataLoader object at 0x29152a910>, <torch.utils.data.dataloader.DataLoader object at 0x291535250>, <torch.utils.data.dataloader.DataLoader object at 0x2915327c0>] 11
Federated Unlearning Global Epoch  = 1
Federated Unlearning Global Epoch  = 2
Federated Unlearning Global Epoch  = 3
Federated Unlearning Global Epoch  = 4
Federated Unlearning Global Epoch  = 5
Federated Unlearning Global Epoch  = 6
Federated Unlearning Global Epoch  = 7
Federated Unlearning Global Epoch  = 8
Federated Unlearning Global Epoch  = 9
Federated Unlearning Global Epoch  = 10
Federated Unlearning Global Epoch  = 11
Federated Unlearning Global Epoch  = 12
Federated Unlearning Global Epoch  = 13
Federated Unlearning Global Epoch  = 14
Federated Unlearning Global Epoch  = 15
Federated Unlearning Global Epoch  = 16
Federated Unlearning Global Epoch  = 17
Federated Unlearning Global Epoch  = 18
Federated Unlearning Global Epoch  = 19
N [3, 1, 0, 7]
cc 0.4
ss 0.8
rouc:  0.4  rous:  0.32
IE:  {1, 3, 5, 7, 9, 11, 13, 15, 17}
tr:  5
selected_clients:      [6 2 0 5]
client_models 10
selected_clients:      [7 5 4 4]
client_models 10
selected_clients:      [5 2 6 9]
client_models 10
selected_clients:      [5 2 9 8]
client_models 10
selected_clients:      [9 9 5 6]
client_models 10
selected_clients:      [9 2 3 0]
client_models 10
selected_clients:      [5 8 0 1]
client_models 10
here
client_data_loaders:  [<torch.utils.data.dataloader.DataLoader object at 0x291535520>, <torch.utils.data.dataloader.DataLoader object at 0x291532130>, <torch.utils.data.dataloader.DataLoader object at 0x291535610>, <torch.utils.data.dataloader.DataLoader object at 0x29d9d1100>, <torch.utils.data.dataloader.DataLoader object at 0x29152a550>, <torch.utils.data.dataloader.DataLoader object at 0x2915313d0>, <torch.utils.data.dataloader.DataLoader object at 0x291531790>, <torch.utils.data.dataloader.DataLoader object at 0x29152a640>, <torch.utils.data.dataloader.DataLoader object at 0x29152a910>, <torch.utils.data.dataloader.DataLoader object at 0x291535250>, <torch.utils.data.dataloader.DataLoader object at 0x2915327c0>] 11
Federated Unlearning Global Epoch  = 1
Federated Unlearning Global Epoch  = 2
Federated Unlearning Global Epoch  = 3
Federated Unlearning Global Epoch  = 4
Federated Unlearning Global Epoch  = 5
Federated Unlearning Global Epoch  = 6
Federated Unlearning Global Epoch  = 7
Federated Unlearning Global Epoch  = 8
Federated Unlearning Global Epoch  = 9
Federated Unlearning Global Epoch  = 10
Federated Unlearning Global Epoch  = 11
Federated Unlearning Global Epoch  = 12
Federated Unlearning Global Epoch  = 13
Federated Unlearning Global Epoch  = 14
Federated Unlearning Global Epoch  = 15
Federated Unlearning Global Epoch  = 16
Federated Unlearning Global Epoch  = 17
Federated Unlearning Global Epoch  = 18
Federated Unlearning Global Epoch  = 19
N [3, 1, 0, 7]
cc 0.4
ss 0.8
rouc:  0.4  rous:  0.32
IE:  {1, 3, 5, 7, 9, 11, 13, 15, 17}
tr:  5
selected_clients:      [8 5 7 2]
client_models 10
selected_clients:      [2 4 0 3]
client_models 10
selected_clients:      [4 7 8 6]
client_models 10
selected_clients:      [2 8 2 2]
client_models 10
selected_clients:      [2 6 5 5]
client_models 10
selected_clients:      [2 2 9 3]
client_models 10
selected_clients:      [6 9 1 5]
client_models 10
here
client_data_loaders:  [<torch.utils.data.dataloader.DataLoader object at 0x291535520>, <torch.utils.data.dataloader.DataLoader object at 0x291532130>, <torch.utils.data.dataloader.DataLoader object at 0x291535610>, <torch.utils.data.dataloader.DataLoader object at 0x29dcd3850>, <torch.utils.data.dataloader.DataLoader object at 0x29152a550>, <torch.utils.data.dataloader.DataLoader object at 0x2915313d0>, <torch.utils.data.dataloader.DataLoader object at 0x291531790>, <torch.utils.data.dataloader.DataLoader object at 0x29152a640>, <torch.utils.data.dataloader.DataLoader object at 0x29152a910>, <torch.utils.data.dataloader.DataLoader object at 0x291535250>, <torch.utils.data.dataloader.DataLoader object at 0x2915327c0>] 11
Federated Unlearning Global Epoch  = 1
Federated Unlearning Global Epoch  = 2
Federated Unlearning Global Epoch  = 3
Federated Unlearning Global Epoch  = 4
Federated Unlearning Global Epoch  = 5
Federated Unlearning Global Epoch  = 6
Federated Unlearning Global Epoch  = 7
Federated Unlearning Global Epoch  = 8
Federated Unlearning Global Epoch  = 9
Federated Unlearning Global Epoch  = 10
Federated Unlearning Global Epoch  = 11
Federated Unlearning Global Epoch  = 12
Federated Unlearning Global Epoch  = 13
Federated Unlearning Global Epoch  = 14
Federated Unlearning Global Epoch  = 15
Federated Unlearning Global Epoch  = 16
Federated Unlearning Global Epoch  = 17
Federated Unlearning Global Epoch  = 18
Federated Unlearning Global Epoch  = 19
N [3, 1, 0, 7]
cc 0.4
ss 0.8
rouc:  0.4  rous:  0.32
IE:  {1, 3, 5, 7, 9, 11, 13, 15, 17}
tr:  5
selected_clients:      [2 1 5 5]
client_models 10
selected_clients:      [9 8 2 9]
client_models 10
selected_clients:      [5 5 5 2]
client_models 10
selected_clients:      [2 1 7 6]
client_models 10
selected_clients:      [3 6 2 5]
client_models 10
selected_clients:      [5 6 8 3]
client_models 10
selected_clients:      [1 7 2 2]
client_models 10
here
client_data_loaders:  [<torch.utils.data.dataloader.DataLoader object at 0x291535520>, <torch.utils.data.dataloader.DataLoader object at 0x291532130>, <torch.utils.data.dataloader.DataLoader object at 0x291535610>, <torch.utils.data.dataloader.DataLoader object at 0x29deaa640>, <torch.utils.data.dataloader.DataLoader object at 0x29152a550>, <torch.utils.data.dataloader.DataLoader object at 0x2915313d0>, <torch.utils.data.dataloader.DataLoader object at 0x291531790>, <torch.utils.data.dataloader.DataLoader object at 0x29152a640>, <torch.utils.data.dataloader.DataLoader object at 0x29152a910>, <torch.utils.data.dataloader.DataLoader object at 0x291535250>, <torch.utils.data.dataloader.DataLoader object at 0x2915327c0>] 11
Federated Unlearning Global Epoch  = 1
Federated Unlearning Global Epoch  = 2
Federated Unlearning Global Epoch  = 3
Federated Unlearning Global Epoch  = 4
Federated Unlearning Global Epoch  = 5
Federated Unlearning Global Epoch  = 6
Federated Unlearning Global Epoch  = 7
Federated Unlearning Global Epoch  = 8
Federated Unlearning Global Epoch  = 9
Federated Unlearning Global Epoch  = 10
Federated Unlearning Global Epoch  = 11
Federated Unlearning Global Epoch  = 12
Federated Unlearning Global Epoch  = 13
Federated Unlearning Global Epoch  = 14
Federated Unlearning Global Epoch  = 15
Federated Unlearning Global Epoch  = 16
Federated Unlearning Global Epoch  = 17
Federated Unlearning Global Epoch  = 18
Federated Unlearning Global Epoch  = 19
N [3, 1, 0, 7]
cc 0.4
ss 0.8
rouc:  0.4  rous:  0.32
IE:  {1, 3, 5, 7, 9, 11, 13, 15, 17}
tr:  5
selected_clients:      [9 8 5 1]
client_models 10
selected_clients:      [2 6 6 2]
client_models 10
selected_clients:      [3 0 6 5]
client_models 10
selected_clients:      [3 4 8 5]
client_models 10
selected_clients:      [8 3 7 7]
client_models 10
selected_clients:      [2 9 1 5]
client_models 10
selected_clients:      [1 4 1 0]
client_models 10
here
client_data_loaders:  [<torch.utils.data.dataloader.DataLoader object at 0x291535520>, <torch.utils.data.dataloader.DataLoader object at 0x291532130>, <torch.utils.data.dataloader.DataLoader object at 0x291535610>, <torch.utils.data.dataloader.DataLoader object at 0x29de34df0>, <torch.utils.data.dataloader.DataLoader object at 0x29152a550>, <torch.utils.data.dataloader.DataLoader object at 0x2915313d0>, <torch.utils.data.dataloader.DataLoader object at 0x291531790>, <torch.utils.data.dataloader.DataLoader object at 0x29152a640>, <torch.utils.data.dataloader.DataLoader object at 0x29152a910>, <torch.utils.data.dataloader.DataLoader object at 0x291535250>, <torch.utils.data.dataloader.DataLoader object at 0x2915327c0>] 11
Federated Unlearning Global Epoch  = 1
Federated Unlearning Global Epoch  = 2
Federated Unlearning Global Epoch  = 3
Federated Unlearning Global Epoch  = 4
Federated Unlearning Global Epoch  = 5
Federated Unlearning Global Epoch  = 6
Federated Unlearning Global Epoch  = 7
Federated Unlearning Global Epoch  = 8
Federated Unlearning Global Epoch  = 9
Federated Unlearning Global Epoch  = 10
Federated Unlearning Global Epoch  = 11
Federated Unlearning Global Epoch  = 12
Federated Unlearning Global Epoch  = 13
Federated Unlearning Global Epoch  = 14
Federated Unlearning Global Epoch  = 15
Federated Unlearning Global Epoch  = 16
Federated Unlearning Global Epoch  = 17
Federated Unlearning Global Epoch  = 18
Federated Unlearning Global Epoch  = 19
N [3, 1, 0, 7]
cc 0.4
ss 0.8
rouc:  0.4  rous:  0.32
IE:  {1, 3, 5, 7, 9, 11, 13, 15, 17}
tr:  5
selected_clients:      [5 8 8 5]
client_models 10
selected_clients:      [3 8 1 8]
client_models 10
selected_clients:      [8 1 3 6]
client_models 10
selected_clients:      [8 7 8 1]
client_models 10
selected_clients:      [6 4 3 3]
client_models 10
selected_clients:      [8 0 1 6]
client_models 10
selected_clients:      [9 4 4 0]
client_models 10
here
client_data_loaders:  [<torch.utils.data.dataloader.DataLoader object at 0x291535520>, <torch.utils.data.dataloader.DataLoader object at 0x291532130>, <torch.utils.data.dataloader.DataLoader object at 0x291535610>, <torch.utils.data.dataloader.DataLoader object at 0x29dcd3460>, <torch.utils.data.dataloader.DataLoader object at 0x29152a550>, <torch.utils.data.dataloader.DataLoader object at 0x2915313d0>, <torch.utils.data.dataloader.DataLoader object at 0x291531790>, <torch.utils.data.dataloader.DataLoader object at 0x29152a640>, <torch.utils.data.dataloader.DataLoader object at 0x29152a910>, <torch.utils.data.dataloader.DataLoader object at 0x291535250>, <torch.utils.data.dataloader.DataLoader object at 0x2915327c0>] 11
Federated Unlearning Global Epoch  = 1
Federated Unlearning Global Epoch  = 2
Federated Unlearning Global Epoch  = 3
Federated Unlearning Global Epoch  = 4
Federated Unlearning Global Epoch  = 5
Federated Unlearning Global Epoch  = 6
Federated Unlearning Global Epoch  = 7
Federated Unlearning Global Epoch  = 8
Federated Unlearning Global Epoch  = 9
Federated Unlearning Global Epoch  = 10
Federated Unlearning Global Epoch  = 11
Federated Unlearning Global Epoch  = 12
Federated Unlearning Global Epoch  = 13
Federated Unlearning Global Epoch  = 14
Federated Unlearning Global Epoch  = 15
Federated Unlearning Global Epoch  = 16
Federated Unlearning Global Epoch  = 17
Federated Unlearning Global Epoch  = 18
Federated Unlearning Global Epoch  = 19
N [3, 1, 0, 7]
cc 0.4
ss 0.8
rouc:  0.4  rous:  0.32
IE:  {1, 3, 5, 7, 9, 11, 13, 15, 17}
tr:  5
selected_clients:      [6 5 2 3]
client_models 10
selected_clients:      [3 2 6 1]
client_models 10
selected_clients:      [7 9 1 8]
client_models 10
selected_clients:      [7 3 7 7]
client_models 10
selected_clients:      [7 9 8 2]
client_models 10
selected_clients:      [0 6 0 8]
client_models 10
selected_clients:      [5 0 2 5]
client_models 10
X_u <torch.utils.data.dataloader.DataLoader object at 0x29dcd3460>
data_loader_ku <torch.utils.data.dataloader.DataLoader object at 0x29dcd3460>
here
client_data_loaders:  [<torch.utils.data.dataloader.DataLoader object at 0x291535520>, <torch.utils.data.dataloader.DataLoader object at 0x291532130>, <torch.utils.data.dataloader.DataLoader object at 0x291535610>, <torch.utils.data.dataloader.DataLoader object at 0x29b2cd430>, <torch.utils.data.dataloader.DataLoader object at 0x29152a550>, <torch.utils.data.dataloader.DataLoader object at 0x2915313d0>, <torch.utils.data.dataloader.DataLoader object at 0x291531790>, <torch.utils.data.dataloader.DataLoader object at 0x29152a640>, <torch.utils.data.dataloader.DataLoader object at 0x29152a910>, <torch.utils.data.dataloader.DataLoader object at 0x291535250>, <torch.utils.data.dataloader.DataLoader object at 0x2915327c0>] 11
Federated Unlearning Global Epoch  = 1
Federated Unlearning Global Epoch  = 2
Federated Unlearning Global Epoch  = 3
Federated Unlearning Global Epoch  = 4
Federated Unlearning Global Epoch  = 5
Federated Unlearning Global Epoch  = 6
Federated Unlearning Global Epoch  = 7
Federated Unlearning Global Epoch  = 8
Federated Unlearning Global Epoch  = 9
Federated Unlearning Global Epoch  = 10
Federated Unlearning Global Epoch  = 11
Federated Unlearning Global Epoch  = 12
Federated Unlearning Global Epoch  = 13
Federated Unlearning Global Epoch  = 14
Federated Unlearning Global Epoch  = 15
Federated Unlearning Global Epoch  = 16
Federated Unlearning Global Epoch  = 17
Federated Unlearning Global Epoch  = 18
Federated Unlearning Global Epoch  = 19
N [3, 1, 0, 7]
cc 0.4
ss 0.8
rouc:  0.4  rous:  0.32
IE:  {1, 3, 5, 7, 9, 11, 13, 15, 17}
tr:  5
selected_clients:      [1 4 6 2]
client_models 10
selected_clients:      [4 0 7 7]
client_models 10
selected_clients:      [7 5 8 8]
client_models 10
selected_clients:      [8 5 1 7]
client_models 10
selected_clients:      [6 9 0 5]
client_models 10
selected_clients:      [2 3 6 7]
client_models 10
selected_clients:      [8 5 0 4]
client_models 10
here
client_data_loaders:  [<torch.utils.data.dataloader.DataLoader object at 0x291535520>, <torch.utils.data.dataloader.DataLoader object at 0x291532130>, <torch.utils.data.dataloader.DataLoader object at 0x291535610>, <torch.utils.data.dataloader.DataLoader object at 0x29de7b6a0>, <torch.utils.data.dataloader.DataLoader object at 0x29152a550>, <torch.utils.data.dataloader.DataLoader object at 0x2915313d0>, <torch.utils.data.dataloader.DataLoader object at 0x291531790>, <torch.utils.data.dataloader.DataLoader object at 0x29152a640>, <torch.utils.data.dataloader.DataLoader object at 0x29152a910>, <torch.utils.data.dataloader.DataLoader object at 0x291535250>, <torch.utils.data.dataloader.DataLoader object at 0x2915327c0>] 11
Federated Unlearning Global Epoch  = 1
Federated Unlearning Global Epoch  = 2
Federated Unlearning Global Epoch  = 3
Federated Unlearning Global Epoch  = 4
Federated Unlearning Global Epoch  = 5
Federated Unlearning Global Epoch  = 6
Federated Unlearning Global Epoch  = 7
Federated Unlearning Global Epoch  = 8
Federated Unlearning Global Epoch  = 9
Federated Unlearning Global Epoch  = 10
Federated Unlearning Global Epoch  = 11
Federated Unlearning Global Epoch  = 12
Federated Unlearning Global Epoch  = 13
Federated Unlearning Global Epoch  = 14
Federated Unlearning Global Epoch  = 15
Federated Unlearning Global Epoch  = 16
Federated Unlearning Global Epoch  = 17
Federated Unlearning Global Epoch  = 18
Federated Unlearning Global Epoch  = 19
N [3, 1, 0, 7]
cc 0.4
ss 0.8
rouc:  0.4  rous:  0.32
IE:  {1, 3, 5, 7, 9, 11, 13, 15, 17}
tr:  5
selected_clients:      [3 0 1 3]
client_models 10
selected_clients:      [1 5 9 8]
client_models 10
selected_clients:      [9 6 0 0]
client_models 10
selected_clients:      [7 7 4 3]
client_models 10
selected_clients:      [8 1 6 4]
client_models 10
selected_clients:      [3 8 0 3]
client_models 10
selected_clients:      [2 1 5 5]
client_models 10
here
client_data_loaders:  [<torch.utils.data.dataloader.DataLoader object at 0x291535520>, <torch.utils.data.dataloader.DataLoader object at 0x291532130>, <torch.utils.data.dataloader.DataLoader object at 0x291535610>, <torch.utils.data.dataloader.DataLoader object at 0x29ff20820>, <torch.utils.data.dataloader.DataLoader object at 0x29152a550>, <torch.utils.data.dataloader.DataLoader object at 0x2915313d0>, <torch.utils.data.dataloader.DataLoader object at 0x291531790>, <torch.utils.data.dataloader.DataLoader object at 0x29152a640>, <torch.utils.data.dataloader.DataLoader object at 0x29152a910>, <torch.utils.data.dataloader.DataLoader object at 0x291535250>, <torch.utils.data.dataloader.DataLoader object at 0x2915327c0>] 11
Federated Unlearning Global Epoch  = 1
Federated Unlearning Global Epoch  = 2
Federated Unlearning Global Epoch  = 3
Federated Unlearning Global Epoch  = 4
Federated Unlearning Global Epoch  = 5
Federated Unlearning Global Epoch  = 6
Federated Unlearning Global Epoch  = 7
Federated Unlearning Global Epoch  = 8
Federated Unlearning Global Epoch  = 9
Federated Unlearning Global Epoch  = 10
Federated Unlearning Global Epoch  = 11
Federated Unlearning Global Epoch  = 12
Federated Unlearning Global Epoch  = 13
Federated Unlearning Global Epoch  = 14
Federated Unlearning Global Epoch  = 15
Federated Unlearning Global Epoch  = 16
Federated Unlearning Global Epoch  = 17
Federated Unlearning Global Epoch  = 18
Federated Unlearning Global Epoch  = 19
N [3, 1, 0, 7]
cc 0.4
ss 0.8
rouc:  0.4  rous:  0.32
IE:  {1, 3, 5, 7, 9, 11, 13, 15, 17}
tr:  5
selected_clients:      [3 1 4 5]
client_models 10
selected_clients:      [5 4 1 5]
client_models 10
selected_clients:      [4 5 1 3]
client_models 10
selected_clients:      [9 3 5 2]
client_models 10
selected_clients:      [1 0 0 0]
client_models 10
selected_clients:      [8 2 6 5]
client_models 10
selected_clients:      [4 9 2 2]
client_models 10
here
client_data_loaders:  [<torch.utils.data.dataloader.DataLoader object at 0x291535520>, <torch.utils.data.dataloader.DataLoader object at 0x291532130>, <torch.utils.data.dataloader.DataLoader object at 0x291535610>, <torch.utils.data.dataloader.DataLoader object at 0x29db222b0>, <torch.utils.data.dataloader.DataLoader object at 0x29152a550>, <torch.utils.data.dataloader.DataLoader object at 0x2915313d0>, <torch.utils.data.dataloader.DataLoader object at 0x291531790>, <torch.utils.data.dataloader.DataLoader object at 0x29152a640>, <torch.utils.data.dataloader.DataLoader object at 0x29152a910>, <torch.utils.data.dataloader.DataLoader object at 0x291535250>, <torch.utils.data.dataloader.DataLoader object at 0x2915327c0>] 11
Federated Unlearning Global Epoch  = 1
Federated Unlearning Global Epoch  = 2
Federated Unlearning Global Epoch  = 3
Federated Unlearning Global Epoch  = 4
Federated Unlearning Global Epoch  = 5
Federated Unlearning Global Epoch  = 6
Federated Unlearning Global Epoch  = 7
Federated Unlearning Global Epoch  = 8
Federated Unlearning Global Epoch  = 9
Federated Unlearning Global Epoch  = 10
Federated Unlearning Global Epoch  = 11
Federated Unlearning Global Epoch  = 12
Federated Unlearning Global Epoch  = 13
Federated Unlearning Global Epoch  = 14
Federated Unlearning Global Epoch  = 15
Federated Unlearning Global Epoch  = 16
Federated Unlearning Global Epoch  = 17
Federated Unlearning Global Epoch  = 18
Federated Unlearning Global Epoch  = 19
N [3, 1, 0, 7]
cc 0.4
ss 0.8
rouc:  0.4  rous:  0.32
IE:  {1, 3, 5, 7, 9, 11, 13, 15, 17}
tr:  5
selected_clients:      [7 1 1 1]
client_models 10
selected_clients:      [4 9 8 3]
client_models 10
selected_clients:      [9 0 0 5]
client_models 10
selected_clients:      [7 4 4 0]
client_models 10
selected_clients:      [1 5 8 9]
client_models 10
selected_clients:      [6 8 7 2]
client_models 10
selected_clients:      [8 7 0 2]
client_models 10
here
client_data_loaders:  [<torch.utils.data.dataloader.DataLoader object at 0x291535520>, <torch.utils.data.dataloader.DataLoader object at 0x291532130>, <torch.utils.data.dataloader.DataLoader object at 0x291535610>, <torch.utils.data.dataloader.DataLoader object at 0x29d9d1400>, <torch.utils.data.dataloader.DataLoader object at 0x29152a550>, <torch.utils.data.dataloader.DataLoader object at 0x2915313d0>, <torch.utils.data.dataloader.DataLoader object at 0x291531790>, <torch.utils.data.dataloader.DataLoader object at 0x29152a640>, <torch.utils.data.dataloader.DataLoader object at 0x29152a910>, <torch.utils.data.dataloader.DataLoader object at 0x291535250>, <torch.utils.data.dataloader.DataLoader object at 0x2915327c0>] 11
Federated Unlearning Global Epoch  = 1
Federated Unlearning Global Epoch  = 2
Federated Unlearning Global Epoch  = 3
Federated Unlearning Global Epoch  = 4
Federated Unlearning Global Epoch  = 5
Federated Unlearning Global Epoch  = 6
Federated Unlearning Global Epoch  = 7
Federated Unlearning Global Epoch  = 8
Federated Unlearning Global Epoch  = 9
Federated Unlearning Global Epoch  = 10
Federated Unlearning Global Epoch  = 11
Federated Unlearning Global Epoch  = 12
Federated Unlearning Global Epoch  = 13
Federated Unlearning Global Epoch  = 14
Federated Unlearning Global Epoch  = 15
Federated Unlearning Global Epoch  = 16
Federated Unlearning Global Epoch  = 17
Federated Unlearning Global Epoch  = 18
Federated Unlearning Global Epoch  = 19
N [3, 1, 0, 7]
cc 0.4
ss 0.8
rouc:  0.4  rous:  0.32
IE:  {1, 3, 5, 7, 9, 11, 13, 15, 17}
tr:  5
selected_clients:      [5 9 1 4]
client_models 10
selected_clients:      [7 2 9 8]
client_models 10
selected_clients:      [9 7 8 8]
client_models 10
selected_clients:      [8 0 9 4]
client_models 10
selected_clients:      [4 4 4 7]
client_models 10
selected_clients:      [4 5 1 5]
client_models 10
selected_clients:      [4 6 5 0]
client_models 10
here
client_data_loaders:  [<torch.utils.data.dataloader.DataLoader object at 0x291535520>, <torch.utils.data.dataloader.DataLoader object at 0x291532130>, <torch.utils.data.dataloader.DataLoader object at 0x291535610>, <torch.utils.data.dataloader.DataLoader object at 0x2915a0340>, <torch.utils.data.dataloader.DataLoader object at 0x29152a550>, <torch.utils.data.dataloader.DataLoader object at 0x2915313d0>, <torch.utils.data.dataloader.DataLoader object at 0x291531790>, <torch.utils.data.dataloader.DataLoader object at 0x29152a640>, <torch.utils.data.dataloader.DataLoader object at 0x29152a910>, <torch.utils.data.dataloader.DataLoader object at 0x291535250>, <torch.utils.data.dataloader.DataLoader object at 0x2915327c0>] 11
Federated Unlearning Global Epoch  = 1
Federated Unlearning Global Epoch  = 2
Federated Unlearning Global Epoch  = 3
Federated Unlearning Global Epoch  = 4
Federated Unlearning Global Epoch  = 5
Federated Unlearning Global Epoch  = 6
Federated Unlearning Global Epoch  = 7
Federated Unlearning Global Epoch  = 8
Federated Unlearning Global Epoch  = 9
Federated Unlearning Global Epoch  = 10
Federated Unlearning Global Epoch  = 11
Federated Unlearning Global Epoch  = 12
Federated Unlearning Global Epoch  = 13
Federated Unlearning Global Epoch  = 14
Federated Unlearning Global Epoch  = 15
Federated Unlearning Global Epoch  = 16
Federated Unlearning Global Epoch  = 17
Federated Unlearning Global Epoch  = 18
Federated Unlearning Global Epoch  = 19
N [3, 1, 0, 7]
cc 0.4
ss 0.8
rouc:  0.4  rous:  0.32
IE:  {1, 3, 5, 7, 9, 11, 13, 15, 17}
tr:  5
selected_clients:      [4 9 4 6]
client_models 10
selected_clients:      [1 3 8 9]
client_models 10
selected_clients:      [4 7 5 7]
client_models 10
selected_clients:      [4 4 9 5]
client_models 10
selected_clients:      [9 2 6 4]
client_models 10
selected_clients:      [8 3 0 7]
client_models 10
selected_clients:      [4 2 3 9]
client_models 10
here
client_data_loaders:  [<torch.utils.data.dataloader.DataLoader object at 0x291535520>, <torch.utils.data.dataloader.DataLoader object at 0x291532130>, <torch.utils.data.dataloader.DataLoader object at 0x291535610>, <torch.utils.data.dataloader.DataLoader object at 0x29b2cfd00>, <torch.utils.data.dataloader.DataLoader object at 0x29152a550>, <torch.utils.data.dataloader.DataLoader object at 0x2915313d0>, <torch.utils.data.dataloader.DataLoader object at 0x291531790>, <torch.utils.data.dataloader.DataLoader object at 0x29152a640>, <torch.utils.data.dataloader.DataLoader object at 0x29152a910>, <torch.utils.data.dataloader.DataLoader object at 0x291535250>, <torch.utils.data.dataloader.DataLoader object at 0x2915327c0>] 11
Federated Unlearning Global Epoch  = 1
Federated Unlearning Global Epoch  = 2
Federated Unlearning Global Epoch  = 3
Federated Unlearning Global Epoch  = 4
Federated Unlearning Global Epoch  = 5
Federated Unlearning Global Epoch  = 6
Federated Unlearning Global Epoch  = 7
Federated Unlearning Global Epoch  = 8
Federated Unlearning Global Epoch  = 9
Federated Unlearning Global Epoch  = 10
Federated Unlearning Global Epoch  = 11
Federated Unlearning Global Epoch  = 12
Federated Unlearning Global Epoch  = 13
Federated Unlearning Global Epoch  = 14
Federated Unlearning Global Epoch  = 15
Federated Unlearning Global Epoch  = 16
Federated Unlearning Global Epoch  = 17
Federated Unlearning Global Epoch  = 18
Federated Unlearning Global Epoch  = 19
N [3, 1, 0, 7]
cc 0.4
ss 0.8
rouc:  0.4  rous:  0.32
IE:  {1, 3, 5, 7, 9, 11, 13, 15, 17}
tr:  5
selected_clients:      [3 5 8 9]
client_models 10
selected_clients:      [7 7 7 9]
client_models 10
selected_clients:      [4 2 0 2]
client_models 10
selected_clients:      [4 5 3 5]
client_models 10
selected_clients:      [3 4 7 4]
client_models 10
selected_clients:      [1 5 6 1]
client_models 10
selected_clients:      [7 4 9 0]
client_models 10
here
client_data_loaders:  [<torch.utils.data.dataloader.DataLoader object at 0x291535520>, <torch.utils.data.dataloader.DataLoader object at 0x291532130>, <torch.utils.data.dataloader.DataLoader object at 0x291535610>, <torch.utils.data.dataloader.DataLoader object at 0x29b2dac40>, <torch.utils.data.dataloader.DataLoader object at 0x29152a550>, <torch.utils.data.dataloader.DataLoader object at 0x2915313d0>, <torch.utils.data.dataloader.DataLoader object at 0x291531790>, <torch.utils.data.dataloader.DataLoader object at 0x29152a640>, <torch.utils.data.dataloader.DataLoader object at 0x29152a910>, <torch.utils.data.dataloader.DataLoader object at 0x291535250>, <torch.utils.data.dataloader.DataLoader object at 0x2915327c0>] 11
Federated Unlearning Global Epoch  = 1
Federated Unlearning Global Epoch  = 2
Federated Unlearning Global Epoch  = 3
Federated Unlearning Global Epoch  = 4
Federated Unlearning Global Epoch  = 5
Federated Unlearning Global Epoch  = 6
Federated Unlearning Global Epoch  = 7
Federated Unlearning Global Epoch  = 8
Federated Unlearning Global Epoch  = 9
Federated Unlearning Global Epoch  = 10
Federated Unlearning Global Epoch  = 11
Federated Unlearning Global Epoch  = 12
Federated Unlearning Global Epoch  = 13
Federated Unlearning Global Epoch  = 14
Federated Unlearning Global Epoch  = 15
Federated Unlearning Global Epoch  = 16
Federated Unlearning Global Epoch  = 17
Federated Unlearning Global Epoch  = 18
Federated Unlearning Global Epoch  = 19
N [3, 1, 0, 7]
cc 0.4
ss 0.8
rouc:  0.4  rous:  0.32
IE:  {1, 3, 5, 7, 9, 11, 13, 15, 17}
tr:  5
selected_clients:      [5 3 5 9]
client_models 10
selected_clients:      [7 4 2 8]
client_models 10
selected_clients:      [2 0 8 9]
client_models 10
selected_clients:      [8 6 5 5]
client_models 10
selected_clients:      [7 1 9 6]
client_models 10
selected_clients:      [6 1 3 7]
client_models 10
selected_clients:      [8 1 0 1]
client_models 10
X_u <torch.utils.data.dataloader.DataLoader object at 0x29b2dac40>
data_loader_ku <torch.utils.data.dataloader.DataLoader object at 0x29b2dac40>
here
client_data_loaders:  [<torch.utils.data.dataloader.DataLoader object at 0x291535520>, <torch.utils.data.dataloader.DataLoader object at 0x291532130>, <torch.utils.data.dataloader.DataLoader object at 0x291535610>, <torch.utils.data.dataloader.DataLoader object at 0x29b2d9df0>, <torch.utils.data.dataloader.DataLoader object at 0x29152a550>, <torch.utils.data.dataloader.DataLoader object at 0x2915313d0>, <torch.utils.data.dataloader.DataLoader object at 0x291531790>, <torch.utils.data.dataloader.DataLoader object at 0x29152a640>, <torch.utils.data.dataloader.DataLoader object at 0x29152a910>, <torch.utils.data.dataloader.DataLoader object at 0x291535250>, <torch.utils.data.dataloader.DataLoader object at 0x2915327c0>] 11
Federated Unlearning Global Epoch  = 1
Federated Unlearning Global Epoch  = 2
Federated Unlearning Global Epoch  = 3
Federated Unlearning Global Epoch  = 4
Federated Unlearning Global Epoch  = 5
Federated Unlearning Global Epoch  = 6
Federated Unlearning Global Epoch  = 7
Federated Unlearning Global Epoch  = 8
Federated Unlearning Global Epoch  = 9
Federated Unlearning Global Epoch  = 10
Federated Unlearning Global Epoch  = 11
Federated Unlearning Global Epoch  = 12
Federated Unlearning Global Epoch  = 13
Federated Unlearning Global Epoch  = 14
Federated Unlearning Global Epoch  = 15
Federated Unlearning Global Epoch  = 16
Federated Unlearning Global Epoch  = 17
Federated Unlearning Global Epoch  = 18
Federated Unlearning Global Epoch  = 19
N [3, 1, 0, 7]
cc 0.4
ss 0.8
rouc:  0.4  rous:  0.32
IE:  {1, 3, 5, 7, 9, 11, 13, 15, 17}
tr:  5
selected_clients:      [6 2 9 0]
client_models 10
selected_clients:      [2 8 9 7]
client_models 10
selected_clients:      [5 7 0 0]
client_models 10
selected_clients:      [7 1 9 1]
client_models 10
selected_clients:      [3 0 5 4]
client_models 10
selected_clients:      [0 0 4 6]
client_models 10
selected_clients:      [8 4 0 6]
client_models 10
here
client_data_loaders:  [<torch.utils.data.dataloader.DataLoader object at 0x291535520>, <torch.utils.data.dataloader.DataLoader object at 0x291532130>, <torch.utils.data.dataloader.DataLoader object at 0x291535610>, <torch.utils.data.dataloader.DataLoader object at 0x29dc3c0a0>, <torch.utils.data.dataloader.DataLoader object at 0x29152a550>, <torch.utils.data.dataloader.DataLoader object at 0x2915313d0>, <torch.utils.data.dataloader.DataLoader object at 0x291531790>, <torch.utils.data.dataloader.DataLoader object at 0x29152a640>, <torch.utils.data.dataloader.DataLoader object at 0x29152a910>, <torch.utils.data.dataloader.DataLoader object at 0x291535250>, <torch.utils.data.dataloader.DataLoader object at 0x2915327c0>] 11
Federated Unlearning Global Epoch  = 1
Federated Unlearning Global Epoch  = 2
Federated Unlearning Global Epoch  = 3
Federated Unlearning Global Epoch  = 4
Federated Unlearning Global Epoch  = 5
Federated Unlearning Global Epoch  = 6
Federated Unlearning Global Epoch  = 7
Federated Unlearning Global Epoch  = 8
Federated Unlearning Global Epoch  = 9
Federated Unlearning Global Epoch  = 10
Federated Unlearning Global Epoch  = 11
Federated Unlearning Global Epoch  = 12
Federated Unlearning Global Epoch  = 13
Federated Unlearning Global Epoch  = 14
Federated Unlearning Global Epoch  = 15
Federated Unlearning Global Epoch  = 16
Federated Unlearning Global Epoch  = 17
Federated Unlearning Global Epoch  = 18
Federated Unlearning Global Epoch  = 19
N [3, 1, 0, 7]
cc 0.4
ss 0.8
rouc:  0.4  rous:  0.32
IE:  {1, 3, 5, 7, 9, 11, 13, 15, 17}
tr:  5
selected_clients:      [2 1 5 2]
client_models 10
selected_clients:      [5 0 3 5]
client_models 10
selected_clients:      [0 7 4 2]
client_models 10
selected_clients:      [1 3 0 7]
client_models 10
selected_clients:      [5 3 3 4]
client_models 10
selected_clients:      [3 0 3 4]
client_models 10
selected_clients:      [6 5 0 0]
client_models 10
here
client_data_loaders:  [<torch.utils.data.dataloader.DataLoader object at 0x291535520>, <torch.utils.data.dataloader.DataLoader object at 0x291532130>, <torch.utils.data.dataloader.DataLoader object at 0x291535610>, <torch.utils.data.dataloader.DataLoader object at 0x29f84f460>, <torch.utils.data.dataloader.DataLoader object at 0x29152a550>, <torch.utils.data.dataloader.DataLoader object at 0x2915313d0>, <torch.utils.data.dataloader.DataLoader object at 0x291531790>, <torch.utils.data.dataloader.DataLoader object at 0x29152a640>, <torch.utils.data.dataloader.DataLoader object at 0x29152a910>, <torch.utils.data.dataloader.DataLoader object at 0x291535250>, <torch.utils.data.dataloader.DataLoader object at 0x2915327c0>] 11
Federated Unlearning Global Epoch  = 1
Federated Unlearning Global Epoch  = 2
Federated Unlearning Global Epoch  = 3
Federated Unlearning Global Epoch  = 4
Federated Unlearning Global Epoch  = 5
Federated Unlearning Global Epoch  = 6
Federated Unlearning Global Epoch  = 7
Federated Unlearning Global Epoch  = 8
Federated Unlearning Global Epoch  = 9
Federated Unlearning Global Epoch  = 10
Federated Unlearning Global Epoch  = 11
Federated Unlearning Global Epoch  = 12
Federated Unlearning Global Epoch  = 13
Federated Unlearning Global Epoch  = 14
Federated Unlearning Global Epoch  = 15
Federated Unlearning Global Epoch  = 16
Federated Unlearning Global Epoch  = 17
Federated Unlearning Global Epoch  = 18
Federated Unlearning Global Epoch  = 19
N [3, 1, 0, 7]
cc 0.4
ss 0.8
rouc:  0.4  rous:  0.32
IE:  {1, 3, 5, 7, 9, 11, 13, 15, 17}
tr:  5
selected_clients:      [0 8 5 9]
client_models 10
selected_clients:      [8 8 0 6]
client_models 10
selected_clients:      [0 3 9 9]
client_models 10
selected_clients:      [6 3 7 5]
client_models 10
selected_clients:      [5 2 0 9]
client_models 10
selected_clients:      [2 2 5 1]
client_models 10
selected_clients:      [1 1 6 5]
client_models 10
here
client_data_loaders:  [<torch.utils.data.dataloader.DataLoader object at 0x291535520>, <torch.utils.data.dataloader.DataLoader object at 0x291532130>, <torch.utils.data.dataloader.DataLoader object at 0x291535610>, <torch.utils.data.dataloader.DataLoader object at 0x29dbf5b50>, <torch.utils.data.dataloader.DataLoader object at 0x29152a550>, <torch.utils.data.dataloader.DataLoader object at 0x2915313d0>, <torch.utils.data.dataloader.DataLoader object at 0x291531790>, <torch.utils.data.dataloader.DataLoader object at 0x29152a640>, <torch.utils.data.dataloader.DataLoader object at 0x29152a910>, <torch.utils.data.dataloader.DataLoader object at 0x291535250>, <torch.utils.data.dataloader.DataLoader object at 0x2915327c0>] 11
Federated Unlearning Global Epoch  = 1
Federated Unlearning Global Epoch  = 2
Federated Unlearning Global Epoch  = 3
Federated Unlearning Global Epoch  = 4
Federated Unlearning Global Epoch  = 5
Federated Unlearning Global Epoch  = 6
Federated Unlearning Global Epoch  = 7
Federated Unlearning Global Epoch  = 8
Federated Unlearning Global Epoch  = 9
Federated Unlearning Global Epoch  = 10
Federated Unlearning Global Epoch  = 11
Federated Unlearning Global Epoch  = 12
Federated Unlearning Global Epoch  = 13
Federated Unlearning Global Epoch  = 14
Federated Unlearning Global Epoch  = 15
Federated Unlearning Global Epoch  = 16
Federated Unlearning Global Epoch  = 17
Federated Unlearning Global Epoch  = 18
Federated Unlearning Global Epoch  = 19
N [3, 1, 0, 7]
cc 0.4
ss 0.8
rouc:  0.4  rous:  0.32
IE:  {1, 3, 5, 7, 9, 11, 13, 15, 17}
tr:  5
selected_clients:      [0 3 0 7]
client_models 10
selected_clients:      [3 3 2 1]
client_models 10
selected_clients:      [0 6 9 2]
client_models 10
selected_clients:      [2 2 7 1]
client_models 10
selected_clients:      [7 3 5 5]
client_models 10
selected_clients:      [7 0 3 5]
client_models 10
selected_clients:      [6 6 7 0]
client_models 10
here
client_data_loaders:  [<torch.utils.data.dataloader.DataLoader object at 0x291535520>, <torch.utils.data.dataloader.DataLoader object at 0x291532130>, <torch.utils.data.dataloader.DataLoader object at 0x291535610>, <torch.utils.data.dataloader.DataLoader object at 0x29f976040>, <torch.utils.data.dataloader.DataLoader object at 0x29152a550>, <torch.utils.data.dataloader.DataLoader object at 0x2915313d0>, <torch.utils.data.dataloader.DataLoader object at 0x291531790>, <torch.utils.data.dataloader.DataLoader object at 0x29152a640>, <torch.utils.data.dataloader.DataLoader object at 0x29152a910>, <torch.utils.data.dataloader.DataLoader object at 0x291535250>, <torch.utils.data.dataloader.DataLoader object at 0x2915327c0>] 11
Federated Unlearning Global Epoch  = 1
Federated Unlearning Global Epoch  = 2
Federated Unlearning Global Epoch  = 3
Federated Unlearning Global Epoch  = 4
Federated Unlearning Global Epoch  = 5
Federated Unlearning Global Epoch  = 6
Federated Unlearning Global Epoch  = 7
Federated Unlearning Global Epoch  = 8
Federated Unlearning Global Epoch  = 9
Federated Unlearning Global Epoch  = 10
Federated Unlearning Global Epoch  = 11
Federated Unlearning Global Epoch  = 12
Federated Unlearning Global Epoch  = 13
Federated Unlearning Global Epoch  = 14
Federated Unlearning Global Epoch  = 15
Federated Unlearning Global Epoch  = 16
Federated Unlearning Global Epoch  = 17
Federated Unlearning Global Epoch  = 18
Federated Unlearning Global Epoch  = 19
N [3, 1, 0, 7]
cc 0.4
ss 0.8
rouc:  0.4  rous:  0.32
IE:  {1, 3, 5, 7, 9, 11, 13, 15, 17}
tr:  5
selected_clients:      [8 8 6 2]
client_models 10
selected_clients:      [5 7 4 0]
client_models 10
selected_clients:      [6 0 1 5]
client_models 10
selected_clients:      [6 9 0 0]
client_models 10
selected_clients:      [0 5 1 0]
client_models 10
selected_clients:      [6 7 8 4]
client_models 10
selected_clients:      [9 2 6 0]
client_models 10
here
client_data_loaders:  [<torch.utils.data.dataloader.DataLoader object at 0x291535520>, <torch.utils.data.dataloader.DataLoader object at 0x291532130>, <torch.utils.data.dataloader.DataLoader object at 0x291535610>, <torch.utils.data.dataloader.DataLoader object at 0x29fa54550>, <torch.utils.data.dataloader.DataLoader object at 0x29152a550>, <torch.utils.data.dataloader.DataLoader object at 0x2915313d0>, <torch.utils.data.dataloader.DataLoader object at 0x291531790>, <torch.utils.data.dataloader.DataLoader object at 0x29152a640>, <torch.utils.data.dataloader.DataLoader object at 0x29152a910>, <torch.utils.data.dataloader.DataLoader object at 0x291535250>, <torch.utils.data.dataloader.DataLoader object at 0x2915327c0>] 11
Federated Unlearning Global Epoch  = 1
Federated Unlearning Global Epoch  = 2
Federated Unlearning Global Epoch  = 3
Federated Unlearning Global Epoch  = 4
Federated Unlearning Global Epoch  = 5
Federated Unlearning Global Epoch  = 6
Federated Unlearning Global Epoch  = 7
Federated Unlearning Global Epoch  = 8
Federated Unlearning Global Epoch  = 9
Federated Unlearning Global Epoch  = 10
Federated Unlearning Global Epoch  = 11
Federated Unlearning Global Epoch  = 12
Federated Unlearning Global Epoch  = 13
Federated Unlearning Global Epoch  = 14
Federated Unlearning Global Epoch  = 15
Federated Unlearning Global Epoch  = 16
Federated Unlearning Global Epoch  = 17
Federated Unlearning Global Epoch  = 18
Federated Unlearning Global Epoch  = 19
N [3, 1, 0, 7]
cc 0.4
ss 0.8
rouc:  0.4  rous:  0.32
IE:  {1, 3, 5, 7, 9, 11, 13, 15, 17}
tr:  5
selected_clients:      [9 9 6 0]
client_models 10
selected_clients:      [2 6 6 0]
client_models 10
selected_clients:      [0 8 2 0]
client_models 10
selected_clients:      [4 8 5 0]
client_models 10
selected_clients:      [6 4 6 8]
client_models 10
selected_clients:      [4 3 8 0]
client_models 10
selected_clients:      [5 5 6 2]
client_models 10
here
client_data_loaders:  [<torch.utils.data.dataloader.DataLoader object at 0x291535520>, <torch.utils.data.dataloader.DataLoader object at 0x291532130>, <torch.utils.data.dataloader.DataLoader object at 0x291535610>, <torch.utils.data.dataloader.DataLoader object at 0x29de597f0>, <torch.utils.data.dataloader.DataLoader object at 0x29152a550>, <torch.utils.data.dataloader.DataLoader object at 0x2915313d0>, <torch.utils.data.dataloader.DataLoader object at 0x291531790>, <torch.utils.data.dataloader.DataLoader object at 0x29152a640>, <torch.utils.data.dataloader.DataLoader object at 0x29152a910>, <torch.utils.data.dataloader.DataLoader object at 0x291535250>, <torch.utils.data.dataloader.DataLoader object at 0x2915327c0>] 11
Federated Unlearning Global Epoch  = 1
Federated Unlearning Global Epoch  = 2
Federated Unlearning Global Epoch  = 3
Federated Unlearning Global Epoch  = 4
Federated Unlearning Global Epoch  = 5
Federated Unlearning Global Epoch  = 6
Federated Unlearning Global Epoch  = 7
Federated Unlearning Global Epoch  = 8
Federated Unlearning Global Epoch  = 9
Federated Unlearning Global Epoch  = 10
Federated Unlearning Global Epoch  = 11
Federated Unlearning Global Epoch  = 12
Federated Unlearning Global Epoch  = 13
Federated Unlearning Global Epoch  = 14
Federated Unlearning Global Epoch  = 15
Federated Unlearning Global Epoch  = 16
Federated Unlearning Global Epoch  = 17
Federated Unlearning Global Epoch  = 18
Federated Unlearning Global Epoch  = 19
N [3, 1, 0, 7]
cc 0.4
ss 0.8
rouc:  0.4  rous:  0.32
IE:  {1, 3, 5, 7, 9, 11, 13, 15, 17}
tr:  5
selected_clients:      [2 3 8 6]
client_models 10
selected_clients:      [3 0 2 4]
client_models 10
selected_clients:      [9 1 5 9]
client_models 10
selected_clients:      [8 8 4 3]
client_models 10
selected_clients:      [8 8 6 2]
client_models 10
selected_clients:      [2 2 2 5]
client_models 10
selected_clients:      [2 6 4 1]
client_models 10
here
client_data_loaders:  [<torch.utils.data.dataloader.DataLoader object at 0x291535520>, <torch.utils.data.dataloader.DataLoader object at 0x291532130>, <torch.utils.data.dataloader.DataLoader object at 0x291535610>, <torch.utils.data.dataloader.DataLoader object at 0x16a655910>, <torch.utils.data.dataloader.DataLoader object at 0x29152a550>, <torch.utils.data.dataloader.DataLoader object at 0x2915313d0>, <torch.utils.data.dataloader.DataLoader object at 0x291531790>, <torch.utils.data.dataloader.DataLoader object at 0x29152a640>, <torch.utils.data.dataloader.DataLoader object at 0x29152a910>, <torch.utils.data.dataloader.DataLoader object at 0x291535250>, <torch.utils.data.dataloader.DataLoader object at 0x2915327c0>] 11
Federated Unlearning Global Epoch  = 1
Federated Unlearning Global Epoch  = 2
Federated Unlearning Global Epoch  = 3
Federated Unlearning Global Epoch  = 4
Federated Unlearning Global Epoch  = 5
Federated Unlearning Global Epoch  = 6
Federated Unlearning Global Epoch  = 7
Federated Unlearning Global Epoch  = 8
Federated Unlearning Global Epoch  = 9
Federated Unlearning Global Epoch  = 10
Federated Unlearning Global Epoch  = 11
Federated Unlearning Global Epoch  = 12
Federated Unlearning Global Epoch  = 13
Federated Unlearning Global Epoch  = 14
Federated Unlearning Global Epoch  = 15
Federated Unlearning Global Epoch  = 16
Federated Unlearning Global Epoch  = 17
Federated Unlearning Global Epoch  = 18
Federated Unlearning Global Epoch  = 19
N [3, 1, 0, 7]
cc 0.4
ss 0.8
rouc:  0.4  rous:  0.32
IE:  {1, 3, 5, 7, 9, 11, 13, 15, 17}
tr:  5
selected_clients:      [2 8 4 1]
client_models 10
selected_clients:      [4 3 9 3]
client_models 10
selected_clients:      [8 0 2 4]
client_models 10
selected_clients:      [3 8 5 8]
client_models 10
selected_clients:      [7 8 7 9]
client_models 10
selected_clients:      [7 8 1 8]
client_models 10
selected_clients:      [1 0 7 6]
client_models 10
X_u <torch.utils.data.dataloader.DataLoader object at 0x16a655910>
data_loader_ku <torch.utils.data.dataloader.DataLoader object at 0x16a655910>
here
client_data_loaders:  [<torch.utils.data.dataloader.DataLoader object at 0x291535520>, <torch.utils.data.dataloader.DataLoader object at 0x291532130>, <torch.utils.data.dataloader.DataLoader object at 0x291535610>, <torch.utils.data.dataloader.DataLoader object at 0x29d946250>, <torch.utils.data.dataloader.DataLoader object at 0x29152a550>, <torch.utils.data.dataloader.DataLoader object at 0x2915313d0>, <torch.utils.data.dataloader.DataLoader object at 0x291531790>, <torch.utils.data.dataloader.DataLoader object at 0x29152a640>, <torch.utils.data.dataloader.DataLoader object at 0x29152a910>, <torch.utils.data.dataloader.DataLoader object at 0x291535250>, <torch.utils.data.dataloader.DataLoader object at 0x2915327c0>] 11
Federated Unlearning Global Epoch  = 1
Federated Unlearning Global Epoch  = 2
Federated Unlearning Global Epoch  = 3
Federated Unlearning Global Epoch  = 4
Federated Unlearning Global Epoch  = 5
Federated Unlearning Global Epoch  = 6
Federated Unlearning Global Epoch  = 7
Federated Unlearning Global Epoch  = 8
Federated Unlearning Global Epoch  = 9
Federated Unlearning Global Epoch  = 10
Federated Unlearning Global Epoch  = 11
Federated Unlearning Global Epoch  = 12
Federated Unlearning Global Epoch  = 13
Federated Unlearning Global Epoch  = 14
Federated Unlearning Global Epoch  = 15
Federated Unlearning Global Epoch  = 16
Federated Unlearning Global Epoch  = 17
Federated Unlearning Global Epoch  = 18
Federated Unlearning Global Epoch  = 19
N [3, 1, 0, 7]
cc 0.4
ss 0.8
rouc:  0.4  rous:  0.32
IE:  {1, 3, 5, 7, 9, 11, 13, 15, 17}
tr:  5
selected_clients:      [1 1 9 4]
client_models 10
selected_clients:      [7 3 9 6]
client_models 10
selected_clients:      [6 0 4 2]
client_models 10
selected_clients:      [6 4 8 2]
client_models 10
selected_clients:      [5 1 4 7]
client_models 10
selected_clients:      [0 0 5 9]
client_models 10
selected_clients:      [4 4 0 4]
client_models 10
here
client_data_loaders:  [<torch.utils.data.dataloader.DataLoader object at 0x291535520>, <torch.utils.data.dataloader.DataLoader object at 0x291532130>, <torch.utils.data.dataloader.DataLoader object at 0x291535610>, <torch.utils.data.dataloader.DataLoader object at 0x29d946c40>, <torch.utils.data.dataloader.DataLoader object at 0x29152a550>, <torch.utils.data.dataloader.DataLoader object at 0x2915313d0>, <torch.utils.data.dataloader.DataLoader object at 0x291531790>, <torch.utils.data.dataloader.DataLoader object at 0x29152a640>, <torch.utils.data.dataloader.DataLoader object at 0x29152a910>, <torch.utils.data.dataloader.DataLoader object at 0x291535250>, <torch.utils.data.dataloader.DataLoader object at 0x2915327c0>] 11
Federated Unlearning Global Epoch  = 1
Federated Unlearning Global Epoch  = 2
Federated Unlearning Global Epoch  = 3
Federated Unlearning Global Epoch  = 4
Federated Unlearning Global Epoch  = 5
Federated Unlearning Global Epoch  = 6
Federated Unlearning Global Epoch  = 7
Federated Unlearning Global Epoch  = 8
Federated Unlearning Global Epoch  = 9
Federated Unlearning Global Epoch  = 10
Federated Unlearning Global Epoch  = 11
Federated Unlearning Global Epoch  = 12
Federated Unlearning Global Epoch  = 13
Federated Unlearning Global Epoch  = 14
Federated Unlearning Global Epoch  = 15
Federated Unlearning Global Epoch  = 16
Federated Unlearning Global Epoch  = 17
Federated Unlearning Global Epoch  = 18
Federated Unlearning Global Epoch  = 19
N [3, 1, 0, 7]
cc 0.4
ss 0.8
rouc:  0.4  rous:  0.32
IE:  {1, 3, 5, 7, 9, 11, 13, 15, 17}
tr:  5
selected_clients:      [3 7 6 8]
client_models 10
selected_clients:      [8 1 6 4]
client_models 10
selected_clients:      [8 4 0 2]
client_models 10
selected_clients:      [4 7 7 5]
client_models 10
selected_clients:      [1 0 1 4]
client_models 10
selected_clients:      [5 1 7 2]
client_models 10
selected_clients:      [1 2 5 3]
client_models 10
here
client_data_loaders:  [<torch.utils.data.dataloader.DataLoader object at 0x291535520>, <torch.utils.data.dataloader.DataLoader object at 0x291532130>, <torch.utils.data.dataloader.DataLoader object at 0x291535610>, <torch.utils.data.dataloader.DataLoader object at 0x29dbf5130>, <torch.utils.data.dataloader.DataLoader object at 0x29152a550>, <torch.utils.data.dataloader.DataLoader object at 0x2915313d0>, <torch.utils.data.dataloader.DataLoader object at 0x291531790>, <torch.utils.data.dataloader.DataLoader object at 0x29152a640>, <torch.utils.data.dataloader.DataLoader object at 0x29152a910>, <torch.utils.data.dataloader.DataLoader object at 0x291535250>, <torch.utils.data.dataloader.DataLoader object at 0x2915327c0>] 11
Federated Unlearning Global Epoch  = 1
Federated Unlearning Global Epoch  = 2
Federated Unlearning Global Epoch  = 3
Federated Unlearning Global Epoch  = 4
Federated Unlearning Global Epoch  = 5
Federated Unlearning Global Epoch  = 6
Federated Unlearning Global Epoch  = 7
Federated Unlearning Global Epoch  = 8
Federated Unlearning Global Epoch  = 9
Federated Unlearning Global Epoch  = 10
Federated Unlearning Global Epoch  = 11
Federated Unlearning Global Epoch  = 12
Federated Unlearning Global Epoch  = 13
Federated Unlearning Global Epoch  = 14
Federated Unlearning Global Epoch  = 15
Federated Unlearning Global Epoch  = 16
Federated Unlearning Global Epoch  = 17
Federated Unlearning Global Epoch  = 18
Federated Unlearning Global Epoch  = 19
N [3, 1, 0, 7]
cc 0.4
ss 0.8
rouc:  0.4  rous:  0.32
IE:  {1, 3, 5, 7, 9, 11, 13, 15, 17}
tr:  5
selected_clients:      [7 8 4 8]
client_models 10
selected_clients:      [2 4 6 6]
client_models 10
selected_clients:      [2 5 0 8]
client_models 10
selected_clients:      [1 1 8 1]
client_models 10
selected_clients:      [1 0 0 2]
client_models 10
selected_clients:      [8 9 9 8]
client_models 10
selected_clients:      [3 8 2 3]
client_models 10
here
client_data_loaders:  [<torch.utils.data.dataloader.DataLoader object at 0x291535520>, <torch.utils.data.dataloader.DataLoader object at 0x291532130>, <torch.utils.data.dataloader.DataLoader object at 0x291535610>, <torch.utils.data.dataloader.DataLoader object at 0x29dec29a0>, <torch.utils.data.dataloader.DataLoader object at 0x29152a550>, <torch.utils.data.dataloader.DataLoader object at 0x2915313d0>, <torch.utils.data.dataloader.DataLoader object at 0x291531790>, <torch.utils.data.dataloader.DataLoader object at 0x29152a640>, <torch.utils.data.dataloader.DataLoader object at 0x29152a910>, <torch.utils.data.dataloader.DataLoader object at 0x291535250>, <torch.utils.data.dataloader.DataLoader object at 0x2915327c0>] 11
Federated Unlearning Global Epoch  = 1
Federated Unlearning Global Epoch  = 2
Federated Unlearning Global Epoch  = 3
Federated Unlearning Global Epoch  = 4
Federated Unlearning Global Epoch  = 5
Federated Unlearning Global Epoch  = 6
Federated Unlearning Global Epoch  = 7
Federated Unlearning Global Epoch  = 8
Federated Unlearning Global Epoch  = 9
Federated Unlearning Global Epoch  = 10
Federated Unlearning Global Epoch  = 11
Federated Unlearning Global Epoch  = 12
Federated Unlearning Global Epoch  = 13
Federated Unlearning Global Epoch  = 14
Federated Unlearning Global Epoch  = 15
Federated Unlearning Global Epoch  = 16
Federated Unlearning Global Epoch  = 17
Federated Unlearning Global Epoch  = 18
Federated Unlearning Global Epoch  = 19
N [3, 1, 0, 7]
cc 0.4
ss 0.8
rouc:  0.4  rous:  0.32
IE:  {1, 3, 5, 7, 9, 11, 13, 15, 17}
tr:  5
selected_clients:      [0 3 3 3]
client_models 10
selected_clients:      [7 2 0 1]
client_models 10
selected_clients:      [8 3 7 1]
client_models 10
selected_clients:      [1 5 3 3]
client_models 10
selected_clients:      [5 0 3 3]
client_models 10
selected_clients:      [9 4 4 2]
client_models 10
selected_clients:      [6 1 7 7]
client_models 10
here
client_data_loaders:  [<torch.utils.data.dataloader.DataLoader object at 0x291535520>, <torch.utils.data.dataloader.DataLoader object at 0x291532130>, <torch.utils.data.dataloader.DataLoader object at 0x291535610>, <torch.utils.data.dataloader.DataLoader object at 0x29dc85370>, <torch.utils.data.dataloader.DataLoader object at 0x29152a550>, <torch.utils.data.dataloader.DataLoader object at 0x2915313d0>, <torch.utils.data.dataloader.DataLoader object at 0x291531790>, <torch.utils.data.dataloader.DataLoader object at 0x29152a640>, <torch.utils.data.dataloader.DataLoader object at 0x29152a910>, <torch.utils.data.dataloader.DataLoader object at 0x291535250>, <torch.utils.data.dataloader.DataLoader object at 0x2915327c0>] 11
Federated Unlearning Global Epoch  = 1
Federated Unlearning Global Epoch  = 2
Federated Unlearning Global Epoch  = 3
Federated Unlearning Global Epoch  = 4
Federated Unlearning Global Epoch  = 5
Federated Unlearning Global Epoch  = 6
Federated Unlearning Global Epoch  = 7
Federated Unlearning Global Epoch  = 8
Federated Unlearning Global Epoch  = 9
Federated Unlearning Global Epoch  = 10
Federated Unlearning Global Epoch  = 11
Federated Unlearning Global Epoch  = 12
Federated Unlearning Global Epoch  = 13
Federated Unlearning Global Epoch  = 14
Federated Unlearning Global Epoch  = 15
Federated Unlearning Global Epoch  = 16
Federated Unlearning Global Epoch  = 17
Federated Unlearning Global Epoch  = 18
Federated Unlearning Global Epoch  = 19
N [3, 1, 0, 7]
cc 0.4
ss 0.8
rouc:  0.4  rous:  0.32
IE:  {1, 3, 5, 7, 9, 11, 13, 15, 17}
tr:  5
selected_clients:      [9 2 9 7]
client_models 10
selected_clients:      [4 4 2 4]
client_models 10
selected_clients:      [8 8 0 1]
client_models 10
selected_clients:      [4 3 2 3]
client_models 10
selected_clients:      [4 9 5 8]
client_models 10
selected_clients:      [0 0 1 3]
client_models 10
selected_clients:      [2 6 9 3]
client_models 10
here
client_data_loaders:  [<torch.utils.data.dataloader.DataLoader object at 0x291535520>, <torch.utils.data.dataloader.DataLoader object at 0x291532130>, <torch.utils.data.dataloader.DataLoader object at 0x291535610>, <torch.utils.data.dataloader.DataLoader object at 0x29db44df0>, <torch.utils.data.dataloader.DataLoader object at 0x29152a550>, <torch.utils.data.dataloader.DataLoader object at 0x2915313d0>, <torch.utils.data.dataloader.DataLoader object at 0x291531790>, <torch.utils.data.dataloader.DataLoader object at 0x29152a640>, <torch.utils.data.dataloader.DataLoader object at 0x29152a910>, <torch.utils.data.dataloader.DataLoader object at 0x291535250>, <torch.utils.data.dataloader.DataLoader object at 0x2915327c0>] 11
Federated Unlearning Global Epoch  = 1
Federated Unlearning Global Epoch  = 2
Federated Unlearning Global Epoch  = 3
Federated Unlearning Global Epoch  = 4
Federated Unlearning Global Epoch  = 5
Federated Unlearning Global Epoch  = 6
Federated Unlearning Global Epoch  = 7
Federated Unlearning Global Epoch  = 8
Federated Unlearning Global Epoch  = 9
Federated Unlearning Global Epoch  = 10
Federated Unlearning Global Epoch  = 11
Federated Unlearning Global Epoch  = 12
Federated Unlearning Global Epoch  = 13
Federated Unlearning Global Epoch  = 14
Federated Unlearning Global Epoch  = 15
Federated Unlearning Global Epoch  = 16
Federated Unlearning Global Epoch  = 17
Federated Unlearning Global Epoch  = 18
Federated Unlearning Global Epoch  = 19
N [3, 1, 0, 7]
cc 0.4
ss 0.8
rouc:  0.4  rous:  0.32
IE:  {1, 3, 5, 7, 9, 11, 13, 15, 17}
tr:  5
selected_clients:      [4 6 9 7]
client_models 10
selected_clients:      [7 7 2 7]
client_models 10
selected_clients:      [7 4 6 3]
client_models 10
selected_clients:      [4 1 5 3]
client_models 10
selected_clients:      [3 6 8 7]
client_models 10
selected_clients:      [0 1 0 3]
client_models 10
selected_clients:      [6 5 1 1]
client_models 10
here
client_data_loaders:  [<torch.utils.data.dataloader.DataLoader object at 0x291535520>, <torch.utils.data.dataloader.DataLoader object at 0x291532130>, <torch.utils.data.dataloader.DataLoader object at 0x291535610>, <torch.utils.data.dataloader.DataLoader object at 0x29d8fdc10>, <torch.utils.data.dataloader.DataLoader object at 0x29152a550>, <torch.utils.data.dataloader.DataLoader object at 0x2915313d0>, <torch.utils.data.dataloader.DataLoader object at 0x291531790>, <torch.utils.data.dataloader.DataLoader object at 0x29152a640>, <torch.utils.data.dataloader.DataLoader object at 0x29152a910>, <torch.utils.data.dataloader.DataLoader object at 0x291535250>, <torch.utils.data.dataloader.DataLoader object at 0x2915327c0>] 11
Federated Unlearning Global Epoch  = 1
Federated Unlearning Global Epoch  = 2
Federated Unlearning Global Epoch  = 3
Federated Unlearning Global Epoch  = 4
Federated Unlearning Global Epoch  = 5
Federated Unlearning Global Epoch  = 6
Federated Unlearning Global Epoch  = 7
Federated Unlearning Global Epoch  = 8
Federated Unlearning Global Epoch  = 9
Federated Unlearning Global Epoch  = 10
Federated Unlearning Global Epoch  = 11
Federated Unlearning Global Epoch  = 12
Federated Unlearning Global Epoch  = 13
Federated Unlearning Global Epoch  = 14
Federated Unlearning Global Epoch  = 15
Federated Unlearning Global Epoch  = 16
Federated Unlearning Global Epoch  = 17
Federated Unlearning Global Epoch  = 18
Federated Unlearning Global Epoch  = 19
N [3, 1, 0, 7]
cc 0.4
ss 0.8
rouc:  0.4  rous:  0.32
IE:  {1, 3, 5, 7, 9, 11, 13, 15, 17}
tr:  5
selected_clients:      [0 1 7 3]
client_models 10
selected_clients:      [7 1 7 4]
client_models 10
selected_clients:      [1 7 0 0]
client_models 10
selected_clients:      [8 6 9 0]
client_models 10
selected_clients:      [6 3 4 5]
client_models 10
selected_clients:      [4 1 9 2]
client_models 10
selected_clients:      [0 3 3 2]
client_models 10
here
client_data_loaders:  [<torch.utils.data.dataloader.DataLoader object at 0x291535520>, <torch.utils.data.dataloader.DataLoader object at 0x291532130>, <torch.utils.data.dataloader.DataLoader object at 0x291535610>, <torch.utils.data.dataloader.DataLoader object at 0x29de7b9d0>, <torch.utils.data.dataloader.DataLoader object at 0x29152a550>, <torch.utils.data.dataloader.DataLoader object at 0x2915313d0>, <torch.utils.data.dataloader.DataLoader object at 0x291531790>, <torch.utils.data.dataloader.DataLoader object at 0x29152a640>, <torch.utils.data.dataloader.DataLoader object at 0x29152a910>, <torch.utils.data.dataloader.DataLoader object at 0x291535250>, <torch.utils.data.dataloader.DataLoader object at 0x2915327c0>] 11
Federated Unlearning Global Epoch  = 1
Federated Unlearning Global Epoch  = 2
Federated Unlearning Global Epoch  = 3
Federated Unlearning Global Epoch  = 4
Federated Unlearning Global Epoch  = 5
Federated Unlearning Global Epoch  = 6
Federated Unlearning Global Epoch  = 7
Federated Unlearning Global Epoch  = 8
Federated Unlearning Global Epoch  = 9
Federated Unlearning Global Epoch  = 10
Federated Unlearning Global Epoch  = 11
Federated Unlearning Global Epoch  = 12
Federated Unlearning Global Epoch  = 13
Federated Unlearning Global Epoch  = 14
Federated Unlearning Global Epoch  = 15
Federated Unlearning Global Epoch  = 16
Federated Unlearning Global Epoch  = 17
Federated Unlearning Global Epoch  = 18
Federated Unlearning Global Epoch  = 19
N [3, 1, 0, 7]
cc 0.4
ss 0.8
rouc:  0.4  rous:  0.32
IE:  {1, 3, 5, 7, 9, 11, 13, 15, 17}
tr:  5
selected_clients:      [5 4 4 0]
client_models 10
selected_clients:      [1 7 6 0]
client_models 10
selected_clients:      [0 2 2 6]
client_models 10
selected_clients:      [8 3 0 6]
client_models 10
selected_clients:      [1 5 3 5]
client_models 10
selected_clients:      [1 0 2 5]
client_models 10
selected_clients:      [7 9 4 2]
client_models 10
X_u <torch.utils.data.dataloader.DataLoader object at 0x29de7b9d0>
data_loader_ku <torch.utils.data.dataloader.DataLoader object at 0x29de7b9d0>
here
client_data_loaders:  [<torch.utils.data.dataloader.DataLoader object at 0x291535520>, <torch.utils.data.dataloader.DataLoader object at 0x291532130>, <torch.utils.data.dataloader.DataLoader object at 0x291535610>, <torch.utils.data.dataloader.DataLoader object at 0x29f84f3a0>, <torch.utils.data.dataloader.DataLoader object at 0x29152a550>, <torch.utils.data.dataloader.DataLoader object at 0x2915313d0>, <torch.utils.data.dataloader.DataLoader object at 0x291531790>, <torch.utils.data.dataloader.DataLoader object at 0x29152a640>, <torch.utils.data.dataloader.DataLoader object at 0x29152a910>, <torch.utils.data.dataloader.DataLoader object at 0x291535250>, <torch.utils.data.dataloader.DataLoader object at 0x2915327c0>] 11
Federated Unlearning Global Epoch  = 1
Federated Unlearning Global Epoch  = 2
Federated Unlearning Global Epoch  = 3
Federated Unlearning Global Epoch  = 4
Federated Unlearning Global Epoch  = 5
Federated Unlearning Global Epoch  = 6
Federated Unlearning Global Epoch  = 7
Federated Unlearning Global Epoch  = 8
Federated Unlearning Global Epoch  = 9
Federated Unlearning Global Epoch  = 10
Federated Unlearning Global Epoch  = 11
Federated Unlearning Global Epoch  = 12
Federated Unlearning Global Epoch  = 13
Federated Unlearning Global Epoch  = 14
Federated Unlearning Global Epoch  = 15
Federated Unlearning Global Epoch  = 16
Federated Unlearning Global Epoch  = 17
Federated Unlearning Global Epoch  = 18
Federated Unlearning Global Epoch  = 19
N [3, 1, 0, 7]
cc 0.4
ss 0.8
rouc:  0.4  rous:  0.32
IE:  {1, 3, 5, 7, 9, 11, 13, 15, 17}
tr:  5
selected_clients:      [5 5 4 5]
client_models 10
selected_clients:      [3 9 0 8]
client_models 10
selected_clients:      [5 6 9 9]
client_models 10
selected_clients:      [3 5 3 1]
client_models 10
selected_clients:      [6 4 0 1]
client_models 10
selected_clients:      [6 6 1 2]
client_models 10
selected_clients:      [3 7 2 4]
client_models 10
here
client_data_loaders:  [<torch.utils.data.dataloader.DataLoader object at 0x291535520>, <torch.utils.data.dataloader.DataLoader object at 0x291532130>, <torch.utils.data.dataloader.DataLoader object at 0x291535610>, <torch.utils.data.dataloader.DataLoader object at 0x29b2da580>, <torch.utils.data.dataloader.DataLoader object at 0x29152a550>, <torch.utils.data.dataloader.DataLoader object at 0x2915313d0>, <torch.utils.data.dataloader.DataLoader object at 0x291531790>, <torch.utils.data.dataloader.DataLoader object at 0x29152a640>, <torch.utils.data.dataloader.DataLoader object at 0x29152a910>, <torch.utils.data.dataloader.DataLoader object at 0x291535250>, <torch.utils.data.dataloader.DataLoader object at 0x2915327c0>] 11
Federated Unlearning Global Epoch  = 1
Federated Unlearning Global Epoch  = 2
Federated Unlearning Global Epoch  = 3
Federated Unlearning Global Epoch  = 4
Federated Unlearning Global Epoch  = 5
Federated Unlearning Global Epoch  = 6
Federated Unlearning Global Epoch  = 7
Federated Unlearning Global Epoch  = 8
Federated Unlearning Global Epoch  = 9
Federated Unlearning Global Epoch  = 10
Federated Unlearning Global Epoch  = 11
Federated Unlearning Global Epoch  = 12
Federated Unlearning Global Epoch  = 13
Federated Unlearning Global Epoch  = 14
Federated Unlearning Global Epoch  = 15
Federated Unlearning Global Epoch  = 16
Federated Unlearning Global Epoch  = 17
Federated Unlearning Global Epoch  = 18
Federated Unlearning Global Epoch  = 19
N [3, 1, 0, 7]
cc 0.4
ss 0.8
rouc:  0.4  rous:  0.32
IE:  {1, 3, 5, 7, 9, 11, 13, 15, 17}
tr:  5
selected_clients:      [8 4 4 4]
client_models 10
selected_clients:      [3 6 3 7]
client_models 10
selected_clients:      [6 6 2 0]
client_models 10
selected_clients:      [3 9 1 1]
client_models 10
selected_clients:      [2 6 2 6]
client_models 10
selected_clients:      [3 5 2 7]
client_models 10
selected_clients:      [5 1 3 9]
client_models 10
here
client_data_loaders:  [<torch.utils.data.dataloader.DataLoader object at 0x291535520>, <torch.utils.data.dataloader.DataLoader object at 0x291532130>, <torch.utils.data.dataloader.DataLoader object at 0x291535610>, <torch.utils.data.dataloader.DataLoader object at 0x29db449d0>, <torch.utils.data.dataloader.DataLoader object at 0x29152a550>, <torch.utils.data.dataloader.DataLoader object at 0x2915313d0>, <torch.utils.data.dataloader.DataLoader object at 0x291531790>, <torch.utils.data.dataloader.DataLoader object at 0x29152a640>, <torch.utils.data.dataloader.DataLoader object at 0x29152a910>, <torch.utils.data.dataloader.DataLoader object at 0x291535250>, <torch.utils.data.dataloader.DataLoader object at 0x2915327c0>] 11
Federated Unlearning Global Epoch  = 1
Federated Unlearning Global Epoch  = 2
Federated Unlearning Global Epoch  = 3
Federated Unlearning Global Epoch  = 4
Federated Unlearning Global Epoch  = 5
Federated Unlearning Global Epoch  = 6
Federated Unlearning Global Epoch  = 7
Federated Unlearning Global Epoch  = 8
Federated Unlearning Global Epoch  = 9
Federated Unlearning Global Epoch  = 10
Federated Unlearning Global Epoch  = 11
Federated Unlearning Global Epoch  = 12
Federated Unlearning Global Epoch  = 13
Federated Unlearning Global Epoch  = 14
Federated Unlearning Global Epoch  = 15
Federated Unlearning Global Epoch  = 16
Federated Unlearning Global Epoch  = 17
Federated Unlearning Global Epoch  = 18
Federated Unlearning Global Epoch  = 19
N [3, 1, 0, 7]
cc 0.4
ss 0.8
rouc:  0.4  rous:  0.32
IE:  {1, 3, 5, 7, 9, 11, 13, 15, 17}
tr:  5
selected_clients:      [9 9 6 0]
client_models 10
selected_clients:      [9 6 6 4]
client_models 10
selected_clients:      [4 7 9 3]
client_models 10
selected_clients:      [7 6 0 3]
client_models 10
selected_clients:      [9 1 4 4]
client_models 10
selected_clients:      [5 8 7 0]
client_models 10
selected_clients:      [9 8 3 1]
client_models 10
here
client_data_loaders:  [<torch.utils.data.dataloader.DataLoader object at 0x291535520>, <torch.utils.data.dataloader.DataLoader object at 0x291532130>, <torch.utils.data.dataloader.DataLoader object at 0x291535610>, <torch.utils.data.dataloader.DataLoader object at 0x29ef3c220>, <torch.utils.data.dataloader.DataLoader object at 0x29152a550>, <torch.utils.data.dataloader.DataLoader object at 0x2915313d0>, <torch.utils.data.dataloader.DataLoader object at 0x291531790>, <torch.utils.data.dataloader.DataLoader object at 0x29152a640>, <torch.utils.data.dataloader.DataLoader object at 0x29152a910>, <torch.utils.data.dataloader.DataLoader object at 0x291535250>, <torch.utils.data.dataloader.DataLoader object at 0x2915327c0>] 11
Federated Unlearning Global Epoch  = 1
Federated Unlearning Global Epoch  = 2
Federated Unlearning Global Epoch  = 3
Federated Unlearning Global Epoch  = 4
Federated Unlearning Global Epoch  = 5
Federated Unlearning Global Epoch  = 6
Federated Unlearning Global Epoch  = 7
Federated Unlearning Global Epoch  = 8
Federated Unlearning Global Epoch  = 9
Federated Unlearning Global Epoch  = 10
Federated Unlearning Global Epoch  = 11
Federated Unlearning Global Epoch  = 12
Federated Unlearning Global Epoch  = 13
Federated Unlearning Global Epoch  = 14
Federated Unlearning Global Epoch  = 15
Federated Unlearning Global Epoch  = 16
Federated Unlearning Global Epoch  = 17
Federated Unlearning Global Epoch  = 18
Federated Unlearning Global Epoch  = 19
N [3, 1, 0, 7]
cc 0.4
ss 0.8
rouc:  0.4  rous:  0.32
IE:  {1, 3, 5, 7, 9, 11, 13, 15, 17}
tr:  5
selected_clients:      [4 6 6 8]
client_models 10
selected_clients:      [1 7 2 6]
client_models 10
selected_clients:      [8 1 5 3]
client_models 10
selected_clients:      [3 1 2 9]
client_models 10
selected_clients:      [2 2 4 8]
client_models 10
selected_clients:      [4 9 0 7]
client_models 10
selected_clients:      [9 6 9 5]
client_models 10
here
client_data_loaders:  [<torch.utils.data.dataloader.DataLoader object at 0x291535520>, <torch.utils.data.dataloader.DataLoader object at 0x291532130>, <torch.utils.data.dataloader.DataLoader object at 0x291535610>, <torch.utils.data.dataloader.DataLoader object at 0x29dca71f0>, <torch.utils.data.dataloader.DataLoader object at 0x29152a550>, <torch.utils.data.dataloader.DataLoader object at 0x2915313d0>, <torch.utils.data.dataloader.DataLoader object at 0x291531790>, <torch.utils.data.dataloader.DataLoader object at 0x29152a640>, <torch.utils.data.dataloader.DataLoader object at 0x29152a910>, <torch.utils.data.dataloader.DataLoader object at 0x291535250>, <torch.utils.data.dataloader.DataLoader object at 0x2915327c0>] 11
Federated Unlearning Global Epoch  = 1
Federated Unlearning Global Epoch  = 2
Federated Unlearning Global Epoch  = 3
Federated Unlearning Global Epoch  = 4
Federated Unlearning Global Epoch  = 5
Federated Unlearning Global Epoch  = 6
Federated Unlearning Global Epoch  = 7
Federated Unlearning Global Epoch  = 8
Federated Unlearning Global Epoch  = 9
Federated Unlearning Global Epoch  = 10
Federated Unlearning Global Epoch  = 11
Federated Unlearning Global Epoch  = 12
Federated Unlearning Global Epoch  = 13
Federated Unlearning Global Epoch  = 14
Federated Unlearning Global Epoch  = 15
Federated Unlearning Global Epoch  = 16
Federated Unlearning Global Epoch  = 17
Federated Unlearning Global Epoch  = 18
Federated Unlearning Global Epoch  = 19
N [3, 1, 0, 7]
cc 0.4
ss 0.8
rouc:  0.4  rous:  0.32
IE:  {1, 3, 5, 7, 9, 11, 13, 15, 17}
tr:  5
selected_clients:      [1 3 8 9]
client_models 10
selected_clients:      [2 9 5 9]
client_models 10
selected_clients:      [5 4 5 1]
client_models 10
selected_clients:      [9 1 1 0]
client_models 10
selected_clients:      [8 2 2 4]
client_models 10
selected_clients:      [5 1 6 6]
client_models 10
selected_clients:      [1 3 0 1]
client_models 10
here
client_data_loaders:  [<torch.utils.data.dataloader.DataLoader object at 0x291535520>, <torch.utils.data.dataloader.DataLoader object at 0x291532130>, <torch.utils.data.dataloader.DataLoader object at 0x291535610>, <torch.utils.data.dataloader.DataLoader object at 0x29b2c6970>, <torch.utils.data.dataloader.DataLoader object at 0x29152a550>, <torch.utils.data.dataloader.DataLoader object at 0x2915313d0>, <torch.utils.data.dataloader.DataLoader object at 0x291531790>, <torch.utils.data.dataloader.DataLoader object at 0x29152a640>, <torch.utils.data.dataloader.DataLoader object at 0x29152a910>, <torch.utils.data.dataloader.DataLoader object at 0x291535250>, <torch.utils.data.dataloader.DataLoader object at 0x2915327c0>] 11
Federated Unlearning Global Epoch  = 1
Federated Unlearning Global Epoch  = 2
Federated Unlearning Global Epoch  = 3
Federated Unlearning Global Epoch  = 4
Federated Unlearning Global Epoch  = 5
Federated Unlearning Global Epoch  = 6
Federated Unlearning Global Epoch  = 7
Federated Unlearning Global Epoch  = 8
Federated Unlearning Global Epoch  = 9
Federated Unlearning Global Epoch  = 10
Federated Unlearning Global Epoch  = 11
Federated Unlearning Global Epoch  = 12
Federated Unlearning Global Epoch  = 13
Federated Unlearning Global Epoch  = 14
Federated Unlearning Global Epoch  = 15
Federated Unlearning Global Epoch  = 16
Federated Unlearning Global Epoch  = 17
Federated Unlearning Global Epoch  = 18
Federated Unlearning Global Epoch  = 19
N [3, 1, 0, 7]
cc 0.4
ss 0.8
rouc:  0.4  rous:  0.32
IE:  {1, 3, 5, 7, 9, 11, 13, 15, 17}
tr:  5
selected_clients:      [0 8 0 7]
client_models 10
selected_clients:      [5 1 4 6]
client_models 10
selected_clients:      [0 6 9 3]
client_models 10
selected_clients:      [0 6 1 2]
client_models 10
selected_clients:      [0 9 3 1]
client_models 10
selected_clients:      [9 9 1 7]
client_models 10
selected_clients:      [2 5 1 5]
client_models 10
here
client_data_loaders:  [<torch.utils.data.dataloader.DataLoader object at 0x291535520>, <torch.utils.data.dataloader.DataLoader object at 0x291532130>, <torch.utils.data.dataloader.DataLoader object at 0x291535610>, <torch.utils.data.dataloader.DataLoader object at 0x29b2f1490>, <torch.utils.data.dataloader.DataLoader object at 0x29152a550>, <torch.utils.data.dataloader.DataLoader object at 0x2915313d0>, <torch.utils.data.dataloader.DataLoader object at 0x291531790>, <torch.utils.data.dataloader.DataLoader object at 0x29152a640>, <torch.utils.data.dataloader.DataLoader object at 0x29152a910>, <torch.utils.data.dataloader.DataLoader object at 0x291535250>, <torch.utils.data.dataloader.DataLoader object at 0x2915327c0>] 11
Federated Unlearning Global Epoch  = 1
Federated Unlearning Global Epoch  = 2
Federated Unlearning Global Epoch  = 3
Federated Unlearning Global Epoch  = 4
Federated Unlearning Global Epoch  = 5
Federated Unlearning Global Epoch  = 6
Federated Unlearning Global Epoch  = 7
Federated Unlearning Global Epoch  = 8
Federated Unlearning Global Epoch  = 9
Federated Unlearning Global Epoch  = 10
Federated Unlearning Global Epoch  = 11
Federated Unlearning Global Epoch  = 12
Federated Unlearning Global Epoch  = 13
Federated Unlearning Global Epoch  = 14
Federated Unlearning Global Epoch  = 15
Federated Unlearning Global Epoch  = 16
Federated Unlearning Global Epoch  = 17
Federated Unlearning Global Epoch  = 18
Federated Unlearning Global Epoch  = 19
N [3, 1, 0, 7]
cc 0.4
ss 0.8
rouc:  0.4  rous:  0.32
IE:  {1, 3, 5, 7, 9, 11, 13, 15, 17}
tr:  5
selected_clients:      [1 6 8 0]
client_models 10
selected_clients:      [2 2 4 2]
client_models 10
selected_clients:      [1 8 2 1]
client_models 10
selected_clients:      [9 6 0 8]
client_models 10
selected_clients:      [9 3 6 2]
client_models 10
selected_clients:      [0 7 8 8]
client_models 10
selected_clients:      [3 7 9 3]
client_models 10
here
client_data_loaders:  [<torch.utils.data.dataloader.DataLoader object at 0x291535520>, <torch.utils.data.dataloader.DataLoader object at 0x291532130>, <torch.utils.data.dataloader.DataLoader object at 0x291535610>, <torch.utils.data.dataloader.DataLoader object at 0x16a655910>, <torch.utils.data.dataloader.DataLoader object at 0x29152a550>, <torch.utils.data.dataloader.DataLoader object at 0x2915313d0>, <torch.utils.data.dataloader.DataLoader object at 0x291531790>, <torch.utils.data.dataloader.DataLoader object at 0x29152a640>, <torch.utils.data.dataloader.DataLoader object at 0x29152a910>, <torch.utils.data.dataloader.DataLoader object at 0x291535250>, <torch.utils.data.dataloader.DataLoader object at 0x2915327c0>] 11
Federated Unlearning Global Epoch  = 1
Federated Unlearning Global Epoch  = 2
Federated Unlearning Global Epoch  = 3
Federated Unlearning Global Epoch  = 4
Federated Unlearning Global Epoch  = 5
Federated Unlearning Global Epoch  = 6
Federated Unlearning Global Epoch  = 7
Federated Unlearning Global Epoch  = 8
Federated Unlearning Global Epoch  = 9
Federated Unlearning Global Epoch  = 10
Federated Unlearning Global Epoch  = 11
Federated Unlearning Global Epoch  = 12
Federated Unlearning Global Epoch  = 13
Federated Unlearning Global Epoch  = 14
Federated Unlearning Global Epoch  = 15
Federated Unlearning Global Epoch  = 16
Federated Unlearning Global Epoch  = 17
Federated Unlearning Global Epoch  = 18
Federated Unlearning Global Epoch  = 19
N [3, 1, 0, 7]
cc 0.4
ss 0.8
rouc:  0.4  rous:  0.32
IE:  {1, 3, 5, 7, 9, 11, 13, 15, 17}
tr:  5
selected_clients:      [9 0 7 1]
client_models 10
selected_clients:      [2 6 7 9]
client_models 10
selected_clients:      [0 5 9 6]
client_models 10
selected_clients:      [0 6 9 3]
client_models 10
selected_clients:      [0 3 1 6]
client_models 10
selected_clients:      [1 8 3 7]
client_models 10
selected_clients:      [0 5 0 6]
client_models 10
X_u <torch.utils.data.dataloader.DataLoader object at 0x16a655910>
data_loader_ku <torch.utils.data.dataloader.DataLoader object at 0x16a655910>
here
client_data_loaders:  [<torch.utils.data.dataloader.DataLoader object at 0x291535520>, <torch.utils.data.dataloader.DataLoader object at 0x291532130>, <torch.utils.data.dataloader.DataLoader object at 0x291535610>, <torch.utils.data.dataloader.DataLoader object at 0x29d968df0>, <torch.utils.data.dataloader.DataLoader object at 0x29152a550>, <torch.utils.data.dataloader.DataLoader object at 0x2915313d0>, <torch.utils.data.dataloader.DataLoader object at 0x291531790>, <torch.utils.data.dataloader.DataLoader object at 0x29152a640>, <torch.utils.data.dataloader.DataLoader object at 0x29152a910>, <torch.utils.data.dataloader.DataLoader object at 0x291535250>, <torch.utils.data.dataloader.DataLoader object at 0x2915327c0>] 11
Federated Unlearning Global Epoch  = 1
Federated Unlearning Global Epoch  = 2
Federated Unlearning Global Epoch  = 3
Federated Unlearning Global Epoch  = 4
Federated Unlearning Global Epoch  = 5
Federated Unlearning Global Epoch  = 6
Federated Unlearning Global Epoch  = 7
Federated Unlearning Global Epoch  = 8
Federated Unlearning Global Epoch  = 9
Federated Unlearning Global Epoch  = 10
Federated Unlearning Global Epoch  = 11
Federated Unlearning Global Epoch  = 12
Federated Unlearning Global Epoch  = 13
Federated Unlearning Global Epoch  = 14
Federated Unlearning Global Epoch  = 15
Federated Unlearning Global Epoch  = 16
Federated Unlearning Global Epoch  = 17
Federated Unlearning Global Epoch  = 18
Federated Unlearning Global Epoch  = 19
N [3, 1, 0, 7]
cc 0.4
ss 0.8
rouc:  0.4  rous:  0.32
IE:  {1, 3, 5, 7, 9, 11, 13, 15, 17}
tr:  5
selected_clients:      [3 1 1 2]
client_models 10
selected_clients:      [5 1 4 6]
client_models 10
selected_clients:      [5 0 2 8]
client_models 10
selected_clients:      [8 4 8 9]
client_models 10
selected_clients:      [0 4 7 0]
client_models 10
selected_clients:      [0 8 7 1]
client_models 10
selected_clients:      [1 1 2 6]
client_models 10
here
client_data_loaders:  [<torch.utils.data.dataloader.DataLoader object at 0x291535520>, <torch.utils.data.dataloader.DataLoader object at 0x291532130>, <torch.utils.data.dataloader.DataLoader object at 0x291535610>, <torch.utils.data.dataloader.DataLoader object at 0x29d9460d0>, <torch.utils.data.dataloader.DataLoader object at 0x29152a550>, <torch.utils.data.dataloader.DataLoader object at 0x2915313d0>, <torch.utils.data.dataloader.DataLoader object at 0x291531790>, <torch.utils.data.dataloader.DataLoader object at 0x29152a640>, <torch.utils.data.dataloader.DataLoader object at 0x29152a910>, <torch.utils.data.dataloader.DataLoader object at 0x291535250>, <torch.utils.data.dataloader.DataLoader object at 0x2915327c0>] 11
Federated Unlearning Global Epoch  = 1
Federated Unlearning Global Epoch  = 2
Federated Unlearning Global Epoch  = 3
Federated Unlearning Global Epoch  = 4
Federated Unlearning Global Epoch  = 5
Federated Unlearning Global Epoch  = 6
Federated Unlearning Global Epoch  = 7
Federated Unlearning Global Epoch  = 8
Federated Unlearning Global Epoch  = 9
Federated Unlearning Global Epoch  = 10
Federated Unlearning Global Epoch  = 11
Federated Unlearning Global Epoch  = 12
Federated Unlearning Global Epoch  = 13
Federated Unlearning Global Epoch  = 14
Federated Unlearning Global Epoch  = 15
Federated Unlearning Global Epoch  = 16
Federated Unlearning Global Epoch  = 17
Federated Unlearning Global Epoch  = 18
Federated Unlearning Global Epoch  = 19
N [3, 1, 0, 7]
cc 0.4
ss 0.8
rouc:  0.4  rous:  0.32
IE:  {1, 3, 5, 7, 9, 11, 13, 15, 17}
tr:  5
selected_clients:      [7 5 3 1]
client_models 10
selected_clients:      [1 2 2 9]
client_models 10
selected_clients:      [5 4 3 5]
client_models 10
selected_clients:      [5 4 2 3]
client_models 10
selected_clients:      [4 7 6 7]
client_models 10
selected_clients:      [7 7 5 0]
client_models 10
selected_clients:      [8 8 1 8]
client_models 10
here
client_data_loaders:  [<torch.utils.data.dataloader.DataLoader object at 0x291535520>, <torch.utils.data.dataloader.DataLoader object at 0x291532130>, <torch.utils.data.dataloader.DataLoader object at 0x291535610>, <torch.utils.data.dataloader.DataLoader object at 0x29df2dfd0>, <torch.utils.data.dataloader.DataLoader object at 0x29152a550>, <torch.utils.data.dataloader.DataLoader object at 0x2915313d0>, <torch.utils.data.dataloader.DataLoader object at 0x291531790>, <torch.utils.data.dataloader.DataLoader object at 0x29152a640>, <torch.utils.data.dataloader.DataLoader object at 0x29152a910>, <torch.utils.data.dataloader.DataLoader object at 0x291535250>, <torch.utils.data.dataloader.DataLoader object at 0x2915327c0>] 11
Federated Unlearning Global Epoch  = 1
Federated Unlearning Global Epoch  = 2
Federated Unlearning Global Epoch  = 3
Federated Unlearning Global Epoch  = 4
Federated Unlearning Global Epoch  = 5
Federated Unlearning Global Epoch  = 6
Federated Unlearning Global Epoch  = 7
Federated Unlearning Global Epoch  = 8
Federated Unlearning Global Epoch  = 9
Federated Unlearning Global Epoch  = 10
Federated Unlearning Global Epoch  = 11
Federated Unlearning Global Epoch  = 12
Federated Unlearning Global Epoch  = 13
Federated Unlearning Global Epoch  = 14
Federated Unlearning Global Epoch  = 15
Federated Unlearning Global Epoch  = 16
Federated Unlearning Global Epoch  = 17
Federated Unlearning Global Epoch  = 18
Federated Unlearning Global Epoch  = 19
N [3, 1, 0, 7]
cc 0.4
ss 0.8
rouc:  0.4  rous:  0.32
IE:  {1, 3, 5, 7, 9, 11, 13, 15, 17}
tr:  5
selected_clients:      [8 7 7 2]
client_models 10
selected_clients:      [7 1 0 3]
client_models 10
selected_clients:      [0 5 6 8]
client_models 10
selected_clients:      [0 1 2 6]
client_models 10
selected_clients:      [5 9 3 0]
client_models 10
selected_clients:      [6 0 4 8]
client_models 10
selected_clients:      [8 7 2 0]
client_models 10
here
client_data_loaders:  [<torch.utils.data.dataloader.DataLoader object at 0x291535520>, <torch.utils.data.dataloader.DataLoader object at 0x291532130>, <torch.utils.data.dataloader.DataLoader object at 0x291535610>, <torch.utils.data.dataloader.DataLoader object at 0x29dcef1f0>, <torch.utils.data.dataloader.DataLoader object at 0x29152a550>, <torch.utils.data.dataloader.DataLoader object at 0x2915313d0>, <torch.utils.data.dataloader.DataLoader object at 0x291531790>, <torch.utils.data.dataloader.DataLoader object at 0x29152a640>, <torch.utils.data.dataloader.DataLoader object at 0x29152a910>, <torch.utils.data.dataloader.DataLoader object at 0x291535250>, <torch.utils.data.dataloader.DataLoader object at 0x2915327c0>] 11
Federated Unlearning Global Epoch  = 1
Federated Unlearning Global Epoch  = 2
Federated Unlearning Global Epoch  = 3
Federated Unlearning Global Epoch  = 4
Federated Unlearning Global Epoch  = 5
Federated Unlearning Global Epoch  = 6
Federated Unlearning Global Epoch  = 7
Federated Unlearning Global Epoch  = 8
Federated Unlearning Global Epoch  = 9
Federated Unlearning Global Epoch  = 10
Federated Unlearning Global Epoch  = 11
Federated Unlearning Global Epoch  = 12
Federated Unlearning Global Epoch  = 13
Federated Unlearning Global Epoch  = 14
Federated Unlearning Global Epoch  = 15
Federated Unlearning Global Epoch  = 16
Federated Unlearning Global Epoch  = 17
Federated Unlearning Global Epoch  = 18
Federated Unlearning Global Epoch  = 19
N [3, 1, 0, 7]
cc 0.4
ss 0.8
rouc:  0.4  rous:  0.32
IE:  {1, 3, 5, 7, 9, 11, 13, 15, 17}
tr:  5
selected_clients:      [8 3 5 8]
client_models 10
selected_clients:      [6 6 6 7]
client_models 10
selected_clients:      [1 6 8 2]
client_models 10
selected_clients:      [3 8 4 1]
client_models 10
selected_clients:      [7 9 6 2]
client_models 10
selected_clients:      [2 9 8 7]
client_models 10
selected_clients:      [6 9 9 5]
client_models 10
here
client_data_loaders:  [<torch.utils.data.dataloader.DataLoader object at 0x291535520>, <torch.utils.data.dataloader.DataLoader object at 0x291532130>, <torch.utils.data.dataloader.DataLoader object at 0x291535610>, <torch.utils.data.dataloader.DataLoader object at 0x29ff5fa00>, <torch.utils.data.dataloader.DataLoader object at 0x29152a550>, <torch.utils.data.dataloader.DataLoader object at 0x2915313d0>, <torch.utils.data.dataloader.DataLoader object at 0x291531790>, <torch.utils.data.dataloader.DataLoader object at 0x29152a640>, <torch.utils.data.dataloader.DataLoader object at 0x29152a910>, <torch.utils.data.dataloader.DataLoader object at 0x291535250>, <torch.utils.data.dataloader.DataLoader object at 0x2915327c0>] 11
Federated Unlearning Global Epoch  = 1
Federated Unlearning Global Epoch  = 2
Federated Unlearning Global Epoch  = 3
Federated Unlearning Global Epoch  = 4
Federated Unlearning Global Epoch  = 5
Federated Unlearning Global Epoch  = 6
Federated Unlearning Global Epoch  = 7
Federated Unlearning Global Epoch  = 8
Federated Unlearning Global Epoch  = 9
Federated Unlearning Global Epoch  = 10
Federated Unlearning Global Epoch  = 11
Federated Unlearning Global Epoch  = 12
Federated Unlearning Global Epoch  = 13
Federated Unlearning Global Epoch  = 14
Federated Unlearning Global Epoch  = 15
Federated Unlearning Global Epoch  = 16
Federated Unlearning Global Epoch  = 17
Federated Unlearning Global Epoch  = 18
Federated Unlearning Global Epoch  = 19
N [3, 1, 0, 7]
cc 0.4
ss 0.8
rouc:  0.4  rous:  0.32
IE:  {1, 3, 5, 7, 9, 11, 13, 15, 17}
tr:  5
selected_clients:      [7 4 1 4]
client_models 10
selected_clients:      [6 0 2 8]
client_models 10
selected_clients:      [5 5 2 8]
client_models 10
selected_clients:      [9 9 9 4]
client_models 10
selected_clients:      [1 0 0 2]
client_models 10
selected_clients:      [4 7 5 0]
client_models 10
selected_clients:      [0 3 5 3]
client_models 10
here
client_data_loaders:  [<torch.utils.data.dataloader.DataLoader object at 0x291535520>, <torch.utils.data.dataloader.DataLoader object at 0x291532130>, <torch.utils.data.dataloader.DataLoader object at 0x291535610>, <torch.utils.data.dataloader.DataLoader object at 0x291579fd0>, <torch.utils.data.dataloader.DataLoader object at 0x29152a550>, <torch.utils.data.dataloader.DataLoader object at 0x2915313d0>, <torch.utils.data.dataloader.DataLoader object at 0x291531790>, <torch.utils.data.dataloader.DataLoader object at 0x29152a640>, <torch.utils.data.dataloader.DataLoader object at 0x29152a910>, <torch.utils.data.dataloader.DataLoader object at 0x291535250>, <torch.utils.data.dataloader.DataLoader object at 0x2915327c0>] 11
Federated Unlearning Global Epoch  = 1
Federated Unlearning Global Epoch  = 2
Federated Unlearning Global Epoch  = 3
Federated Unlearning Global Epoch  = 4
Federated Unlearning Global Epoch  = 5
Federated Unlearning Global Epoch  = 6
Federated Unlearning Global Epoch  = 7
Federated Unlearning Global Epoch  = 8
Federated Unlearning Global Epoch  = 9
Federated Unlearning Global Epoch  = 10
Federated Unlearning Global Epoch  = 11
Federated Unlearning Global Epoch  = 12
Federated Unlearning Global Epoch  = 13
Federated Unlearning Global Epoch  = 14
Federated Unlearning Global Epoch  = 15
Federated Unlearning Global Epoch  = 16
Federated Unlearning Global Epoch  = 17
Federated Unlearning Global Epoch  = 18
Federated Unlearning Global Epoch  = 19
N [3, 1, 0, 7]
cc 0.4
ss 0.8
rouc:  0.4  rous:  0.32
IE:  {1, 3, 5, 7, 9, 11, 13, 15, 17}
tr:  5
selected_clients:      [8 1 7 2]
client_models 10
selected_clients:      [3 8 2 2]
client_models 10
selected_clients:      [1 2 0 7]
client_models 10
selected_clients:      [7 2 2 0]
client_models 10
selected_clients:      [5 6 2 7]
client_models 10
selected_clients:      [3 8 2 9]
client_models 10
selected_clients:      [2 6 5 8]
client_models 10
here
client_data_loaders:  [<torch.utils.data.dataloader.DataLoader object at 0x291535520>, <torch.utils.data.dataloader.DataLoader object at 0x291532130>, <torch.utils.data.dataloader.DataLoader object at 0x291535610>, <torch.utils.data.dataloader.DataLoader object at 0x29df123a0>, <torch.utils.data.dataloader.DataLoader object at 0x29152a550>, <torch.utils.data.dataloader.DataLoader object at 0x2915313d0>, <torch.utils.data.dataloader.DataLoader object at 0x291531790>, <torch.utils.data.dataloader.DataLoader object at 0x29152a640>, <torch.utils.data.dataloader.DataLoader object at 0x29152a910>, <torch.utils.data.dataloader.DataLoader object at 0x291535250>, <torch.utils.data.dataloader.DataLoader object at 0x2915327c0>] 11
Federated Unlearning Global Epoch  = 1
Federated Unlearning Global Epoch  = 2
Federated Unlearning Global Epoch  = 3
Federated Unlearning Global Epoch  = 4
Federated Unlearning Global Epoch  = 5
Federated Unlearning Global Epoch  = 6
Federated Unlearning Global Epoch  = 7
Federated Unlearning Global Epoch  = 8
Federated Unlearning Global Epoch  = 9
Federated Unlearning Global Epoch  = 10
Federated Unlearning Global Epoch  = 11
Federated Unlearning Global Epoch  = 12
Federated Unlearning Global Epoch  = 13
Federated Unlearning Global Epoch  = 14
Federated Unlearning Global Epoch  = 15
Federated Unlearning Global Epoch  = 16
Federated Unlearning Global Epoch  = 17
Federated Unlearning Global Epoch  = 18
Federated Unlearning Global Epoch  = 19
N [3, 1, 0, 7]
cc 0.4
ss 0.8
rouc:  0.4  rous:  0.32
IE:  {1, 3, 5, 7, 9, 11, 13, 15, 17}
tr:  5
selected_clients:      [9 3 8 4]
client_models 10
selected_clients:      [4 9 7 1]
client_models 10
selected_clients:      [3 1 4 8]
client_models 10
selected_clients:      [5 0 5 9]
client_models 10
selected_clients:      [5 4 5 0]
client_models 10
selected_clients:      [4 7 3 3]
client_models 10
selected_clients:      [2 7 3 5]
client_models 10
here
client_data_loaders:  [<torch.utils.data.dataloader.DataLoader object at 0x291535520>, <torch.utils.data.dataloader.DataLoader object at 0x291532130>, <torch.utils.data.dataloader.DataLoader object at 0x291535610>, <torch.utils.data.dataloader.DataLoader object at 0x29deaa580>, <torch.utils.data.dataloader.DataLoader object at 0x29152a550>, <torch.utils.data.dataloader.DataLoader object at 0x2915313d0>, <torch.utils.data.dataloader.DataLoader object at 0x291531790>, <torch.utils.data.dataloader.DataLoader object at 0x29152a640>, <torch.utils.data.dataloader.DataLoader object at 0x29152a910>, <torch.utils.data.dataloader.DataLoader object at 0x291535250>, <torch.utils.data.dataloader.DataLoader object at 0x2915327c0>] 11
Federated Unlearning Global Epoch  = 1
Federated Unlearning Global Epoch  = 2
Federated Unlearning Global Epoch  = 3
Federated Unlearning Global Epoch  = 4
Federated Unlearning Global Epoch  = 5
Federated Unlearning Global Epoch  = 6
Federated Unlearning Global Epoch  = 7
Federated Unlearning Global Epoch  = 8
Federated Unlearning Global Epoch  = 9
Federated Unlearning Global Epoch  = 10
Federated Unlearning Global Epoch  = 11
Federated Unlearning Global Epoch  = 12
Federated Unlearning Global Epoch  = 13
Federated Unlearning Global Epoch  = 14
Federated Unlearning Global Epoch  = 15
Federated Unlearning Global Epoch  = 16
Federated Unlearning Global Epoch  = 17
Federated Unlearning Global Epoch  = 18
Federated Unlearning Global Epoch  = 19
N [3, 1, 0, 7]
cc 0.4
ss 0.8
rouc:  0.4  rous:  0.32
IE:  {1, 3, 5, 7, 9, 11, 13, 15, 17}
tr:  5
selected_clients:      [4 3 5 6]
client_models 10
selected_clients:      [2 8 6 9]
client_models 10
selected_clients:      [9 7 8 8]
client_models 10
selected_clients:      [3 9 5 5]
client_models 10
selected_clients:      [0 4 0 5]
client_models 10
selected_clients:      [7 2 6 0]
client_models 10
selected_clients:      [8 4 5 0]
client_models 10
#####  Federated Unlearning End  #####


#####  Federated Unlearning without Calibration Start  #####
FL_params.forget_client_idx:  [3, 1, 0, 7]
temp 10
[3, 1, 0, 7]
temp 10
[3, 1, 0, 7]
temp 10
[3, 1, 0, 7]
temp 10
[3, 1, 0, 7]
temp 10
[3, 1, 0, 7]
temp 10
[3, 1, 0, 7]
temp 10
[3, 1, 0, 7]
temp 10
[3, 1, 0, 7]
temp 10
[3, 1, 0, 7]
temp 10
[3, 1, 0, 7]
temp 10
[3, 1, 0, 7]
temp 10
[3, 1, 0, 7]
temp 10
[3, 1, 0, 7]
temp 10
[3, 1, 0, 7]
temp 10
[3, 1, 0, 7]
temp 10
[3, 1, 0, 7]
temp 10
[3, 1, 0, 7]
temp 10
[3, 1, 0, 7]
temp 10
[3, 1, 0, 7]
temp 10
[3, 1, 0, 7]
Federated Unlearning without Clibration Global Epoch  = 0
Federated Unlearning Global Epoch  = 1
Federated Unlearning Global Epoch  = 2
Federated Unlearning Global Epoch  = 3
Federated Unlearning Global Epoch  = 4
Federated Unlearning Global Epoch  = 5
Federated Unlearning Global Epoch  = 6
Federated Unlearning Global Epoch  = 7
Federated Unlearning Global Epoch  = 8
Federated Unlearning Global Epoch  = 9
Federated Unlearning Global Epoch  = 10
Federated Unlearning Global Epoch  = 11
Federated Unlearning Global Epoch  = 12
Federated Unlearning Global Epoch  = 13
Federated Unlearning Global Epoch  = 14
Federated Unlearning Global Epoch  = 15
Federated Unlearning Global Epoch  = 16
Federated Unlearning Global Epoch  = 17
Federated Unlearning Global Epoch  = 18
Federated Unlearning Global Epoch  = 19
#####  Federated Unlearning without Calibration End  #####
 Learning time consuming = 45.187745094299316 secods
 Unlearning time consuming = 5362.889168977737 secods
 Unlearning no Cali time consuming = 0.05348610877990723 secods
FL_params.forget_client_idx [3, 1, 0, 7]


#####  Federated Retraining Start  #####
Federated Retrain with Forget Client NO.[3, 1, 0, 7]
Global Retraining epoch = 0
Global Retraining epoch = 1
Global Retraining epoch = 2
Global Retraining epoch = 3
Global Retraining epoch = 4
Global Retraining epoch = 5
Global Retraining epoch = 6
Global Retraining epoch = 7
Global Retraining epoch = 8
Global Retraining epoch = 9
Global Retraining epoch = 10
Global Retraining epoch = 11
Global Retraining epoch = 12
Global Retraining epoch = 13
Global Retraining epoch = 14
Global Retraining epoch = 15
Global Retraining epoch = 16
Global Retraining epoch = 17
Global Retraining epoch = 18
Global Retraining epoch = 19
#####  Federated Retraining End  #####
Retrain Time using = 57.96466684341431 seconds
unlearned GMs:  <class 'list'> 160
unlearned accum GMs:  <class 'list'> <class 'model_initiation.Net_cifar10'> 21
Test set: Average loss: 0.03598046
Test set: Average acc:  0.1397
Test set: Average loss: nan
Test set: Average acc:  0.1000
Test set: Average loss: 0.03586640
Test set: Average acc:  0.1908
Test set: Average loss: nan
Test set: Average acc:  0.1000
target_loader_len 4
Traceback (most recent call last):
  File "/Users/wangjiayi/Desktop/FedEraser-Code/Fed_Unlearn_main.py", line 194, in <module>
    Federated_Unlearning()
  File "/Users/wangjiayi/Desktop/FedEraser-Code/Fed_Unlearn_main.py", line 135, in Federated_Unlearning
    federaser_target_loss, federaser_target_acc = test(unlearn_GMs[-1], target_loader)
  File "/Users/wangjiayi/Desktop/FedEraser-Code/FL_base.py", line 194, in test
    for data, target in test_loader:
ValueError: too many values to unpack (expected 2)
