Files already downloaded and verified
============================================================
Step1. Federated Learning Settings 
 We use dataset: cifar10 for our Federated Unlearning experiment.

============================================================
Step2. Client data loaded, testing data loaded!!!
       Initial Model loaded!!!
Files already downloaded and verified
Files already downloaded and verified
============================================================
Step3. Fedearated Learning and Unlearning Training...
len of selected client loader, 12
#####  Federated Learning Start#####
Global Federated Learning epoch = 0
Global Federated Learning epoch = 1
Global Federated Learning epoch = 2
Global Federated Learning epoch = 3
Global Federated Learning epoch = 4
Global Federated Learning epoch = 5
Global Federated Learning epoch = 6
Global Federated Learning epoch = 7
Global Federated Learning epoch = 8
Global Federated Learning epoch = 9
Global Federated Learning epoch = 10
Global Federated Learning epoch = 11
Global Federated Learning epoch = 12
Global Federated Learning epoch = 13
Global Federated Learning epoch = 14
Global Federated Learning epoch = 15
Global Federated Learning epoch = 16
Global Federated Learning epoch = 17
Global Federated Learning epoch = 18
Global Federated Learning epoch = 19
Global Federated Learning epoch = 20
Global Federated Learning epoch = 21
Global Federated Learning epoch = 22
Global Federated Learning epoch = 23
Global Federated Learning epoch = 24
Global Federated Learning epoch = 25
Global Federated Learning epoch = 26
Global Federated Learning epoch = 27
Global Federated Learning epoch = 28
Global Federated Learning epoch = 29
Global Federated Learning epoch = 30
Global Federated Learning epoch = 31
Global Federated Learning epoch = 32
Global Federated Learning epoch = 33
Global Federated Learning epoch = 34
Global Federated Learning epoch = 35
Global Federated Learning epoch = 36
Global Federated Learning epoch = 37
Global Federated Learning epoch = 38
Global Federated Learning epoch = 39
Global Federated Learning epoch = 40
Global Federated Learning epoch = 41
Global Federated Learning epoch = 42
Global Federated Learning epoch = 43
Global Federated Learning epoch = 44
Global Federated Learning epoch = 45
Global Federated Learning epoch = 46
Global Federated Learning epoch = 47
Global Federated Learning epoch = 48
Global Federated Learning epoch = 49
Global Federated Learning epoch = 50
Global Federated Learning epoch = 51
Global Federated Learning epoch = 52
Global Federated Learning epoch = 53
Global Federated Learning epoch = 54
Global Federated Learning epoch = 55
Global Federated Learning epoch = 56
Global Federated Learning epoch = 57
Global Federated Learning epoch = 58
Global Federated Learning epoch = 59
Global Federated Learning epoch = 60
Global Federated Learning epoch = 61
Global Federated Learning epoch = 62
Global Federated Learning epoch = 63
Global Federated Learning epoch = 64
Global Federated Learning epoch = 65
Global Federated Learning epoch = 66
Global Federated Learning epoch = 67
Global Federated Learning epoch = 68
Global Federated Learning epoch = 69
Global Federated Learning epoch = 70
Global Federated Learning epoch = 71
Global Federated Learning epoch = 72
Global Federated Learning epoch = 73
Global Federated Learning epoch = 74
Global Federated Learning epoch = 75
Global Federated Learning epoch = 76
Global Federated Learning epoch = 77
Global Federated Learning epoch = 78
Global Federated Learning epoch = 79
Global Federated Learning epoch = 80
Global Federated Learning epoch = 81
Global Federated Learning epoch = 82
Global Federated Learning epoch = 83
Global Federated Learning epoch = 84
Global Federated Learning epoch = 85
Global Federated Learning epoch = 86
Global Federated Learning epoch = 87
Global Federated Learning epoch = 88
Global Federated Learning epoch = 89
Global Federated Learning epoch = 90
Global Federated Learning epoch = 91
Global Federated Learning epoch = 92
Global Federated Learning epoch = 93
Global Federated Learning epoch = 94
Global Federated Learning epoch = 95
Global Federated Learning epoch = 96
Global Federated Learning epoch = 97
Global Federated Learning epoch = 98
Global Federated Learning epoch = 99
Global Federated Learning epoch = 100
Global Federated Learning epoch = 101
Global Federated Learning epoch = 102
Global Federated Learning epoch = 103
Global Federated Learning epoch = 104
Global Federated Learning epoch = 105
Global Federated Learning epoch = 106
Global Federated Learning epoch = 107
Global Federated Learning epoch = 108
Global Federated Learning epoch = 109
Global Federated Learning epoch = 110
Global Federated Learning epoch = 111
Global Federated Learning epoch = 112
Global Federated Learning epoch = 113
Global Federated Learning epoch = 114
Global Federated Learning epoch = 115
Global Federated Learning epoch = 116
Global Federated Learning epoch = 117
Global Federated Learning epoch = 118
Global Federated Learning epoch = 119
Global Federated Learning epoch = 120
Global Federated Learning epoch = 121
Global Federated Learning epoch = 122
Global Federated Learning epoch = 123
Global Federated Learning epoch = 124
Global Federated Learning epoch = 125
Global Federated Learning epoch = 126
Global Federated Learning epoch = 127
Global Federated Learning epoch = 128
Global Federated Learning epoch = 129
Global Federated Learning epoch = 130
Global Federated Learning epoch = 131
Global Federated Learning epoch = 132
Global Federated Learning epoch = 133
Global Federated Learning epoch = 134
Global Federated Learning epoch = 135
Global Federated Learning epoch = 136
Global Federated Learning epoch = 137
Global Federated Learning epoch = 138
Global Federated Learning epoch = 139
Global Federated Learning epoch = 140
Global Federated Learning epoch = 141
Global Federated Learning epoch = 142
Global Federated Learning epoch = 143
Global Federated Learning epoch = 144
Global Federated Learning epoch = 145
Global Federated Learning epoch = 146
Global Federated Learning epoch = 147
Global Federated Learning epoch = 148
Global Federated Learning epoch = 149
Global Federated Learning epoch = 150
Global Federated Learning epoch = 151
Global Federated Learning epoch = 152
Global Federated Learning epoch = 153
Global Federated Learning epoch = 154
Global Federated Learning epoch = 155
Global Federated Learning epoch = 156
Global Federated Learning epoch = 157
Global Federated Learning epoch = 158
Global Federated Learning epoch = 159
Global Federated Learning epoch = 160
Global Federated Learning epoch = 161
Global Federated Learning epoch = 162
Global Federated Learning epoch = 163
Global Federated Learning epoch = 164
Global Federated Learning epoch = 165
Global Federated Learning epoch = 166
Global Federated Learning epoch = 167
Global Federated Learning epoch = 168
Global Federated Learning epoch = 169
Global Federated Learning epoch = 170
Global Federated Learning epoch = 171
Global Federated Learning epoch = 172
Global Federated Learning epoch = 173
Global Federated Learning epoch = 174
Global Federated Learning epoch = 175
Global Federated Learning epoch = 176
Global Federated Learning epoch = 177
Global Federated Learning epoch = 178
Global Federated Learning epoch = 179
Global Federated Learning epoch = 180
Global Federated Learning epoch = 181
Global Federated Learning epoch = 182
Global Federated Learning epoch = 183
Global Federated Learning epoch = 184
Global Federated Learning epoch = 185
Global Federated Learning epoch = 186
Global Federated Learning epoch = 187
Global Federated Learning epoch = 188
Global Federated Learning epoch = 189
Global Federated Learning epoch = 190
Global Federated Learning epoch = 191
Global Federated Learning epoch = 192
Global Federated Learning epoch = 193
Global Federated Learning epoch = 194
Global Federated Learning epoch = 195
Global Federated Learning epoch = 196
Global Federated Learning epoch = 197
Global Federated Learning epoch = 198
Global Federated Learning epoch = 199
Global Federated Learning epoch = 200
Global Federated Learning epoch = 201
Global Federated Learning epoch = 202
Global Federated Learning epoch = 203
Global Federated Learning epoch = 204
Global Federated Learning epoch = 205
Global Federated Learning epoch = 206
Global Federated Learning epoch = 207
Global Federated Learning epoch = 208
Global Federated Learning epoch = 209
Global Federated Learning epoch = 210
Global Federated Learning epoch = 211
Global Federated Learning epoch = 212
Global Federated Learning epoch = 213
Global Federated Learning epoch = 214
Global Federated Learning epoch = 215
Global Federated Learning epoch = 216
Global Federated Learning epoch = 217
Global Federated Learning epoch = 218
Global Federated Learning epoch = 219
Global Federated Learning epoch = 220
Global Federated Learning epoch = 221
Global Federated Learning epoch = 222
Global Federated Learning epoch = 223
Global Federated Learning epoch = 224
Global Federated Learning epoch = 225
Global Federated Learning epoch = 226
Global Federated Learning epoch = 227
Global Federated Learning epoch = 228
Global Federated Learning epoch = 229
Global Federated Learning epoch = 230
Global Federated Learning epoch = 231
Global Federated Learning epoch = 232
Global Federated Learning epoch = 233
Global Federated Learning epoch = 234
Global Federated Learning epoch = 235
Global Federated Learning epoch = 236
Global Federated Learning epoch = 237
Global Federated Learning epoch = 238
Global Federated Learning epoch = 239
Global Federated Learning epoch = 240
Global Federated Learning epoch = 241
Global Federated Learning epoch = 242
Global Federated Learning epoch = 243
Global Federated Learning epoch = 244
Global Federated Learning epoch = 245
Global Federated Learning epoch = 246
Global Federated Learning epoch = 247
Global Federated Learning epoch = 248
Global Federated Learning epoch = 249
Global Federated Learning epoch = 250
Global Federated Learning epoch = 251
Global Federated Learning epoch = 252
Global Federated Learning epoch = 253
Global Federated Learning epoch = 254
Global Federated Learning epoch = 255
Global Federated Learning epoch = 256
Global Federated Learning epoch = 257
Global Federated Learning epoch = 258
Global Federated Learning epoch = 259
Global Federated Learning epoch = 260
Global Federated Learning epoch = 261
Global Federated Learning epoch = 262
Global Federated Learning epoch = 263
Global Federated Learning epoch = 264
Global Federated Learning epoch = 265
Global Federated Learning epoch = 266
Global Federated Learning epoch = 267
Global Federated Learning epoch = 268
Global Federated Learning epoch = 269
Global Federated Learning epoch = 270
Global Federated Learning epoch = 271
Global Federated Learning epoch = 272
Global Federated Learning epoch = 273
Global Federated Learning epoch = 274
Global Federated Learning epoch = 275
Global Federated Learning epoch = 276
Global Federated Learning epoch = 277
Global Federated Learning epoch = 278
Global Federated Learning epoch = 279
Global Federated Learning epoch = 280
Global Federated Learning epoch = 281
Global Federated Learning epoch = 282
Global Federated Learning epoch = 283
Global Federated Learning epoch = 284
Global Federated Learning epoch = 285
Global Federated Learning epoch = 286
Global Federated Learning epoch = 287
Global Federated Learning epoch = 288
Global Federated Learning epoch = 289
Global Federated Learning epoch = 290
Global Federated Learning epoch = 291
Global Federated Learning epoch = 292
Global Federated Learning epoch = 293
Global Federated Learning epoch = 294
Global Federated Learning epoch = 295
Global Federated Learning epoch = 296
Global Federated Learning epoch = 297
Global Federated Learning epoch = 298
Global Federated Learning epoch = 299
Global Federated Learning epoch = 300
Global Federated Learning epoch = 301
Global Federated Learning epoch = 302
Global Federated Learning epoch = 303
Global Federated Learning epoch = 304
Global Federated Learning epoch = 305
Global Federated Learning epoch = 306
Global Federated Learning epoch = 307
Global Federated Learning epoch = 308
Global Federated Learning epoch = 309
Global Federated Learning epoch = 310
Global Federated Learning epoch = 311
Global Federated Learning epoch = 312
Global Federated Learning epoch = 313
Global Federated Learning epoch = 314
Global Federated Learning epoch = 315
Global Federated Learning epoch = 316
Global Federated Learning epoch = 317
Global Federated Learning epoch = 318
Global Federated Learning epoch = 319
Global Federated Learning epoch = 320
Global Federated Learning epoch = 321
Global Federated Learning epoch = 322
Global Federated Learning epoch = 323
Global Federated Learning epoch = 324
Global Federated Learning epoch = 325
Global Federated Learning epoch = 326
Global Federated Learning epoch = 327
Global Federated Learning epoch = 328
Global Federated Learning epoch = 329
Global Federated Learning epoch = 330
Global Federated Learning epoch = 331
Global Federated Learning epoch = 332
Global Federated Learning epoch = 333
Global Federated Learning epoch = 334
Global Federated Learning epoch = 335
Global Federated Learning epoch = 336
Global Federated Learning epoch = 337
Global Federated Learning epoch = 338
Global Federated Learning epoch = 339
Global Federated Learning epoch = 340
Global Federated Learning epoch = 341
Global Federated Learning epoch = 342
Global Federated Learning epoch = 343
Global Federated Learning epoch = 344
Global Federated Learning epoch = 345
Global Federated Learning epoch = 346
Global Federated Learning epoch = 347
Global Federated Learning epoch = 348
Global Federated Learning epoch = 349
Global Federated Learning epoch = 350
Global Federated Learning epoch = 351
Global Federated Learning epoch = 352
Global Federated Learning epoch = 353
Global Federated Learning epoch = 354
Global Federated Learning epoch = 355
Global Federated Learning epoch = 356
Global Federated Learning epoch = 357
Global Federated Learning epoch = 358
Global Federated Learning epoch = 359
Global Federated Learning epoch = 360
Global Federated Learning epoch = 361
Global Federated Learning epoch = 362
Global Federated Learning epoch = 363
Global Federated Learning epoch = 364
Global Federated Learning epoch = 365
Global Federated Learning epoch = 366
Global Federated Learning epoch = 367
Global Federated Learning epoch = 368
Global Federated Learning epoch = 369
Global Federated Learning epoch = 370
Global Federated Learning epoch = 371
Global Federated Learning epoch = 372
Global Federated Learning epoch = 373
Global Federated Learning epoch = 374
Global Federated Learning epoch = 375
Global Federated Learning epoch = 376
Global Federated Learning epoch = 377
Global Federated Learning epoch = 378
Global Federated Learning epoch = 379
Global Federated Learning epoch = 380
Global Federated Learning epoch = 381
Global Federated Learning epoch = 382
Global Federated Learning epoch = 383
Global Federated Learning epoch = 384
Global Federated Learning epoch = 385
Global Federated Learning epoch = 386
Global Federated Learning epoch = 387
Global Federated Learning epoch = 388
Global Federated Learning epoch = 389
Global Federated Learning epoch = 390
Global Federated Learning epoch = 391
Global Federated Learning epoch = 392
Global Federated Learning epoch = 393
Global Federated Learning epoch = 394
Global Federated Learning epoch = 395
Global Federated Learning epoch = 396
Global Federated Learning epoch = 397
Global Federated Learning epoch = 398
Global Federated Learning epoch = 399
Global Federated Learning epoch = 400
Global Federated Learning epoch = 401
Global Federated Learning epoch = 402
Global Federated Learning epoch = 403
Global Federated Learning epoch = 404
Global Federated Learning epoch = 405
Global Federated Learning epoch = 406
Global Federated Learning epoch = 407
Global Federated Learning epoch = 408
Global Federated Learning epoch = 409
Global Federated Learning epoch = 410
Global Federated Learning epoch = 411
Global Federated Learning epoch = 412
Global Federated Learning epoch = 413
Global Federated Learning epoch = 414
Global Federated Learning epoch = 415
Global Federated Learning epoch = 416
Global Federated Learning epoch = 417
Global Federated Learning epoch = 418
Global Federated Learning epoch = 419
Global Federated Learning epoch = 420
Global Federated Learning epoch = 421
Global Federated Learning epoch = 422
Global Federated Learning epoch = 423
Global Federated Learning epoch = 424
Global Federated Learning epoch = 425
Global Federated Learning epoch = 426
Global Federated Learning epoch = 427
Global Federated Learning epoch = 428
Global Federated Learning epoch = 429
Global Federated Learning epoch = 430
Global Federated Learning epoch = 431
Global Federated Learning epoch = 432
Global Federated Learning epoch = 433
Global Federated Learning epoch = 434
Global Federated Learning epoch = 435
Global Federated Learning epoch = 436
Global Federated Learning epoch = 437
Global Federated Learning epoch = 438
Global Federated Learning epoch = 439
Global Federated Learning epoch = 440
Global Federated Learning epoch = 441
Global Federated Learning epoch = 442
Global Federated Learning epoch = 443
Global Federated Learning epoch = 444
Global Federated Learning epoch = 445
Global Federated Learning epoch = 446
Global Federated Learning epoch = 447
Global Federated Learning epoch = 448
Global Federated Learning epoch = 449
Global Federated Learning epoch = 450
Global Federated Learning epoch = 451
Global Federated Learning epoch = 452
Global Federated Learning epoch = 453
Global Federated Learning epoch = 454
Global Federated Learning epoch = 455
Global Federated Learning epoch = 456
Global Federated Learning epoch = 457
Global Federated Learning epoch = 458
Global Federated Learning epoch = 459
Global Federated Learning epoch = 460
Global Federated Learning epoch = 461
Global Federated Learning epoch = 462
Global Federated Learning epoch = 463
Global Federated Learning epoch = 464
Global Federated Learning epoch = 465
Global Federated Learning epoch = 466
Global Federated Learning epoch = 467
Global Federated Learning epoch = 468
Global Federated Learning epoch = 469
Global Federated Learning epoch = 470
Global Federated Learning epoch = 471
Global Federated Learning epoch = 472
Global Federated Learning epoch = 473
Global Federated Learning epoch = 474
Global Federated Learning epoch = 475
Global Federated Learning epoch = 476
Global Federated Learning epoch = 477
Global Federated Learning epoch = 478
Global Federated Learning epoch = 479
Global Federated Learning epoch = 480
Global Federated Learning epoch = 481
Global Federated Learning epoch = 482
Global Federated Learning epoch = 483
Global Federated Learning epoch = 484
Global Federated Learning epoch = 485
Global Federated Learning epoch = 486
Global Federated Learning epoch = 487
Global Federated Learning epoch = 488
Global Federated Learning epoch = 489
Global Federated Learning epoch = 490
Global Federated Learning epoch = 491
Global Federated Learning epoch = 492
Global Federated Learning epoch = 493
Global Federated Learning epoch = 494
Global Federated Learning epoch = 495
Global Federated Learning epoch = 496
Global Federated Learning epoch = 497
Global Federated Learning epoch = 498
Global Federated Learning epoch = 499
Global Federated Learning epoch = 500
Global Federated Learning epoch = 501
Global Federated Learning epoch = 502
Global Federated Learning epoch = 503
Global Federated Learning epoch = 504
Global Federated Learning epoch = 505
Global Federated Learning epoch = 506
Global Federated Learning epoch = 507
Global Federated Learning epoch = 508
Global Federated Learning epoch = 509
Global Federated Learning epoch = 510
Global Federated Learning epoch = 511
Global Federated Learning epoch = 512
Global Federated Learning epoch = 513
Global Federated Learning epoch = 514
Global Federated Learning epoch = 515
Global Federated Learning epoch = 516
Global Federated Learning epoch = 517
Global Federated Learning epoch = 518
Global Federated Learning epoch = 519
Global Federated Learning epoch = 520
Global Federated Learning epoch = 521
Global Federated Learning epoch = 522
Global Federated Learning epoch = 523
Global Federated Learning epoch = 524
Global Federated Learning epoch = 525
Global Federated Learning epoch = 526
Global Federated Learning epoch = 527
Global Federated Learning epoch = 528
Global Federated Learning epoch = 529
Global Federated Learning epoch = 530
Global Federated Learning epoch = 531
Global Federated Learning epoch = 532
Global Federated Learning epoch = 533
Global Federated Learning epoch = 534
Global Federated Learning epoch = 535
Global Federated Learning epoch = 536
Global Federated Learning epoch = 537
Global Federated Learning epoch = 538
Global Federated Learning epoch = 539
Global Federated Learning epoch = 540
Global Federated Learning epoch = 541
Global Federated Learning epoch = 542
Global Federated Learning epoch = 543
Global Federated Learning epoch = 544
Global Federated Learning epoch = 545
Global Federated Learning epoch = 546
Global Federated Learning epoch = 547
Global Federated Learning epoch = 548
Global Federated Learning epoch = 549
Global Federated Learning epoch = 550
Global Federated Learning epoch = 551
Global Federated Learning epoch = 552
Global Federated Learning epoch = 553
Global Federated Learning epoch = 554
Global Federated Learning epoch = 555
Global Federated Learning epoch = 556
Global Federated Learning epoch = 557
Global Federated Learning epoch = 558
Global Federated Learning epoch = 559
Global Federated Learning epoch = 560
Global Federated Learning epoch = 561
Global Federated Learning epoch = 562
Global Federated Learning epoch = 563
Global Federated Learning epoch = 564
Global Federated Learning epoch = 565
Global Federated Learning epoch = 566
Global Federated Learning epoch = 567
Global Federated Learning epoch = 568
Global Federated Learning epoch = 569
Global Federated Learning epoch = 570
Global Federated Learning epoch = 571
Global Federated Learning epoch = 572
Global Federated Learning epoch = 573
Global Federated Learning epoch = 574
Global Federated Learning epoch = 575
Global Federated Learning epoch = 576
Global Federated Learning epoch = 577
Global Federated Learning epoch = 578
Global Federated Learning epoch = 579
Global Federated Learning epoch = 580
Global Federated Learning epoch = 581
Global Federated Learning epoch = 582
Global Federated Learning epoch = 583
Global Federated Learning epoch = 584
Global Federated Learning epoch = 585
Global Federated Learning epoch = 586
Global Federated Learning epoch = 587
Global Federated Learning epoch = 588
Global Federated Learning epoch = 589
Global Federated Learning epoch = 590
Global Federated Learning epoch = 591
Global Federated Learning epoch = 592
Global Federated Learning epoch = 593
Global Federated Learning epoch = 594
Global Federated Learning epoch = 595
Global Federated Learning epoch = 596
Global Federated Learning epoch = 597
Global Federated Learning epoch = 598
Global Federated Learning epoch = 599
#####  Federated Learning End#####


#####  Federated Unlearning Start  #####
#### Sample-level Unlearning ####
split_clients [array([0, 1]), array([2, 3]), array([4, 5]), array([6, 7]), array([8, 9])]
Files already downloaded and verified
Files already downloaded and verified
##### Trying to find redundant sample index: #####
batch_idx 0
Classes indices:  [14  2  6 15 12  7  0  4  5  3]
tf_idf {'conv1': tensor([0.0377, 0.2145, 0.0633, 0.1198, 0.0537, 0.1364]), 'conv2': tensor([0.0636, 0.0278, 0.0304, 0.1050, 0.0642, 0.0920, 0.0337, 0.0566, 0.0172,
        0.0173, 0.0139, 0.0226, 0.0416, 0.0276, 0.0290, 0.0366])}
tf_idf_array.shape:  torch.Size([16])
threshold 0.01718394085764885
all_classes ['airplane', 'automobile', 'bird', 'cat', 'deer', 'dog', 'frog', 'horse', 'ship', 'truck']
Class to be removed:  ['cat']
#Remain classes:  9
Pruned sample index here: 3
K client_models [Net_cifar10(
  (conv1): Conv2d(3, 6, kernel_size=(5, 5), stride=(1, 1))
  (pool): MaxPool2d(kernel_size=2, stride=2, padding=0, dilation=1, ceil_mode=False)
  (conv2): Conv2d(6, 16, kernel_size=(5, 5), stride=(1, 1))
  (fc1): Linear(in_features=400, out_features=120, bias=True)
  (fc2): Linear(in_features=120, out_features=84, bias=True)
  (fc3): Linear(in_features=84, out_features=10, bias=True)
)]
K client_models [Net_cifar10(
  (conv1): Conv2d(3, 6, kernel_size=(5, 5), stride=(1, 1))
  (pool): MaxPool2d(kernel_size=2, stride=2, padding=0, dilation=1, ceil_mode=False)
  (conv2): Conv2d(6, 16, kernel_size=(5, 5), stride=(1, 1))
  (fc1): Linear(in_features=400, out_features=120, bias=True)
  (fc2): Linear(in_features=120, out_features=84, bias=True)
  (fc3): Linear(in_features=84, out_features=10, bias=True)
), Net_cifar10(
  (conv1): Conv2d(3, 6, kernel_size=(5, 5), stride=(1, 1))
  (pool): MaxPool2d(kernel_size=2, stride=2, padding=0, dilation=1, ceil_mode=False)
  (conv2): Conv2d(6, 16, kernel_size=(5, 5), stride=(1, 1))
  (fc1): Linear(in_features=400, out_features=120, bias=True)
  (fc2): Linear(in_features=120, out_features=84, bias=True)
  (fc3): Linear(in_features=84, out_features=10, bias=True)
)]
here
here
#####  Federated Unlearning End  #####


#####  Federated Unlearning without Calibration Start  #####
FL_params.forget_client_idx:  3
Federated Unlearning without Clibration Global Epoch  = 0
Federated Unlearning without Clibration Global Epoch  = 1
Federated Unlearning without Clibration Global Epoch  = 2
Federated Unlearning without Clibration Global Epoch  = 3
Federated Unlearning without Clibration Global Epoch  = 4
Federated Unlearning without Clibration Global Epoch  = 5
Federated Unlearning without Clibration Global Epoch  = 6
Federated Unlearning without Clibration Global Epoch  = 7
Federated Unlearning without Clibration Global Epoch  = 8
Federated Unlearning without Clibration Global Epoch  = 9
Federated Unlearning without Clibration Global Epoch  = 10
Federated Unlearning without Clibration Global Epoch  = 11
Federated Unlearning without Clibration Global Epoch  = 12
Federated Unlearning without Clibration Global Epoch  = 13
Federated Unlearning without Clibration Global Epoch  = 14
Federated Unlearning without Clibration Global Epoch  = 15
Federated Unlearning without Clibration Global Epoch  = 16
Federated Unlearning without Clibration Global Epoch  = 17
Federated Unlearning without Clibration Global Epoch  = 18
Federated Unlearning without Clibration Global Epoch  = 19
Federated Unlearning without Clibration Global Epoch  = 20
Federated Unlearning without Clibration Global Epoch  = 21
Federated Unlearning without Clibration Global Epoch  = 22
Federated Unlearning without Clibration Global Epoch  = 23
Federated Unlearning without Clibration Global Epoch  = 24
Federated Unlearning without Clibration Global Epoch  = 25
Federated Unlearning without Clibration Global Epoch  = 26
Federated Unlearning without Clibration Global Epoch  = 27
Federated Unlearning without Clibration Global Epoch  = 28
Federated Unlearning without Clibration Global Epoch  = 29
Federated Unlearning without Clibration Global Epoch  = 30
Federated Unlearning without Clibration Global Epoch  = 31
Federated Unlearning without Clibration Global Epoch  = 32
Federated Unlearning without Clibration Global Epoch  = 33
Federated Unlearning without Clibration Global Epoch  = 34
Federated Unlearning without Clibration Global Epoch  = 35
Federated Unlearning without Clibration Global Epoch  = 36
Federated Unlearning without Clibration Global Epoch  = 37
Federated Unlearning without Clibration Global Epoch  = 38
Federated Unlearning without Clibration Global Epoch  = 39
Federated Unlearning without Clibration Global Epoch  = 40
Federated Unlearning without Clibration Global Epoch  = 41
Federated Unlearning without Clibration Global Epoch  = 42
Federated Unlearning without Clibration Global Epoch  = 43
Federated Unlearning without Clibration Global Epoch  = 44
Federated Unlearning without Clibration Global Epoch  = 45
Federated Unlearning without Clibration Global Epoch  = 46
Federated Unlearning without Clibration Global Epoch  = 47
Federated Unlearning without Clibration Global Epoch  = 48
Federated Unlearning without Clibration Global Epoch  = 49
Federated Unlearning without Clibration Global Epoch  = 50
Federated Unlearning without Clibration Global Epoch  = 51
Federated Unlearning without Clibration Global Epoch  = 52
Federated Unlearning without Clibration Global Epoch  = 53
Federated Unlearning without Clibration Global Epoch  = 54
Federated Unlearning without Clibration Global Epoch  = 55
Federated Unlearning without Clibration Global Epoch  = 56
Federated Unlearning without Clibration Global Epoch  = 57
Federated Unlearning without Clibration Global Epoch  = 58
Federated Unlearning without Clibration Global Epoch  = 59
Federated Unlearning without Clibration Global Epoch  = 60
Federated Unlearning without Clibration Global Epoch  = 61
Federated Unlearning without Clibration Global Epoch  = 62
Federated Unlearning without Clibration Global Epoch  = 63
Federated Unlearning without Clibration Global Epoch  = 64
Federated Unlearning without Clibration Global Epoch  = 65
Federated Unlearning without Clibration Global Epoch  = 66
Federated Unlearning without Clibration Global Epoch  = 67
Federated Unlearning without Clibration Global Epoch  = 68
Federated Unlearning without Clibration Global Epoch  = 69
Federated Unlearning without Clibration Global Epoch  = 70
Federated Unlearning without Clibration Global Epoch  = 71
Federated Unlearning without Clibration Global Epoch  = 72
Federated Unlearning without Clibration Global Epoch  = 73
Federated Unlearning without Clibration Global Epoch  = 74
Federated Unlearning without Clibration Global Epoch  = 75
Federated Unlearning without Clibration Global Epoch  = 76
Federated Unlearning without Clibration Global Epoch  = 77
Federated Unlearning without Clibration Global Epoch  = 78
Federated Unlearning without Clibration Global Epoch  = 79
Federated Unlearning without Clibration Global Epoch  = 80
Federated Unlearning without Clibration Global Epoch  = 81
Federated Unlearning without Clibration Global Epoch  = 82
Federated Unlearning without Clibration Global Epoch  = 83
Federated Unlearning without Clibration Global Epoch  = 84
Federated Unlearning without Clibration Global Epoch  = 85
Federated Unlearning without Clibration Global Epoch  = 86
Federated Unlearning without Clibration Global Epoch  = 87
Federated Unlearning without Clibration Global Epoch  = 88
Federated Unlearning without Clibration Global Epoch  = 89
Federated Unlearning without Clibration Global Epoch  = 90
Federated Unlearning without Clibration Global Epoch  = 91
Federated Unlearning without Clibration Global Epoch  = 92
Federated Unlearning without Clibration Global Epoch  = 93
Federated Unlearning without Clibration Global Epoch  = 94
Federated Unlearning without Clibration Global Epoch  = 95
Federated Unlearning without Clibration Global Epoch  = 96
Federated Unlearning without Clibration Global Epoch  = 97
Federated Unlearning without Clibration Global Epoch  = 98
Federated Unlearning without Clibration Global Epoch  = 99
Federated Unlearning without Clibration Global Epoch  = 100
Federated Unlearning without Clibration Global Epoch  = 101
Federated Unlearning without Clibration Global Epoch  = 102
Federated Unlearning without Clibration Global Epoch  = 103
Federated Unlearning without Clibration Global Epoch  = 104
Federated Unlearning without Clibration Global Epoch  = 105
Federated Unlearning without Clibration Global Epoch  = 106
Federated Unlearning without Clibration Global Epoch  = 107
Federated Unlearning without Clibration Global Epoch  = 108
Federated Unlearning without Clibration Global Epoch  = 109
Federated Unlearning without Clibration Global Epoch  = 110
Federated Unlearning without Clibration Global Epoch  = 111
Federated Unlearning without Clibration Global Epoch  = 112
Federated Unlearning without Clibration Global Epoch  = 113
Federated Unlearning without Clibration Global Epoch  = 114
Federated Unlearning without Clibration Global Epoch  = 115
Federated Unlearning without Clibration Global Epoch  = 116
Federated Unlearning without Clibration Global Epoch  = 117
Federated Unlearning without Clibration Global Epoch  = 118
Federated Unlearning without Clibration Global Epoch  = 119
Federated Unlearning without Clibration Global Epoch  = 120
Federated Unlearning without Clibration Global Epoch  = 121
Federated Unlearning without Clibration Global Epoch  = 122
Federated Unlearning without Clibration Global Epoch  = 123
Federated Unlearning without Clibration Global Epoch  = 124
Federated Unlearning without Clibration Global Epoch  = 125
Federated Unlearning without Clibration Global Epoch  = 126
Federated Unlearning without Clibration Global Epoch  = 127
Federated Unlearning without Clibration Global Epoch  = 128
Federated Unlearning without Clibration Global Epoch  = 129
Federated Unlearning without Clibration Global Epoch  = 130
Federated Unlearning without Clibration Global Epoch  = 131
Federated Unlearning without Clibration Global Epoch  = 132
Federated Unlearning without Clibration Global Epoch  = 133
Federated Unlearning without Clibration Global Epoch  = 134
Federated Unlearning without Clibration Global Epoch  = 135
Federated Unlearning without Clibration Global Epoch  = 136
Federated Unlearning without Clibration Global Epoch  = 137
Federated Unlearning without Clibration Global Epoch  = 138
Federated Unlearning without Clibration Global Epoch  = 139
Federated Unlearning without Clibration Global Epoch  = 140
Federated Unlearning without Clibration Global Epoch  = 141
Federated Unlearning without Clibration Global Epoch  = 142
Federated Unlearning without Clibration Global Epoch  = 143
Federated Unlearning without Clibration Global Epoch  = 144
Federated Unlearning without Clibration Global Epoch  = 145
Federated Unlearning without Clibration Global Epoch  = 146
Federated Unlearning without Clibration Global Epoch  = 147
Federated Unlearning without Clibration Global Epoch  = 148
Federated Unlearning without Clibration Global Epoch  = 149
Federated Unlearning without Clibration Global Epoch  = 150
Federated Unlearning without Clibration Global Epoch  = 151
Federated Unlearning without Clibration Global Epoch  = 152
Federated Unlearning without Clibration Global Epoch  = 153
Federated Unlearning without Clibration Global Epoch  = 154
Federated Unlearning without Clibration Global Epoch  = 155
Federated Unlearning without Clibration Global Epoch  = 156
Federated Unlearning without Clibration Global Epoch  = 157
Federated Unlearning without Clibration Global Epoch  = 158
Federated Unlearning without Clibration Global Epoch  = 159
Federated Unlearning without Clibration Global Epoch  = 160
Federated Unlearning without Clibration Global Epoch  = 161
Federated Unlearning without Clibration Global Epoch  = 162
Federated Unlearning without Clibration Global Epoch  = 163
Federated Unlearning without Clibration Global Epoch  = 164
Federated Unlearning without Clibration Global Epoch  = 165
Federated Unlearning without Clibration Global Epoch  = 166
Federated Unlearning without Clibration Global Epoch  = 167
Federated Unlearning without Clibration Global Epoch  = 168
Federated Unlearning without Clibration Global Epoch  = 169
Federated Unlearning without Clibration Global Epoch  = 170
Federated Unlearning without Clibration Global Epoch  = 171
Federated Unlearning without Clibration Global Epoch  = 172
Federated Unlearning without Clibration Global Epoch  = 173
Federated Unlearning without Clibration Global Epoch  = 174
Federated Unlearning without Clibration Global Epoch  = 175
Federated Unlearning without Clibration Global Epoch  = 176
Federated Unlearning without Clibration Global Epoch  = 177
Federated Unlearning without Clibration Global Epoch  = 178
Federated Unlearning without Clibration Global Epoch  = 179
Federated Unlearning without Clibration Global Epoch  = 180
Federated Unlearning without Clibration Global Epoch  = 181
Federated Unlearning without Clibration Global Epoch  = 182
Federated Unlearning without Clibration Global Epoch  = 183
Federated Unlearning without Clibration Global Epoch  = 184
Federated Unlearning without Clibration Global Epoch  = 185
Federated Unlearning without Clibration Global Epoch  = 186
Federated Unlearning without Clibration Global Epoch  = 187
Federated Unlearning without Clibration Global Epoch  = 188
Federated Unlearning without Clibration Global Epoch  = 189
Federated Unlearning without Clibration Global Epoch  = 190
Federated Unlearning without Clibration Global Epoch  = 191
Federated Unlearning without Clibration Global Epoch  = 192
Federated Unlearning without Clibration Global Epoch  = 193
Federated Unlearning without Clibration Global Epoch  = 194
Federated Unlearning without Clibration Global Epoch  = 195
Federated Unlearning without Clibration Global Epoch  = 196
Federated Unlearning without Clibration Global Epoch  = 197
Federated Unlearning without Clibration Global Epoch  = 198
Federated Unlearning without Clibration Global Epoch  = 199
Federated Unlearning without Clibration Global Epoch  = 200
Federated Unlearning without Clibration Global Epoch  = 201
Federated Unlearning without Clibration Global Epoch  = 202
Federated Unlearning without Clibration Global Epoch  = 203
Federated Unlearning without Clibration Global Epoch  = 204
Federated Unlearning without Clibration Global Epoch  = 205
Federated Unlearning without Clibration Global Epoch  = 206
Federated Unlearning without Clibration Global Epoch  = 207
Federated Unlearning without Clibration Global Epoch  = 208
Federated Unlearning without Clibration Global Epoch  = 209
Federated Unlearning without Clibration Global Epoch  = 210
Federated Unlearning without Clibration Global Epoch  = 211
Federated Unlearning without Clibration Global Epoch  = 212
Federated Unlearning without Clibration Global Epoch  = 213
Federated Unlearning without Clibration Global Epoch  = 214
Federated Unlearning without Clibration Global Epoch  = 215
Federated Unlearning without Clibration Global Epoch  = 216
Federated Unlearning without Clibration Global Epoch  = 217
Federated Unlearning without Clibration Global Epoch  = 218
Federated Unlearning without Clibration Global Epoch  = 219
Federated Unlearning without Clibration Global Epoch  = 220
Federated Unlearning without Clibration Global Epoch  = 221
Federated Unlearning without Clibration Global Epoch  = 222
Federated Unlearning without Clibration Global Epoch  = 223
Federated Unlearning without Clibration Global Epoch  = 224
Federated Unlearning without Clibration Global Epoch  = 225
Federated Unlearning without Clibration Global Epoch  = 226
Federated Unlearning without Clibration Global Epoch  = 227
Federated Unlearning without Clibration Global Epoch  = 228
Federated Unlearning without Clibration Global Epoch  = 229
Federated Unlearning without Clibration Global Epoch  = 230
Federated Unlearning without Clibration Global Epoch  = 231
Federated Unlearning without Clibration Global Epoch  = 232
Federated Unlearning without Clibration Global Epoch  = 233
Federated Unlearning without Clibration Global Epoch  = 234
Federated Unlearning without Clibration Global Epoch  = 235
Federated Unlearning without Clibration Global Epoch  = 236
Federated Unlearning without Clibration Global Epoch  = 237
Federated Unlearning without Clibration Global Epoch  = 238
Federated Unlearning without Clibration Global Epoch  = 239
Federated Unlearning without Clibration Global Epoch  = 240
Federated Unlearning without Clibration Global Epoch  = 241
Federated Unlearning without Clibration Global Epoch  = 242
Federated Unlearning without Clibration Global Epoch  = 243
Federated Unlearning without Clibration Global Epoch  = 244
Federated Unlearning without Clibration Global Epoch  = 245
Federated Unlearning without Clibration Global Epoch  = 246
Federated Unlearning without Clibration Global Epoch  = 247
Federated Unlearning without Clibration Global Epoch  = 248
Federated Unlearning without Clibration Global Epoch  = 249
Federated Unlearning without Clibration Global Epoch  = 250
Federated Unlearning without Clibration Global Epoch  = 251
Federated Unlearning without Clibration Global Epoch  = 252
Federated Unlearning without Clibration Global Epoch  = 253
Federated Unlearning without Clibration Global Epoch  = 254
Federated Unlearning without Clibration Global Epoch  = 255
Federated Unlearning without Clibration Global Epoch  = 256
Federated Unlearning without Clibration Global Epoch  = 257
Federated Unlearning without Clibration Global Epoch  = 258
Federated Unlearning without Clibration Global Epoch  = 259
Federated Unlearning without Clibration Global Epoch  = 260
Federated Unlearning without Clibration Global Epoch  = 261
Federated Unlearning without Clibration Global Epoch  = 262
Federated Unlearning without Clibration Global Epoch  = 263
Federated Unlearning without Clibration Global Epoch  = 264
Federated Unlearning without Clibration Global Epoch  = 265
Federated Unlearning without Clibration Global Epoch  = 266
Federated Unlearning without Clibration Global Epoch  = 267
Federated Unlearning without Clibration Global Epoch  = 268
Federated Unlearning without Clibration Global Epoch  = 269
Federated Unlearning without Clibration Global Epoch  = 270
Federated Unlearning without Clibration Global Epoch  = 271
Federated Unlearning without Clibration Global Epoch  = 272
Federated Unlearning without Clibration Global Epoch  = 273
Federated Unlearning without Clibration Global Epoch  = 274
Federated Unlearning without Clibration Global Epoch  = 275
Federated Unlearning without Clibration Global Epoch  = 276
Federated Unlearning without Clibration Global Epoch  = 277
Federated Unlearning without Clibration Global Epoch  = 278
Federated Unlearning without Clibration Global Epoch  = 279
Federated Unlearning without Clibration Global Epoch  = 280
Federated Unlearning without Clibration Global Epoch  = 281
Federated Unlearning without Clibration Global Epoch  = 282
Federated Unlearning without Clibration Global Epoch  = 283
Federated Unlearning without Clibration Global Epoch  = 284
Federated Unlearning without Clibration Global Epoch  = 285
Federated Unlearning without Clibration Global Epoch  = 286
Federated Unlearning without Clibration Global Epoch  = 287
Federated Unlearning without Clibration Global Epoch  = 288
Federated Unlearning without Clibration Global Epoch  = 289
Federated Unlearning without Clibration Global Epoch  = 290
Federated Unlearning without Clibration Global Epoch  = 291
Federated Unlearning without Clibration Global Epoch  = 292
Federated Unlearning without Clibration Global Epoch  = 293
Federated Unlearning without Clibration Global Epoch  = 294
Federated Unlearning without Clibration Global Epoch  = 295
Federated Unlearning without Clibration Global Epoch  = 296
Federated Unlearning without Clibration Global Epoch  = 297
Federated Unlearning without Clibration Global Epoch  = 298
Federated Unlearning without Clibration Global Epoch  = 299
Federated Unlearning without Clibration Global Epoch  = 300
Federated Unlearning without Clibration Global Epoch  = 301
Federated Unlearning without Clibration Global Epoch  = 302
Federated Unlearning without Clibration Global Epoch  = 303
Federated Unlearning without Clibration Global Epoch  = 304
Federated Unlearning without Clibration Global Epoch  = 305
Federated Unlearning without Clibration Global Epoch  = 306
Federated Unlearning without Clibration Global Epoch  = 307
Federated Unlearning without Clibration Global Epoch  = 308
Federated Unlearning without Clibration Global Epoch  = 309
Federated Unlearning without Clibration Global Epoch  = 310
Federated Unlearning without Clibration Global Epoch  = 311
Federated Unlearning without Clibration Global Epoch  = 312
Federated Unlearning without Clibration Global Epoch  = 313
Federated Unlearning without Clibration Global Epoch  = 314
Federated Unlearning without Clibration Global Epoch  = 315
Federated Unlearning without Clibration Global Epoch  = 316
Federated Unlearning without Clibration Global Epoch  = 317
Federated Unlearning without Clibration Global Epoch  = 318
Federated Unlearning without Clibration Global Epoch  = 319
Federated Unlearning without Clibration Global Epoch  = 320
Federated Unlearning without Clibration Global Epoch  = 321
Federated Unlearning without Clibration Global Epoch  = 322
Federated Unlearning without Clibration Global Epoch  = 323
Federated Unlearning without Clibration Global Epoch  = 324
Federated Unlearning without Clibration Global Epoch  = 325
Federated Unlearning without Clibration Global Epoch  = 326
Federated Unlearning without Clibration Global Epoch  = 327
Federated Unlearning without Clibration Global Epoch  = 328
Federated Unlearning without Clibration Global Epoch  = 329
Federated Unlearning without Clibration Global Epoch  = 330
Federated Unlearning without Clibration Global Epoch  = 331
Federated Unlearning without Clibration Global Epoch  = 332
Federated Unlearning without Clibration Global Epoch  = 333
Federated Unlearning without Clibration Global Epoch  = 334
Federated Unlearning without Clibration Global Epoch  = 335
Federated Unlearning without Clibration Global Epoch  = 336
Federated Unlearning without Clibration Global Epoch  = 337
Federated Unlearning without Clibration Global Epoch  = 338
Federated Unlearning without Clibration Global Epoch  = 339
Federated Unlearning without Clibration Global Epoch  = 340
Federated Unlearning without Clibration Global Epoch  = 341
Federated Unlearning without Clibration Global Epoch  = 342
Federated Unlearning without Clibration Global Epoch  = 343
Federated Unlearning without Clibration Global Epoch  = 344
Federated Unlearning without Clibration Global Epoch  = 345
Federated Unlearning without Clibration Global Epoch  = 346
Federated Unlearning without Clibration Global Epoch  = 347
Federated Unlearning without Clibration Global Epoch  = 348
Federated Unlearning without Clibration Global Epoch  = 349
Federated Unlearning without Clibration Global Epoch  = 350
Federated Unlearning without Clibration Global Epoch  = 351
Federated Unlearning without Clibration Global Epoch  = 352
Federated Unlearning without Clibration Global Epoch  = 353
Federated Unlearning without Clibration Global Epoch  = 354
Federated Unlearning without Clibration Global Epoch  = 355
Federated Unlearning without Clibration Global Epoch  = 356
Federated Unlearning without Clibration Global Epoch  = 357
Federated Unlearning without Clibration Global Epoch  = 358
Federated Unlearning without Clibration Global Epoch  = 359
Federated Unlearning without Clibration Global Epoch  = 360
Federated Unlearning without Clibration Global Epoch  = 361
Federated Unlearning without Clibration Global Epoch  = 362
Federated Unlearning without Clibration Global Epoch  = 363
Federated Unlearning without Clibration Global Epoch  = 364
Federated Unlearning without Clibration Global Epoch  = 365
Federated Unlearning without Clibration Global Epoch  = 366
Federated Unlearning without Clibration Global Epoch  = 367
Federated Unlearning without Clibration Global Epoch  = 368
Federated Unlearning without Clibration Global Epoch  = 369
Federated Unlearning without Clibration Global Epoch  = 370
Federated Unlearning without Clibration Global Epoch  = 371
Federated Unlearning without Clibration Global Epoch  = 372
Federated Unlearning without Clibration Global Epoch  = 373
Federated Unlearning without Clibration Global Epoch  = 374
Federated Unlearning without Clibration Global Epoch  = 375
Federated Unlearning without Clibration Global Epoch  = 376
Federated Unlearning without Clibration Global Epoch  = 377
Federated Unlearning without Clibration Global Epoch  = 378
Federated Unlearning without Clibration Global Epoch  = 379
Federated Unlearning without Clibration Global Epoch  = 380
Federated Unlearning without Clibration Global Epoch  = 381
Federated Unlearning without Clibration Global Epoch  = 382
Federated Unlearning without Clibration Global Epoch  = 383
Federated Unlearning without Clibration Global Epoch  = 384
Federated Unlearning without Clibration Global Epoch  = 385
Federated Unlearning without Clibration Global Epoch  = 386
Federated Unlearning without Clibration Global Epoch  = 387
Federated Unlearning without Clibration Global Epoch  = 388
Federated Unlearning without Clibration Global Epoch  = 389
Federated Unlearning without Clibration Global Epoch  = 390
Federated Unlearning without Clibration Global Epoch  = 391
Federated Unlearning without Clibration Global Epoch  = 392
Federated Unlearning without Clibration Global Epoch  = 393
Federated Unlearning without Clibration Global Epoch  = 394
Federated Unlearning without Clibration Global Epoch  = 395
Federated Unlearning without Clibration Global Epoch  = 396
Federated Unlearning without Clibration Global Epoch  = 397
Federated Unlearning without Clibration Global Epoch  = 398
Federated Unlearning without Clibration Global Epoch  = 399
Federated Unlearning without Clibration Global Epoch  = 400
Federated Unlearning without Clibration Global Epoch  = 401
Federated Unlearning without Clibration Global Epoch  = 402
Federated Unlearning without Clibration Global Epoch  = 403
Federated Unlearning without Clibration Global Epoch  = 404
Federated Unlearning without Clibration Global Epoch  = 405
Federated Unlearning without Clibration Global Epoch  = 406
Federated Unlearning without Clibration Global Epoch  = 407
Federated Unlearning without Clibration Global Epoch  = 408
Federated Unlearning without Clibration Global Epoch  = 409
Federated Unlearning without Clibration Global Epoch  = 410
Federated Unlearning without Clibration Global Epoch  = 411
Federated Unlearning without Clibration Global Epoch  = 412
Federated Unlearning without Clibration Global Epoch  = 413
Federated Unlearning without Clibration Global Epoch  = 414
Federated Unlearning without Clibration Global Epoch  = 415
Federated Unlearning without Clibration Global Epoch  = 416
Federated Unlearning without Clibration Global Epoch  = 417
Federated Unlearning without Clibration Global Epoch  = 418
Federated Unlearning without Clibration Global Epoch  = 419
Federated Unlearning without Clibration Global Epoch  = 420
Federated Unlearning without Clibration Global Epoch  = 421
Federated Unlearning without Clibration Global Epoch  = 422
Federated Unlearning without Clibration Global Epoch  = 423
Federated Unlearning without Clibration Global Epoch  = 424
Federated Unlearning without Clibration Global Epoch  = 425
Federated Unlearning without Clibration Global Epoch  = 426
Federated Unlearning without Clibration Global Epoch  = 427
Federated Unlearning without Clibration Global Epoch  = 428
Federated Unlearning without Clibration Global Epoch  = 429
Federated Unlearning without Clibration Global Epoch  = 430
Federated Unlearning without Clibration Global Epoch  = 431
Federated Unlearning without Clibration Global Epoch  = 432
Federated Unlearning without Clibration Global Epoch  = 433
Federated Unlearning without Clibration Global Epoch  = 434
Federated Unlearning without Clibration Global Epoch  = 435
Federated Unlearning without Clibration Global Epoch  = 436
Federated Unlearning without Clibration Global Epoch  = 437
Federated Unlearning without Clibration Global Epoch  = 438
Federated Unlearning without Clibration Global Epoch  = 439
Federated Unlearning without Clibration Global Epoch  = 440
Federated Unlearning without Clibration Global Epoch  = 441
Federated Unlearning without Clibration Global Epoch  = 442
Federated Unlearning without Clibration Global Epoch  = 443
Federated Unlearning without Clibration Global Epoch  = 444
Federated Unlearning without Clibration Global Epoch  = 445
Federated Unlearning without Clibration Global Epoch  = 446
Federated Unlearning without Clibration Global Epoch  = 447
Federated Unlearning without Clibration Global Epoch  = 448
Federated Unlearning without Clibration Global Epoch  = 449
Federated Unlearning without Clibration Global Epoch  = 450
Federated Unlearning without Clibration Global Epoch  = 451
Federated Unlearning without Clibration Global Epoch  = 452
Federated Unlearning without Clibration Global Epoch  = 453
Federated Unlearning without Clibration Global Epoch  = 454
Federated Unlearning without Clibration Global Epoch  = 455
Federated Unlearning without Clibration Global Epoch  = 456
Federated Unlearning without Clibration Global Epoch  = 457
Federated Unlearning without Clibration Global Epoch  = 458
Federated Unlearning without Clibration Global Epoch  = 459
Federated Unlearning without Clibration Global Epoch  = 460
Federated Unlearning without Clibration Global Epoch  = 461
Federated Unlearning without Clibration Global Epoch  = 462
Federated Unlearning without Clibration Global Epoch  = 463
Federated Unlearning without Clibration Global Epoch  = 464
Federated Unlearning without Clibration Global Epoch  = 465
Federated Unlearning without Clibration Global Epoch  = 466
Federated Unlearning without Clibration Global Epoch  = 467
Federated Unlearning without Clibration Global Epoch  = 468
Federated Unlearning without Clibration Global Epoch  = 469
Federated Unlearning without Clibration Global Epoch  = 470
Federated Unlearning without Clibration Global Epoch  = 471
Federated Unlearning without Clibration Global Epoch  = 472
Federated Unlearning without Clibration Global Epoch  = 473
Federated Unlearning without Clibration Global Epoch  = 474
Federated Unlearning without Clibration Global Epoch  = 475
Federated Unlearning without Clibration Global Epoch  = 476
Federated Unlearning without Clibration Global Epoch  = 477
Federated Unlearning without Clibration Global Epoch  = 478
Federated Unlearning without Clibration Global Epoch  = 479
Federated Unlearning without Clibration Global Epoch  = 480
Federated Unlearning without Clibration Global Epoch  = 481
Federated Unlearning without Clibration Global Epoch  = 482
Federated Unlearning without Clibration Global Epoch  = 483
Federated Unlearning without Clibration Global Epoch  = 484
Federated Unlearning without Clibration Global Epoch  = 485
Federated Unlearning without Clibration Global Epoch  = 486
Federated Unlearning without Clibration Global Epoch  = 487
Federated Unlearning without Clibration Global Epoch  = 488
Federated Unlearning without Clibration Global Epoch  = 489
Federated Unlearning without Clibration Global Epoch  = 490
Federated Unlearning without Clibration Global Epoch  = 491
Federated Unlearning without Clibration Global Epoch  = 492
Federated Unlearning without Clibration Global Epoch  = 493
Federated Unlearning without Clibration Global Epoch  = 494
Federated Unlearning without Clibration Global Epoch  = 495
Federated Unlearning without Clibration Global Epoch  = 496
Federated Unlearning without Clibration Global Epoch  = 497
Federated Unlearning without Clibration Global Epoch  = 498
Federated Unlearning without Clibration Global Epoch  = 499
Federated Unlearning without Clibration Global Epoch  = 500
Federated Unlearning without Clibration Global Epoch  = 501
Federated Unlearning without Clibration Global Epoch  = 502
Federated Unlearning without Clibration Global Epoch  = 503
Federated Unlearning without Clibration Global Epoch  = 504
Federated Unlearning without Clibration Global Epoch  = 505
Federated Unlearning without Clibration Global Epoch  = 506
Federated Unlearning without Clibration Global Epoch  = 507
Federated Unlearning without Clibration Global Epoch  = 508
Federated Unlearning without Clibration Global Epoch  = 509
Federated Unlearning without Clibration Global Epoch  = 510
Federated Unlearning without Clibration Global Epoch  = 511
Federated Unlearning without Clibration Global Epoch  = 512
Federated Unlearning without Clibration Global Epoch  = 513
Federated Unlearning without Clibration Global Epoch  = 514
Federated Unlearning without Clibration Global Epoch  = 515
Federated Unlearning without Clibration Global Epoch  = 516
Federated Unlearning without Clibration Global Epoch  = 517
Federated Unlearning without Clibration Global Epoch  = 518
Federated Unlearning without Clibration Global Epoch  = 519
Federated Unlearning without Clibration Global Epoch  = 520
Federated Unlearning without Clibration Global Epoch  = 521
Federated Unlearning without Clibration Global Epoch  = 522
Federated Unlearning without Clibration Global Epoch  = 523
Federated Unlearning without Clibration Global Epoch  = 524
Federated Unlearning without Clibration Global Epoch  = 525
Federated Unlearning without Clibration Global Epoch  = 526
Federated Unlearning without Clibration Global Epoch  = 527
Federated Unlearning without Clibration Global Epoch  = 528
Federated Unlearning without Clibration Global Epoch  = 529
Federated Unlearning without Clibration Global Epoch  = 530
Federated Unlearning without Clibration Global Epoch  = 531
Federated Unlearning without Clibration Global Epoch  = 532
Federated Unlearning without Clibration Global Epoch  = 533
Federated Unlearning without Clibration Global Epoch  = 534
Federated Unlearning without Clibration Global Epoch  = 535
Federated Unlearning without Clibration Global Epoch  = 536
Federated Unlearning without Clibration Global Epoch  = 537
Federated Unlearning without Clibration Global Epoch  = 538
Federated Unlearning without Clibration Global Epoch  = 539
Federated Unlearning without Clibration Global Epoch  = 540
Federated Unlearning without Clibration Global Epoch  = 541
Federated Unlearning without Clibration Global Epoch  = 542
Federated Unlearning without Clibration Global Epoch  = 543
Federated Unlearning without Clibration Global Epoch  = 544
Federated Unlearning without Clibration Global Epoch  = 545
Federated Unlearning without Clibration Global Epoch  = 546
Federated Unlearning without Clibration Global Epoch  = 547
Federated Unlearning without Clibration Global Epoch  = 548
Federated Unlearning without Clibration Global Epoch  = 549
Federated Unlearning without Clibration Global Epoch  = 550
Federated Unlearning without Clibration Global Epoch  = 551
Federated Unlearning without Clibration Global Epoch  = 552
Federated Unlearning without Clibration Global Epoch  = 553
Federated Unlearning without Clibration Global Epoch  = 554
Federated Unlearning without Clibration Global Epoch  = 555
Federated Unlearning without Clibration Global Epoch  = 556
Federated Unlearning without Clibration Global Epoch  = 557
Federated Unlearning without Clibration Global Epoch  = 558
Federated Unlearning without Clibration Global Epoch  = 559
Federated Unlearning without Clibration Global Epoch  = 560
Federated Unlearning without Clibration Global Epoch  = 561
Federated Unlearning without Clibration Global Epoch  = 562
Federated Unlearning without Clibration Global Epoch  = 563
Federated Unlearning without Clibration Global Epoch  = 564
Federated Unlearning without Clibration Global Epoch  = 565
Federated Unlearning without Clibration Global Epoch  = 566
Federated Unlearning without Clibration Global Epoch  = 567
Federated Unlearning without Clibration Global Epoch  = 568
Federated Unlearning without Clibration Global Epoch  = 569
Federated Unlearning without Clibration Global Epoch  = 570
Federated Unlearning without Clibration Global Epoch  = 571
Federated Unlearning without Clibration Global Epoch  = 572
Federated Unlearning without Clibration Global Epoch  = 573
Federated Unlearning without Clibration Global Epoch  = 574
Federated Unlearning without Clibration Global Epoch  = 575
Federated Unlearning without Clibration Global Epoch  = 576
Federated Unlearning without Clibration Global Epoch  = 577
Federated Unlearning without Clibration Global Epoch  = 578
Federated Unlearning without Clibration Global Epoch  = 579
Federated Unlearning without Clibration Global Epoch  = 580
Federated Unlearning without Clibration Global Epoch  = 581
Federated Unlearning without Clibration Global Epoch  = 582
Federated Unlearning without Clibration Global Epoch  = 583
Federated Unlearning without Clibration Global Epoch  = 584
Federated Unlearning without Clibration Global Epoch  = 585
Federated Unlearning without Clibration Global Epoch  = 586
Federated Unlearning without Clibration Global Epoch  = 587
Federated Unlearning without Clibration Global Epoch  = 588
Federated Unlearning without Clibration Global Epoch  = 589
Federated Unlearning without Clibration Global Epoch  = 590
Federated Unlearning without Clibration Global Epoch  = 591
Federated Unlearning without Clibration Global Epoch  = 592
Federated Unlearning without Clibration Global Epoch  = 593
Federated Unlearning without Clibration Global Epoch  = 594
Federated Unlearning without Clibration Global Epoch  = 595
Federated Unlearning without Clibration Global Epoch  = 596
Federated Unlearning without Clibration Global Epoch  = 597
Federated Unlearning without Clibration Global Epoch  = 598
Federated Unlearning without Clibration Global Epoch  = 599
Federated Unlearning Global Epoch  = 1
Federated Unlearning Global Epoch  = 2
Federated Unlearning Global Epoch  = 3
Federated Unlearning Global Epoch  = 4
Federated Unlearning Global Epoch  = 5
Federated Unlearning Global Epoch  = 6
Federated Unlearning Global Epoch  = 7
Federated Unlearning Global Epoch  = 8
Federated Unlearning Global Epoch  = 9
Federated Unlearning Global Epoch  = 10
Federated Unlearning Global Epoch  = 11
Federated Unlearning Global Epoch  = 12
Federated Unlearning Global Epoch  = 13
Federated Unlearning Global Epoch  = 14
Federated Unlearning Global Epoch  = 15
Federated Unlearning Global Epoch  = 16
Federated Unlearning Global Epoch  = 17
Federated Unlearning Global Epoch  = 18
Federated Unlearning Global Epoch  = 19
Federated Unlearning Global Epoch  = 20
Federated Unlearning Global Epoch  = 21
Federated Unlearning Global Epoch  = 22
Federated Unlearning Global Epoch  = 23
Federated Unlearning Global Epoch  = 24
Federated Unlearning Global Epoch  = 25
Federated Unlearning Global Epoch  = 26
Federated Unlearning Global Epoch  = 27
Federated Unlearning Global Epoch  = 28
Federated Unlearning Global Epoch  = 29
Federated Unlearning Global Epoch  = 30
Federated Unlearning Global Epoch  = 31
Federated Unlearning Global Epoch  = 32
Federated Unlearning Global Epoch  = 33
Federated Unlearning Global Epoch  = 34
Federated Unlearning Global Epoch  = 35
Federated Unlearning Global Epoch  = 36
Federated Unlearning Global Epoch  = 37
Federated Unlearning Global Epoch  = 38
Federated Unlearning Global Epoch  = 39
Federated Unlearning Global Epoch  = 40
Federated Unlearning Global Epoch  = 41
Federated Unlearning Global Epoch  = 42
Federated Unlearning Global Epoch  = 43
Federated Unlearning Global Epoch  = 44
Federated Unlearning Global Epoch  = 45
Federated Unlearning Global Epoch  = 46
Federated Unlearning Global Epoch  = 47
Federated Unlearning Global Epoch  = 48
Federated Unlearning Global Epoch  = 49
Federated Unlearning Global Epoch  = 50
Federated Unlearning Global Epoch  = 51
Federated Unlearning Global Epoch  = 52
Federated Unlearning Global Epoch  = 53
Federated Unlearning Global Epoch  = 54
Federated Unlearning Global Epoch  = 55
Federated Unlearning Global Epoch  = 56
Federated Unlearning Global Epoch  = 57
Federated Unlearning Global Epoch  = 58
Federated Unlearning Global Epoch  = 59
Federated Unlearning Global Epoch  = 60
Federated Unlearning Global Epoch  = 61
Federated Unlearning Global Epoch  = 62
Federated Unlearning Global Epoch  = 63
Federated Unlearning Global Epoch  = 64
Federated Unlearning Global Epoch  = 65
Federated Unlearning Global Epoch  = 66
Federated Unlearning Global Epoch  = 67
Federated Unlearning Global Epoch  = 68
Federated Unlearning Global Epoch  = 69
Federated Unlearning Global Epoch  = 70
Federated Unlearning Global Epoch  = 71
Federated Unlearning Global Epoch  = 72
Federated Unlearning Global Epoch  = 73
Federated Unlearning Global Epoch  = 74
Federated Unlearning Global Epoch  = 75
Federated Unlearning Global Epoch  = 76
Federated Unlearning Global Epoch  = 77
Federated Unlearning Global Epoch  = 78
Federated Unlearning Global Epoch  = 79
Federated Unlearning Global Epoch  = 80
Federated Unlearning Global Epoch  = 81
Federated Unlearning Global Epoch  = 82
Federated Unlearning Global Epoch  = 83
Federated Unlearning Global Epoch  = 84
Federated Unlearning Global Epoch  = 85
Federated Unlearning Global Epoch  = 86
Federated Unlearning Global Epoch  = 87
Federated Unlearning Global Epoch  = 88
Federated Unlearning Global Epoch  = 89
Federated Unlearning Global Epoch  = 90
Federated Unlearning Global Epoch  = 91
Federated Unlearning Global Epoch  = 92
Federated Unlearning Global Epoch  = 93
Federated Unlearning Global Epoch  = 94
Federated Unlearning Global Epoch  = 95
Federated Unlearning Global Epoch  = 96
Federated Unlearning Global Epoch  = 97
Federated Unlearning Global Epoch  = 98
Federated Unlearning Global Epoch  = 99
Federated Unlearning Global Epoch  = 100
Federated Unlearning Global Epoch  = 101
Federated Unlearning Global Epoch  = 102
Federated Unlearning Global Epoch  = 103
Federated Unlearning Global Epoch  = 104
Federated Unlearning Global Epoch  = 105
Federated Unlearning Global Epoch  = 106
Federated Unlearning Global Epoch  = 107
Federated Unlearning Global Epoch  = 108
Federated Unlearning Global Epoch  = 109
Federated Unlearning Global Epoch  = 110
Federated Unlearning Global Epoch  = 111
Federated Unlearning Global Epoch  = 112
Federated Unlearning Global Epoch  = 113
Federated Unlearning Global Epoch  = 114
Federated Unlearning Global Epoch  = 115
Federated Unlearning Global Epoch  = 116
Federated Unlearning Global Epoch  = 117
Federated Unlearning Global Epoch  = 118
Federated Unlearning Global Epoch  = 119
Federated Unlearning Global Epoch  = 120
Federated Unlearning Global Epoch  = 121
Federated Unlearning Global Epoch  = 122
Federated Unlearning Global Epoch  = 123
Federated Unlearning Global Epoch  = 124
Federated Unlearning Global Epoch  = 125
Federated Unlearning Global Epoch  = 126
Federated Unlearning Global Epoch  = 127
Federated Unlearning Global Epoch  = 128
Federated Unlearning Global Epoch  = 129
Federated Unlearning Global Epoch  = 130
Federated Unlearning Global Epoch  = 131
Federated Unlearning Global Epoch  = 132
Federated Unlearning Global Epoch  = 133
Federated Unlearning Global Epoch  = 134
Federated Unlearning Global Epoch  = 135
Federated Unlearning Global Epoch  = 136
Federated Unlearning Global Epoch  = 137
Federated Unlearning Global Epoch  = 138
Federated Unlearning Global Epoch  = 139
Federated Unlearning Global Epoch  = 140
Federated Unlearning Global Epoch  = 141
Federated Unlearning Global Epoch  = 142
Federated Unlearning Global Epoch  = 143
Federated Unlearning Global Epoch  = 144
Federated Unlearning Global Epoch  = 145
Federated Unlearning Global Epoch  = 146
Federated Unlearning Global Epoch  = 147
Federated Unlearning Global Epoch  = 148
Federated Unlearning Global Epoch  = 149
Federated Unlearning Global Epoch  = 150
Federated Unlearning Global Epoch  = 151
Federated Unlearning Global Epoch  = 152
Federated Unlearning Global Epoch  = 153
Federated Unlearning Global Epoch  = 154
Federated Unlearning Global Epoch  = 155
Federated Unlearning Global Epoch  = 156
Federated Unlearning Global Epoch  = 157
Federated Unlearning Global Epoch  = 158
Federated Unlearning Global Epoch  = 159
Federated Unlearning Global Epoch  = 160
Federated Unlearning Global Epoch  = 161
Federated Unlearning Global Epoch  = 162
Federated Unlearning Global Epoch  = 163
Federated Unlearning Global Epoch  = 164
Federated Unlearning Global Epoch  = 165
Federated Unlearning Global Epoch  = 166
Federated Unlearning Global Epoch  = 167
Federated Unlearning Global Epoch  = 168
Federated Unlearning Global Epoch  = 169
Federated Unlearning Global Epoch  = 170
Federated Unlearning Global Epoch  = 171
Federated Unlearning Global Epoch  = 172
Federated Unlearning Global Epoch  = 173
Federated Unlearning Global Epoch  = 174
Federated Unlearning Global Epoch  = 175
Federated Unlearning Global Epoch  = 176
Federated Unlearning Global Epoch  = 177
Federated Unlearning Global Epoch  = 178
Federated Unlearning Global Epoch  = 179
Federated Unlearning Global Epoch  = 180
Federated Unlearning Global Epoch  = 181
Federated Unlearning Global Epoch  = 182
Federated Unlearning Global Epoch  = 183
Federated Unlearning Global Epoch  = 184
Federated Unlearning Global Epoch  = 185
Federated Unlearning Global Epoch  = 186
Federated Unlearning Global Epoch  = 187
Federated Unlearning Global Epoch  = 188
Federated Unlearning Global Epoch  = 189
Federated Unlearning Global Epoch  = 190
Federated Unlearning Global Epoch  = 191
Federated Unlearning Global Epoch  = 192
Federated Unlearning Global Epoch  = 193
Federated Unlearning Global Epoch  = 194
Federated Unlearning Global Epoch  = 195
Federated Unlearning Global Epoch  = 196
Federated Unlearning Global Epoch  = 197
Federated Unlearning Global Epoch  = 198
Federated Unlearning Global Epoch  = 199
Federated Unlearning Global Epoch  = 200
Federated Unlearning Global Epoch  = 201
Federated Unlearning Global Epoch  = 202
Federated Unlearning Global Epoch  = 203
Federated Unlearning Global Epoch  = 204
Federated Unlearning Global Epoch  = 205
Federated Unlearning Global Epoch  = 206
Federated Unlearning Global Epoch  = 207
Federated Unlearning Global Epoch  = 208
Federated Unlearning Global Epoch  = 209
Federated Unlearning Global Epoch  = 210
Federated Unlearning Global Epoch  = 211
Federated Unlearning Global Epoch  = 212
Federated Unlearning Global Epoch  = 213
Federated Unlearning Global Epoch  = 214
Federated Unlearning Global Epoch  = 215
Federated Unlearning Global Epoch  = 216
Federated Unlearning Global Epoch  = 217
Federated Unlearning Global Epoch  = 218
Federated Unlearning Global Epoch  = 219
Federated Unlearning Global Epoch  = 220
Federated Unlearning Global Epoch  = 221
Federated Unlearning Global Epoch  = 222
Federated Unlearning Global Epoch  = 223
Federated Unlearning Global Epoch  = 224
Federated Unlearning Global Epoch  = 225
Federated Unlearning Global Epoch  = 226
Federated Unlearning Global Epoch  = 227
Federated Unlearning Global Epoch  = 228
Federated Unlearning Global Epoch  = 229
Federated Unlearning Global Epoch  = 230
Federated Unlearning Global Epoch  = 231
Federated Unlearning Global Epoch  = 232
Federated Unlearning Global Epoch  = 233
Federated Unlearning Global Epoch  = 234
Federated Unlearning Global Epoch  = 235
Federated Unlearning Global Epoch  = 236
Federated Unlearning Global Epoch  = 237
Federated Unlearning Global Epoch  = 238
Federated Unlearning Global Epoch  = 239
Federated Unlearning Global Epoch  = 240
Federated Unlearning Global Epoch  = 241
Federated Unlearning Global Epoch  = 242
Federated Unlearning Global Epoch  = 243
Federated Unlearning Global Epoch  = 244
Federated Unlearning Global Epoch  = 245
Federated Unlearning Global Epoch  = 246
Federated Unlearning Global Epoch  = 247
Federated Unlearning Global Epoch  = 248
Federated Unlearning Global Epoch  = 249
Federated Unlearning Global Epoch  = 250
Federated Unlearning Global Epoch  = 251
Federated Unlearning Global Epoch  = 252
Federated Unlearning Global Epoch  = 253
Federated Unlearning Global Epoch  = 254
Federated Unlearning Global Epoch  = 255
Federated Unlearning Global Epoch  = 256
Federated Unlearning Global Epoch  = 257
Federated Unlearning Global Epoch  = 258
Federated Unlearning Global Epoch  = 259
Federated Unlearning Global Epoch  = 260
Federated Unlearning Global Epoch  = 261
Federated Unlearning Global Epoch  = 262
Federated Unlearning Global Epoch  = 263
Federated Unlearning Global Epoch  = 264
Federated Unlearning Global Epoch  = 265
Federated Unlearning Global Epoch  = 266
Federated Unlearning Global Epoch  = 267
Federated Unlearning Global Epoch  = 268
Federated Unlearning Global Epoch  = 269
Federated Unlearning Global Epoch  = 270
Federated Unlearning Global Epoch  = 271
Federated Unlearning Global Epoch  = 272
Federated Unlearning Global Epoch  = 273
Federated Unlearning Global Epoch  = 274
Federated Unlearning Global Epoch  = 275
Federated Unlearning Global Epoch  = 276
Federated Unlearning Global Epoch  = 277
Federated Unlearning Global Epoch  = 278
Federated Unlearning Global Epoch  = 279
Federated Unlearning Global Epoch  = 280
Federated Unlearning Global Epoch  = 281
Federated Unlearning Global Epoch  = 282
Federated Unlearning Global Epoch  = 283
Federated Unlearning Global Epoch  = 284
Federated Unlearning Global Epoch  = 285
Federated Unlearning Global Epoch  = 286
Federated Unlearning Global Epoch  = 287
Federated Unlearning Global Epoch  = 288
Federated Unlearning Global Epoch  = 289
Federated Unlearning Global Epoch  = 290
Federated Unlearning Global Epoch  = 291
Federated Unlearning Global Epoch  = 292
Federated Unlearning Global Epoch  = 293
Federated Unlearning Global Epoch  = 294
Federated Unlearning Global Epoch  = 295
Federated Unlearning Global Epoch  = 296
Federated Unlearning Global Epoch  = 297
Federated Unlearning Global Epoch  = 298
Federated Unlearning Global Epoch  = 299
Federated Unlearning Global Epoch  = 300
Federated Unlearning Global Epoch  = 301
Federated Unlearning Global Epoch  = 302
Federated Unlearning Global Epoch  = 303
Federated Unlearning Global Epoch  = 304
Federated Unlearning Global Epoch  = 305
Federated Unlearning Global Epoch  = 306
Federated Unlearning Global Epoch  = 307
Federated Unlearning Global Epoch  = 308
Federated Unlearning Global Epoch  = 309
Federated Unlearning Global Epoch  = 310
Federated Unlearning Global Epoch  = 311
Federated Unlearning Global Epoch  = 312
Federated Unlearning Global Epoch  = 313
Federated Unlearning Global Epoch  = 314
Federated Unlearning Global Epoch  = 315
Federated Unlearning Global Epoch  = 316
Federated Unlearning Global Epoch  = 317
Federated Unlearning Global Epoch  = 318
Federated Unlearning Global Epoch  = 319
Federated Unlearning Global Epoch  = 320
Federated Unlearning Global Epoch  = 321
Federated Unlearning Global Epoch  = 322
Federated Unlearning Global Epoch  = 323
Federated Unlearning Global Epoch  = 324
Federated Unlearning Global Epoch  = 325
Federated Unlearning Global Epoch  = 326
Federated Unlearning Global Epoch  = 327
Federated Unlearning Global Epoch  = 328
Federated Unlearning Global Epoch  = 329
Federated Unlearning Global Epoch  = 330
Federated Unlearning Global Epoch  = 331
Federated Unlearning Global Epoch  = 332
Federated Unlearning Global Epoch  = 333
Federated Unlearning Global Epoch  = 334
Federated Unlearning Global Epoch  = 335
Federated Unlearning Global Epoch  = 336
Federated Unlearning Global Epoch  = 337
Federated Unlearning Global Epoch  = 338
Federated Unlearning Global Epoch  = 339
Federated Unlearning Global Epoch  = 340
Federated Unlearning Global Epoch  = 341
Federated Unlearning Global Epoch  = 342
Federated Unlearning Global Epoch  = 343
Federated Unlearning Global Epoch  = 344
Federated Unlearning Global Epoch  = 345
Federated Unlearning Global Epoch  = 346
Federated Unlearning Global Epoch  = 347
Federated Unlearning Global Epoch  = 348
Federated Unlearning Global Epoch  = 349
Federated Unlearning Global Epoch  = 350
Federated Unlearning Global Epoch  = 351
Federated Unlearning Global Epoch  = 352
Federated Unlearning Global Epoch  = 353
Federated Unlearning Global Epoch  = 354
Federated Unlearning Global Epoch  = 355
Federated Unlearning Global Epoch  = 356
Federated Unlearning Global Epoch  = 357
Federated Unlearning Global Epoch  = 358
Federated Unlearning Global Epoch  = 359
Federated Unlearning Global Epoch  = 360
Federated Unlearning Global Epoch  = 361
Federated Unlearning Global Epoch  = 362
Federated Unlearning Global Epoch  = 363
Federated Unlearning Global Epoch  = 364
Federated Unlearning Global Epoch  = 365
Federated Unlearning Global Epoch  = 366
Federated Unlearning Global Epoch  = 367
Federated Unlearning Global Epoch  = 368
Federated Unlearning Global Epoch  = 369
Federated Unlearning Global Epoch  = 370
Federated Unlearning Global Epoch  = 371
Federated Unlearning Global Epoch  = 372
Federated Unlearning Global Epoch  = 373
Federated Unlearning Global Epoch  = 374
Federated Unlearning Global Epoch  = 375
Federated Unlearning Global Epoch  = 376
Federated Unlearning Global Epoch  = 377
Federated Unlearning Global Epoch  = 378
Federated Unlearning Global Epoch  = 379
Federated Unlearning Global Epoch  = 380
Federated Unlearning Global Epoch  = 381
Federated Unlearning Global Epoch  = 382
Federated Unlearning Global Epoch  = 383
Federated Unlearning Global Epoch  = 384
Federated Unlearning Global Epoch  = 385
Federated Unlearning Global Epoch  = 386
Federated Unlearning Global Epoch  = 387
Federated Unlearning Global Epoch  = 388
Federated Unlearning Global Epoch  = 389
Federated Unlearning Global Epoch  = 390
Federated Unlearning Global Epoch  = 391
Federated Unlearning Global Epoch  = 392
Federated Unlearning Global Epoch  = 393
Federated Unlearning Global Epoch  = 394
Federated Unlearning Global Epoch  = 395
Federated Unlearning Global Epoch  = 396
Federated Unlearning Global Epoch  = 397
Federated Unlearning Global Epoch  = 398
Federated Unlearning Global Epoch  = 399
Federated Unlearning Global Epoch  = 400
Federated Unlearning Global Epoch  = 401
Federated Unlearning Global Epoch  = 402
Federated Unlearning Global Epoch  = 403
Federated Unlearning Global Epoch  = 404
Federated Unlearning Global Epoch  = 405
Federated Unlearning Global Epoch  = 406
Federated Unlearning Global Epoch  = 407
Federated Unlearning Global Epoch  = 408
Federated Unlearning Global Epoch  = 409
Federated Unlearning Global Epoch  = 410
Federated Unlearning Global Epoch  = 411
Federated Unlearning Global Epoch  = 412
Federated Unlearning Global Epoch  = 413
Federated Unlearning Global Epoch  = 414
Federated Unlearning Global Epoch  = 415
Federated Unlearning Global Epoch  = 416
Federated Unlearning Global Epoch  = 417
Federated Unlearning Global Epoch  = 418
Federated Unlearning Global Epoch  = 419
Federated Unlearning Global Epoch  = 420
Federated Unlearning Global Epoch  = 421
Federated Unlearning Global Epoch  = 422
Federated Unlearning Global Epoch  = 423
Federated Unlearning Global Epoch  = 424
Federated Unlearning Global Epoch  = 425
Federated Unlearning Global Epoch  = 426
Federated Unlearning Global Epoch  = 427
Federated Unlearning Global Epoch  = 428
Federated Unlearning Global Epoch  = 429
Federated Unlearning Global Epoch  = 430
Federated Unlearning Global Epoch  = 431
Federated Unlearning Global Epoch  = 432
Federated Unlearning Global Epoch  = 433
Federated Unlearning Global Epoch  = 434
Federated Unlearning Global Epoch  = 435
Federated Unlearning Global Epoch  = 436
Federated Unlearning Global Epoch  = 437
Federated Unlearning Global Epoch  = 438
Federated Unlearning Global Epoch  = 439
Federated Unlearning Global Epoch  = 440
Federated Unlearning Global Epoch  = 441
Federated Unlearning Global Epoch  = 442
Federated Unlearning Global Epoch  = 443
Federated Unlearning Global Epoch  = 444
Federated Unlearning Global Epoch  = 445
Federated Unlearning Global Epoch  = 446
Federated Unlearning Global Epoch  = 447
Federated Unlearning Global Epoch  = 448
Federated Unlearning Global Epoch  = 449
Federated Unlearning Global Epoch  = 450
Federated Unlearning Global Epoch  = 451
Federated Unlearning Global Epoch  = 452
Federated Unlearning Global Epoch  = 453
Federated Unlearning Global Epoch  = 454
Federated Unlearning Global Epoch  = 455
Federated Unlearning Global Epoch  = 456
Federated Unlearning Global Epoch  = 457
Federated Unlearning Global Epoch  = 458
Federated Unlearning Global Epoch  = 459
Federated Unlearning Global Epoch  = 460
Federated Unlearning Global Epoch  = 461
Federated Unlearning Global Epoch  = 462
Federated Unlearning Global Epoch  = 463
Federated Unlearning Global Epoch  = 464
Federated Unlearning Global Epoch  = 465
Federated Unlearning Global Epoch  = 466
Federated Unlearning Global Epoch  = 467
Federated Unlearning Global Epoch  = 468
Federated Unlearning Global Epoch  = 469
Federated Unlearning Global Epoch  = 470
Federated Unlearning Global Epoch  = 471
Federated Unlearning Global Epoch  = 472
Federated Unlearning Global Epoch  = 473
Federated Unlearning Global Epoch  = 474
Federated Unlearning Global Epoch  = 475
Federated Unlearning Global Epoch  = 476
Federated Unlearning Global Epoch  = 477
Federated Unlearning Global Epoch  = 478
Federated Unlearning Global Epoch  = 479
Federated Unlearning Global Epoch  = 480
Federated Unlearning Global Epoch  = 481
Federated Unlearning Global Epoch  = 482
Federated Unlearning Global Epoch  = 483
Federated Unlearning Global Epoch  = 484
Federated Unlearning Global Epoch  = 485
Federated Unlearning Global Epoch  = 486
Federated Unlearning Global Epoch  = 487
Federated Unlearning Global Epoch  = 488
Federated Unlearning Global Epoch  = 489
Federated Unlearning Global Epoch  = 490
Federated Unlearning Global Epoch  = 491
Federated Unlearning Global Epoch  = 492
Federated Unlearning Global Epoch  = 493
Federated Unlearning Global Epoch  = 494
Federated Unlearning Global Epoch  = 495
Federated Unlearning Global Epoch  = 496
Federated Unlearning Global Epoch  = 497
Federated Unlearning Global Epoch  = 498
Federated Unlearning Global Epoch  = 499
Federated Unlearning Global Epoch  = 500
Federated Unlearning Global Epoch  = 501
Federated Unlearning Global Epoch  = 502
Federated Unlearning Global Epoch  = 503
Federated Unlearning Global Epoch  = 504
Federated Unlearning Global Epoch  = 505
Federated Unlearning Global Epoch  = 506
Federated Unlearning Global Epoch  = 507
Federated Unlearning Global Epoch  = 508
Federated Unlearning Global Epoch  = 509
Federated Unlearning Global Epoch  = 510
Federated Unlearning Global Epoch  = 511
Federated Unlearning Global Epoch  = 512
Federated Unlearning Global Epoch  = 513
Federated Unlearning Global Epoch  = 514
Federated Unlearning Global Epoch  = 515
Federated Unlearning Global Epoch  = 516
Federated Unlearning Global Epoch  = 517
Federated Unlearning Global Epoch  = 518
Federated Unlearning Global Epoch  = 519
Federated Unlearning Global Epoch  = 520
Federated Unlearning Global Epoch  = 521
Federated Unlearning Global Epoch  = 522
Federated Unlearning Global Epoch  = 523
Federated Unlearning Global Epoch  = 524
Federated Unlearning Global Epoch  = 525
Federated Unlearning Global Epoch  = 526
Federated Unlearning Global Epoch  = 527
Federated Unlearning Global Epoch  = 528
Federated Unlearning Global Epoch  = 529
Federated Unlearning Global Epoch  = 530
Federated Unlearning Global Epoch  = 531
Federated Unlearning Global Epoch  = 532
Federated Unlearning Global Epoch  = 533
Federated Unlearning Global Epoch  = 534
Federated Unlearning Global Epoch  = 535
Federated Unlearning Global Epoch  = 536
Federated Unlearning Global Epoch  = 537
Federated Unlearning Global Epoch  = 538
Federated Unlearning Global Epoch  = 539
Federated Unlearning Global Epoch  = 540
Federated Unlearning Global Epoch  = 541
Federated Unlearning Global Epoch  = 542
Federated Unlearning Global Epoch  = 543
Federated Unlearning Global Epoch  = 544
Federated Unlearning Global Epoch  = 545
Federated Unlearning Global Epoch  = 546
Federated Unlearning Global Epoch  = 547
Federated Unlearning Global Epoch  = 548
Federated Unlearning Global Epoch  = 549
Federated Unlearning Global Epoch  = 550
Federated Unlearning Global Epoch  = 551
Federated Unlearning Global Epoch  = 552
Federated Unlearning Global Epoch  = 553
Federated Unlearning Global Epoch  = 554
Federated Unlearning Global Epoch  = 555
Federated Unlearning Global Epoch  = 556
Federated Unlearning Global Epoch  = 557
Federated Unlearning Global Epoch  = 558
Federated Unlearning Global Epoch  = 559
Federated Unlearning Global Epoch  = 560
Federated Unlearning Global Epoch  = 561
Federated Unlearning Global Epoch  = 562
Federated Unlearning Global Epoch  = 563
Federated Unlearning Global Epoch  = 564
Federated Unlearning Global Epoch  = 565
Federated Unlearning Global Epoch  = 566
Federated Unlearning Global Epoch  = 567
Federated Unlearning Global Epoch  = 568
Federated Unlearning Global Epoch  = 569
Federated Unlearning Global Epoch  = 570
Federated Unlearning Global Epoch  = 571
Federated Unlearning Global Epoch  = 572
Federated Unlearning Global Epoch  = 573
Federated Unlearning Global Epoch  = 574
Federated Unlearning Global Epoch  = 575
Federated Unlearning Global Epoch  = 576
Federated Unlearning Global Epoch  = 577
Federated Unlearning Global Epoch  = 578
Federated Unlearning Global Epoch  = 579
Federated Unlearning Global Epoch  = 580
Federated Unlearning Global Epoch  = 581
Federated Unlearning Global Epoch  = 582
Federated Unlearning Global Epoch  = 583
Federated Unlearning Global Epoch  = 584
Federated Unlearning Global Epoch  = 585
Federated Unlearning Global Epoch  = 586
Federated Unlearning Global Epoch  = 587
Federated Unlearning Global Epoch  = 588
Federated Unlearning Global Epoch  = 589
Federated Unlearning Global Epoch  = 590
Federated Unlearning Global Epoch  = 591
Federated Unlearning Global Epoch  = 592
Federated Unlearning Global Epoch  = 593
Federated Unlearning Global Epoch  = 594
Federated Unlearning Global Epoch  = 595
Federated Unlearning Global Epoch  = 596
Federated Unlearning Global Epoch  = 597
Federated Unlearning Global Epoch  = 598
Federated Unlearning Global Epoch  = 599
#####  Federated Unlearning without Calibration End  #####
 Learning time consuming = 7098.830174922943 secods
 Unlearning time consuming = 1.7093610763549805 secods
 Unlearning no Cali time consuming = 4.346375942230225 secods


#####  【Federated Retraining Start】  #####
Global Federated Learning epoch = 0
Test Loss=0.0213, Test accuracy=0.5056
Global Federated Learning epoch = 1
Test Loss=0.0218, Test accuracy=0.5062
Global Federated Learning epoch = 2
Test Loss=0.0223, Test accuracy=0.5037
Global Federated Learning epoch = 3
Test Loss=0.0228, Test accuracy=0.5026
Global Federated Learning epoch = 4
Test Loss=0.0231, Test accuracy=0.5023
Global Federated Learning epoch = 5
Test Loss=0.0234, Test accuracy=0.5006
Global Federated Learning epoch = 6
Test Loss=0.0237, Test accuracy=0.4985
Global Federated Learning epoch = 7
Test Loss=0.0239, Test accuracy=0.5000
Global Federated Learning epoch = 8
Test Loss=0.0241, Test accuracy=0.4994
Global Federated Learning epoch = 9
Test Loss=0.0243, Test accuracy=0.4984
Global Federated Learning epoch = 10
Test Loss=0.0245, Test accuracy=0.4992
Global Federated Learning epoch = 11
Test Loss=0.0247, Test accuracy=0.4982
Global Federated Learning epoch = 12
Test Loss=0.0248, Test accuracy=0.4989
Global Federated Learning epoch = 13
Test Loss=0.0250, Test accuracy=0.4975
Global Federated Learning epoch = 14
Test Loss=0.0252, Test accuracy=0.4969
Global Federated Learning epoch = 15
Test Loss=0.0253, Test accuracy=0.4979
Global Federated Learning epoch = 16
Test Loss=0.0254, Test accuracy=0.4980
Global Federated Learning epoch = 17
Test Loss=0.0257, Test accuracy=0.4973
Global Federated Learning epoch = 18
Test Loss=0.0257, Test accuracy=0.4983
Global Federated Learning epoch = 19
Test Loss=0.0258, Test accuracy=0.4978
Global Federated Learning epoch = 20
Test Loss=0.0261, Test accuracy=0.4973
Global Federated Learning epoch = 21
Test Loss=0.0262, Test accuracy=0.4972
Global Federated Learning epoch = 22
Test Loss=0.0262, Test accuracy=0.4981
Global Federated Learning epoch = 23
Test Loss=0.0263, Test accuracy=0.4983
Global Federated Learning epoch = 24
Test Loss=0.0265, Test accuracy=0.4971
Global Federated Learning epoch = 25
Test Loss=0.0266, Test accuracy=0.4986
Global Federated Learning epoch = 26
Test Loss=0.0267, Test accuracy=0.4972
Global Federated Learning epoch = 27
Test Loss=0.0269, Test accuracy=0.4959
Global Federated Learning epoch = 28
Test Loss=0.0269, Test accuracy=0.4973
Global Federated Learning epoch = 29
Test Loss=0.0270, Test accuracy=0.4961
Global Federated Learning epoch = 30
Test Loss=0.0271, Test accuracy=0.4985
Global Federated Learning epoch = 31
Test Loss=0.0271, Test accuracy=0.4996
Global Federated Learning epoch = 32
Test Loss=0.0273, Test accuracy=0.4970
Global Federated Learning epoch = 33
Test Loss=0.0275, Test accuracy=0.4969
Global Federated Learning epoch = 34
Test Loss=0.0275, Test accuracy=0.4974
Global Federated Learning epoch = 35
Test Loss=0.0275, Test accuracy=0.4971
Global Federated Learning epoch = 36
Test Loss=0.0275, Test accuracy=0.4982
Global Federated Learning epoch = 37
Test Loss=0.0277, Test accuracy=0.4970
Global Federated Learning epoch = 38
Test Loss=0.0278, Test accuracy=0.4976
Global Federated Learning epoch = 39
Test Loss=0.0279, Test accuracy=0.4971
Global Federated Learning epoch = 40
Test Loss=0.0279, Test accuracy=0.4972
Global Federated Learning epoch = 41
Test Loss=0.0280, Test accuracy=0.4947
Global Federated Learning epoch = 42
Test Loss=0.0281, Test accuracy=0.4959
Global Federated Learning epoch = 43
Test Loss=0.0281, Test accuracy=0.4968
Global Federated Learning epoch = 44
Test Loss=0.0284, Test accuracy=0.4959
Global Federated Learning epoch = 45
Test Loss=0.0283, Test accuracy=0.4964
Global Federated Learning epoch = 46
Test Loss=0.0284, Test accuracy=0.4976
Global Federated Learning epoch = 47
Test Loss=0.0285, Test accuracy=0.4972
Global Federated Learning epoch = 48
Test Loss=0.0286, Test accuracy=0.4963
Global Federated Learning epoch = 49
Test Loss=0.0287, Test accuracy=0.4947
Global Federated Learning epoch = 50
Test Loss=0.0287, Test accuracy=0.4964
Global Federated Learning epoch = 51
Test Loss=0.0287, Test accuracy=0.4968
Global Federated Learning epoch = 52
Test Loss=0.0287, Test accuracy=0.4973
Global Federated Learning epoch = 53
Test Loss=0.0288, Test accuracy=0.4958
Global Federated Learning epoch = 54
Test Loss=0.0290, Test accuracy=0.4957
Global Federated Learning epoch = 55
Test Loss=0.0290, Test accuracy=0.4949
Global Federated Learning epoch = 56
Test Loss=0.0291, Test accuracy=0.4963
Global Federated Learning epoch = 57
Test Loss=0.0290, Test accuracy=0.4972
Global Federated Learning epoch = 58
Test Loss=0.0292, Test accuracy=0.4956
Global Federated Learning epoch = 59
Test Loss=0.0292, Test accuracy=0.4959
Global Federated Learning epoch = 60
Test Loss=0.0292, Test accuracy=0.4964
Global Federated Learning epoch = 61
Test Loss=0.0293, Test accuracy=0.4961
Global Federated Learning epoch = 62
Test Loss=0.0293, Test accuracy=0.4965
Global Federated Learning epoch = 63
Test Loss=0.0294, Test accuracy=0.4969
Global Federated Learning epoch = 64
Test Loss=0.0295, Test accuracy=0.4962
Global Federated Learning epoch = 65
Test Loss=0.0296, Test accuracy=0.4967
Global Federated Learning epoch = 66
Test Loss=0.0296, Test accuracy=0.4960
Global Federated Learning epoch = 67
Test Loss=0.0296, Test accuracy=0.4970
Global Federated Learning epoch = 68
Test Loss=0.0296, Test accuracy=0.4964
Global Federated Learning epoch = 69
Test Loss=0.0297, Test accuracy=0.4970
Global Federated Learning epoch = 70
Test Loss=0.0298, Test accuracy=0.4958
Global Federated Learning epoch = 71
Test Loss=0.0298, Test accuracy=0.4961
Global Federated Learning epoch = 72
Test Loss=0.0300, Test accuracy=0.4960
Global Federated Learning epoch = 73
Test Loss=0.0299, Test accuracy=0.4979
Global Federated Learning epoch = 74
Test Loss=0.0299, Test accuracy=0.4973
Global Federated Learning epoch = 75
Test Loss=0.0301, Test accuracy=0.4969
Global Federated Learning epoch = 76
Test Loss=0.0301, Test accuracy=0.4975
Global Federated Learning epoch = 77
Test Loss=0.0301, Test accuracy=0.4978
Global Federated Learning epoch = 78
Test Loss=0.0303, Test accuracy=0.4968
Global Federated Learning epoch = 79
Test Loss=0.0304, Test accuracy=0.4959
Global Federated Learning epoch = 80
Test Loss=0.0303, Test accuracy=0.4969
Global Federated Learning epoch = 81
Test Loss=0.0303, Test accuracy=0.4973
Global Federated Learning epoch = 82
Test Loss=0.0305, Test accuracy=0.4962
Global Federated Learning epoch = 83
Test Loss=0.0304, Test accuracy=0.4965
Global Federated Learning epoch = 84
Test Loss=0.0304, Test accuracy=0.4978
Global Federated Learning epoch = 85
Test Loss=0.0306, Test accuracy=0.4954
Global Federated Learning epoch = 86
Test Loss=0.0306, Test accuracy=0.4959
Global Federated Learning epoch = 87
Test Loss=0.0306, Test accuracy=0.4970
Global Federated Learning epoch = 88
Test Loss=0.0307, Test accuracy=0.4961
Global Federated Learning epoch = 89
Test Loss=0.0307, Test accuracy=0.4965
Global Federated Learning epoch = 90
Test Loss=0.0307, Test accuracy=0.4960
Global Federated Learning epoch = 91
Test Loss=0.0309, Test accuracy=0.4952
Global Federated Learning epoch = 92
Test Loss=0.0308, Test accuracy=0.4954
Global Federated Learning epoch = 93
Test Loss=0.0310, Test accuracy=0.4951
Global Federated Learning epoch = 94
Test Loss=0.0309, Test accuracy=0.4958
Global Federated Learning epoch = 95
Test Loss=0.0309, Test accuracy=0.4967
Global Federated Learning epoch = 96
Test Loss=0.0310, Test accuracy=0.4960
Global Federated Learning epoch = 97
Test Loss=0.0311, Test accuracy=0.4950
Global Federated Learning epoch = 98
Test Loss=0.0312, Test accuracy=0.4955
Global Federated Learning epoch = 99
Test Loss=0.0311, Test accuracy=0.4961
Global Federated Learning epoch = 100
Test Loss=0.0311, Test accuracy=0.4970
Global Federated Learning epoch = 101
Test Loss=0.0313, Test accuracy=0.4944
Global Federated Learning epoch = 102
Test Loss=0.0313, Test accuracy=0.4962
Global Federated Learning epoch = 103
Test Loss=0.0314, Test accuracy=0.4954
Global Federated Learning epoch = 104
Test Loss=0.0313, Test accuracy=0.4956
Global Federated Learning epoch = 105
Test Loss=0.0314, Test accuracy=0.4956
Global Federated Learning epoch = 106
Test Loss=0.0314, Test accuracy=0.4958
Global Federated Learning epoch = 107
Test Loss=0.0314, Test accuracy=0.4956
Global Federated Learning epoch = 108
Test Loss=0.0314, Test accuracy=0.4958
Global Federated Learning epoch = 109
Test Loss=0.0314, Test accuracy=0.4958
Global Federated Learning epoch = 110
Test Loss=0.0315, Test accuracy=0.4962
Global Federated Learning epoch = 111
Test Loss=0.0316, Test accuracy=0.4952
Global Federated Learning epoch = 112
Test Loss=0.0317, Test accuracy=0.4966
Global Federated Learning epoch = 113
Test Loss=0.0316, Test accuracy=0.4956
Global Federated Learning epoch = 114
Test Loss=0.0317, Test accuracy=0.4944
Global Federated Learning epoch = 115
Test Loss=0.0317, Test accuracy=0.4937
Global Federated Learning epoch = 116
Test Loss=0.0316, Test accuracy=0.4957
Global Federated Learning epoch = 117
Test Loss=0.0318, Test accuracy=0.4952
Global Federated Learning epoch = 118
Test Loss=0.0318, Test accuracy=0.4961
Global Federated Learning epoch = 119
Test Loss=0.0319, Test accuracy=0.4961
Global Federated Learning epoch = 120
Test Loss=0.0318, Test accuracy=0.4960
Global Federated Learning epoch = 121
Test Loss=0.0319, Test accuracy=0.4950
Global Federated Learning epoch = 122
Test Loss=0.0321, Test accuracy=0.4935
Global Federated Learning epoch = 123
Test Loss=0.0319, Test accuracy=0.4947
Global Federated Learning epoch = 124
Test Loss=0.0320, Test accuracy=0.4956
Global Federated Learning epoch = 125
Test Loss=0.0321, Test accuracy=0.4946
Global Federated Learning epoch = 126
Test Loss=0.0321, Test accuracy=0.4946
Global Federated Learning epoch = 127
Test Loss=0.0320, Test accuracy=0.4955
Global Federated Learning epoch = 128
Test Loss=0.0321, Test accuracy=0.4949
Global Federated Learning epoch = 129
Test Loss=0.0322, Test accuracy=0.4946
Global Federated Learning epoch = 130
Test Loss=0.0322, Test accuracy=0.4955
Global Federated Learning epoch = 131
Test Loss=0.0321, Test accuracy=0.4954
Global Federated Learning epoch = 132
Test Loss=0.0323, Test accuracy=0.4940
Global Federated Learning epoch = 133
Test Loss=0.0322, Test accuracy=0.4944
Global Federated Learning epoch = 134
Test Loss=0.0322, Test accuracy=0.4953
Global Federated Learning epoch = 135
Test Loss=0.0323, Test accuracy=0.4958
Global Federated Learning epoch = 136
Test Loss=0.0322, Test accuracy=0.4959
Global Federated Learning epoch = 137
Test Loss=0.0325, Test accuracy=0.4940
Global Federated Learning epoch = 138
Test Loss=0.0325, Test accuracy=0.4945
Global Federated Learning epoch = 139
Test Loss=0.0325, Test accuracy=0.4943
Global Federated Learning epoch = 140
Test Loss=0.0324, Test accuracy=0.4944
Global Federated Learning epoch = 141
Test Loss=0.0324, Test accuracy=0.4960
Global Federated Learning epoch = 142
Test Loss=0.0326, Test accuracy=0.4937
Global Federated Learning epoch = 143
Test Loss=0.0325, Test accuracy=0.4944
Global Federated Learning epoch = 144
Test Loss=0.0326, Test accuracy=0.4945
Global Federated Learning epoch = 145
Test Loss=0.0326, Test accuracy=0.4950
Global Federated Learning epoch = 146
Test Loss=0.0327, Test accuracy=0.4942
Global Federated Learning epoch = 147
Test Loss=0.0327, Test accuracy=0.4954
Global Federated Learning epoch = 148
Test Loss=0.0327, Test accuracy=0.4942
Global Federated Learning epoch = 149
Test Loss=0.0329, Test accuracy=0.4933
Global Federated Learning epoch = 150
Test Loss=0.0327, Test accuracy=0.4963
Global Federated Learning epoch = 151
Test Loss=0.0328, Test accuracy=0.4951
Global Federated Learning epoch = 152
Test Loss=0.0328, Test accuracy=0.4947
Global Federated Learning epoch = 153
Test Loss=0.0328, Test accuracy=0.4945
Global Federated Learning epoch = 154
Test Loss=0.0330, Test accuracy=0.4930
Global Federated Learning epoch = 155
Test Loss=0.0329, Test accuracy=0.4942
Global Federated Learning epoch = 156
Test Loss=0.0330, Test accuracy=0.4942
Global Federated Learning epoch = 157
Test Loss=0.0330, Test accuracy=0.4943
Global Federated Learning epoch = 158
Test Loss=0.0330, Test accuracy=0.4948
Global Federated Learning epoch = 159
Test Loss=0.0331, Test accuracy=0.4940
Global Federated Learning epoch = 160
Test Loss=0.0329, Test accuracy=0.4953
Global Federated Learning epoch = 161
Test Loss=0.0330, Test accuracy=0.4939
Global Federated Learning epoch = 162
Test Loss=0.0330, Test accuracy=0.4942
Global Federated Learning epoch = 163
Test Loss=0.0331, Test accuracy=0.4945
Global Federated Learning epoch = 164
Test Loss=0.0332, Test accuracy=0.4929
Global Federated Learning epoch = 165
Test Loss=0.0331, Test accuracy=0.4941
Global Federated Learning epoch = 166
Test Loss=0.0331, Test accuracy=0.4939
Global Federated Learning epoch = 167
Test Loss=0.0334, Test accuracy=0.4936
Global Federated Learning epoch = 168
Test Loss=0.0333, Test accuracy=0.4938
Global Federated Learning epoch = 169
Test Loss=0.0334, Test accuracy=0.4920
Global Federated Learning epoch = 170
Test Loss=0.0332, Test accuracy=0.4949
Global Federated Learning epoch = 171
Test Loss=0.0334, Test accuracy=0.4932
Global Federated Learning epoch = 172
Test Loss=0.0333, Test accuracy=0.4950
Global Federated Learning epoch = 173
Test Loss=0.0334, Test accuracy=0.4930
Global Federated Learning epoch = 174
Test Loss=0.0333, Test accuracy=0.4949
Global Federated Learning epoch = 175
Test Loss=0.0333, Test accuracy=0.4951
Global Federated Learning epoch = 176
Test Loss=0.0334, Test accuracy=0.4940
Global Federated Learning epoch = 177
Test Loss=0.0335, Test accuracy=0.4934
Global Federated Learning epoch = 178
Test Loss=0.0335, Test accuracy=0.4930
Global Federated Learning epoch = 179
Test Loss=0.0335, Test accuracy=0.4938
Global Federated Learning epoch = 180
Test Loss=0.0335, Test accuracy=0.4940
Global Federated Learning epoch = 181
Test Loss=0.0335, Test accuracy=0.4946
Global Federated Learning epoch = 182
Test Loss=0.0337, Test accuracy=0.4936
Global Federated Learning epoch = 183
Test Loss=0.0336, Test accuracy=0.4937
Global Federated Learning epoch = 184
Test Loss=0.0336, Test accuracy=0.4938
Global Federated Learning epoch = 185
Test Loss=0.0336, Test accuracy=0.4944
Global Federated Learning epoch = 186
Test Loss=0.0335, Test accuracy=0.4931
Global Federated Learning epoch = 187
Test Loss=0.0336, Test accuracy=0.4941
Global Federated Learning epoch = 188
Test Loss=0.0336, Test accuracy=0.4944
Global Federated Learning epoch = 189
Test Loss=0.0337, Test accuracy=0.4939
Global Federated Learning epoch = 190
Test Loss=0.0337, Test accuracy=0.4938
Global Federated Learning epoch = 191
Test Loss=0.0338, Test accuracy=0.4929
Global Federated Learning epoch = 192
Test Loss=0.0338, Test accuracy=0.4942
Global Federated Learning epoch = 193
Test Loss=0.0338, Test accuracy=0.4946
Global Federated Learning epoch = 194
Test Loss=0.0338, Test accuracy=0.4949
Global Federated Learning epoch = 195
Test Loss=0.0338, Test accuracy=0.4943
Global Federated Learning epoch = 196
Test Loss=0.0338, Test accuracy=0.4931
Global Federated Learning epoch = 197
Test Loss=0.0339, Test accuracy=0.4937
Global Federated Learning epoch = 198
Test Loss=0.0339, Test accuracy=0.4938
Global Federated Learning epoch = 199
Test Loss=0.0340, Test accuracy=0.4941
Global Federated Learning epoch = 200
Test Loss=0.0340, Test accuracy=0.4944
Global Federated Learning epoch = 201
Test Loss=0.0340, Test accuracy=0.4958
Global Federated Learning epoch = 202
Test Loss=0.0339, Test accuracy=0.4958
Global Federated Learning epoch = 203
Test Loss=0.0340, Test accuracy=0.4960
Global Federated Learning epoch = 204
Test Loss=0.0341, Test accuracy=0.4949
Global Federated Learning epoch = 205
Test Loss=0.0341, Test accuracy=0.4949
Global Federated Learning epoch = 206
Test Loss=0.0342, Test accuracy=0.4944
Global Federated Learning epoch = 207
Test Loss=0.0341, Test accuracy=0.4944
Global Federated Learning epoch = 208
Test Loss=0.0340, Test accuracy=0.4949
Global Federated Learning epoch = 209
Test Loss=0.0342, Test accuracy=0.4944
Global Federated Learning epoch = 210
Test Loss=0.0342, Test accuracy=0.4949
Global Federated Learning epoch = 211
Test Loss=0.0341, Test accuracy=0.4941
Global Federated Learning epoch = 212
Test Loss=0.0342, Test accuracy=0.4946
Global Federated Learning epoch = 213
Test Loss=0.0341, Test accuracy=0.4940
Global Federated Learning epoch = 214
Test Loss=0.0342, Test accuracy=0.4946
Global Federated Learning epoch = 215
Test Loss=0.0342, Test accuracy=0.4949
Global Federated Learning epoch = 216
Test Loss=0.0343, Test accuracy=0.4938
Global Federated Learning epoch = 217
Test Loss=0.0343, Test accuracy=0.4930
Global Federated Learning epoch = 218
Test Loss=0.0343, Test accuracy=0.4931
Global Federated Learning epoch = 219
Test Loss=0.0344, Test accuracy=0.4931
Global Federated Learning epoch = 220
Test Loss=0.0343, Test accuracy=0.4946
Global Federated Learning epoch = 221
Test Loss=0.0344, Test accuracy=0.4954
Global Federated Learning epoch = 222
Test Loss=0.0343, Test accuracy=0.4952
Global Federated Learning epoch = 223
Test Loss=0.0344, Test accuracy=0.4942
Global Federated Learning epoch = 224
Test Loss=0.0344, Test accuracy=0.4944
Global Federated Learning epoch = 225
Test Loss=0.0344, Test accuracy=0.4944
Global Federated Learning epoch = 226
Test Loss=0.0345, Test accuracy=0.4939
Global Federated Learning epoch = 227
Test Loss=0.0347, Test accuracy=0.4926
Global Federated Learning epoch = 228
Test Loss=0.0345, Test accuracy=0.4933
Global Federated Learning epoch = 229
Test Loss=0.0345, Test accuracy=0.4938
Global Federated Learning epoch = 230
Test Loss=0.0346, Test accuracy=0.4933
Global Federated Learning epoch = 231
Test Loss=0.0345, Test accuracy=0.4933
Global Federated Learning epoch = 232
Test Loss=0.0346, Test accuracy=0.4932
Global Federated Learning epoch = 233
Test Loss=0.0346, Test accuracy=0.4943
Global Federated Learning epoch = 234
Test Loss=0.0346, Test accuracy=0.4931
Global Federated Learning epoch = 235
Test Loss=0.0347, Test accuracy=0.4937
Global Federated Learning epoch = 236
Test Loss=0.0346, Test accuracy=0.4935
Global Federated Learning epoch = 237
Test Loss=0.0346, Test accuracy=0.4947
Global Federated Learning epoch = 238
Test Loss=0.0347, Test accuracy=0.4934
Global Federated Learning epoch = 239
Test Loss=0.0348, Test accuracy=0.4937
Global Federated Learning epoch = 240
Test Loss=0.0348, Test accuracy=0.4922
Global Federated Learning epoch = 241
Test Loss=0.0347, Test accuracy=0.4942
Global Federated Learning epoch = 242
Test Loss=0.0347, Test accuracy=0.4945
Global Federated Learning epoch = 243
Test Loss=0.0348, Test accuracy=0.4945
Global Federated Learning epoch = 244
Test Loss=0.0347, Test accuracy=0.4947
Global Federated Learning epoch = 245
Test Loss=0.0348, Test accuracy=0.4933
Global Federated Learning epoch = 246
Test Loss=0.0349, Test accuracy=0.4930
Global Federated Learning epoch = 247
Test Loss=0.0348, Test accuracy=0.4940
Global Federated Learning epoch = 248
Test Loss=0.0350, Test accuracy=0.4931
Global Federated Learning epoch = 249
Test Loss=0.0348, Test accuracy=0.4945
Global Federated Learning epoch = 250
Test Loss=0.0348, Test accuracy=0.4937
Global Federated Learning epoch = 251
Test Loss=0.0349, Test accuracy=0.4939
Global Federated Learning epoch = 252
Test Loss=0.0350, Test accuracy=0.4931
Global Federated Learning epoch = 253
Test Loss=0.0350, Test accuracy=0.4935
Global Federated Learning epoch = 254
Test Loss=0.0349, Test accuracy=0.4936
Global Federated Learning epoch = 255
Test Loss=0.0351, Test accuracy=0.4945
Global Federated Learning epoch = 256
Test Loss=0.0349, Test accuracy=0.4945
Global Federated Learning epoch = 257
Test Loss=0.0351, Test accuracy=0.4939
Global Federated Learning epoch = 258
Test Loss=0.0349, Test accuracy=0.4950
Global Federated Learning epoch = 259
Test Loss=0.0352, Test accuracy=0.4935
Global Federated Learning epoch = 260
Test Loss=0.0350, Test accuracy=0.4936
Global Federated Learning epoch = 261
Test Loss=0.0350, Test accuracy=0.4940
Global Federated Learning epoch = 262
Test Loss=0.0350, Test accuracy=0.4938
Global Federated Learning epoch = 263
Test Loss=0.0351, Test accuracy=0.4925
Global Federated Learning epoch = 264
Test Loss=0.0351, Test accuracy=0.4940
Global Federated Learning epoch = 265
Test Loss=0.0351, Test accuracy=0.4936
Global Federated Learning epoch = 266
Test Loss=0.0353, Test accuracy=0.4929
Global Federated Learning epoch = 267
Test Loss=0.0351, Test accuracy=0.4933
Global Federated Learning epoch = 268
Test Loss=0.0351, Test accuracy=0.4944
Global Federated Learning epoch = 269
Test Loss=0.0352, Test accuracy=0.4934
Global Federated Learning epoch = 270
Test Loss=0.0353, Test accuracy=0.4923
Global Federated Learning epoch = 271
Test Loss=0.0351, Test accuracy=0.4932
Global Federated Learning epoch = 272
Test Loss=0.0352, Test accuracy=0.4938
Global Federated Learning epoch = 273
Test Loss=0.0352, Test accuracy=0.4930
Global Federated Learning epoch = 274
Test Loss=0.0353, Test accuracy=0.4929
Global Federated Learning epoch = 275
Test Loss=0.0353, Test accuracy=0.4938
Global Federated Learning epoch = 276
Test Loss=0.0353, Test accuracy=0.4934
Global Federated Learning epoch = 277
Test Loss=0.0353, Test accuracy=0.4936
Global Federated Learning epoch = 278
Test Loss=0.0353, Test accuracy=0.4937
Global Federated Learning epoch = 279
Test Loss=0.0354, Test accuracy=0.4936
Global Federated Learning epoch = 280
Test Loss=0.0353, Test accuracy=0.4927
Global Federated Learning epoch = 281
Test Loss=0.0354, Test accuracy=0.4933
Global Federated Learning epoch = 282
Test Loss=0.0355, Test accuracy=0.4925
Global Federated Learning epoch = 283
Test Loss=0.0353, Test accuracy=0.4938
Global Federated Learning epoch = 284
Test Loss=0.0354, Test accuracy=0.4930
Global Federated Learning epoch = 285
Test Loss=0.0354, Test accuracy=0.4937
Global Federated Learning epoch = 286
Test Loss=0.0355, Test accuracy=0.4932
Global Federated Learning epoch = 287
Test Loss=0.0356, Test accuracy=0.4922
Global Federated Learning epoch = 288
Test Loss=0.0355, Test accuracy=0.4926
Global Federated Learning epoch = 289
Test Loss=0.0355, Test accuracy=0.4937
Global Federated Learning epoch = 290
Test Loss=0.0355, Test accuracy=0.4929
Global Federated Learning epoch = 291
Test Loss=0.0355, Test accuracy=0.4926
Global Federated Learning epoch = 292
Test Loss=0.0355, Test accuracy=0.4933
Global Federated Learning epoch = 293
Test Loss=0.0356, Test accuracy=0.4926
Global Federated Learning epoch = 294
Test Loss=0.0355, Test accuracy=0.4933
Global Federated Learning epoch = 295
Test Loss=0.0355, Test accuracy=0.4934
Global Federated Learning epoch = 296
Test Loss=0.0355, Test accuracy=0.4943
Global Federated Learning epoch = 297
Test Loss=0.0357, Test accuracy=0.4934
Global Federated Learning epoch = 298
Test Loss=0.0356, Test accuracy=0.4943
Global Federated Learning epoch = 299
Test Loss=0.0357, Test accuracy=0.4937
Global Federated Learning epoch = 300
Test Loss=0.0357, Test accuracy=0.4925
Global Federated Learning epoch = 301
Test Loss=0.0357, Test accuracy=0.4929
Global Federated Learning epoch = 302
Test Loss=0.0357, Test accuracy=0.4934
Global Federated Learning epoch = 303
Test Loss=0.0357, Test accuracy=0.4929
Global Federated Learning epoch = 304
Test Loss=0.0356, Test accuracy=0.4944
Global Federated Learning epoch = 305
Test Loss=0.0357, Test accuracy=0.4940
Global Federated Learning epoch = 306
Test Loss=0.0357, Test accuracy=0.4934
Global Federated Learning epoch = 307
Test Loss=0.0358, Test accuracy=0.4924
Global Federated Learning epoch = 308
Test Loss=0.0357, Test accuracy=0.4940
Global Federated Learning epoch = 309
Test Loss=0.0358, Test accuracy=0.4926
Global Federated Learning epoch = 310
Test Loss=0.0358, Test accuracy=0.4931
Global Federated Learning epoch = 311
Test Loss=0.0359, Test accuracy=0.4918
Global Federated Learning epoch = 312
Test Loss=0.0358, Test accuracy=0.4938
Global Federated Learning epoch = 313
Test Loss=0.0358, Test accuracy=0.4934
Global Federated Learning epoch = 314
Test Loss=0.0358, Test accuracy=0.4923
Global Federated Learning epoch = 315
Test Loss=0.0358, Test accuracy=0.4919
Global Federated Learning epoch = 316
Test Loss=0.0359, Test accuracy=0.4923
Global Federated Learning epoch = 317
Test Loss=0.0359, Test accuracy=0.4928
Global Federated Learning epoch = 318
Test Loss=0.0360, Test accuracy=0.4928
Global Federated Learning epoch = 319
Test Loss=0.0360, Test accuracy=0.4927
Global Federated Learning epoch = 320
Test Loss=0.0359, Test accuracy=0.4930
Global Federated Learning epoch = 321
Test Loss=0.0360, Test accuracy=0.4928
Global Federated Learning epoch = 322
Test Loss=0.0360, Test accuracy=0.4928
Global Federated Learning epoch = 323
Test Loss=0.0359, Test accuracy=0.4930
Global Federated Learning epoch = 324
Test Loss=0.0360, Test accuracy=0.4927
Global Federated Learning epoch = 325
Test Loss=0.0360, Test accuracy=0.4924
Global Federated Learning epoch = 326
Test Loss=0.0360, Test accuracy=0.4915
Global Federated Learning epoch = 327
Test Loss=0.0360, Test accuracy=0.4938
Global Federated Learning epoch = 328
Test Loss=0.0361, Test accuracy=0.4924
Global Federated Learning epoch = 329
Test Loss=0.0360, Test accuracy=0.4937
Global Federated Learning epoch = 330
Test Loss=0.0361, Test accuracy=0.4928
Global Federated Learning epoch = 331
Test Loss=0.0362, Test accuracy=0.4926
Global Federated Learning epoch = 332
Test Loss=0.0362, Test accuracy=0.4920
Global Federated Learning epoch = 333
Test Loss=0.0363, Test accuracy=0.4929
Global Federated Learning epoch = 334
Test Loss=0.0361, Test accuracy=0.4936
Global Federated Learning epoch = 335
Test Loss=0.0360, Test accuracy=0.4942
Global Federated Learning epoch = 336
Test Loss=0.0361, Test accuracy=0.4934
Global Federated Learning epoch = 337
Test Loss=0.0362, Test accuracy=0.4926
Global Federated Learning epoch = 338
Test Loss=0.0362, Test accuracy=0.4924
Global Federated Learning epoch = 339
Test Loss=0.0362, Test accuracy=0.4930
Global Federated Learning epoch = 340
Test Loss=0.0362, Test accuracy=0.4920
Global Federated Learning epoch = 341
Test Loss=0.0363, Test accuracy=0.4930
Global Federated Learning epoch = 342
Test Loss=0.0363, Test accuracy=0.4927
Global Federated Learning epoch = 343
Test Loss=0.0363, Test accuracy=0.4922
Global Federated Learning epoch = 344
Test Loss=0.0363, Test accuracy=0.4926
Global Federated Learning epoch = 345
Test Loss=0.0363, Test accuracy=0.4925
Global Federated Learning epoch = 346
Test Loss=0.0363, Test accuracy=0.4925
Global Federated Learning epoch = 347
Test Loss=0.0363, Test accuracy=0.4927
Global Federated Learning epoch = 348
Test Loss=0.0364, Test accuracy=0.4920
Global Federated Learning epoch = 349
Test Loss=0.0362, Test accuracy=0.4946
Global Federated Learning epoch = 350
Test Loss=0.0364, Test accuracy=0.4932
Global Federated Learning epoch = 351
Test Loss=0.0363, Test accuracy=0.4939
Global Federated Learning epoch = 352
Test Loss=0.0362, Test accuracy=0.4951
Global Federated Learning epoch = 353
Test Loss=0.0365, Test accuracy=0.4926
Global Federated Learning epoch = 354
Test Loss=0.0364, Test accuracy=0.4923
Global Federated Learning epoch = 355
Test Loss=0.0364, Test accuracy=0.4934
Global Federated Learning epoch = 356
Test Loss=0.0365, Test accuracy=0.4931
Global Federated Learning epoch = 357
Test Loss=0.0365, Test accuracy=0.4933
Global Federated Learning epoch = 358
Test Loss=0.0364, Test accuracy=0.4940
Global Federated Learning epoch = 359
Test Loss=0.0363, Test accuracy=0.4947
Global Federated Learning epoch = 360
Test Loss=0.0364, Test accuracy=0.4939
Global Federated Learning epoch = 361
Test Loss=0.0365, Test accuracy=0.4929
Global Federated Learning epoch = 362
Test Loss=0.0364, Test accuracy=0.4934
Global Federated Learning epoch = 363
Test Loss=0.0364, Test accuracy=0.4943
Global Federated Learning epoch = 364
Test Loss=0.0366, Test accuracy=0.4922
Global Federated Learning epoch = 365
Test Loss=0.0364, Test accuracy=0.4927
Global Federated Learning epoch = 366
Test Loss=0.0365, Test accuracy=0.4925
Global Federated Learning epoch = 367
Test Loss=0.0366, Test accuracy=0.4924
Global Federated Learning epoch = 368
Test Loss=0.0368, Test accuracy=0.4919
Global Federated Learning epoch = 369
Test Loss=0.0365, Test accuracy=0.4938
Global Federated Learning epoch = 370
Test Loss=0.0365, Test accuracy=0.4943
Global Federated Learning epoch = 371
Test Loss=0.0365, Test accuracy=0.4946
Global Federated Learning epoch = 372
Test Loss=0.0365, Test accuracy=0.4938
Global Federated Learning epoch = 373
Test Loss=0.0365, Test accuracy=0.4936
Global Federated Learning epoch = 374
Test Loss=0.0366, Test accuracy=0.4927
Global Federated Learning epoch = 375
Test Loss=0.0366, Test accuracy=0.4935
Global Federated Learning epoch = 376
Test Loss=0.0366, Test accuracy=0.4924
Global Federated Learning epoch = 377
Test Loss=0.0366, Test accuracy=0.4930
Global Federated Learning epoch = 378
Test Loss=0.0367, Test accuracy=0.4925
Global Federated Learning epoch = 379
Test Loss=0.0367, Test accuracy=0.4929
Global Federated Learning epoch = 380
Test Loss=0.0367, Test accuracy=0.4929
Global Federated Learning epoch = 381
Test Loss=0.0366, Test accuracy=0.4946
Global Federated Learning epoch = 382
Test Loss=0.0367, Test accuracy=0.4927
Global Federated Learning epoch = 383
Test Loss=0.0367, Test accuracy=0.4925
Global Federated Learning epoch = 384
Test Loss=0.0367, Test accuracy=0.4937
Global Federated Learning epoch = 385
Test Loss=0.0367, Test accuracy=0.4932
Global Federated Learning epoch = 386
Test Loss=0.0368, Test accuracy=0.4920
Global Federated Learning epoch = 387
Test Loss=0.0367, Test accuracy=0.4933
Global Federated Learning epoch = 388
Test Loss=0.0368, Test accuracy=0.4932
Global Federated Learning epoch = 389
Test Loss=0.0368, Test accuracy=0.4927
Global Federated Learning epoch = 390
Test Loss=0.0368, Test accuracy=0.4918
Global Federated Learning epoch = 391
Test Loss=0.0370, Test accuracy=0.4927
Global Federated Learning epoch = 392
Test Loss=0.0368, Test accuracy=0.4926
Global Federated Learning epoch = 393
Test Loss=0.0369, Test accuracy=0.4926
Global Federated Learning epoch = 394
Test Loss=0.0369, Test accuracy=0.4918
Global Federated Learning epoch = 395
Test Loss=0.0368, Test accuracy=0.4933
Global Federated Learning epoch = 396
Test Loss=0.0368, Test accuracy=0.4926
Global Federated Learning epoch = 397
Test Loss=0.0368, Test accuracy=0.4936
Global Federated Learning epoch = 398
Test Loss=0.0368, Test accuracy=0.4934
Global Federated Learning epoch = 399
Test Loss=0.0369, Test accuracy=0.4929
Global Federated Learning epoch = 400
Test Loss=0.0368, Test accuracy=0.4942
Global Federated Learning epoch = 401
Test Loss=0.0370, Test accuracy=0.4928
Global Federated Learning epoch = 402
Test Loss=0.0369, Test accuracy=0.4927
Global Federated Learning epoch = 403
Test Loss=0.0369, Test accuracy=0.4940
Global Federated Learning epoch = 404
Test Loss=0.0369, Test accuracy=0.4931
Global Federated Learning epoch = 405
Test Loss=0.0370, Test accuracy=0.4931
Global Federated Learning epoch = 406
Test Loss=0.0369, Test accuracy=0.4922
Global Federated Learning epoch = 407
Test Loss=0.0370, Test accuracy=0.4927
Global Federated Learning epoch = 408
Test Loss=0.0369, Test accuracy=0.4934
Global Federated Learning epoch = 409
Test Loss=0.0370, Test accuracy=0.4925
Global Federated Learning epoch = 410
Test Loss=0.0370, Test accuracy=0.4933
Global Federated Learning epoch = 411
Test Loss=0.0371, Test accuracy=0.4926
Global Federated Learning epoch = 412
Test Loss=0.0370, Test accuracy=0.4919
Global Federated Learning epoch = 413
Test Loss=0.0371, Test accuracy=0.4926
Global Federated Learning epoch = 414
Test Loss=0.0370, Test accuracy=0.4937
Global Federated Learning epoch = 415
Test Loss=0.0371, Test accuracy=0.4920
Global Federated Learning epoch = 416
Test Loss=0.0370, Test accuracy=0.4927
Global Federated Learning epoch = 417
Test Loss=0.0372, Test accuracy=0.4922
Global Federated Learning epoch = 418
Test Loss=0.0371, Test accuracy=0.4931
Global Federated Learning epoch = 419
Test Loss=0.0371, Test accuracy=0.4934
Global Federated Learning epoch = 420
Test Loss=0.0372, Test accuracy=0.4933
Global Federated Learning epoch = 421
Test Loss=0.0371, Test accuracy=0.4939
Global Federated Learning epoch = 422
Test Loss=0.0373, Test accuracy=0.4929
Global Federated Learning epoch = 423
Test Loss=0.0373, Test accuracy=0.4922
Global Federated Learning epoch = 424
Test Loss=0.0372, Test accuracy=0.4919
Global Federated Learning epoch = 425
Test Loss=0.0371, Test accuracy=0.4930
Global Federated Learning epoch = 426
Test Loss=0.0373, Test accuracy=0.4924
Global Federated Learning epoch = 427
Test Loss=0.0373, Test accuracy=0.4918
Global Federated Learning epoch = 428
Test Loss=0.0372, Test accuracy=0.4936
Global Federated Learning epoch = 429
Test Loss=0.0372, Test accuracy=0.4924
Global Federated Learning epoch = 430
Test Loss=0.0371, Test accuracy=0.4942
Global Federated Learning epoch = 431
Test Loss=0.0372, Test accuracy=0.4933
Global Federated Learning epoch = 432
Test Loss=0.0372, Test accuracy=0.4935
Global Federated Learning epoch = 433
Test Loss=0.0372, Test accuracy=0.4924
Global Federated Learning epoch = 434
Test Loss=0.0372, Test accuracy=0.4933
Global Federated Learning epoch = 435
Test Loss=0.0372, Test accuracy=0.4929
Global Federated Learning epoch = 436
Test Loss=0.0374, Test accuracy=0.4920
Global Federated Learning epoch = 437
Test Loss=0.0373, Test accuracy=0.4928
Global Federated Learning epoch = 438
Test Loss=0.0373, Test accuracy=0.4940
Global Federated Learning epoch = 439
Test Loss=0.0373, Test accuracy=0.4936
Global Federated Learning epoch = 440
Test Loss=0.0374, Test accuracy=0.4924
Global Federated Learning epoch = 441
Test Loss=0.0372, Test accuracy=0.4933
Global Federated Learning epoch = 442
Test Loss=0.0374, Test accuracy=0.4924
Global Federated Learning epoch = 443
Test Loss=0.0372, Test accuracy=0.4938
Global Federated Learning epoch = 444
Test Loss=0.0374, Test accuracy=0.4920
Global Federated Learning epoch = 445
Test Loss=0.0374, Test accuracy=0.4927
Global Federated Learning epoch = 446
Test Loss=0.0374, Test accuracy=0.4926
Global Federated Learning epoch = 447
Test Loss=0.0374, Test accuracy=0.4930
Global Federated Learning epoch = 448
Test Loss=0.0373, Test accuracy=0.4936
Global Federated Learning epoch = 449
Test Loss=0.0374, Test accuracy=0.4925
Global Federated Learning epoch = 450
Test Loss=0.0373, Test accuracy=0.4926
Global Federated Learning epoch = 451
Test Loss=0.0374, Test accuracy=0.4930
Global Federated Learning epoch = 452
Test Loss=0.0373, Test accuracy=0.4939
Global Federated Learning epoch = 453
Test Loss=0.0376, Test accuracy=0.4925
Global Federated Learning epoch = 454
Test Loss=0.0375, Test accuracy=0.4922
Global Federated Learning epoch = 455
Test Loss=0.0375, Test accuracy=0.4924
Global Federated Learning epoch = 456
Test Loss=0.0375, Test accuracy=0.4936
Global Federated Learning epoch = 457
Test Loss=0.0377, Test accuracy=0.4918
Global Federated Learning epoch = 458
Test Loss=0.0374, Test accuracy=0.4929
Global Federated Learning epoch = 459
Test Loss=0.0375, Test accuracy=0.4929
Global Federated Learning epoch = 460
Test Loss=0.0376, Test accuracy=0.4916
Global Federated Learning epoch = 461
Test Loss=0.0376, Test accuracy=0.4914
Global Federated Learning epoch = 462
Test Loss=0.0375, Test accuracy=0.4919
Global Federated Learning epoch = 463
Test Loss=0.0375, Test accuracy=0.4935
Global Federated Learning epoch = 464
Test Loss=0.0375, Test accuracy=0.4930
Global Federated Learning epoch = 465
Test Loss=0.0376, Test accuracy=0.4916
Global Federated Learning epoch = 466
Test Loss=0.0376, Test accuracy=0.4921
Global Federated Learning epoch = 467
Test Loss=0.0376, Test accuracy=0.4930
Global Federated Learning epoch = 468
Test Loss=0.0376, Test accuracy=0.4924
Global Federated Learning epoch = 469
Test Loss=0.0376, Test accuracy=0.4921
Global Federated Learning epoch = 470
Test Loss=0.0375, Test accuracy=0.4929
Global Federated Learning epoch = 471
Test Loss=0.0376, Test accuracy=0.4921
Global Federated Learning epoch = 472
Test Loss=0.0377, Test accuracy=0.4925
Global Federated Learning epoch = 473
Test Loss=0.0376, Test accuracy=0.4928
Global Federated Learning epoch = 474
Test Loss=0.0376, Test accuracy=0.4925
Global Federated Learning epoch = 475
Test Loss=0.0377, Test accuracy=0.4922
Global Federated Learning epoch = 476
Test Loss=0.0377, Test accuracy=0.4924
Global Federated Learning epoch = 477
Test Loss=0.0377, Test accuracy=0.4928
Global Federated Learning epoch = 478
Test Loss=0.0376, Test accuracy=0.4932
Global Federated Learning epoch = 479
Test Loss=0.0376, Test accuracy=0.4936
Global Federated Learning epoch = 480
Test Loss=0.0378, Test accuracy=0.4924
Global Federated Learning epoch = 481
Test Loss=0.0378, Test accuracy=0.4921
Global Federated Learning epoch = 482
Test Loss=0.0378, Test accuracy=0.4918
Global Federated Learning epoch = 483
Test Loss=0.0377, Test accuracy=0.4929
Global Federated Learning epoch = 484
Test Loss=0.0379, Test accuracy=0.4919
Global Federated Learning epoch = 485
Test Loss=0.0378, Test accuracy=0.4922
Global Federated Learning epoch = 486
Test Loss=0.0378, Test accuracy=0.4915
Global Federated Learning epoch = 487
Test Loss=0.0378, Test accuracy=0.4922
Global Federated Learning epoch = 488
Test Loss=0.0378, Test accuracy=0.4915
Global Federated Learning epoch = 489
Test Loss=0.0378, Test accuracy=0.4924
Global Federated Learning epoch = 490
Test Loss=0.0378, Test accuracy=0.4917
Global Federated Learning epoch = 491
Test Loss=0.0378, Test accuracy=0.4923
Global Federated Learning epoch = 492
Test Loss=0.0378, Test accuracy=0.4936
Global Federated Learning epoch = 493
Test Loss=0.0378, Test accuracy=0.4926
Global Federated Learning epoch = 494
Test Loss=0.0379, Test accuracy=0.4918
Global Federated Learning epoch = 495
Test Loss=0.0379, Test accuracy=0.4919
Global Federated Learning epoch = 496
Test Loss=0.0378, Test accuracy=0.4925
Global Federated Learning epoch = 497
Test Loss=0.0378, Test accuracy=0.4925
Global Federated Learning epoch = 498
Test Loss=0.0378, Test accuracy=0.4917
Global Federated Learning epoch = 499
Test Loss=0.0380, Test accuracy=0.4906
Global Federated Learning epoch = 500
Test Loss=0.0380, Test accuracy=0.4903
Global Federated Learning epoch = 501
Test Loss=0.0379, Test accuracy=0.4920
Global Federated Learning epoch = 502
Test Loss=0.0379, Test accuracy=0.4915
Global Federated Learning epoch = 503
Test Loss=0.0381, Test accuracy=0.4911
Global Federated Learning epoch = 504
Test Loss=0.0379, Test accuracy=0.4916
Global Federated Learning epoch = 505
Test Loss=0.0378, Test accuracy=0.4926
Global Federated Learning epoch = 506
Test Loss=0.0381, Test accuracy=0.4910
Global Federated Learning epoch = 507
Test Loss=0.0380, Test accuracy=0.4925
Global Federated Learning epoch = 508
Test Loss=0.0382, Test accuracy=0.4915
Global Federated Learning epoch = 509
Test Loss=0.0380, Test accuracy=0.4917
Global Federated Learning epoch = 510
Test Loss=0.0380, Test accuracy=0.4922
Global Federated Learning epoch = 511
Test Loss=0.0380, Test accuracy=0.4921
Global Federated Learning epoch = 512
Test Loss=0.0380, Test accuracy=0.4926
Global Federated Learning epoch = 513
Test Loss=0.0383, Test accuracy=0.4906
Global Federated Learning epoch = 514
Test Loss=0.0380, Test accuracy=0.4913
Global Federated Learning epoch = 515
Test Loss=0.0381, Test accuracy=0.4921
Global Federated Learning epoch = 516
Test Loss=0.0382, Test accuracy=0.4914
Global Federated Learning epoch = 517
Test Loss=0.0379, Test accuracy=0.4926
Global Federated Learning epoch = 518
Test Loss=0.0380, Test accuracy=0.4933
Global Federated Learning epoch = 519
Test Loss=0.0381, Test accuracy=0.4918
Global Federated Learning epoch = 520
Test Loss=0.0381, Test accuracy=0.4922
Global Federated Learning epoch = 521
Test Loss=0.0380, Test accuracy=0.4931
Global Federated Learning epoch = 522
Test Loss=0.0380, Test accuracy=0.4931
Global Federated Learning epoch = 523
Test Loss=0.0381, Test accuracy=0.4920
Global Federated Learning epoch = 524
Test Loss=0.0380, Test accuracy=0.4928
Global Federated Learning epoch = 525
Test Loss=0.0381, Test accuracy=0.4922
Global Federated Learning epoch = 526
Test Loss=0.0381, Test accuracy=0.4924
Global Federated Learning epoch = 527
Test Loss=0.0381, Test accuracy=0.4911
Global Federated Learning epoch = 528
Test Loss=0.0384, Test accuracy=0.4902
Global Federated Learning epoch = 529
Test Loss=0.0381, Test accuracy=0.4927
Global Federated Learning epoch = 530
Test Loss=0.0381, Test accuracy=0.4920
Global Federated Learning epoch = 531
Test Loss=0.0382, Test accuracy=0.4910
Global Federated Learning epoch = 532
Test Loss=0.0383, Test accuracy=0.4919
Global Federated Learning epoch = 533
Test Loss=0.0382, Test accuracy=0.4920
Global Federated Learning epoch = 534
Test Loss=0.0382, Test accuracy=0.4922
Global Federated Learning epoch = 535
Test Loss=0.0384, Test accuracy=0.4918
Global Federated Learning epoch = 536
Test Loss=0.0382, Test accuracy=0.4920
Global Federated Learning epoch = 537
Test Loss=0.0381, Test accuracy=0.4930
Global Federated Learning epoch = 538
Test Loss=0.0384, Test accuracy=0.4913
Global Federated Learning epoch = 539
Test Loss=0.0382, Test accuracy=0.4915
Global Federated Learning epoch = 540
Test Loss=0.0382, Test accuracy=0.4919
Global Federated Learning epoch = 541
Test Loss=0.0383, Test accuracy=0.4920
Global Federated Learning epoch = 542
Test Loss=0.0382, Test accuracy=0.4915
Global Federated Learning epoch = 543
Test Loss=0.0382, Test accuracy=0.4915
Global Federated Learning epoch = 544
Test Loss=0.0383, Test accuracy=0.4912
Global Federated Learning epoch = 545
Test Loss=0.0384, Test accuracy=0.4914
Global Federated Learning epoch = 546
Test Loss=0.0384, Test accuracy=0.4920
Global Federated Learning epoch = 547
Test Loss=0.0383, Test accuracy=0.4918
Global Federated Learning epoch = 548
Test Loss=0.0382, Test accuracy=0.4930
Global Federated Learning epoch = 549
Test Loss=0.0383, Test accuracy=0.4926
Global Federated Learning epoch = 550
Test Loss=0.0384, Test accuracy=0.4912
Global Federated Learning epoch = 551
Test Loss=0.0383, Test accuracy=0.4931
Global Federated Learning epoch = 552
Test Loss=0.0384, Test accuracy=0.4921
Global Federated Learning epoch = 553
Test Loss=0.0384, Test accuracy=0.4919
Global Federated Learning epoch = 554
Test Loss=0.0383, Test accuracy=0.4915
Global Federated Learning epoch = 555
Test Loss=0.0385, Test accuracy=0.4913
Global Federated Learning epoch = 556
Test Loss=0.0383, Test accuracy=0.4916
Global Federated Learning epoch = 557
Test Loss=0.0384, Test accuracy=0.4919
Global Federated Learning epoch = 558
Test Loss=0.0383, Test accuracy=0.4927
Global Federated Learning epoch = 559
Test Loss=0.0385, Test accuracy=0.4921
Global Federated Learning epoch = 560
Test Loss=0.0385, Test accuracy=0.4915
Global Federated Learning epoch = 561
Test Loss=0.0384, Test accuracy=0.4922
Global Federated Learning epoch = 562
Test Loss=0.0384, Test accuracy=0.4927
Global Federated Learning epoch = 563
Test Loss=0.0384, Test accuracy=0.4924
Global Federated Learning epoch = 564
Test Loss=0.0383, Test accuracy=0.4922
Global Federated Learning epoch = 565
Test Loss=0.0385, Test accuracy=0.4920
Global Federated Learning epoch = 566
Test Loss=0.0384, Test accuracy=0.4932
Global Federated Learning epoch = 567
Test Loss=0.0384, Test accuracy=0.4922
Global Federated Learning epoch = 568
Test Loss=0.0384, Test accuracy=0.4933
Global Federated Learning epoch = 569
Test Loss=0.0384, Test accuracy=0.4930
Global Federated Learning epoch = 570
Test Loss=0.0385, Test accuracy=0.4930
Global Federated Learning epoch = 571
Test Loss=0.0385, Test accuracy=0.4928
Global Federated Learning epoch = 572
Test Loss=0.0386, Test accuracy=0.4914
Global Federated Learning epoch = 573
Test Loss=0.0385, Test accuracy=0.4927
Global Federated Learning epoch = 574
Test Loss=0.0385, Test accuracy=0.4923
Global Federated Learning epoch = 575
Test Loss=0.0386, Test accuracy=0.4914
Global Federated Learning epoch = 576
Test Loss=0.0385, Test accuracy=0.4925
Global Federated Learning epoch = 577
Test Loss=0.0386, Test accuracy=0.4928
Global Federated Learning epoch = 578
Test Loss=0.0385, Test accuracy=0.4931
Global Federated Learning epoch = 579
Test Loss=0.0384, Test accuracy=0.4930
Global Federated Learning epoch = 580
Test Loss=0.0385, Test accuracy=0.4927
Global Federated Learning epoch = 581
Test Loss=0.0388, Test accuracy=0.4906
Global Federated Learning epoch = 582
Test Loss=0.0385, Test accuracy=0.4921
Global Federated Learning epoch = 583
Test Loss=0.0385, Test accuracy=0.4932
Global Federated Learning epoch = 584
Test Loss=0.0384, Test accuracy=0.4945
Global Federated Learning epoch = 585
Test Loss=0.0386, Test accuracy=0.4925
Global Federated Learning epoch = 586
Test Loss=0.0387, Test accuracy=0.4923
Global Federated Learning epoch = 587
Test Loss=0.0387, Test accuracy=0.4922
Global Federated Learning epoch = 588
Test Loss=0.0387, Test accuracy=0.4912
Global Federated Learning epoch = 589
Test Loss=0.0386, Test accuracy=0.4916
Global Federated Learning epoch = 590
Test Loss=0.0387, Test accuracy=0.4921
Global Federated Learning epoch = 591
Test Loss=0.0387, Test accuracy=0.4915
Global Federated Learning epoch = 592
Test Loss=0.0387, Test accuracy=0.4905
Global Federated Learning epoch = 593
Test Loss=0.0386, Test accuracy=0.4909
Global Federated Learning epoch = 594
Test Loss=0.0387, Test accuracy=0.4916
Global Federated Learning epoch = 595
Test Loss=0.0388, Test accuracy=0.4913
Global Federated Learning epoch = 596
Test Loss=0.0386, Test accuracy=0.4929
Global Federated Learning epoch = 597
Test Loss=0.0388, Test accuracy=0.4916
Global Federated Learning epoch = 598
Test Loss=0.0388, Test accuracy=0.4910
Global Federated Learning epoch = 599
Test Loss=0.0389, Test accuracy=0.4914
#####  Federated Retraining End  #####
Retrain Time using = 8631.576430082321 seconds 3
Test Loss=0.0201, Test accuracy=0.5159
Test Loss=0.1617, Test accuracy=0.1164
Test Loss=0.0387, Test accuracy=0.4917
Test Loss=0.0197, Test accuracy=0.5151
target loader 3
SAMPLE-Client loader: [<torch.utils.data.dataloader.DataLoader object at 0x2943dbbb0>, <torch.utils.data.dataloader.DataLoader object at 0x2943d88b0>, <torch.utils.data.dataloader.DataLoader object at 0x2943d1190>, <torch.utils.data.dataloader.DataLoader object at 0x2943d4a30>, <torch.utils.data.dataloader.DataLoader object at 0x2943d1a00>, <torch.utils.data.dataloader.DataLoader object at 0x2943db9d0>, <torch.utils.data.dataloader.DataLoader object at 0x2943d40d0>, <torch.utils.data.dataloader.DataLoader object at 0x2943d4c10>, <torch.utils.data.dataloader.DataLoader object at 0x2943d1dc0>, <torch.utils.data.dataloader.DataLoader object at 0x2943de820>, <torch.utils.data.dataloader.DataLoader object at 0x2943d1820>, <torch.utils.data.dataloader.DataLoader object at 0x2943d4490>]
Test Loss=0.0446, Test accuracy=0.8816
Test Loss=3.0837, Test accuracy=0.1169
Test Loss=0.2686, Test accuracy=0.6846
Test Loss=0.0385, Test accuracy=0.8942
*****  Result Summary  *****
[FedEraser] Test set: Average loss = 3.09916156, Average acc = 0.5151
[FedAccum] Test set: Average loss = 25.38962539, Average acc = 0.1164
[FedRetrain] Test set: Average loss = 6.07579968, Average acc = 0.4917
[FedAvg] Test set: Average loss = 3.15258929, Average acc = 0.5159


[FedEraser] Target set: Average loss = 0.35645677, Average acc = 0.8816
[FedAccum] Target set: Average loss = 24.66995955, Average acc = 0.1169
[FedRetrain] Target set: Average loss = 2.14844815, Average acc = 0.6846
[FedAvg] Target set: Average loss = 0.30797814, Average acc = 0.8942
============================================================
Step4. Membership Inference Attack aganist GM...

Epoch  = -1
Attacking against FL Standard  
MIA Attacker accuracy = 0.6400
MIA Attacker precision = 0.9167
MIA Attacker recall = 0.3080
Attacking against FL Retrain  
MIA Attacker accuracy = 0.5080
MIA Attacker precision = 0.5161
MIA Attacker recall = 0.2560
Attacking against FL Unlearn  
MIA Attacker accuracy = 0.5260
MIA Attacker precision = 0.5436
MIA Attacker recall = 0.3240
Attacking against FL Unlearn without calibration  
MIA Attacker accuracy = 0.5050
MIA Attacker precision = 0.5071
MIA Attacker recall = 0.3580
